OpenROAD f12e2f474102bfb875eeee57fb610d7d7de17770 
This program is licensed under the BSD-3 license. See the LICENSE file for details.
Components of this program may be licensed under more restrictive licenses which must be honored.
[INFO ODB-0222] Reading LEF file: /workspace/iris_c3a247b9-0025-43e1-bae8-42a940fa0b63/Chip-Orchestra-review-latest/output/nanocgra_lite_3x3_opt/pnr/gf180mcu_fd_sc_mcu7t5v0__drc_clean.tlef
[INFO ODB-0223]     Created 15 technology layers
[INFO ODB-0224]     Created 56 technology vias
[INFO ODB-0226] Finished LEF file:  /workspace/iris_c3a247b9-0025-43e1-bae8-42a940fa0b63/Chip-Orchestra-review-latest/output/nanocgra_lite_3x3_opt/pnr/gf180mcu_fd_sc_mcu7t5v0__drc_clean.tlef
[INFO ODB-0222] Reading LEF file: /workspace/iris_c3a247b9-0025-43e1-bae8-42a940fa0b63/Chip-Orchestra-review-latest/../.pdk/gf180mcuD/libs.ref/gf180mcu_fd_sc_mcu7t5v0/lef/gf180mcu_fd_sc_mcu7t5v0.lef
[WARNING ODB-0220] WARNING (LEFPARS-2008): NOWIREEXTENSIONATPIN statement is obsolete in version 5.6 or later.
The NOWIREEXTENSIONATPIN statement will be ignored. See file /workspace/iris_c3a247b9-0025-43e1-bae8-42a940fa0b63/Chip-Orchestra-review-latest/../.pdk/gf180mcuD/libs.ref/gf180mcu_fd_sc_mcu7t5v0/lef/gf180mcu_fd_sc_mcu7t5v0.lef at line 2.

[INFO ODB-0225]     Created 229 library cells
[INFO ODB-0226] Finished LEF file:  /workspace/iris_c3a247b9-0025-43e1-bae8-42a940fa0b63/Chip-Orchestra-review-latest/../.pdk/gf180mcuD/libs.ref/gf180mcu_fd_sc_mcu7t5v0/lef/gf180mcu_fd_sc_mcu7t5v0.lef
[WARNING IFP-0028] Core area lower left (10.000, 10.000) snapped to (10.080, 11.760).
[INFO IFP-0001] Added 134 rows of 946 sites.
[INFO PPL-0070] Pin vss placed at (0um, 82um).
[INFO PPL-0070] Pin clk_PU placed at (0um, 213um).
[INFO PPL-0070] Pin clk_PD placed at (0um, 209um).
[INFO PPL-0070] Pin clk placed at (0um, 148um).
[INFO PPL-0070] Pin rst_n_PU placed at (0um, 313um).
[INFO PPL-0070] Pin rst_n_PD placed at (0um, 309um).
[INFO PPL-0070] Pin rst_n placed at (0um, 248um).
[INFO PPL-0070] Pin uart_rx_PU placed at (0um, 413um).
[INFO PPL-0070] Pin uart_rx_PD placed at (0um, 409um).
[INFO PPL-0070] Pin uart_rx placed at (0um, 348um).
[INFO PPL-0070] Pin uart_tx_CS placed at (0um, 516um).
[INFO PPL-0070] Pin uart_tx_SL placed at (0um, 451um).
[INFO PPL-0070] Pin uart_tx_IE placed at (0um, 508um).
[INFO PPL-0070] Pin uart_tx_OE placed at (0um, 449um).
[INFO PPL-0070] Pin uart_tx_PU placed at (0um, 513um).
[INFO PPL-0070] Pin uart_tx_PD placed at (0um, 509um).
[INFO PPL-0070] Pin uart_tx_OUT placed at (0um, 450um).
[INFO PPL-0070] Pin uart_tx_PDRV0 placed at (0um, 512um).
[INFO PPL-0070] Pin uart_tx_PDRV1 placed at (0um, 511um).
[INFO PPL-0070] Pin uart_tx_IN placed at (0um, 448um).
[INFO PPL-0070] Pin vdd placed at (67um, 549um).
[INFO TAP-0001] Found 0 macro blocks.
[INFO TAP-0002] Original rows: 134
[INFO TAP-0003] Created 0 rows for a total of 134 rows.
[INFO TAP-0004] Inserted 268 endcaps.
[INFO TAP-0005] Inserted 1768 tapcells.
WARN: this OpenROAD build applies add_global_connection immediately and has no global_connect command
[INFO PDN-0008] Design name is NanoCGRA_Lite.
[INFO PDN-0009] Reading technology data.
[WARNING PDN-0018] No macro grid specifications found - no straps added.
[INFO PDN-0011] ****** INFO ******
Type: stdcell, stdcell_grid
    Core Rings
      Layer: Metal4  -  width: 1.600  spacing: 2.000  core_offset: 2.000
      Layer: Metal5  -  width: 1.600  spacing: 2.000  core_offset: 2.000
    Stdcell Rails
      Layer: Metal1  -  width: 0.600  pitch: 7.840 
    Straps
      Layer: Metal4  -  width: 1.600  pitch: 40.000  offset: 10.000 
      Layer: Metal5  -  width: 1.600  pitch: 40.000  offset: 10.000 
    Connect: {Metal1 Metal4} {Metal4 Metal5}
[INFO PDN-0012] **** END INFO ****
[INFO PDN-0013] Inserting stdcell grid - stdcell_grid.
[INFO PDN-0015] Writing to database.
[INFO GPL-0002] DBU: 2000
[INFO GPL-0003] SiteSize: 1120 7840
[INFO GPL-0004] CoreAreaLxLy: 20160 23520
[INFO GPL-0005] CoreAreaUxUy: 1079680 1074080
[INFO GPL-0006] NumInstances: 7104
[INFO GPL-0007] NumPlaceInstances: 5336
[INFO GPL-0008] NumFixedInstances: 1768
[INFO GPL-0009] NumDummyInstances: 0
[INFO GPL-0010] NumNets: 5340
[INFO GPL-0011] NumPins: 18952
[INFO GPL-0012] DieAreaLxLy: 0 0
[INFO GPL-0013] DieAreaUxUy: 1100000 1100000
[INFO GPL-0014] CoreAreaLxLy: 20160 23520
[INFO GPL-0015] CoreAreaUxUy: 1079680 1074080
[INFO GPL-0016] CoreArea: 1113089331200
[INFO GPL-0017] NonPlaceInstsArea: 31048908800
[INFO GPL-0018] PlaceInstsArea: 504913561600
[INFO GPL-0019] Util(%): 46.66
[INFO GPL-0020] StdInstsArea: 504913561600
[INFO GPL-0021] MacroInstsArea: 0
[InitialPlace]  Iter: 1 CG residual: 0.00045944 HPWL: 153914530
[InitialPlace]  Iter: 2 CG residual: 0.00024087 HPWL: 149767332
[InitialPlace]  Iter: 3 CG residual: 0.00021025 HPWL: 150233828
[InitialPlace]  Iter: 4 CG residual: 0.00021114 HPWL: 150776482
[InitialPlace]  Iter: 5 CG residual: 0.00019566 HPWL: 150783387
[InitialPlace]  Iter: 6 CG residual: 0.00020910 HPWL: 151007854
[InitialPlace]  Iter: 7 CG residual: 0.00028279 HPWL: 150928958
[InitialPlace]  Iter: 8 CG residual: 0.00018438 HPWL: 151164797
[InitialPlace]  Iter: 9 CG residual: 0.00018859 HPWL: 151037514
[InitialPlace]  Iter: 10 CG residual: 0.00020207 HPWL: 151212065
[InitialPlace]  Iter: 11 CG residual: 0.00040475 HPWL: 151078579
[InitialPlace]  Iter: 12 CG residual: 0.00017675 HPWL: 151231854
[InitialPlace]  Iter: 13 CG residual: 0.00020778 HPWL: 151121853
[InitialPlace]  Iter: 14 CG residual: 0.00019301 HPWL: 151265719
[InitialPlace]  Iter: 15 CG residual: 0.00018555 HPWL: 151152473
[InitialPlace]  Iter: 16 CG residual: 0.00017394 HPWL: 151295224
[InitialPlace]  Iter: 17 CG residual: 0.00022393 HPWL: 151160483
[InitialPlace]  Iter: 18 CG residual: 0.00022964 HPWL: 151294142
[InitialPlace]  Iter: 19 CG residual: 0.00017934 HPWL: 151163461
[InitialPlace]  Iter: 20 CG residual: 0.00019395 HPWL: 151317825
[INFO GPL-0031] FillerInit: NumGCells: 8176
[INFO GPL-0032] FillerInit: NumGNets: 5340
[INFO GPL-0033] FillerInit: NumGPins: 18952
[INFO GPL-0023] TargetDensity: 0.70
[INFO GPL-0024] AveragePlaceInstArea: 94623980
[INFO GPL-0025] IdealBinArea: 135177120
[INFO GPL-0026] IdealBinCnt: 8234
[INFO GPL-0027] TotalBinArea: 1113089331200
[INFO GPL-0028] BinCnt: 64 64
[INFO GPL-0029] BinSize: 16555 16415
[INFO GPL-0030] NumBins: 4096
[NesterovSolve] Iter: 1 overflow: 0.993173 HPWL: 33471975
[NesterovSolve] Iter: 10 overflow: 0.990757 HPWL: 36484811
[NesterovSolve] Iter: 20 overflow: 0.989402 HPWL: 36718966
[NesterovSolve] Iter: 30 overflow: 0.988648 HPWL: 36867675
[NesterovSolve] Iter: 40 overflow: 0.988135 HPWL: 37051266
[NesterovSolve] Iter: 50 overflow: 0.988217 HPWL: 37143941
[NesterovSolve] Iter: 60 overflow: 0.988315 HPWL: 37198879
[NesterovSolve] Iter: 70 overflow: 0.987743 HPWL: 37250086
[NesterovSolve] Iter: 80 overflow: 0.987801 HPWL: 37284150
[NesterovSolve] Iter: 90 overflow: 0.987289 HPWL: 37310378
[NesterovSolve] Iter: 100 overflow: 0.987206 HPWL: 37341433
[NesterovSolve] Iter: 110 overflow: 0.98661 HPWL: 37397698
[NesterovSolve] Iter: 120 overflow: 0.986101 HPWL: 37517462
[NesterovSolve] Iter: 130 overflow: 0.98502 HPWL: 37768891
[NesterovSolve] Iter: 140 overflow: 0.985016 HPWL: 38258561
[NesterovSolve] Iter: 150 overflow: 0.983659 HPWL: 39148015
[NesterovSolve] Iter: 160 overflow: 0.981396 HPWL: 40745706
[NesterovSolve] Iter: 170 overflow: 0.978656 HPWL: 43787376
[NesterovSolve] Iter: 180 overflow: 0.97036 HPWL: 49220710
[NesterovSolve] Iter: 190 overflow: 0.958404 HPWL: 57034617
[NesterovSolve] Iter: 200 overflow: 0.9457 HPWL: 65502831
[NesterovSolve] Iter: 210 overflow: 0.931951 HPWL: 74816369
[NesterovSolve] Iter: 220 overflow: 0.912733 HPWL: 85358724
[NesterovSolve] Iter: 230 overflow: 0.89595 HPWL: 96488772
[NesterovSolve] Iter: 240 overflow: 0.869129 HPWL: 109979605
[NesterovSolve] Iter: 250 overflow: 0.840976 HPWL: 124884719
[NesterovSolve] Iter: 260 overflow: 0.807998 HPWL: 139194711
[NesterovSolve] Iter: 270 overflow: 0.775419 HPWL: 152674140
[NesterovSolve] Iter: 280 overflow: 0.735087 HPWL: 167176532
[NesterovSolve] Iter: 290 overflow: 0.697459 HPWL: 180482210
[NesterovSolve] Iter: 300 overflow: 0.653392 HPWL: 193958301
[NesterovSolve] Iter: 310 overflow: 0.612793 HPWL: 207125074
[NesterovSolve] Iter: 320 overflow: 0.568967 HPWL: 219878892
[NesterovSolve] Iter: 330 overflow: 0.522111 HPWL: 228969246
[NesterovSolve] Iter: 340 overflow: 0.472736 HPWL: 235349398
[NesterovSolve] Iter: 350 overflow: 0.423807 HPWL: 239800957
[NesterovSolve] Iter: 360 overflow: 0.374239 HPWL: 244077034
[NesterovSolve] Iter: 370 overflow: 0.329119 HPWL: 247671405
[NesterovSolve] Iter: 380 overflow: 0.29434 HPWL: 249413883
[NesterovSolve] Iter: 390 overflow: 0.260791 HPWL: 250767170
[NesterovSolve] Iter: 400 overflow: 0.230041 HPWL: 252343617
[NesterovSolve] Iter: 410 overflow: 0.197452 HPWL: 254149105
[NesterovSolve] Iter: 420 overflow: 0.169751 HPWL: 255375691
[NesterovSolve] Iter: 430 overflow: 0.145568 HPWL: 256529480
[NesterovSolve] Iter: 440 overflow: 0.125137 HPWL: 257536147
[NesterovSolve] Iter: 450 overflow: 0.105609 HPWL: 258412293
[NesterovSolve] Finished with Overflow: 0.098840
[INFO RSZ-0058] Using max wire length 6985um.
[INFO RSZ-0034] Found 3 slew violations.
[INFO RSZ-0036] Found 2 capacitance violations.
[INFO RSZ-0038] Inserted 11 buffers in 3 nets.
[INFO RSZ-0039] Resized 851 instances.
Placement Analysis
---------------------------------
total displacement      27735.2 u
average displacement        3.8 u
max displacement           44.3 u
original HPWL          132766.4 u
legalized HPWL         162504.3 u
delta HPWL                   22 %

[INFO DPL-0020] Mirrored 2138 instances
[INFO DPL-0021] HPWL before          162504.3 u
[INFO DPL-0022] HPWL after           157777.4 u
[INFO DPL-0023] HPWL delta               -2.9 %
[INFO CTS-0038] Number of created patterns = 50000.
[INFO CTS-0038] Number of created patterns = 100000.
[INFO CTS-0038] Number of created patterns = 150000.
[INFO CTS-0038] Number of created patterns = 200000.
[INFO CTS-0038] Number of created patterns = 250000.
[INFO CTS-0038] Number of created patterns = 300000.
[INFO CTS-0039] Number of created patterns = 313632.
[INFO CTS-0084] Compiling LUT.
Min. len    Max. len    Min. cap    Max. cap    Min. slew   Max. slew
2           8           1           35          1           279         
[WARNING CTS-0043] 6336 wires are pure wire and no slew degradation.
TritonCTS forced slew degradation on these wires.
[INFO CTS-0046]     Number of wire segments: 313632.
[INFO CTS-0047]     Number of keys in characterization LUT: 1908.
[INFO CTS-0048]     Actual min input cap: 1.
[INFO CTS-0007] Net "clk" found for clock "clk".
[INFO CTS-0010]  Clock net "clk" has 617 sinks.
[INFO CTS-0008] TritonCTS found 1 clock nets.
[INFO CTS-0097] Characterization used 4 buffer(s) types.
[INFO CTS-0027] Generating H-Tree topology for net clk.
[INFO CTS-0028]  Total number of sinks: 617.
[INFO CTS-0090]  Sinks will be clustered based on buffer max cap.
[INFO CTS-0030]  Number of static layers: 0.
[INFO CTS-0020]  Wire segment unit: 38000  dbu (19 um).
[INFO CTS-0019]  Total number of sinks after clustering: 12.
[INFO CTS-0024]  Normalized sink region: [(2.03368, 5.35354), (21.0637, 21.2429)].
[INFO CTS-0025]     Width:  19.0300.
[INFO CTS-0026]     Height: 15.8894.
 Level 1
    Direction: Horizontal
    Sinks per sub-region: 6
    Sub-region size: 9.5150 X 15.8894
[INFO CTS-0034]     Segment length (rounded): 4.
    Key: 96 outSlew: 2 load: 1 length: 4 isBuffered: false
 Out of 12 sinks, 1 sinks closer to other cluster.
[INFO CTS-0032]  Stop criterion found. Max number of sinks is 15.
[INFO CTS-0035]  Number of sinks covered: 12.
[INFO CTS-0036]  Average source sink dist: 117841.03 dbu.
[INFO CTS-0037]  Number of outlier sinks: 0.
[INFO CTS-0018]     Created 15 clock buffers.
[INFO CTS-0012]     Minimum number of buffers in the clock path: 3.
[INFO CTS-0013]     Maximum number of buffers in the clock path: 3.
[INFO CTS-0015]     Created 15 clock nets.
[INFO CTS-0016]     Fanout distribution for the current clock = 5:1, 7:1, 17:1, 46:1, 49:1, 50:1, 54:3, 57:2, 58:1, 60:1, 61:1..
[INFO CTS-0017]     Max level of the clock tree: 1.
[INFO CTS-0098] Clock net "clk"
[INFO CTS-0099]  Sinks 617
[INFO CTS-0100]  Leaf buffers 12
[INFO CTS-0101]  Average sink wire length 620.83 um
[INFO CTS-0102]  Path depth 3 - 3
[INFO RSZ-0058] Using max wire length 6985um.
WARN: this OpenROAD build applies add_global_connection immediately and has no global_connect command
Placement Analysis
---------------------------------
total displacement       1921.5 u
average displacement        0.3 u
max displacement           31.4 u
original HPWL          161275.7 u
legalized HPWL         167881.6 u
delta HPWL                    4 %

[INFO RSZ-0033] No hold violations found.
Placement Analysis
---------------------------------
total displacement          0.0 u
average displacement        0.0 u
max displacement            0.0 u
original HPWL          167881.6 u
legalized HPWL         167881.6 u
delta HPWL                    0 %

[INFO DRT-0149] Reading tech and libs.
[WARNING DRT-0140] SpacingRange unsupported.
[WARNING DRT-0140] SpacingRange unsupported.
[WARNING DRT-0140] SpacingRange unsupported.
[WARNING DRT-0140] SpacingRange unsupported.
[WARNING DRT-0140] SpacingRange unsupported.

Units:                2000
Number of layers:     11
Number of macros:     229
Number of vias:       56
Number of viarulegen: 16

[INFO DRT-0150] Reading design.

Design:                   NanoCGRA_Lite
Die area:                 ( 0 0 ) ( 1100000 1100000 )
Number of track patterns: 10
Number of DEF vias:       4
Number of components:     7398
Number of terminals:      21
Number of snets:          2
Number of nets:           5366

[INFO DRT-0167] List of default vias:
  Layer Via1
    default via: Via1_HV
  Layer Via2
    default via: Via2_VH
  Layer Via3
    default via: Via3_HV
  Layer Via4
    default via: Via4_VH
[INFO DRT-0162] Library cell analysis.
[INFO DRT-0163] Instance analysis.
[INFO DRT-0164] Number of unique instances = 185.
[INFO DRT-0168] Init region query.
[INFO DRT-0024]   Complete FR_MASTERSLICE.
[INFO DRT-0024]   Complete CON.
[INFO DRT-0024]   Complete Metal1.
[INFO DRT-0024]   Complete Via1.
[INFO DRT-0024]   Complete Metal2.
[INFO DRT-0024]   Complete Via2.
[INFO DRT-0024]   Complete Metal3.
[INFO DRT-0024]   Complete Via3.
[INFO DRT-0024]   Complete Metal4.
[INFO DRT-0024]   Complete Via4.
[INFO DRT-0024]   Complete Metal5.
[INFO DRT-0033] FR_MASTERSLICE shape region query size = 0.
[INFO DRT-0033] CON shape region query size = 0.
[INFO DRT-0033] Metal1 shape region query size = 132389.
[INFO DRT-0033] Via1 shape region query size = 5265.
[INFO DRT-0033] Metal2 shape region query size = 3531.
[INFO DRT-0033] Via2 shape region query size = 5265.
[INFO DRT-0033] Metal3 shape region query size = 3510.
[INFO DRT-0033] Via3 shape region query size = 5265.
[INFO DRT-0033] Metal4 shape region query size = 2235.
[INFO DRT-0033] Via4 shape region query size = 4050.
[INFO DRT-0033] Metal5 shape region query size = 480.
[INFO DRT-0165] Start pin access.
[INFO DRT-0076]   Complete 100 pins.
[INFO DRT-0076]   Complete 200 pins.
[INFO DRT-0076]   Complete 300 pins.
[INFO DRT-0076]   Complete 400 pins.
[INFO DRT-0076]   Complete 500 pins.
[INFO DRT-0076]   Complete 600 pins.
[INFO DRT-0076]   Complete 700 pins.
[INFO DRT-0078]   Complete 717 pins.
[INFO DRT-0079]   Complete 100 unique inst patterns.
[INFO DRT-0081]   Complete 179 unique inst patterns.
[INFO DRT-0082]   Complete 1000 groups.
[INFO DRT-0082]   Complete 2000 groups.
[INFO DRT-0084]   Complete 2956 groups.
#scanned instances     = 7398
#unique  instances     = 185
#stdCellGenAp          = 7295
#stdCellValidPlanarAp  = 0
#stdCellValidViaAp     = 4784
#stdCellPinNoAp        = 0
#stdCellPinCnt         = 18971
#instTermValidViaApCnt = 0
#macroGenAp            = 0
#macroValidPlanarAp    = 0
#macroValidViaAp       = 0
#macroNoAp             = 0
[INFO DRT-0166] Complete pin access.
[INFO DRT-0267] cpu time = 00:00:03, elapsed time = 00:00:03, memory = 633.67 (MB), peak = 650.16 (MB)
[INFO DRT-0185] Post process initialize RPin region query.

Generating GCell with size = 15 tracks, using layer Metal1 pitch  = 0.56
Metal1 H Track-Pitch = 0.56000  line-2-Via Pitch = 0.47500
Metal2 V Track-Pitch = 0.56000  line-2-Via Pitch = 0.56000
Metal3 H Track-Pitch = 0.56000  line-2-Via Pitch = 0.56000
Metal4 V Track-Pitch = 0.56000  line-2-Via Pitch = 0.56000
Metal5 H Track-Pitch = 0.90000  line-2-Via Pitch = 0.82000

initializing congestion map...

start routing resource analysis ...

             Routing   #Avail     #Track     #Total     %Gcell
Layer      Direction    Track    Blocked      Gcell    Blocked
--------------------------------------------------------------
Metal1          H         982          0       4225     60.19%
Metal2          V         983          0       4225      0.19%
Metal3          H         982          0       4225      0.00%
Metal4          V         983          0       4225      0.00%
Metal5          H         611          0       4225      0.00%
--------------------------------------------------------------
Total                    4541      0.00%      21125     12.08%

[INFO DRT-0267] cpu time = 00:00:00, elapsed time = 00:00:00, memory = 635.62 (MB), peak = 650.16 (MB)


generating net topology...
done net topology...
[INFO DRT-0032] FR_MASTERSLICE grObj region query size = 0.
[INFO DRT-0032] CON grObj region query size = 0.
[INFO DRT-0032] Metal1 grObj region query size = 15237.
[INFO DRT-0032] Via1 grObj region query size = 0.
[INFO DRT-0032] Metal2 grObj region query size = 0.
[INFO DRT-0032] Via2 grObj region query size = 0.
[INFO DRT-0032] Metal3 grObj region query size = 0.
[INFO DRT-0032] Via3 grObj region query size = 0.
[INFO DRT-0032] Metal4 grObj region query size = 0.
[INFO DRT-0032] Via4 grObj region query size = 0.
[INFO DRT-0032] Metal5 grObj region query size = 0.

start reporting 2D congestion ...

              #OverCon  %OverCon
Direction        GCell     GCell
--------------------------------
    H               0     0.00%
    V               0     0.00%
worstConH:  70.83%
worstConV:  90.00%


start 0th optimization iteration ...
[INFO DRT-0267] cpu time = 00:00:00, elapsed time = 00:00:00, memory = 635.62 (MB), peak = 650.16 (MB)


start 1st optimization iteration ...
[INFO DRT-0267] cpu time = 00:00:00, elapsed time = 00:00:00, memory = 635.62 (MB), peak = 650.16 (MB)


start 2nd optimization iteration ...
[INFO DRT-0267] cpu time = 00:00:00, elapsed time = 00:00:00, memory = 635.62 (MB), peak = 650.16 (MB)


start reporting 2D congestion ...

              #OverCon  %OverCon
Direction        GCell     GCell
--------------------------------
    H               0     0.00%
    V               0     0.00%
worstConH:  75.00%
worstConV:  80.00%

layer assignment...
done layer assignment...

start 0th optimization iteration ...
[INFO DRT-0267] cpu time = 00:00:00, elapsed time = 00:00:00, memory = 635.62 (MB), peak = 650.16 (MB)


start reporting 3D congestion ...

---------- Metal1 ----------
numOverConGCell: 0, %OverConGCell:   0.00%
---------- Metal2 ----------
numOverConGCell: 3, %OverConGCell:   0.07%
---------- Metal3 ----------
numOverConGCell: 0, %OverConGCell:   0.00%
---------- Metal4 ----------
numOverConGCell: 0, %OverConGCell:   0.00%
---------- Metal5 ----------
numOverConGCell: 0, %OverConGCell:   0.00%

[WARNING DRT-0203] dbGcellGrid already exists in db. Clearing existing dbGCellGrid.
[INFO DRT-0151] Reading guide.

Number of guides:     82096

[INFO DRT-0169] Post process guides.
[INFO DRT-0176] GCELLGRID X -10 DO 65 STEP 16800 ;
[INFO DRT-0177] GCELLGRID Y -10 DO 65 STEP 16800 ;
[INFO DRT-0026]   Complete 10000 origin guides.
[INFO DRT-0026]   Complete 20000 origin guides.
[INFO DRT-0026]   Complete 30000 origin guides.
[INFO DRT-0026]   Complete 40000 origin guides.
[INFO DRT-0026]   Complete 50000 origin guides.
[INFO DRT-0026]   Complete 60000 origin guides.
[INFO DRT-0026]   Complete 70000 origin guides.
[INFO DRT-0026]   Complete 80000 origin guides.
[INFO DRT-0028]   Complete FR_MASTERSLICE.
[INFO DRT-0028]   Complete CON.
[INFO DRT-0028]   Complete Metal1.
[INFO DRT-0028]   Complete Via1.
[INFO DRT-0028]   Complete Metal2.
[INFO DRT-0028]   Complete Via2.
[INFO DRT-0028]   Complete Metal3.
[INFO DRT-0028]   Complete Via3.
[INFO DRT-0028]   Complete Metal4.
[INFO DRT-0028]   Complete Via4.
[INFO DRT-0028]   Complete Metal5.
[INFO DRT-0178] Init guide query.
[INFO DRT-0035]   Complete FR_MASTERSLICE (guide).
[INFO DRT-0035]   Complete CON (guide).
[INFO DRT-0035]   Complete Metal1 (guide).
[INFO DRT-0035]   Complete Via1 (guide).
[INFO DRT-0035]   Complete Metal2 (guide).
[INFO DRT-0035]   Complete Via2 (guide).
[INFO DRT-0035]   Complete Metal3 (guide).
[INFO DRT-0035]   Complete Via3 (guide).
[INFO DRT-0035]   Complete Metal4 (guide).
[INFO DRT-0035]   Complete Via4 (guide).
[INFO DRT-0035]   Complete Metal5 (guide).
[INFO DRT-0036] FR_MASTERSLICE guide region query size = 0.
[INFO DRT-0036] CON guide region query size = 0.
[INFO DRT-0036] Metal1 guide region query size = 15955.
[INFO DRT-0036] Via1 guide region query size = 0.
[INFO DRT-0036] Metal2 guide region query size = 13053.
[INFO DRT-0036] Via2 guide region query size = 0.
[INFO DRT-0036] Metal3 guide region query size = 7790.
[INFO DRT-0036] Via3 guide region query size = 0.
[INFO DRT-0036] Metal4 guide region query size = 1771.
[INFO DRT-0036] Via4 guide region query size = 0.
[INFO DRT-0036] Metal5 guide region query size = 320.
[INFO DRT-0179] Init gr pin query.
[INFO DRT-0181] Start track assignment.
[INFO DRT-0184] Done with 14824 vertical wires in 2 frboxes and 24065 horizontal wires in 2 frboxes.
[INFO DRT-0186] Done with 3093 vertical wires in 2 frboxes and 4277 horizontal wires in 2 frboxes.
[INFO DRT-0182] Complete track assignment.
[INFO DRT-0267] cpu time = 00:00:02, elapsed time = 00:00:02, memory = 635.62 (MB), peak = 650.16 (MB)
[INFO DRT-0187] Start routing data preparation.
[INFO DRT-0267] cpu time = 00:00:00, elapsed time = 00:00:00, memory = 635.62 (MB), peak = 650.16 (MB)
[INFO DRT-0194] Start detail routing.
[INFO DRT-0195] Start 0th optimization iteration.
    Completing 10% with 0 violations.
    elapsed time = 00:00:04, memory = 635.62 (MB).
    Completing 20% with 0 violations.
    elapsed time = 00:00:09, memory = 657.88 (MB).
    Completing 30% with 107 violations.
    elapsed time = 00:00:13, memory = 676.96 (MB).
    Completing 40% with 107 violations.
    elapsed time = 00:00:19, memory = 676.96 (MB).
    Completing 50% with 107 violations.
    elapsed time = 00:00:25, memory = 676.96 (MB).
    Completing 60% with 220 violations.
    elapsed time = 00:00:29, memory = 682.63 (MB).
    Completing 70% with 220 violations.
    elapsed time = 00:00:36, memory = 684.18 (MB).
    Completing 80% with 291 violations.
    elapsed time = 00:00:38, memory = 690.11 (MB).
    Completing 90% with 291 violations.
    elapsed time = 00:00:45, memory = 691.14 (MB).
    Completing 100% with 398 violations.
    elapsed time = 00:00:49, memory = 692.16 (MB).
[INFO DRT-0199]   Number of violations = 1825.
[INFO DRT-0267] cpu time = 00:00:49, elapsed time = 00:00:49, memory = 898.16 (MB), peak = 898.16 (MB)
Total wire length = 223193 um.
Total wire length on LAYER Metal1 = 248 um.
Total wire length on LAYER Metal2 = 72532 um.
Total wire length on LAYER Metal3 = 91438 um.
Total wire length on LAYER Metal4 = 44185 um.
Total wire length on LAYER Metal5 = 14789 um.
Total number of vias = 39348.
Up-via summary (total 39348):.

------------------------
 FR_MASTERSLICE        0
         Metal1    19145
         Metal2    16725
         Metal3     2925
         Metal4      553
------------------------
                   39348


[INFO DRT-0195] Start 1st optimization iteration.
    Completing 10% with 1825 violations.
    elapsed time = 00:00:02, memory = 898.16 (MB).
    Completing 20% with 1825 violations.
    elapsed time = 00:00:06, memory = 898.16 (MB).
    Completing 30% with 1466 violations.
    elapsed time = 00:00:09, memory = 898.16 (MB).
    Completing 40% with 1466 violations.
    elapsed time = 00:00:13, memory = 898.16 (MB).
    Completing 50% with 1466 violations.
    elapsed time = 00:00:18, memory = 898.16 (MB).
    Completing 60% with 1021 violations.
    elapsed time = 00:00:22, memory = 898.16 (MB).
    Completing 70% with 1021 violations.
    elapsed time = 00:00:28, memory = 898.16 (MB).
    Completing 80% with 536 violations.
    elapsed time = 00:00:29, memory = 898.16 (MB).
    Completing 90% with 536 violations.
    elapsed time = 00:00:35, memory = 898.16 (MB).
    Completing 100% with 84 violations.
    elapsed time = 00:00:38, memory = 898.16 (MB).
[INFO DRT-0199]   Number of violations = 84.
[INFO DRT-0267] cpu time = 00:00:38, elapsed time = 00:00:38, memory = 898.16 (MB), peak = 898.16 (MB)
Total wire length = 221344 um.
Total wire length on LAYER Metal1 = 251 um.
Total wire length on LAYER Metal2 = 71962 um.
Total wire length on LAYER Metal3 = 90136 um.
Total wire length on LAYER Metal4 = 44220 um.
Total wire length on LAYER Metal5 = 14774 um.
Total number of vias = 39155.
Up-via summary (total 39155):.

------------------------
 FR_MASTERSLICE        0
         Metal1    19135
         Metal2    16518
         Metal3     2941
         Metal4      561
------------------------
                   39155


[INFO DRT-0195] Start 2nd optimization iteration.
    Completing 10% with 84 violations.
    elapsed time = 00:00:00, memory = 898.16 (MB).
    Completing 20% with 84 violations.
    elapsed time = 00:00:00, memory = 898.16 (MB).
    Completing 30% with 78 violations.
    elapsed time = 00:00:03, memory = 898.16 (MB).
    Completing 40% with 78 violations.
    elapsed time = 00:00:05, memory = 898.16 (MB).
    Completing 50% with 78 violations.
    elapsed time = 00:00:09, memory = 898.16 (MB).
    Completing 60% with 80 violations.
    elapsed time = 00:00:12, memory = 898.16 (MB).
    Completing 70% with 80 violations.
    elapsed time = 00:00:14, memory = 898.16 (MB).
    Completing 80% with 78 violations.
    elapsed time = 00:00:16, memory = 898.16 (MB).
    Completing 90% with 78 violations.
    elapsed time = 00:00:20, memory = 898.16 (MB).
    Completing 100% with 64 violations.
    elapsed time = 00:00:22, memory = 898.16 (MB).
[INFO DRT-0199]   Number of violations = 64.
[INFO DRT-0267] cpu time = 00:00:22, elapsed time = 00:00:22, memory = 898.16 (MB), peak = 898.16 (MB)
Total wire length = 221115 um.
Total wire length on LAYER Metal1 = 263 um.
Total wire length on LAYER Metal2 = 71912 um.
Total wire length on LAYER Metal3 = 89928 um.
Total wire length on LAYER Metal4 = 44214 um.
Total wire length on LAYER Metal5 = 14796 um.
Total number of vias = 39154.
Up-via summary (total 39154):.

------------------------
 FR_MASTERSLICE        0
         Metal1    19141
         Metal2    16523
         Metal3     2931
         Metal4      559
------------------------
                   39154


[INFO DRT-0195] Start 3rd optimization iteration.
    Completing 10% with 64 violations.
    elapsed time = 00:00:00, memory = 898.16 (MB).
    Completing 20% with 64 violations.
    elapsed time = 00:00:01, memory = 898.16 (MB).
    Completing 30% with 46 violations.
    elapsed time = 00:00:01, memory = 898.16 (MB).
    Completing 40% with 46 violations.
    elapsed time = 00:00:01, memory = 898.16 (MB).
    Completing 50% with 46 violations.
    elapsed time = 00:00:01, memory = 898.16 (MB).
    Completing 60% with 26 violations.
    elapsed time = 00:00:02, memory = 898.16 (MB).
    Completing 70% with 26 violations.
    elapsed time = 00:00:03, memory = 898.16 (MB).
    Completing 80% with 10 violations.
    elapsed time = 00:00:03, memory = 898.16 (MB).
    Completing 90% with 10 violations.
    elapsed time = 00:00:03, memory = 898.16 (MB).
    Completing 100% with 7 violations.
    elapsed time = 00:00:03, memory = 898.16 (MB).
[INFO DRT-0199]   Number of violations = 7.
[INFO DRT-0267] cpu time = 00:00:03, elapsed time = 00:00:03, memory = 898.16 (MB), peak = 898.16 (MB)
Total wire length = 221113 um.
Total wire length on LAYER Metal1 = 252 um.
Total wire length on LAYER Metal2 = 71644 um.
Total wire length on LAYER Metal3 = 89932 um.
Total wire length on LAYER Metal4 = 44476 um.
Total wire length on LAYER Metal5 = 14807 um.
Total number of vias = 39230.
Up-via summary (total 39230):.

------------------------
 FR_MASTERSLICE        0
         Metal1    19135
         Metal2    16562
         Metal3     2972
         Metal4      561
------------------------
                   39230


[INFO DRT-0195] Start 4th optimization iteration.
    Completing 10% with 7 violations.
    elapsed time = 00:00:00, memory = 898.16 (MB).
    Completing 20% with 7 violations.
    elapsed time = 00:00:00, memory = 898.16 (MB).
    Completing 30% with 7 violations.
    elapsed time = 00:00:00, memory = 898.16 (MB).
    Completing 40% with 7 violations.
    elapsed time = 00:00:00, memory = 898.16 (MB).
    Completing 50% with 7 violations.
    elapsed time = 00:00:00, memory = 898.16 (MB).
    Completing 60% with 7 violations.
    elapsed time = 00:00:00, memory = 898.16 (MB).
    Completing 70% with 7 violations.
    elapsed time = 00:00:00, memory = 898.16 (MB).
    Completing 80% with 0 violations.
    elapsed time = 00:00:00, memory = 898.16 (MB).
    Completing 90% with 0 violations.
    elapsed time = 00:00:00, memory = 898.16 (MB).
    Completing 100% with 0 violations.
    elapsed time = 00:00:00, memory = 898.16 (MB).
[INFO DRT-0199]   Number of violations = 0.
[INFO DRT-0267] cpu time = 00:00:00, elapsed time = 00:00:00, memory = 898.16 (MB), peak = 898.16 (MB)
Total wire length = 221112 um.
Total wire length on LAYER Metal1 = 252 um.
Total wire length on LAYER Metal2 = 71642 um.
Total wire length on LAYER Metal3 = 89933 um.
Total wire length on LAYER Metal4 = 44476 um.
Total wire length on LAYER Metal5 = 14807 um.
Total number of vias = 39230.
Up-via summary (total 39230):.

------------------------
 FR_MASTERSLICE        0
         Metal1    19135
         Metal2    16562
         Metal3     2972
         Metal4      561
------------------------
                   39230


[INFO DRT-0195] Start 17th optimization iteration.
    Completing 10% with 0 violations.
    elapsed time = 00:00:00, memory = 898.16 (MB).
    Completing 20% with 0 violations.
    elapsed time = 00:00:00, memory = 898.16 (MB).
    Completing 30% with 0 violations.
    elapsed time = 00:00:00, memory = 898.16 (MB).
    Completing 40% with 0 violations.
    elapsed time = 00:00:00, memory = 898.16 (MB).
    Completing 50% with 0 violations.
    elapsed time = 00:00:00, memory = 898.16 (MB).
    Completing 60% with 0 violations.
    elapsed time = 00:00:00, memory = 898.16 (MB).
    Completing 70% with 0 violations.
    elapsed time = 00:00:00, memory = 898.16 (MB).
    Completing 80% with 0 violations.
    elapsed time = 00:00:00, memory = 898.16 (MB).
    Completing 90% with 0 violations.
    elapsed time = 00:00:00, memory = 898.16 (MB).
    Completing 100% with 0 violations.
    elapsed time = 00:00:00, memory = 898.16 (MB).
[INFO DRT-0199]   Number of violations = 0.
[INFO DRT-0267] cpu time = 00:00:00, elapsed time = 00:00:00, memory = 898.16 (MB), peak = 898.16 (MB)
Total wire length = 221112 um.
Total wire length on LAYER Metal1 = 252 um.
Total wire length on LAYER Metal2 = 71642 um.
Total wire length on LAYER Metal3 = 89933 um.
Total wire length on LAYER Metal4 = 44476 um.
Total wire length on LAYER Metal5 = 14807 um.
Total number of vias = 39230.
Up-via summary (total 39230):.

------------------------
 FR_MASTERSLICE        0
         Metal1    19135
         Metal2    16562
         Metal3     2972
         Metal4      561
------------------------
                   39230


[INFO DRT-0195] Start 25th optimization iteration.
    Completing 10% with 0 violations.
    elapsed time = 00:00:00, memory = 898.16 (MB).
    Completing 20% with 0 violations.
    elapsed time = 00:00:00, memory = 898.16 (MB).
    Completing 30% with 0 violations.
    elapsed time = 00:00:00, memory = 898.16 (MB).
    Completing 40% with 0 violations.
    elapsed time = 00:00:00, memory = 898.16 (MB).
    Completing 50% with 0 violations.
    elapsed time = 00:00:00, memory = 898.16 (MB).
    Completing 60% with 0 violations.
    elapsed time = 00:00:00, memory = 898.16 (MB).
    Completing 70% with 0 violations.
    elapsed time = 00:00:00, memory = 898.16 (MB).
    Completing 80% with 0 violations.
    elapsed time = 00:00:00, memory = 898.16 (MB).
    Completing 90% with 0 violations.
    elapsed time = 00:00:00, memory = 898.16 (MB).
    Completing 100% with 0 violations.
    elapsed time = 00:00:00, memory = 898.16 (MB).
[INFO DRT-0199]   Number of violations = 0.
[INFO DRT-0267] cpu time = 00:00:00, elapsed time = 00:00:00, memory = 898.16 (MB), peak = 898.16 (MB)
Total wire length = 221112 um.
Total wire length on LAYER Metal1 = 252 um.
Total wire length on LAYER Metal2 = 71642 um.
Total wire length on LAYER Metal3 = 89933 um.
Total wire length on LAYER Metal4 = 44476 um.
Total wire length on LAYER Metal5 = 14807 um.
Total number of vias = 39230.
Up-via summary (total 39230):.

------------------------
 FR_MASTERSLICE        0
         Metal1    19135
         Metal2    16562
         Metal3     2972
         Metal4      561
------------------------
                   39230


[INFO DRT-0195] Start 33rd optimization iteration.
    Completing 10% with 0 violations.
    elapsed time = 00:00:00, memory = 898.16 (MB).
    Completing 20% with 0 violations.
    elapsed time = 00:00:00, memory = 898.16 (MB).
    Completing 30% with 0 violations.
    elapsed time = 00:00:00, memory = 898.16 (MB).
    Completing 40% with 0 violations.
    elapsed time = 00:00:00, memory = 898.16 (MB).
    Completing 50% with 0 violations.
    elapsed time = 00:00:00, memory = 898.16 (MB).
    Completing 60% with 0 violations.
    elapsed time = 00:00:00, memory = 898.16 (MB).
    Completing 70% with 0 violations.
    elapsed time = 00:00:00, memory = 898.16 (MB).
    Completing 80% with 0 violations.
    elapsed time = 00:00:00, memory = 898.16 (MB).
    Completing 90% with 0 violations.
    elapsed time = 00:00:00, memory = 898.16 (MB).
    Completing 100% with 0 violations.
    elapsed time = 00:00:00, memory = 898.16 (MB).
[INFO DRT-0199]   Number of violations = 0.
[INFO DRT-0267] cpu time = 00:00:00, elapsed time = 00:00:00, memory = 898.16 (MB), peak = 898.16 (MB)
Total wire length = 221112 um.
Total wire length on LAYER Metal1 = 252 um.
Total wire length on LAYER Metal2 = 71642 um.
Total wire length on LAYER Metal3 = 89933 um.
Total wire length on LAYER Metal4 = 44476 um.
Total wire length on LAYER Metal5 = 14807 um.
Total number of vias = 39230.
Up-via summary (total 39230):.

------------------------
 FR_MASTERSLICE        0
         Metal1    19135
         Metal2    16562
         Metal3     2972
         Metal4      561
------------------------
                   39230


[INFO DRT-0195] Start 41st optimization iteration.
    Completing 10% with 0 violations.
    elapsed time = 00:00:00, memory = 898.16 (MB).
    Completing 20% with 0 violations.
    elapsed time = 00:00:00, memory = 898.16 (MB).
    Completing 30% with 0 violations.
    elapsed time = 00:00:00, memory = 898.16 (MB).
    Completing 40% with 0 violations.
    elapsed time = 00:00:00, memory = 898.16 (MB).
    Completing 50% with 0 violations.
    elapsed time = 00:00:00, memory = 898.16 (MB).
    Completing 60% with 0 violations.
    elapsed time = 00:00:00, memory = 898.16 (MB).
    Completing 70% with 0 violations.
    elapsed time = 00:00:00, memory = 898.16 (MB).
    Completing 80% with 0 violations.
    elapsed time = 00:00:00, memory = 898.16 (MB).
    Completing 90% with 0 violations.
    elapsed time = 00:00:00, memory = 898.16 (MB).
    Completing 100% with 0 violations.
    elapsed time = 00:00:00, memory = 898.16 (MB).
[INFO DRT-0199]   Number of violations = 0.
[INFO DRT-0267] cpu time = 00:00:00, elapsed time = 00:00:00, memory = 898.16 (MB), peak = 898.16 (MB)
Total wire length = 221112 um.
Total wire length on LAYER Metal1 = 252 um.
Total wire length on LAYER Metal2 = 71642 um.
Total wire length on LAYER Metal3 = 89933 um.
Total wire length on LAYER Metal4 = 44476 um.
Total wire length on LAYER Metal5 = 14807 um.
Total number of vias = 39230.
Up-via summary (total 39230):.

------------------------
 FR_MASTERSLICE        0
         Metal1    19135
         Metal2    16562
         Metal3     2972
         Metal4      561
------------------------
                   39230


[INFO DRT-0195] Start 49th optimization iteration.
    Completing 10% with 0 violations.
    elapsed time = 00:00:00, memory = 898.16 (MB).
    Completing 20% with 0 violations.
    elapsed time = 00:00:00, memory = 898.16 (MB).
    Completing 30% with 0 violations.
    elapsed time = 00:00:00, memory = 898.16 (MB).
    Completing 40% with 0 violations.
    elapsed time = 00:00:00, memory = 898.16 (MB).
    Completing 50% with 0 violations.
    elapsed time = 00:00:00, memory = 898.16 (MB).
    Completing 60% with 0 violations.
    elapsed time = 00:00:00, memory = 898.16 (MB).
    Completing 70% with 0 violations.
    elapsed time = 00:00:00, memory = 898.16 (MB).
    Completing 80% with 0 violations.
    elapsed time = 00:00:00, memory = 898.16 (MB).
    Completing 90% with 0 violations.
    elapsed time = 00:00:00, memory = 898.16 (MB).
    Completing 100% with 0 violations.
    elapsed time = 00:00:00, memory = 898.16 (MB).
[INFO DRT-0199]   Number of violations = 0.
[INFO DRT-0267] cpu time = 00:00:00, elapsed time = 00:00:00, memory = 898.16 (MB), peak = 898.16 (MB)
Total wire length = 221112 um.
Total wire length on LAYER Metal1 = 252 um.
Total wire length on LAYER Metal2 = 71642 um.
Total wire length on LAYER Metal3 = 89933 um.
Total wire length on LAYER Metal4 = 44476 um.
Total wire length on LAYER Metal5 = 14807 um.
Total number of vias = 39230.
Up-via summary (total 39230):.

------------------------
 FR_MASTERSLICE        0
         Metal1    19135
         Metal2    16562
         Metal3     2972
         Metal4      561
------------------------
                   39230


[INFO DRT-0195] Start 57th optimization iteration.
    Completing 10% with 0 violations.
    elapsed time = 00:00:00, memory = 898.16 (MB).
    Completing 20% with 0 violations.
    elapsed time = 00:00:00, memory = 898.16 (MB).
    Completing 30% with 0 violations.
    elapsed time = 00:00:00, memory = 898.16 (MB).
    Completing 40% with 0 violations.
    elapsed time = 00:00:00, memory = 898.16 (MB).
    Completing 50% with 0 violations.
    elapsed time = 00:00:00, memory = 898.16 (MB).
    Completing 60% with 0 violations.
    elapsed time = 00:00:00, memory = 898.16 (MB).
    Completing 70% with 0 violations.
    elapsed time = 00:00:00, memory = 898.16 (MB).
    Completing 80% with 0 violations.
    elapsed time = 00:00:00, memory = 898.16 (MB).
    Completing 90% with 0 violations.
    elapsed time = 00:00:00, memory = 898.16 (MB).
    Completing 100% with 0 violations.
    elapsed time = 00:00:00, memory = 898.16 (MB).
[INFO DRT-0199]   Number of violations = 0.
[INFO DRT-0267] cpu time = 00:00:00, elapsed time = 00:00:00, memory = 898.16 (MB), peak = 898.16 (MB)
Total wire length = 221112 um.
Total wire length on LAYER Metal1 = 252 um.
Total wire length on LAYER Metal2 = 71642 um.
Total wire length on LAYER Metal3 = 89933 um.
Total wire length on LAYER Metal4 = 44476 um.
Total wire length on LAYER Metal5 = 14807 um.
Total number of vias = 39230.
Up-via summary (total 39230):.

------------------------
 FR_MASTERSLICE        0
         Metal1    19135
         Metal2    16562
         Metal3     2972
         Metal4      561
------------------------
                   39230


[INFO DRT-0198] Complete detail routing.
Total wire length = 221112 um.
Total wire length on LAYER Metal1 = 252 um.
Total wire length on LAYER Metal2 = 71642 um.
Total wire length on LAYER Metal3 = 89933 um.
Total wire length on LAYER Metal4 = 44476 um.
Total wire length on LAYER Metal5 = 14807 um.
Total number of vias = 39230.
Up-via summary (total 39230):.

------------------------
 FR_MASTERSLICE        0
         Metal1    19135
         Metal2    16562
         Metal3     2972
         Metal4      561
------------------------
                   39230


[INFO DRT-0267] cpu time = 00:01:54, elapsed time = 00:01:54, memory = 898.16 (MB), peak = 898.16 (MB)

[INFO DRT-0180] Post processing.
[INFO DPL-0001] Placed 8538 filler instances.
WARN: this OpenROAD build applies add_global_connection immediately and has no global_connect command
Startpoint: rst_n (input port clocked by clk)
Endpoint: _09504_ (rising edge-triggered flip-flop clocked by clk)
Path Group: clk
Path Type: max

Fanout      Cap     Slew    Delay     Time   Description
---------------------------------------------------------------------------------
                            0.000    0.000   clock clk (rise edge)
                            0.000    0.000   clock network delay (propagated)
                           20.000   20.000 ^ input external delay
                   2.506    1.432   21.432 ^ rst_n (in)
    10    0.154                              rst_n (net)
                   2.506    0.000   21.432 ^ repeater11/I (gf180mcu_fd_sc_mcu7t5v0__buf_12)
                   0.287    0.311   21.743 ^ repeater11/Z (gf180mcu_fd_sc_mcu7t5v0__buf_12)
     7    0.163                              net11 (net)
                   0.287    0.002   21.745 ^ repeater8/I (gf180mcu_fd_sc_mcu7t5v0__buf_12)
                   0.266    0.298   22.044 ^ repeater8/Z (gf180mcu_fd_sc_mcu7t5v0__buf_12)
    21    0.170                              net8 (net)
                   0.266    0.006   22.050 ^ repeater6/I (gf180mcu_fd_sc_mcu7t5v0__buf_8)
                   0.355    0.346   22.396 ^ repeater6/Z (gf180mcu_fd_sc_mcu7t5v0__buf_8)
    19    0.159                              net6 (net)
                   0.355    0.005   22.401 ^ _05214_/A1 (gf180mcu_fd_sc_mcu7t5v0__nand2_4)
                   0.326    0.259   22.660 v _05214_/ZN (gf180mcu_fd_sc_mcu7t5v0__nand2_4)
     4    0.070                              _01102_ (net)
                   0.326    0.001   22.661 v _05264_/A1 (gf180mcu_fd_sc_mcu7t5v0__nor3_4)
                   2.251    1.323   23.985 ^ _05264_/ZN (gf180mcu_fd_sc_mcu7t5v0__nor3_4)
     8    0.194                              _01136_ (net)
                   2.252    0.009   23.994 ^ _05340_/A1 (gf180mcu_fd_sc_mcu7t5v0__nand2_4)
                   0.681    0.338   24.331 v _05340_/ZN (gf180mcu_fd_sc_mcu7t5v0__nand2_4)
     9    0.062                              _01156_ (net)
                   0.681    0.002   24.333 v _05341_/A2 (gf180mcu_fd_sc_mcu7t5v0__nand2_2)
                   0.571    0.519   24.853 ^ _05341_/ZN (gf180mcu_fd_sc_mcu7t5v0__nand2_2)
     8    0.051                              _01157_ (net)
                   0.571    0.000   24.853 ^ _05348_/B1 (gf180mcu_fd_sc_mcu7t5v0__oai22_1)
                   0.545    0.200   25.053 v _05348_/ZN (gf180mcu_fd_sc_mcu7t5v0__oai22_1)
     1    0.005                              _00102_ (net)
                   0.545    0.000   25.053 v _09504_/D (gf180mcu_fd_sc_mcu7t5v0__dffq_1)
                                    25.053   data arrival time

                          100.000  100.000   clock clk (rise edge)
                            0.000  100.000   clock source latency
                   0.000    0.000  100.000 ^ clk (in)
     1    0.050                              clk (net)
                   0.007    0.003  100.003 ^ clkbuf_0_clk/I (gf180mcu_fd_sc_mcu7t5v0__clkbuf_16)
                   0.123    0.234  100.237 ^ clkbuf_0_clk/Z (gf180mcu_fd_sc_mcu7t5v0__clkbuf_16)
     2    0.060                              clknet_0_clk (net)
                   0.123    0.001  100.238 ^ clkbuf_1_0__f_clk/I (gf180mcu_fd_sc_mcu7t5v0__clkbuf_16)
                   0.278    0.359  100.597 ^ clkbuf_1_0__f_clk/Z (gf180mcu_fd_sc_mcu7t5v0__clkbuf_16)
     7    0.231                              clknet_1_0__leaf_clk (net)
                   0.278    0.007  100.605 ^ clkbuf_leaf_11_clk/I (gf180mcu_fd_sc_mcu7t5v0__clkbuf_16)
                   0.140    0.301  100.905 ^ clkbuf_leaf_11_clk/Z (gf180mcu_fd_sc_mcu7t5v0__clkbuf_16)
    17    0.077                              clknet_leaf_11_clk (net)
                   0.140    0.001  100.907 ^ _09504_/CLK (gf180mcu_fd_sc_mcu7t5v0__dffq_1)
                            0.000  100.907   clock reconvergence pessimism
                           -0.370  100.536   library setup time
                                   100.536   data required time
---------------------------------------------------------------------------------
                                   100.536   data required time
                                   -25.053   data arrival time
---------------------------------------------------------------------------------
                                    75.483   slack (MET)


Startpoint: rst_n (input port clocked by clk)
Endpoint: _09502_ (rising edge-triggered flip-flop clocked by clk)
Path Group: clk
Path Type: max

Fanout      Cap     Slew    Delay     Time   Description
---------------------------------------------------------------------------------
                            0.000    0.000   clock clk (rise edge)
                            0.000    0.000   clock network delay (propagated)
                           20.000   20.000 ^ input external delay
                   2.506    1.432   21.432 ^ rst_n (in)
    10    0.154                              rst_n (net)
                   2.506    0.000   21.432 ^ repeater11/I (gf180mcu_fd_sc_mcu7t5v0__buf_12)
                   0.287    0.311   21.743 ^ repeater11/Z (gf180mcu_fd_sc_mcu7t5v0__buf_12)
     7    0.163                              net11 (net)
                   0.287    0.002   21.745 ^ repeater8/I (gf180mcu_fd_sc_mcu7t5v0__buf_12)
                   0.266    0.298   22.044 ^ repeater8/Z (gf180mcu_fd_sc_mcu7t5v0__buf_12)
    21    0.170                              net8 (net)
                   0.266    0.006   22.050 ^ repeater6/I (gf180mcu_fd_sc_mcu7t5v0__buf_8)
                   0.355    0.346   22.396 ^ repeater6/Z (gf180mcu_fd_sc_mcu7t5v0__buf_8)
    19    0.159                              net6 (net)
                   0.355    0.005   22.401 ^ _05214_/A1 (gf180mcu_fd_sc_mcu7t5v0__nand2_4)
                   0.326    0.259   22.660 v _05214_/ZN (gf180mcu_fd_sc_mcu7t5v0__nand2_4)
     4    0.070                              _01102_ (net)
                   0.326    0.001   22.661 v _05264_/A1 (gf180mcu_fd_sc_mcu7t5v0__nor3_4)
                   2.251    1.323   23.985 ^ _05264_/ZN (gf180mcu_fd_sc_mcu7t5v0__nor3_4)
     8    0.194                              _01136_ (net)
                   2.252    0.009   23.994 ^ _05340_/A1 (gf180mcu_fd_sc_mcu7t5v0__nand2_4)
                   0.681    0.338   24.331 v _05340_/ZN (gf180mcu_fd_sc_mcu7t5v0__nand2_4)
     9    0.062                              _01156_ (net)
                   0.681    0.002   24.333 v _05341_/A2 (gf180mcu_fd_sc_mcu7t5v0__nand2_2)
                   0.571    0.519   24.853 ^ _05341_/ZN (gf180mcu_fd_sc_mcu7t5v0__nand2_2)
     8    0.051                              _01157_ (net)
                   0.571    0.000   24.853 ^ _05346_/B1 (gf180mcu_fd_sc_mcu7t5v0__oai22_1)
                   0.521    0.203   25.056 v _05346_/ZN (gf180mcu_fd_sc_mcu7t5v0__oai22_1)
     1    0.005                              _00100_ (net)
                   0.521    0.000   25.056 v _09502_/D (gf180mcu_fd_sc_mcu7t5v0__dffq_1)
                                    25.056   data arrival time

                          100.000  100.000   clock clk (rise edge)
                            0.000  100.000   clock source latency
                   0.000    0.000  100.000 ^ clk (in)
     1    0.050                              clk (net)
                   0.007    0.003  100.003 ^ clkbuf_0_clk/I (gf180mcu_fd_sc_mcu7t5v0__clkbuf_16)
                   0.123    0.234  100.237 ^ clkbuf_0_clk/Z (gf180mcu_fd_sc_mcu7t5v0__clkbuf_16)
     2    0.060                              clknet_0_clk (net)
                   0.123    0.001  100.238 ^ clkbuf_1_0__f_clk/I (gf180mcu_fd_sc_mcu7t5v0__clkbuf_16)
                   0.278    0.359  100.597 ^ clkbuf_1_0__f_clk/Z (gf180mcu_fd_sc_mcu7t5v0__clkbuf_16)
     7    0.231                              clknet_1_0__leaf_clk (net)
                   0.278    0.007  100.605 ^ clkbuf_leaf_11_clk/I (gf180mcu_fd_sc_mcu7t5v0__clkbuf_16)
                   0.140    0.301  100.905 ^ clkbuf_leaf_11_clk/Z (gf180mcu_fd_sc_mcu7t5v0__clkbuf_16)
    17    0.077                              clknet_leaf_11_clk (net)
                   0.140    0.001  100.907 ^ _09502_/CLK (gf180mcu_fd_sc_mcu7t5v0__dffq_1)
                            0.000  100.907   clock reconvergence pessimism
                           -0.361  100.545   library setup time
                                   100.545   data required time
---------------------------------------------------------------------------------
                                   100.545   data required time
                                   -25.056   data arrival time
---------------------------------------------------------------------------------
                                    75.489   slack (MET)


Startpoint: rst_n (input port clocked by clk)
Endpoint: _09505_ (rising edge-triggered flip-flop clocked by clk)
Path Group: clk
Path Type: max

Fanout      Cap     Slew    Delay     Time   Description
---------------------------------------------------------------------------------
                            0.000    0.000   clock clk (rise edge)
                            0.000    0.000   clock network delay (propagated)
                           20.000   20.000 ^ input external delay
                   2.506    1.432   21.432 ^ rst_n (in)
    10    0.154                              rst_n (net)
                   2.506    0.000   21.432 ^ repeater11/I (gf180mcu_fd_sc_mcu7t5v0__buf_12)
                   0.287    0.311   21.743 ^ repeater11/Z (gf180mcu_fd_sc_mcu7t5v0__buf_12)
     7    0.163                              net11 (net)
                   0.287    0.002   21.745 ^ repeater8/I (gf180mcu_fd_sc_mcu7t5v0__buf_12)
                   0.266    0.298   22.044 ^ repeater8/Z (gf180mcu_fd_sc_mcu7t5v0__buf_12)
    21    0.170                              net8 (net)
                   0.266    0.006   22.050 ^ repeater6/I (gf180mcu_fd_sc_mcu7t5v0__buf_8)
                   0.355    0.346   22.396 ^ repeater6/Z (gf180mcu_fd_sc_mcu7t5v0__buf_8)
    19    0.159                              net6 (net)
                   0.355    0.005   22.401 ^ _05214_/A1 (gf180mcu_fd_sc_mcu7t5v0__nand2_4)
                   0.326    0.259   22.660 v _05214_/ZN (gf180mcu_fd_sc_mcu7t5v0__nand2_4)
     4    0.070                              _01102_ (net)
                   0.326    0.001   22.661 v _05264_/A1 (gf180mcu_fd_sc_mcu7t5v0__nor3_4)
                   2.251    1.323   23.985 ^ _05264_/ZN (gf180mcu_fd_sc_mcu7t5v0__nor3_4)
     8    0.194                              _01136_ (net)
                   2.252    0.009   23.994 ^ _05340_/A1 (gf180mcu_fd_sc_mcu7t5v0__nand2_4)
                   0.681    0.338   24.331 v _05340_/ZN (gf180mcu_fd_sc_mcu7t5v0__nand2_4)
     9    0.062                              _01156_ (net)
                   0.681    0.002   24.333 v _05341_/A2 (gf180mcu_fd_sc_mcu7t5v0__nand2_2)
                   0.571    0.519   24.853 ^ _05341_/ZN (gf180mcu_fd_sc_mcu7t5v0__nand2_2)
     8    0.051                              _01157_ (net)
                   0.571    0.000   24.853 ^ _05349_/B1 (gf180mcu_fd_sc_mcu7t5v0__oai22_1)
                   0.524    0.196   25.049 v _05349_/ZN (gf180mcu_fd_sc_mcu7t5v0__oai22_1)
     1    0.004                              _00103_ (net)
                   0.524    0.000   25.049 v _09505_/D (gf180mcu_fd_sc_mcu7t5v0__dffq_1)
                                    25.049   data arrival time

                          100.000  100.000   clock clk (rise edge)
                            0.000  100.000   clock source latency
                   0.000    0.000  100.000 ^ clk (in)
     1    0.050                              clk (net)
                   0.007    0.003  100.003 ^ clkbuf_0_clk/I (gf180mcu_fd_sc_mcu7t5v0__clkbuf_16)
                   0.123    0.234  100.237 ^ clkbuf_0_clk/Z (gf180mcu_fd_sc_mcu7t5v0__clkbuf_16)
     2    0.060                              clknet_0_clk (net)
                   0.123    0.001  100.238 ^ clkbuf_1_0__f_clk/I (gf180mcu_fd_sc_mcu7t5v0__clkbuf_16)
                   0.278    0.359  100.597 ^ clkbuf_1_0__f_clk/Z (gf180mcu_fd_sc_mcu7t5v0__clkbuf_16)
     7    0.231                              clknet_1_0__leaf_clk (net)
                   0.278    0.007  100.605 ^ clkbuf_leaf_11_clk/I (gf180mcu_fd_sc_mcu7t5v0__clkbuf_16)
                   0.140    0.301  100.905 ^ clkbuf_leaf_11_clk/Z (gf180mcu_fd_sc_mcu7t5v0__clkbuf_16)
    17    0.077                              clknet_leaf_11_clk (net)
                   0.140    0.000  100.906 ^ _09505_/CLK (gf180mcu_fd_sc_mcu7t5v0__dffq_1)
                            0.000  100.906   clock reconvergence pessimism
                           -0.362  100.543   library setup time
                                   100.543   data required time
---------------------------------------------------------------------------------
                                   100.543   data required time
                                   -25.049   data arrival time
---------------------------------------------------------------------------------
                                    75.495   slack (MET)


Startpoint: rst_n (input port clocked by clk)
Endpoint: _09500_ (rising edge-triggered flip-flop clocked by clk)
Path Group: clk
Path Type: max

Fanout      Cap     Slew    Delay     Time   Description
---------------------------------------------------------------------------------
                            0.000    0.000   clock clk (rise edge)
                            0.000    0.000   clock network delay (propagated)
                           20.000   20.000 ^ input external delay
                   2.506    1.432   21.432 ^ rst_n (in)
    10    0.154                              rst_n (net)
                   2.506    0.000   21.432 ^ repeater11/I (gf180mcu_fd_sc_mcu7t5v0__buf_12)
                   0.287    0.311   21.743 ^ repeater11/Z (gf180mcu_fd_sc_mcu7t5v0__buf_12)
     7    0.163                              net11 (net)
                   0.287    0.002   21.745 ^ repeater8/I (gf180mcu_fd_sc_mcu7t5v0__buf_12)
                   0.266    0.298   22.044 ^ repeater8/Z (gf180mcu_fd_sc_mcu7t5v0__buf_12)
    21    0.170                              net8 (net)
                   0.266    0.006   22.050 ^ repeater6/I (gf180mcu_fd_sc_mcu7t5v0__buf_8)
                   0.355    0.346   22.396 ^ repeater6/Z (gf180mcu_fd_sc_mcu7t5v0__buf_8)
    19    0.159                              net6 (net)
                   0.355    0.005   22.401 ^ _05214_/A1 (gf180mcu_fd_sc_mcu7t5v0__nand2_4)
                   0.326    0.259   22.660 v _05214_/ZN (gf180mcu_fd_sc_mcu7t5v0__nand2_4)
     4    0.070                              _01102_ (net)
                   0.326    0.001   22.661 v _05264_/A1 (gf180mcu_fd_sc_mcu7t5v0__nor3_4)
                   2.251    1.323   23.985 ^ _05264_/ZN (gf180mcu_fd_sc_mcu7t5v0__nor3_4)
     8    0.194                              _01136_ (net)
                   2.252    0.009   23.994 ^ _05340_/A1 (gf180mcu_fd_sc_mcu7t5v0__nand2_4)
                   0.681    0.338   24.331 v _05340_/ZN (gf180mcu_fd_sc_mcu7t5v0__nand2_4)
     9    0.062                              _01156_ (net)
                   0.681    0.002   24.333 v _05341_/A2 (gf180mcu_fd_sc_mcu7t5v0__nand2_2)
                   0.571    0.519   24.853 ^ _05341_/ZN (gf180mcu_fd_sc_mcu7t5v0__nand2_2)
     8    0.051                              _01157_ (net)
                   0.571    0.000   24.853 ^ _05344_/B1 (gf180mcu_fd_sc_mcu7t5v0__oai22_1)
                   0.520    0.198   25.051 v _05344_/ZN (gf180mcu_fd_sc_mcu7t5v0__oai22_1)
     1    0.005                              _00098_ (net)
                   0.520    0.000   25.051 v _09500_/D (gf180mcu_fd_sc_mcu7t5v0__dffq_1)
                                    25.051   data arrival time

                          100.000  100.000   clock clk (rise edge)
                            0.000  100.000   clock source latency
                   0.000    0.000  100.000 ^ clk (in)
     1    0.050                              clk (net)
                   0.007    0.003  100.003 ^ clkbuf_0_clk/I (gf180mcu_fd_sc_mcu7t5v0__clkbuf_16)
                   0.123    0.234  100.237 ^ clkbuf_0_clk/Z (gf180mcu_fd_sc_mcu7t5v0__clkbuf_16)
     2    0.060                              clknet_0_clk (net)
                   0.123    0.001  100.238 ^ clkbuf_1_0__f_clk/I (gf180mcu_fd_sc_mcu7t5v0__clkbuf_16)
                   0.278    0.359  100.597 ^ clkbuf_1_0__f_clk/Z (gf180mcu_fd_sc_mcu7t5v0__clkbuf_16)
     7    0.231                              clknet_1_0__leaf_clk (net)
                   0.278    0.007  100.605 ^ clkbuf_leaf_11_clk/I (gf180mcu_fd_sc_mcu7t5v0__clkbuf_16)
                   0.140    0.301  100.905 ^ clkbuf_leaf_11_clk/Z (gf180mcu_fd_sc_mcu7t5v0__clkbuf_16)
    17    0.077                              clknet_leaf_11_clk (net)
                   0.140    0.001  100.907 ^ _09500_/CLK (gf180mcu_fd_sc_mcu7t5v0__dffq_1)
                            0.000  100.907   clock reconvergence pessimism
                           -0.361  100.546   library setup time
                                   100.546   data required time
---------------------------------------------------------------------------------
                                   100.546   data required time
                                   -25.051   data arrival time
---------------------------------------------------------------------------------
                                    75.495   slack (MET)


Startpoint: rst_n (input port clocked by clk)
Endpoint: _09484_ (rising edge-triggered flip-flop clocked by clk)
Path Group: clk
Path Type: max

Fanout      Cap     Slew    Delay     Time   Description
---------------------------------------------------------------------------------
                            0.000    0.000   clock clk (rise edge)
                            0.000    0.000   clock network delay (propagated)
                           20.000   20.000 ^ input external delay
                   2.506    1.432   21.432 ^ rst_n (in)
    10    0.154                              rst_n (net)
                   2.506    0.000   21.432 ^ repeater11/I (gf180mcu_fd_sc_mcu7t5v0__buf_12)
                   0.287    0.311   21.743 ^ repeater11/Z (gf180mcu_fd_sc_mcu7t5v0__buf_12)
     7    0.163                              net11 (net)
                   0.287    0.002   21.745 ^ repeater8/I (gf180mcu_fd_sc_mcu7t5v0__buf_12)
                   0.266    0.298   22.044 ^ repeater8/Z (gf180mcu_fd_sc_mcu7t5v0__buf_12)
    21    0.170                              net8 (net)
                   0.266    0.006   22.050 ^ repeater6/I (gf180mcu_fd_sc_mcu7t5v0__buf_8)
                   0.355    0.346   22.396 ^ repeater6/Z (gf180mcu_fd_sc_mcu7t5v0__buf_8)
    19    0.159                              net6 (net)
                   0.355    0.005   22.401 ^ _05214_/A1 (gf180mcu_fd_sc_mcu7t5v0__nand2_4)
                   0.326    0.259   22.660 v _05214_/ZN (gf180mcu_fd_sc_mcu7t5v0__nand2_4)
     4    0.070                              _01102_ (net)
                   0.326    0.001   22.661 v _05250_/A1 (gf180mcu_fd_sc_mcu7t5v0__nor3_4)
                   2.216    1.303   23.965 ^ _05250_/ZN (gf180mcu_fd_sc_mcu7t5v0__nor3_4)
     8    0.191                              _01130_ (net)
                   2.216    0.007   23.971 ^ _05320_/A1 (gf180mcu_fd_sc_mcu7t5v0__nand2_4)
                   0.678    0.341   24.313 v _05320_/ZN (gf180mcu_fd_sc_mcu7t5v0__nand2_4)
     9    0.063                              _01152_ (net)
                   0.678    0.001   24.313 v _05321_/A2 (gf180mcu_fd_sc_mcu7t5v0__nand2_2)
                   0.581    0.526   24.839 ^ _05321_/ZN (gf180mcu_fd_sc_mcu7t5v0__nand2_2)
     8    0.052                              _01153_ (net)
                   0.581    0.000   24.839 ^ _05324_/B1 (gf180mcu_fd_sc_mcu7t5v0__oai22_1)
                   0.522    0.199   25.039 v _05324_/ZN (gf180mcu_fd_sc_mcu7t5v0__oai22_1)
     1    0.005                              _00082_ (net)
                   0.522    0.000   25.039 v _09484_/D (gf180mcu_fd_sc_mcu7t5v0__dffq_1)
                                    25.039   data arrival time

                          100.000  100.000   clock clk (rise edge)
                            0.000  100.000   clock source latency
                   0.000    0.000  100.000 ^ clk (in)
     1    0.050                              clk (net)
                   0.007    0.003  100.003 ^ clkbuf_0_clk/I (gf180mcu_fd_sc_mcu7t5v0__clkbuf_16)
                   0.123    0.234  100.237 ^ clkbuf_0_clk/Z (gf180mcu_fd_sc_mcu7t5v0__clkbuf_16)
     2    0.060                              clknet_0_clk (net)
                   0.123    0.001  100.238 ^ clkbuf_1_0__f_clk/I (gf180mcu_fd_sc_mcu7t5v0__clkbuf_16)
                   0.278    0.359  100.597 ^ clkbuf_1_0__f_clk/Z (gf180mcu_fd_sc_mcu7t5v0__clkbuf_16)
     7    0.231                              clknet_1_0__leaf_clk (net)
                   0.278    0.007  100.605 ^ clkbuf_leaf_11_clk/I (gf180mcu_fd_sc_mcu7t5v0__clkbuf_16)
                   0.140    0.301  100.905 ^ clkbuf_leaf_11_clk/Z (gf180mcu_fd_sc_mcu7t5v0__clkbuf_16)
    17    0.077                              clknet_leaf_11_clk (net)
                   0.140    0.001  100.907 ^ _09484_/CLK (gf180mcu_fd_sc_mcu7t5v0__dffq_1)
                            0.000  100.907   clock reconvergence pessimism
                           -0.362  100.545   library setup time
                                   100.545   data required time
---------------------------------------------------------------------------------
                                   100.545   data required time
                                   -25.039   data arrival time
---------------------------------------------------------------------------------
                                    75.506   slack (MET)


Startpoint: rst_n (input port clocked by clk)
Endpoint: _09489_ (rising edge-triggered flip-flop clocked by clk)
Path Group: clk
Path Type: max

Fanout      Cap     Slew    Delay     Time   Description
---------------------------------------------------------------------------------
                            0.000    0.000   clock clk (rise edge)
                            0.000    0.000   clock network delay (propagated)
                           20.000   20.000 ^ input external delay
                   2.506    1.432   21.432 ^ rst_n (in)
    10    0.154                              rst_n (net)
                   2.506    0.000   21.432 ^ repeater11/I (gf180mcu_fd_sc_mcu7t5v0__buf_12)
                   0.287    0.311   21.743 ^ repeater11/Z (gf180mcu_fd_sc_mcu7t5v0__buf_12)
     7    0.163                              net11 (net)
                   0.287    0.002   21.745 ^ repeater8/I (gf180mcu_fd_sc_mcu7t5v0__buf_12)
                   0.266    0.298   22.044 ^ repeater8/Z (gf180mcu_fd_sc_mcu7t5v0__buf_12)
    21    0.170                              net8 (net)
                   0.266    0.006   22.050 ^ repeater6/I (gf180mcu_fd_sc_mcu7t5v0__buf_8)
                   0.355    0.346   22.396 ^ repeater6/Z (gf180mcu_fd_sc_mcu7t5v0__buf_8)
    19    0.159                              net6 (net)
                   0.355    0.005   22.401 ^ _05214_/A1 (gf180mcu_fd_sc_mcu7t5v0__nand2_4)
                   0.326    0.259   22.660 v _05214_/ZN (gf180mcu_fd_sc_mcu7t5v0__nand2_4)
     4    0.070                              _01102_ (net)
                   0.326    0.001   22.661 v _05250_/A1 (gf180mcu_fd_sc_mcu7t5v0__nor3_4)
                   2.216    1.303   23.965 ^ _05250_/ZN (gf180mcu_fd_sc_mcu7t5v0__nor3_4)
     8    0.191                              _01130_ (net)
                   2.216    0.007   23.971 ^ _05320_/A1 (gf180mcu_fd_sc_mcu7t5v0__nand2_4)
                   0.678    0.341   24.313 v _05320_/ZN (gf180mcu_fd_sc_mcu7t5v0__nand2_4)
     9    0.063                              _01152_ (net)
                   0.678    0.001   24.313 v _05321_/A2 (gf180mcu_fd_sc_mcu7t5v0__nand2_2)
                   0.581    0.526   24.839 ^ _05321_/ZN (gf180mcu_fd_sc_mcu7t5v0__nand2_2)
     8    0.052                              _01153_ (net)
                   0.581    0.000   24.840 ^ _05329_/B1 (gf180mcu_fd_sc_mcu7t5v0__oai22_1)
                   0.523    0.196   25.036 v _05329_/ZN (gf180mcu_fd_sc_mcu7t5v0__oai22_1)
     1    0.004                              _00087_ (net)
                   0.523    0.000   25.036 v _09489_/D (gf180mcu_fd_sc_mcu7t5v0__dffq_1)
                                    25.036   data arrival time

                          100.000  100.000   clock clk (rise edge)
                            0.000  100.000   clock source latency
                   0.000    0.000  100.000 ^ clk (in)
     1    0.050                              clk (net)
                   0.007    0.003  100.003 ^ clkbuf_0_clk/I (gf180mcu_fd_sc_mcu7t5v0__clkbuf_16)
                   0.123    0.234  100.237 ^ clkbuf_0_clk/Z (gf180mcu_fd_sc_mcu7t5v0__clkbuf_16)
     2    0.060                              clknet_0_clk (net)
                   0.123    0.001  100.238 ^ clkbuf_1_0__f_clk/I (gf180mcu_fd_sc_mcu7t5v0__clkbuf_16)
                   0.278    0.359  100.597 ^ clkbuf_1_0__f_clk/Z (gf180mcu_fd_sc_mcu7t5v0__clkbuf_16)
     7    0.231                              clknet_1_0__leaf_clk (net)
                   0.278    0.007  100.605 ^ clkbuf_leaf_11_clk/I (gf180mcu_fd_sc_mcu7t5v0__clkbuf_16)
                   0.140    0.301  100.905 ^ clkbuf_leaf_11_clk/Z (gf180mcu_fd_sc_mcu7t5v0__clkbuf_16)
    17    0.077                              clknet_leaf_11_clk (net)
                   0.140    0.000  100.906 ^ _09489_/CLK (gf180mcu_fd_sc_mcu7t5v0__dffq_1)
                            0.000  100.906   clock reconvergence pessimism
                           -0.362  100.543   library setup time
                                   100.543   data required time
---------------------------------------------------------------------------------
                                   100.543   data required time
                                   -25.036   data arrival time
---------------------------------------------------------------------------------
                                    75.507   slack (MET)


Startpoint: rst_n (input port clocked by clk)
Endpoint: _09499_ (rising edge-triggered flip-flop clocked by clk)
Path Group: clk
Path Type: max

Fanout      Cap     Slew    Delay     Time   Description
---------------------------------------------------------------------------------
                            0.000    0.000   clock clk (rise edge)
                            0.000    0.000   clock network delay (propagated)
                           20.000   20.000 ^ input external delay
                   2.506    1.432   21.432 ^ rst_n (in)
    10    0.154                              rst_n (net)
                   2.506    0.000   21.432 ^ repeater11/I (gf180mcu_fd_sc_mcu7t5v0__buf_12)
                   0.287    0.311   21.743 ^ repeater11/Z (gf180mcu_fd_sc_mcu7t5v0__buf_12)
     7    0.163                              net11 (net)
                   0.287    0.002   21.745 ^ repeater8/I (gf180mcu_fd_sc_mcu7t5v0__buf_12)
                   0.266    0.298   22.044 ^ repeater8/Z (gf180mcu_fd_sc_mcu7t5v0__buf_12)
    21    0.170                              net8 (net)
                   0.266    0.006   22.050 ^ repeater6/I (gf180mcu_fd_sc_mcu7t5v0__buf_8)
                   0.355    0.346   22.396 ^ repeater6/Z (gf180mcu_fd_sc_mcu7t5v0__buf_8)
    19    0.159                              net6 (net)
                   0.355    0.005   22.401 ^ _05214_/A1 (gf180mcu_fd_sc_mcu7t5v0__nand2_4)
                   0.326    0.259   22.660 v _05214_/ZN (gf180mcu_fd_sc_mcu7t5v0__nand2_4)
     4    0.070                              _01102_ (net)
                   0.326    0.001   22.661 v _05264_/A1 (gf180mcu_fd_sc_mcu7t5v0__nor3_4)
                   2.251    1.323   23.985 ^ _05264_/ZN (gf180mcu_fd_sc_mcu7t5v0__nor3_4)
     8    0.194                              _01136_ (net)
                   2.252    0.009   23.994 ^ _05340_/A1 (gf180mcu_fd_sc_mcu7t5v0__nand2_4)
                   0.681    0.338   24.331 v _05340_/ZN (gf180mcu_fd_sc_mcu7t5v0__nand2_4)
     9    0.062                              _01156_ (net)
                   0.681    0.002   24.333 v _05341_/A2 (gf180mcu_fd_sc_mcu7t5v0__nand2_2)
                   0.571    0.519   24.853 ^ _05341_/ZN (gf180mcu_fd_sc_mcu7t5v0__nand2_2)
     8    0.051                              _01157_ (net)
                   0.571    0.000   24.853 ^ _05343_/B1 (gf180mcu_fd_sc_mcu7t5v0__oai22_1)
                   0.508    0.188   25.041 v _05343_/ZN (gf180mcu_fd_sc_mcu7t5v0__oai22_1)
     1    0.004                              _00097_ (net)
                   0.508    0.000   25.041 v _09499_/D (gf180mcu_fd_sc_mcu7t5v0__dffq_1)
                                    25.041   data arrival time

                          100.000  100.000   clock clk (rise edge)
                            0.000  100.000   clock source latency
                   0.000    0.000  100.000 ^ clk (in)
     1    0.050                              clk (net)
                   0.007    0.003  100.003 ^ clkbuf_0_clk/I (gf180mcu_fd_sc_mcu7t5v0__clkbuf_16)
                   0.123    0.234  100.237 ^ clkbuf_0_clk/Z (gf180mcu_fd_sc_mcu7t5v0__clkbuf_16)
     2    0.060                              clknet_0_clk (net)
                   0.123    0.001  100.238 ^ clkbuf_1_0__f_clk/I (gf180mcu_fd_sc_mcu7t5v0__clkbuf_16)
                   0.278    0.359  100.597 ^ clkbuf_1_0__f_clk/Z (gf180mcu_fd_sc_mcu7t5v0__clkbuf_16)
     7    0.231                              clknet_1_0__leaf_clk (net)
                   0.278    0.007  100.605 ^ clkbuf_leaf_11_clk/I (gf180mcu_fd_sc_mcu7t5v0__clkbuf_16)
                   0.140    0.301  100.905 ^ clkbuf_leaf_11_clk/Z (gf180mcu_fd_sc_mcu7t5v0__clkbuf_16)
    17    0.077                              clknet_leaf_11_clk (net)
                   0.140    0.001  100.906 ^ _09499_/CLK (gf180mcu_fd_sc_mcu7t5v0__dffq_1)
                            0.000  100.906   clock reconvergence pessimism
                           -0.357  100.550   library setup time
                                   100.550   data required time
---------------------------------------------------------------------------------
                                   100.550   data required time
                                   -25.041   data arrival time
---------------------------------------------------------------------------------
                                    75.509   slack (MET)


Startpoint: rst_n (input port clocked by clk)
Endpoint: _09487_ (rising edge-triggered flip-flop clocked by clk)
Path Group: clk
Path Type: max

Fanout      Cap     Slew    Delay     Time   Description
---------------------------------------------------------------------------------
                            0.000    0.000   clock clk (rise edge)
                            0.000    0.000   clock network delay (propagated)
                           20.000   20.000 ^ input external delay
                   2.506    1.432   21.432 ^ rst_n (in)
    10    0.154                              rst_n (net)
                   2.506    0.000   21.432 ^ repeater11/I (gf180mcu_fd_sc_mcu7t5v0__buf_12)
                   0.287    0.311   21.743 ^ repeater11/Z (gf180mcu_fd_sc_mcu7t5v0__buf_12)
     7    0.163                              net11 (net)
                   0.287    0.002   21.745 ^ repeater8/I (gf180mcu_fd_sc_mcu7t5v0__buf_12)
                   0.266    0.298   22.044 ^ repeater8/Z (gf180mcu_fd_sc_mcu7t5v0__buf_12)
    21    0.170                              net8 (net)
                   0.266    0.006   22.050 ^ repeater6/I (gf180mcu_fd_sc_mcu7t5v0__buf_8)
                   0.355    0.346   22.396 ^ repeater6/Z (gf180mcu_fd_sc_mcu7t5v0__buf_8)
    19    0.159                              net6 (net)
                   0.355    0.005   22.401 ^ _05214_/A1 (gf180mcu_fd_sc_mcu7t5v0__nand2_4)
                   0.326    0.259   22.660 v _05214_/ZN (gf180mcu_fd_sc_mcu7t5v0__nand2_4)
     4    0.070                              _01102_ (net)
                   0.326    0.001   22.661 v _05250_/A1 (gf180mcu_fd_sc_mcu7t5v0__nor3_4)
                   2.216    1.303   23.965 ^ _05250_/ZN (gf180mcu_fd_sc_mcu7t5v0__nor3_4)
     8    0.191                              _01130_ (net)
                   2.216    0.007   23.971 ^ _05320_/A1 (gf180mcu_fd_sc_mcu7t5v0__nand2_4)
                   0.678    0.341   24.313 v _05320_/ZN (gf180mcu_fd_sc_mcu7t5v0__nand2_4)
     9    0.063                              _01152_ (net)
                   0.678    0.001   24.313 v _05321_/A2 (gf180mcu_fd_sc_mcu7t5v0__nand2_2)
                   0.581    0.526   24.839 ^ _05321_/ZN (gf180mcu_fd_sc_mcu7t5v0__nand2_2)
     8    0.052                              _01153_ (net)
                   0.581    0.000   24.840 ^ _05327_/B1 (gf180mcu_fd_sc_mcu7t5v0__oai22_1)
                   0.517    0.196   25.036 v _05327_/ZN (gf180mcu_fd_sc_mcu7t5v0__oai22_1)
     1    0.004                              _00085_ (net)
                   0.517    0.000   25.036 v _09487_/D (gf180mcu_fd_sc_mcu7t5v0__dffq_1)
                                    25.036   data arrival time

                          100.000  100.000   clock clk (rise edge)
                            0.000  100.000   clock source latency
                   0.000    0.000  100.000 ^ clk (in)
     1    0.050                              clk (net)
                   0.007    0.003  100.003 ^ clkbuf_0_clk/I (gf180mcu_fd_sc_mcu7t5v0__clkbuf_16)
                   0.123    0.234  100.237 ^ clkbuf_0_clk/Z (gf180mcu_fd_sc_mcu7t5v0__clkbuf_16)
     2    0.060                              clknet_0_clk (net)
                   0.123    0.001  100.238 ^ clkbuf_1_0__f_clk/I (gf180mcu_fd_sc_mcu7t5v0__clkbuf_16)
                   0.278    0.359  100.597 ^ clkbuf_1_0__f_clk/Z (gf180mcu_fd_sc_mcu7t5v0__clkbuf_16)
     7    0.231                              clknet_1_0__leaf_clk (net)
                   0.278    0.007  100.605 ^ clkbuf_leaf_11_clk/I (gf180mcu_fd_sc_mcu7t5v0__clkbuf_16)
                   0.140    0.301  100.905 ^ clkbuf_leaf_11_clk/Z (gf180mcu_fd_sc_mcu7t5v0__clkbuf_16)
    17    0.077                              clknet_leaf_11_clk (net)
                   0.140    0.000  100.906 ^ _09487_/CLK (gf180mcu_fd_sc_mcu7t5v0__dffq_1)
                            0.000  100.906   clock reconvergence pessimism
                           -0.360  100.546   library setup time
                                   100.546   data required time
---------------------------------------------------------------------------------
                                   100.546   data required time
                                   -25.036   data arrival time
---------------------------------------------------------------------------------
                                    75.510   slack (MET)


Startpoint: rst_n (input port clocked by clk)
Endpoint: _09486_ (rising edge-triggered flip-flop clocked by clk)
Path Group: clk
Path Type: max

Fanout      Cap     Slew    Delay     Time   Description
---------------------------------------------------------------------------------
                            0.000    0.000   clock clk (rise edge)
                            0.000    0.000   clock network delay (propagated)
                           20.000   20.000 ^ input external delay
                   2.506    1.432   21.432 ^ rst_n (in)
    10    0.154                              rst_n (net)
                   2.506    0.000   21.432 ^ repeater11/I (gf180mcu_fd_sc_mcu7t5v0__buf_12)
                   0.287    0.311   21.743 ^ repeater11/Z (gf180mcu_fd_sc_mcu7t5v0__buf_12)
     7    0.163                              net11 (net)
                   0.287    0.002   21.745 ^ repeater8/I (gf180mcu_fd_sc_mcu7t5v0__buf_12)
                   0.266    0.298   22.044 ^ repeater8/Z (gf180mcu_fd_sc_mcu7t5v0__buf_12)
    21    0.170                              net8 (net)
                   0.266    0.006   22.050 ^ repeater6/I (gf180mcu_fd_sc_mcu7t5v0__buf_8)
                   0.355    0.346   22.396 ^ repeater6/Z (gf180mcu_fd_sc_mcu7t5v0__buf_8)
    19    0.159                              net6 (net)
                   0.355    0.005   22.401 ^ _05214_/A1 (gf180mcu_fd_sc_mcu7t5v0__nand2_4)
                   0.326    0.259   22.660 v _05214_/ZN (gf180mcu_fd_sc_mcu7t5v0__nand2_4)
     4    0.070                              _01102_ (net)
                   0.326    0.001   22.661 v _05250_/A1 (gf180mcu_fd_sc_mcu7t5v0__nor3_4)
                   2.216    1.303   23.965 ^ _05250_/ZN (gf180mcu_fd_sc_mcu7t5v0__nor3_4)
     8    0.191                              _01130_ (net)
                   2.216    0.007   23.971 ^ _05320_/A1 (gf180mcu_fd_sc_mcu7t5v0__nand2_4)
                   0.678    0.341   24.313 v _05320_/ZN (gf180mcu_fd_sc_mcu7t5v0__nand2_4)
     9    0.063                              _01152_ (net)
                   0.678    0.001   24.313 v _05321_/A2 (gf180mcu_fd_sc_mcu7t5v0__nand2_2)
                   0.581    0.526   24.839 ^ _05321_/ZN (gf180mcu_fd_sc_mcu7t5v0__nand2_2)
     8    0.052                              _01153_ (net)
                   0.581    0.000   24.840 ^ _05326_/B1 (gf180mcu_fd_sc_mcu7t5v0__oai22_1)
                   0.509    0.197   25.036 v _05326_/ZN (gf180mcu_fd_sc_mcu7t5v0__oai22_1)
     1    0.005                              _00084_ (net)
                   0.509    0.000   25.036 v _09486_/D (gf180mcu_fd_sc_mcu7t5v0__dffq_1)
                                    25.036   data arrival time

                          100.000  100.000   clock clk (rise edge)
                            0.000  100.000   clock source latency
                   0.000    0.000  100.000 ^ clk (in)
     1    0.050                              clk (net)
                   0.007    0.003  100.003 ^ clkbuf_0_clk/I (gf180mcu_fd_sc_mcu7t5v0__clkbuf_16)
                   0.123    0.234  100.237 ^ clkbuf_0_clk/Z (gf180mcu_fd_sc_mcu7t5v0__clkbuf_16)
     2    0.060                              clknet_0_clk (net)
                   0.123    0.001  100.238 ^ clkbuf_1_0__f_clk/I (gf180mcu_fd_sc_mcu7t5v0__clkbuf_16)
                   0.278    0.359  100.597 ^ clkbuf_1_0__f_clk/Z (gf180mcu_fd_sc_mcu7t5v0__clkbuf_16)
     7    0.231                              clknet_1_0__leaf_clk (net)
                   0.278    0.007  100.605 ^ clkbuf_leaf_11_clk/I (gf180mcu_fd_sc_mcu7t5v0__clkbuf_16)
                   0.140    0.301  100.905 ^ clkbuf_leaf_11_clk/Z (gf180mcu_fd_sc_mcu7t5v0__clkbuf_16)
    17    0.077                              clknet_leaf_11_clk (net)
                   0.140    0.001  100.907 ^ _09486_/CLK (gf180mcu_fd_sc_mcu7t5v0__dffq_1)
                            0.000  100.907   clock reconvergence pessimism
                           -0.357  100.550   library setup time
                                   100.550   data required time
---------------------------------------------------------------------------------
                                   100.550   data required time
                                   -25.036   data arrival time
---------------------------------------------------------------------------------
                                    75.513   slack (MET)


Startpoint: rst_n (input port clocked by clk)
Endpoint: _09498_ (rising edge-triggered flip-flop clocked by clk)
Path Group: clk
Path Type: max

Fanout      Cap     Slew    Delay     Time   Description
---------------------------------------------------------------------------------
                            0.000    0.000   clock clk (rise edge)
                            0.000    0.000   clock network delay (propagated)
                           20.000   20.000 ^ input external delay
                   2.506    1.432   21.432 ^ rst_n (in)
    10    0.154                              rst_n (net)
                   2.506    0.000   21.432 ^ repeater11/I (gf180mcu_fd_sc_mcu7t5v0__buf_12)
                   0.287    0.311   21.743 ^ repeater11/Z (gf180mcu_fd_sc_mcu7t5v0__buf_12)
     7    0.163                              net11 (net)
                   0.287    0.002   21.745 ^ repeater8/I (gf180mcu_fd_sc_mcu7t5v0__buf_12)
                   0.266    0.298   22.044 ^ repeater8/Z (gf180mcu_fd_sc_mcu7t5v0__buf_12)
    21    0.170                              net8 (net)
                   0.266    0.006   22.050 ^ repeater6/I (gf180mcu_fd_sc_mcu7t5v0__buf_8)
                   0.355    0.346   22.396 ^ repeater6/Z (gf180mcu_fd_sc_mcu7t5v0__buf_8)
    19    0.159                              net6 (net)
                   0.355    0.005   22.401 ^ _05214_/A1 (gf180mcu_fd_sc_mcu7t5v0__nand2_4)
                   0.326    0.259   22.660 v _05214_/ZN (gf180mcu_fd_sc_mcu7t5v0__nand2_4)
     4    0.070                              _01102_ (net)
                   0.326    0.001   22.661 v _05264_/A1 (gf180mcu_fd_sc_mcu7t5v0__nor3_4)
                   2.251    1.323   23.985 ^ _05264_/ZN (gf180mcu_fd_sc_mcu7t5v0__nor3_4)
     8    0.194                              _01136_ (net)
                   2.252    0.009   23.994 ^ _05340_/A1 (gf180mcu_fd_sc_mcu7t5v0__nand2_4)
                   0.681    0.338   24.331 v _05340_/ZN (gf180mcu_fd_sc_mcu7t5v0__nand2_4)
     9    0.062                              _01156_ (net)
                   0.681    0.002   24.333 v _05341_/A2 (gf180mcu_fd_sc_mcu7t5v0__nand2_2)
                   0.571    0.519   24.853 ^ _05341_/ZN (gf180mcu_fd_sc_mcu7t5v0__nand2_2)
     8    0.051                              _01157_ (net)
                   0.571    0.000   24.853 ^ _05342_/B1 (gf180mcu_fd_sc_mcu7t5v0__oai22_1)
                   0.494    0.189   25.042 v _05342_/ZN (gf180mcu_fd_sc_mcu7t5v0__oai22_1)
     1    0.004                              _00096_ (net)
                   0.494    0.000   25.042 v _09498_/D (gf180mcu_fd_sc_mcu7t5v0__dffq_1)
                                    25.042   data arrival time

                          100.000  100.000   clock clk (rise edge)
                            0.000  100.000   clock source latency
                   0.000    0.000  100.000 ^ clk (in)
     1    0.050                              clk (net)
                   0.007    0.003  100.003 ^ clkbuf_0_clk/I (gf180mcu_fd_sc_mcu7t5v0__clkbuf_16)
                   0.123    0.234  100.237 ^ clkbuf_0_clk/Z (gf180mcu_fd_sc_mcu7t5v0__clkbuf_16)
     2    0.060                              clknet_0_clk (net)
                   0.123    0.001  100.238 ^ clkbuf_1_0__f_clk/I (gf180mcu_fd_sc_mcu7t5v0__clkbuf_16)
                   0.278    0.359  100.597 ^ clkbuf_1_0__f_clk/Z (gf180mcu_fd_sc_mcu7t5v0__clkbuf_16)
     7    0.231                              clknet_1_0__leaf_clk (net)
                   0.278    0.007  100.605 ^ clkbuf_leaf_11_clk/I (gf180mcu_fd_sc_mcu7t5v0__clkbuf_16)
                   0.140    0.301  100.905 ^ clkbuf_leaf_11_clk/Z (gf180mcu_fd_sc_mcu7t5v0__clkbuf_16)
    17    0.077                              clknet_leaf_11_clk (net)
                   0.140    0.001  100.906 ^ _09498_/CLK (gf180mcu_fd_sc_mcu7t5v0__dffq_1)
                            0.000  100.906   clock reconvergence pessimism
                           -0.351  100.555   library setup time
                                   100.555   data required time
---------------------------------------------------------------------------------
                                   100.555   data required time
                                   -25.042   data arrival time
---------------------------------------------------------------------------------
                                    75.513   slack (MET)


Startpoint: rst_n (input port clocked by clk)
Endpoint: _09482_ (rising edge-triggered flip-flop clocked by clk)
Path Group: clk
Path Type: max

Fanout      Cap     Slew    Delay     Time   Description
---------------------------------------------------------------------------------
                            0.000    0.000   clock clk (rise edge)
                            0.000    0.000   clock network delay (propagated)
                           20.000   20.000 ^ input external delay
                   2.506    1.432   21.432 ^ rst_n (in)
    10    0.154                              rst_n (net)
                   2.506    0.000   21.432 ^ repeater11/I (gf180mcu_fd_sc_mcu7t5v0__buf_12)
                   0.287    0.311   21.743 ^ repeater11/Z (gf180mcu_fd_sc_mcu7t5v0__buf_12)
     7    0.163                              net11 (net)
                   0.287    0.002   21.745 ^ repeater8/I (gf180mcu_fd_sc_mcu7t5v0__buf_12)
                   0.266    0.298   22.044 ^ repeater8/Z (gf180mcu_fd_sc_mcu7t5v0__buf_12)
    21    0.170                              net8 (net)
                   0.266    0.006   22.050 ^ repeater6/I (gf180mcu_fd_sc_mcu7t5v0__buf_8)
                   0.355    0.346   22.396 ^ repeater6/Z (gf180mcu_fd_sc_mcu7t5v0__buf_8)
    19    0.159                              net6 (net)
                   0.355    0.005   22.401 ^ _05214_/A1 (gf180mcu_fd_sc_mcu7t5v0__nand2_4)
                   0.326    0.259   22.660 v _05214_/ZN (gf180mcu_fd_sc_mcu7t5v0__nand2_4)
     4    0.070                              _01102_ (net)
                   0.326    0.001   22.661 v _05250_/A1 (gf180mcu_fd_sc_mcu7t5v0__nor3_4)
                   2.216    1.303   23.965 ^ _05250_/ZN (gf180mcu_fd_sc_mcu7t5v0__nor3_4)
     8    0.191                              _01130_ (net)
                   2.216    0.007   23.971 ^ _05320_/A1 (gf180mcu_fd_sc_mcu7t5v0__nand2_4)
                   0.678    0.341   24.313 v _05320_/ZN (gf180mcu_fd_sc_mcu7t5v0__nand2_4)
     9    0.063                              _01152_ (net)
                   0.678    0.001   24.313 v _05321_/A2 (gf180mcu_fd_sc_mcu7t5v0__nand2_2)
                   0.581    0.526   24.839 ^ _05321_/ZN (gf180mcu_fd_sc_mcu7t5v0__nand2_2)
     8    0.052                              _01153_ (net)
                   0.581    0.000   24.840 ^ _05322_/B1 (gf180mcu_fd_sc_mcu7t5v0__oai22_1)
                   0.505    0.196   25.035 v _05322_/ZN (gf180mcu_fd_sc_mcu7t5v0__oai22_1)
     1    0.004                              _00080_ (net)
                   0.505    0.000   25.035 v _09482_/D (gf180mcu_fd_sc_mcu7t5v0__dffq_1)
                                    25.035   data arrival time

                          100.000  100.000   clock clk (rise edge)
                            0.000  100.000   clock source latency
                   0.000    0.000  100.000 ^ clk (in)
     1    0.050                              clk (net)
                   0.007    0.003  100.003 ^ clkbuf_0_clk/I (gf180mcu_fd_sc_mcu7t5v0__clkbuf_16)
                   0.123    0.234  100.237 ^ clkbuf_0_clk/Z (gf180mcu_fd_sc_mcu7t5v0__clkbuf_16)
     2    0.060                              clknet_0_clk (net)
                   0.123    0.001  100.238 ^ clkbuf_1_0__f_clk/I (gf180mcu_fd_sc_mcu7t5v0__clkbuf_16)
                   0.278    0.359  100.597 ^ clkbuf_1_0__f_clk/Z (gf180mcu_fd_sc_mcu7t5v0__clkbuf_16)
     7    0.231                              clknet_1_0__leaf_clk (net)
                   0.278    0.007  100.605 ^ clkbuf_leaf_11_clk/I (gf180mcu_fd_sc_mcu7t5v0__clkbuf_16)
                   0.140    0.301  100.905 ^ clkbuf_leaf_11_clk/Z (gf180mcu_fd_sc_mcu7t5v0__clkbuf_16)
    17    0.077                              clknet_leaf_11_clk (net)
                   0.140    0.001  100.906 ^ _09482_/CLK (gf180mcu_fd_sc_mcu7t5v0__dffq_1)
                            0.000  100.906   clock reconvergence pessimism
                           -0.355  100.551   library setup time
                                   100.551   data required time
---------------------------------------------------------------------------------
                                   100.551   data required time
                                   -25.035   data arrival time
---------------------------------------------------------------------------------
                                    75.516   slack (MET)


Startpoint: rst_n (input port clocked by clk)
Endpoint: _09503_ (rising edge-triggered flip-flop clocked by clk)
Path Group: clk
Path Type: max

Fanout      Cap     Slew    Delay     Time   Description
---------------------------------------------------------------------------------
                            0.000    0.000   clock clk (rise edge)
                            0.000    0.000   clock network delay (propagated)
                           20.000   20.000 ^ input external delay
                   2.506    1.432   21.432 ^ rst_n (in)
    10    0.154                              rst_n (net)
                   2.506    0.000   21.432 ^ repeater11/I (gf180mcu_fd_sc_mcu7t5v0__buf_12)
                   0.287    0.311   21.743 ^ repeater11/Z (gf180mcu_fd_sc_mcu7t5v0__buf_12)
     7    0.163                              net11 (net)
                   0.287    0.002   21.745 ^ repeater8/I (gf180mcu_fd_sc_mcu7t5v0__buf_12)
                   0.266    0.298   22.044 ^ repeater8/Z (gf180mcu_fd_sc_mcu7t5v0__buf_12)
    21    0.170                              net8 (net)
                   0.266    0.006   22.050 ^ repeater6/I (gf180mcu_fd_sc_mcu7t5v0__buf_8)
                   0.355    0.346   22.396 ^ repeater6/Z (gf180mcu_fd_sc_mcu7t5v0__buf_8)
    19    0.159                              net6 (net)
                   0.355    0.005   22.401 ^ _05214_/A1 (gf180mcu_fd_sc_mcu7t5v0__nand2_4)
                   0.326    0.259   22.660 v _05214_/ZN (gf180mcu_fd_sc_mcu7t5v0__nand2_4)
     4    0.070                              _01102_ (net)
                   0.326    0.001   22.661 v _05264_/A1 (gf180mcu_fd_sc_mcu7t5v0__nor3_4)
                   2.251    1.323   23.985 ^ _05264_/ZN (gf180mcu_fd_sc_mcu7t5v0__nor3_4)
     8    0.194                              _01136_ (net)
                   2.252    0.009   23.994 ^ _05340_/A1 (gf180mcu_fd_sc_mcu7t5v0__nand2_4)
                   0.681    0.338   24.331 v _05340_/ZN (gf180mcu_fd_sc_mcu7t5v0__nand2_4)
     9    0.062                              _01156_ (net)
                   0.681    0.002   24.333 v _05341_/A2 (gf180mcu_fd_sc_mcu7t5v0__nand2_2)
                   0.571    0.519   24.853 ^ _05341_/ZN (gf180mcu_fd_sc_mcu7t5v0__nand2_2)
     8    0.051                              _01157_ (net)
                   0.571    0.000   24.853 ^ _05347_/B1 (gf180mcu_fd_sc_mcu7t5v0__oai22_1)
                   0.493    0.183   25.036 v _05347_/ZN (gf180mcu_fd_sc_mcu7t5v0__oai22_1)
     1    0.003                              _00101_ (net)
                   0.493    0.000   25.036 v _09503_/D (gf180mcu_fd_sc_mcu7t5v0__dffq_1)
                                    25.036   data arrival time

                          100.000  100.000   clock clk (rise edge)
                            0.000  100.000   clock source latency
                   0.000    0.000  100.000 ^ clk (in)
     1    0.050                              clk (net)
                   0.007    0.003  100.003 ^ clkbuf_0_clk/I (gf180mcu_fd_sc_mcu7t5v0__clkbuf_16)
                   0.123    0.234  100.237 ^ clkbuf_0_clk/Z (gf180mcu_fd_sc_mcu7t5v0__clkbuf_16)
     2    0.060                              clknet_0_clk (net)
                   0.123    0.001  100.238 ^ clkbuf_1_0__f_clk/I (gf180mcu_fd_sc_mcu7t5v0__clkbuf_16)
                   0.278    0.359  100.597 ^ clkbuf_1_0__f_clk/Z (gf180mcu_fd_sc_mcu7t5v0__clkbuf_16)
     7    0.231                              clknet_1_0__leaf_clk (net)
                   0.278    0.007  100.605 ^ clkbuf_leaf_11_clk/I (gf180mcu_fd_sc_mcu7t5v0__clkbuf_16)
                   0.140    0.301  100.905 ^ clkbuf_leaf_11_clk/Z (gf180mcu_fd_sc_mcu7t5v0__clkbuf_16)
    17    0.077                              clknet_leaf_11_clk (net)
                   0.140    0.000  100.906 ^ _09503_/CLK (gf180mcu_fd_sc_mcu7t5v0__dffq_1)
                            0.000  100.906   clock reconvergence pessimism
                           -0.351  100.555   library setup time
                                   100.555   data required time
---------------------------------------------------------------------------------
                                   100.555   data required time
                                   -25.036   data arrival time
---------------------------------------------------------------------------------
                                    75.518   slack (MET)


Startpoint: rst_n (input port clocked by clk)
Endpoint: _09483_ (rising edge-triggered flip-flop clocked by clk)
Path Group: clk
Path Type: max

Fanout      Cap     Slew    Delay     Time   Description
---------------------------------------------------------------------------------
                            0.000    0.000   clock clk (rise edge)
                            0.000    0.000   clock network delay (propagated)
                           20.000   20.000 ^ input external delay
                   2.506    1.432   21.432 ^ rst_n (in)
    10    0.154                              rst_n (net)
                   2.506    0.000   21.432 ^ repeater11/I (gf180mcu_fd_sc_mcu7t5v0__buf_12)
                   0.287    0.311   21.743 ^ repeater11/Z (gf180mcu_fd_sc_mcu7t5v0__buf_12)
     7    0.163                              net11 (net)
                   0.287    0.002   21.745 ^ repeater8/I (gf180mcu_fd_sc_mcu7t5v0__buf_12)
                   0.266    0.298   22.044 ^ repeater8/Z (gf180mcu_fd_sc_mcu7t5v0__buf_12)
    21    0.170                              net8 (net)
                   0.266    0.006   22.050 ^ repeater6/I (gf180mcu_fd_sc_mcu7t5v0__buf_8)
                   0.355    0.346   22.396 ^ repeater6/Z (gf180mcu_fd_sc_mcu7t5v0__buf_8)
    19    0.159                              net6 (net)
                   0.355    0.005   22.401 ^ _05214_/A1 (gf180mcu_fd_sc_mcu7t5v0__nand2_4)
                   0.326    0.259   22.660 v _05214_/ZN (gf180mcu_fd_sc_mcu7t5v0__nand2_4)
     4    0.070                              _01102_ (net)
                   0.326    0.001   22.661 v _05250_/A1 (gf180mcu_fd_sc_mcu7t5v0__nor3_4)
                   2.216    1.303   23.965 ^ _05250_/ZN (gf180mcu_fd_sc_mcu7t5v0__nor3_4)
     8    0.191                              _01130_ (net)
                   2.216    0.007   23.971 ^ _05320_/A1 (gf180mcu_fd_sc_mcu7t5v0__nand2_4)
                   0.678    0.341   24.313 v _05320_/ZN (gf180mcu_fd_sc_mcu7t5v0__nand2_4)
     9    0.063                              _01152_ (net)
                   0.678    0.001   24.313 v _05321_/A2 (gf180mcu_fd_sc_mcu7t5v0__nand2_2)
                   0.581    0.526   24.839 ^ _05321_/ZN (gf180mcu_fd_sc_mcu7t5v0__nand2_2)
     8    0.052                              _01153_ (net)
                   0.581    0.000   24.839 ^ _05323_/B1 (gf180mcu_fd_sc_mcu7t5v0__oai22_1)
                   0.511    0.190   25.029 v _05323_/ZN (gf180mcu_fd_sc_mcu7t5v0__oai22_1)
     1    0.004                              _00081_ (net)
                   0.511    0.000   25.029 v _09483_/D (gf180mcu_fd_sc_mcu7t5v0__dffq_1)
                                    25.029   data arrival time

                          100.000  100.000   clock clk (rise edge)
                            0.000  100.000   clock source latency
                   0.000    0.000  100.000 ^ clk (in)
     1    0.050                              clk (net)
                   0.007    0.003  100.003 ^ clkbuf_0_clk/I (gf180mcu_fd_sc_mcu7t5v0__clkbuf_16)
                   0.123    0.234  100.237 ^ clkbuf_0_clk/Z (gf180mcu_fd_sc_mcu7t5v0__clkbuf_16)
     2    0.060                              clknet_0_clk (net)
                   0.123    0.001  100.238 ^ clkbuf_1_0__f_clk/I (gf180mcu_fd_sc_mcu7t5v0__clkbuf_16)
                   0.278    0.359  100.597 ^ clkbuf_1_0__f_clk/Z (gf180mcu_fd_sc_mcu7t5v0__clkbuf_16)
     7    0.231                              clknet_1_0__leaf_clk (net)
                   0.278    0.007  100.605 ^ clkbuf_leaf_11_clk/I (gf180mcu_fd_sc_mcu7t5v0__clkbuf_16)
                   0.140    0.301  100.905 ^ clkbuf_leaf_11_clk/Z (gf180mcu_fd_sc_mcu7t5v0__clkbuf_16)
    17    0.077                              clknet_leaf_11_clk (net)
                   0.140    0.001  100.906 ^ _09483_/CLK (gf180mcu_fd_sc_mcu7t5v0__dffq_1)
                            0.000  100.906   clock reconvergence pessimism
                           -0.358  100.549   library setup time
                                   100.549   data required time
---------------------------------------------------------------------------------
                                   100.549   data required time
                                   -25.029   data arrival time
---------------------------------------------------------------------------------
                                    75.519   slack (MET)


Startpoint: rst_n (input port clocked by clk)
Endpoint: _09501_ (rising edge-triggered flip-flop clocked by clk)
Path Group: clk
Path Type: max

Fanout      Cap     Slew    Delay     Time   Description
---------------------------------------------------------------------------------
                            0.000    0.000   clock clk (rise edge)
                            0.000    0.000   clock network delay (propagated)
                           20.000   20.000 ^ input external delay
                   2.506    1.432   21.432 ^ rst_n (in)
    10    0.154                              rst_n (net)
                   2.506    0.000   21.432 ^ repeater11/I (gf180mcu_fd_sc_mcu7t5v0__buf_12)
                   0.287    0.311   21.743 ^ repeater11/Z (gf180mcu_fd_sc_mcu7t5v0__buf_12)
     7    0.163                              net11 (net)
                   0.287    0.002   21.745 ^ repeater8/I (gf180mcu_fd_sc_mcu7t5v0__buf_12)
                   0.266    0.298   22.044 ^ repeater8/Z (gf180mcu_fd_sc_mcu7t5v0__buf_12)
    21    0.170                              net8 (net)
                   0.266    0.006   22.050 ^ repeater6/I (gf180mcu_fd_sc_mcu7t5v0__buf_8)
                   0.355    0.346   22.396 ^ repeater6/Z (gf180mcu_fd_sc_mcu7t5v0__buf_8)
    19    0.159                              net6 (net)
                   0.355    0.005   22.401 ^ _05214_/A1 (gf180mcu_fd_sc_mcu7t5v0__nand2_4)
                   0.326    0.259   22.660 v _05214_/ZN (gf180mcu_fd_sc_mcu7t5v0__nand2_4)
     4    0.070                              _01102_ (net)
                   0.326    0.001   22.661 v _05264_/A1 (gf180mcu_fd_sc_mcu7t5v0__nor3_4)
                   2.251    1.323   23.985 ^ _05264_/ZN (gf180mcu_fd_sc_mcu7t5v0__nor3_4)
     8    0.194                              _01136_ (net)
                   2.252    0.009   23.994 ^ _05340_/A1 (gf180mcu_fd_sc_mcu7t5v0__nand2_4)
                   0.681    0.338   24.331 v _05340_/ZN (gf180mcu_fd_sc_mcu7t5v0__nand2_4)
     9    0.062                              _01156_ (net)
                   0.681    0.002   24.333 v _05341_/A2 (gf180mcu_fd_sc_mcu7t5v0__nand2_2)
                   0.571    0.519   24.853 ^ _05341_/ZN (gf180mcu_fd_sc_mcu7t5v0__nand2_2)
     8    0.051                              _01157_ (net)
                   0.571    0.000   24.853 ^ _05345_/B1 (gf180mcu_fd_sc_mcu7t5v0__oai22_1)
                   0.477    0.184   25.037 v _05345_/ZN (gf180mcu_fd_sc_mcu7t5v0__oai22_1)
     1    0.003                              _00099_ (net)
                   0.477    0.000   25.037 v _09501_/D (gf180mcu_fd_sc_mcu7t5v0__dffq_1)
                                    25.037   data arrival time

                          100.000  100.000   clock clk (rise edge)
                            0.000  100.000   clock source latency
                   0.000    0.000  100.000 ^ clk (in)
     1    0.050                              clk (net)
                   0.007    0.003  100.003 ^ clkbuf_0_clk/I (gf180mcu_fd_sc_mcu7t5v0__clkbuf_16)
                   0.123    0.234  100.237 ^ clkbuf_0_clk/Z (gf180mcu_fd_sc_mcu7t5v0__clkbuf_16)
     2    0.060                              clknet_0_clk (net)
                   0.123    0.001  100.238 ^ clkbuf_1_0__f_clk/I (gf180mcu_fd_sc_mcu7t5v0__clkbuf_16)
                   0.278    0.359  100.597 ^ clkbuf_1_0__f_clk/Z (gf180mcu_fd_sc_mcu7t5v0__clkbuf_16)
     7    0.231                              clknet_1_0__leaf_clk (net)
                   0.278    0.007  100.605 ^ clkbuf_leaf_11_clk/I (gf180mcu_fd_sc_mcu7t5v0__clkbuf_16)
                   0.140    0.301  100.905 ^ clkbuf_leaf_11_clk/Z (gf180mcu_fd_sc_mcu7t5v0__clkbuf_16)
    17    0.077                              clknet_leaf_11_clk (net)
                   0.140    0.000  100.906 ^ _09501_/CLK (gf180mcu_fd_sc_mcu7t5v0__dffq_1)
                            0.000  100.906   clock reconvergence pessimism
                           -0.345  100.561   library setup time
                                   100.561   data required time
---------------------------------------------------------------------------------
                                   100.561   data required time
                                   -25.037   data arrival time
---------------------------------------------------------------------------------
                                    75.524   slack (MET)


Startpoint: rst_n (input port clocked by clk)
Endpoint: _09485_ (rising edge-triggered flip-flop clocked by clk)
Path Group: clk
Path Type: max

Fanout      Cap     Slew    Delay     Time   Description
---------------------------------------------------------------------------------
                            0.000    0.000   clock clk (rise edge)
                            0.000    0.000   clock network delay (propagated)
                           20.000   20.000 ^ input external delay
                   2.506    1.432   21.432 ^ rst_n (in)
    10    0.154                              rst_n (net)
                   2.506    0.000   21.432 ^ repeater11/I (gf180mcu_fd_sc_mcu7t5v0__buf_12)
                   0.287    0.311   21.743 ^ repeater11/Z (gf180mcu_fd_sc_mcu7t5v0__buf_12)
     7    0.163                              net11 (net)
                   0.287    0.002   21.745 ^ repeater8/I (gf180mcu_fd_sc_mcu7t5v0__buf_12)
                   0.266    0.298   22.044 ^ repeater8/Z (gf180mcu_fd_sc_mcu7t5v0__buf_12)
    21    0.170                              net8 (net)
                   0.266    0.006   22.050 ^ repeater6/I (gf180mcu_fd_sc_mcu7t5v0__buf_8)
                   0.355    0.346   22.396 ^ repeater6/Z (gf180mcu_fd_sc_mcu7t5v0__buf_8)
    19    0.159                              net6 (net)
                   0.355    0.005   22.401 ^ _05214_/A1 (gf180mcu_fd_sc_mcu7t5v0__nand2_4)
                   0.326    0.259   22.660 v _05214_/ZN (gf180mcu_fd_sc_mcu7t5v0__nand2_4)
     4    0.070                              _01102_ (net)
                   0.326    0.001   22.661 v _05250_/A1 (gf180mcu_fd_sc_mcu7t5v0__nor3_4)
                   2.216    1.303   23.965 ^ _05250_/ZN (gf180mcu_fd_sc_mcu7t5v0__nor3_4)
     8    0.191                              _01130_ (net)
                   2.216    0.007   23.971 ^ _05320_/A1 (gf180mcu_fd_sc_mcu7t5v0__nand2_4)
                   0.678    0.341   24.313 v _05320_/ZN (gf180mcu_fd_sc_mcu7t5v0__nand2_4)
     9    0.063                              _01152_ (net)
                   0.678    0.001   24.313 v _05321_/A2 (gf180mcu_fd_sc_mcu7t5v0__nand2_2)
                   0.581    0.526   24.839 ^ _05321_/ZN (gf180mcu_fd_sc_mcu7t5v0__nand2_2)
     8    0.052                              _01153_ (net)
                   0.581    0.000   24.840 ^ _05325_/B1 (gf180mcu_fd_sc_mcu7t5v0__oai22_1)
                   0.485    0.189   25.029 v _05325_/ZN (gf180mcu_fd_sc_mcu7t5v0__oai22_1)
     1    0.004                              _00083_ (net)
                   0.485    0.000   25.029 v _09485_/D (gf180mcu_fd_sc_mcu7t5v0__dffq_1)
                                    25.029   data arrival time

                          100.000  100.000   clock clk (rise edge)
                            0.000  100.000   clock source latency
                   0.000    0.000  100.000 ^ clk (in)
     1    0.050                              clk (net)
                   0.007    0.003  100.003 ^ clkbuf_0_clk/I (gf180mcu_fd_sc_mcu7t5v0__clkbuf_16)
                   0.123    0.234  100.237 ^ clkbuf_0_clk/Z (gf180mcu_fd_sc_mcu7t5v0__clkbuf_16)
     2    0.060                              clknet_0_clk (net)
                   0.123    0.001  100.238 ^ clkbuf_1_0__f_clk/I (gf180mcu_fd_sc_mcu7t5v0__clkbuf_16)
                   0.278    0.359  100.597 ^ clkbuf_1_0__f_clk/Z (gf180mcu_fd_sc_mcu7t5v0__clkbuf_16)
     7    0.231                              clknet_1_0__leaf_clk (net)
                   0.278    0.007  100.605 ^ clkbuf_leaf_11_clk/I (gf180mcu_fd_sc_mcu7t5v0__clkbuf_16)
                   0.140    0.301  100.905 ^ clkbuf_leaf_11_clk/Z (gf180mcu_fd_sc_mcu7t5v0__clkbuf_16)
    17    0.077                              clknet_leaf_11_clk (net)
                   0.140    0.001  100.906 ^ _09485_/CLK (gf180mcu_fd_sc_mcu7t5v0__dffq_1)
                            0.000  100.906   clock reconvergence pessimism
                           -0.348  100.558   library setup time
                                   100.558   data required time
---------------------------------------------------------------------------------
                                   100.558   data required time
                                   -25.029   data arrival time
---------------------------------------------------------------------------------
                                    75.530   slack (MET)


Startpoint: rst_n (input port clocked by clk)
Endpoint: _09511_ (rising edge-triggered flip-flop clocked by clk)
Path Group: clk
Path Type: max

Fanout      Cap     Slew    Delay     Time   Description
---------------------------------------------------------------------------------
                            0.000    0.000   clock clk (rise edge)
                            0.000    0.000   clock network delay (propagated)
                           20.000   20.000 ^ input external delay
                   2.506    1.432   21.432 ^ rst_n (in)
    10    0.154                              rst_n (net)
                   2.506    0.000   21.432 ^ repeater11/I (gf180mcu_fd_sc_mcu7t5v0__buf_12)
                   0.287    0.311   21.743 ^ repeater11/Z (gf180mcu_fd_sc_mcu7t5v0__buf_12)
     7    0.163                              net11 (net)
                   0.287    0.002   21.745 ^ repeater8/I (gf180mcu_fd_sc_mcu7t5v0__buf_12)
                   0.266    0.298   22.044 ^ repeater8/Z (gf180mcu_fd_sc_mcu7t5v0__buf_12)
    21    0.170                              net8 (net)
                   0.266    0.006   22.050 ^ repeater6/I (gf180mcu_fd_sc_mcu7t5v0__buf_8)
                   0.355    0.346   22.396 ^ repeater6/Z (gf180mcu_fd_sc_mcu7t5v0__buf_8)
    19    0.159                              net6 (net)
                   0.355    0.005   22.401 ^ _05214_/A1 (gf180mcu_fd_sc_mcu7t5v0__nand2_4)
                   0.326    0.259   22.660 v _05214_/ZN (gf180mcu_fd_sc_mcu7t5v0__nand2_4)
     4    0.070                              _01102_ (net)
                   0.326    0.001   22.661 v _05276_/A1 (gf180mcu_fd_sc_mcu7t5v0__nor3_4)
                   2.228    1.310   23.971 ^ _05276_/ZN (gf180mcu_fd_sc_mcu7t5v0__nor3_4)
     8    0.192                              _01140_ (net)
                   2.228    0.009   23.980 ^ _05350_/A1 (gf180mcu_fd_sc_mcu7t5v0__nand2_4)
                   0.672    0.333   24.313 v _05350_/ZN (gf180mcu_fd_sc_mcu7t5v0__nand2_4)
     9    0.061                              _01158_ (net)
                   0.672    0.001   24.314 v _05351_/A2 (gf180mcu_fd_sc_mcu7t5v0__nand2_2)
                   0.579    0.523   24.837 ^ _05351_/ZN (gf180mcu_fd_sc_mcu7t5v0__nand2_2)
     8    0.052                              _01159_ (net)
                   0.579    0.001   24.837 ^ _05357_/B1 (gf180mcu_fd_sc_mcu7t5v0__oai22_1)
                   0.495    0.184   25.021 v _05357_/ZN (gf180mcu_fd_sc_mcu7t5v0__oai22_1)
     1    0.003                              _00109_ (net)
                   0.495    0.000   25.021 v _09511_/D (gf180mcu_fd_sc_mcu7t5v0__dffq_1)
                                    25.021   data arrival time

                          100.000  100.000   clock clk (rise edge)
                            0.000  100.000   clock source latency
                   0.000    0.000  100.000 ^ clk (in)
     1    0.050                              clk (net)
                   0.007    0.003  100.003 ^ clkbuf_0_clk/I (gf180mcu_fd_sc_mcu7t5v0__clkbuf_16)
                   0.123    0.234  100.237 ^ clkbuf_0_clk/Z (gf180mcu_fd_sc_mcu7t5v0__clkbuf_16)
     2    0.060                              clknet_0_clk (net)
                   0.123    0.001  100.238 ^ clkbuf_1_0__f_clk/I (gf180mcu_fd_sc_mcu7t5v0__clkbuf_16)
                   0.278    0.359  100.597 ^ clkbuf_1_0__f_clk/Z (gf180mcu_fd_sc_mcu7t5v0__clkbuf_16)
     7    0.231                              clknet_1_0__leaf_clk (net)
                   0.278    0.007  100.605 ^ clkbuf_leaf_11_clk/I (gf180mcu_fd_sc_mcu7t5v0__clkbuf_16)
                   0.140    0.301  100.905 ^ clkbuf_leaf_11_clk/Z (gf180mcu_fd_sc_mcu7t5v0__clkbuf_16)
    17    0.077                              clknet_leaf_11_clk (net)
                   0.140    0.001  100.906 ^ _09511_/CLK (gf180mcu_fd_sc_mcu7t5v0__dffq_1)
                            0.000  100.906   clock reconvergence pessimism
                           -0.352  100.555   library setup time
                                   100.555   data required time
---------------------------------------------------------------------------------
                                   100.555   data required time
                                   -25.021   data arrival time
---------------------------------------------------------------------------------
                                    75.534   slack (MET)


Startpoint: rst_n (input port clocked by clk)
Endpoint: _09536_ (rising edge-triggered flip-flop clocked by clk)
Path Group: clk
Path Type: max

Fanout      Cap     Slew    Delay     Time   Description
---------------------------------------------------------------------------------
                            0.000    0.000   clock clk (rise edge)
                            0.000    0.000   clock network delay (propagated)
                           20.000   20.000 ^ input external delay
                   2.506    1.432   21.432 ^ rst_n (in)
    10    0.154                              rst_n (net)
                   2.506    0.000   21.432 ^ repeater11/I (gf180mcu_fd_sc_mcu7t5v0__buf_12)
                   0.287    0.311   21.743 ^ repeater11/Z (gf180mcu_fd_sc_mcu7t5v0__buf_12)
     7    0.163                              net11 (net)
                   0.287    0.002   21.745 ^ repeater8/I (gf180mcu_fd_sc_mcu7t5v0__buf_12)
                   0.266    0.298   22.044 ^ repeater8/Z (gf180mcu_fd_sc_mcu7t5v0__buf_12)
    21    0.170                              net8 (net)
                   0.266    0.006   22.050 ^ repeater6/I (gf180mcu_fd_sc_mcu7t5v0__buf_8)
                   0.355    0.346   22.396 ^ repeater6/Z (gf180mcu_fd_sc_mcu7t5v0__buf_8)
    19    0.159                              net6 (net)
                   0.355    0.005   22.401 ^ _05214_/A1 (gf180mcu_fd_sc_mcu7t5v0__nand2_4)
                   0.326    0.259   22.660 v _05214_/ZN (gf180mcu_fd_sc_mcu7t5v0__nand2_4)
     4    0.070                              _01102_ (net)
                   0.326    0.001   22.661 v _05276_/A1 (gf180mcu_fd_sc_mcu7t5v0__nor3_4)
                   2.228    1.310   23.971 ^ _05276_/ZN (gf180mcu_fd_sc_mcu7t5v0__nor3_4)
     8    0.192                              _01140_ (net)
                   2.228    0.009   23.980 ^ _05380_/A1 (gf180mcu_fd_sc_mcu7t5v0__nand2_4)
                   0.669    0.330   24.309 v _05380_/ZN (gf180mcu_fd_sc_mcu7t5v0__nand2_4)
     9    0.060                              _01164_ (net)
                   0.669    0.001   24.310 v _05381_/A2 (gf180mcu_fd_sc_mcu7t5v0__nand2_2)
                   0.549    0.502   24.812 ^ _05381_/ZN (gf180mcu_fd_sc_mcu7t5v0__nand2_2)
     8    0.048                              _01165_ (net)
                   0.549    0.001   24.813 ^ _05384_/B1 (gf180mcu_fd_sc_mcu7t5v0__oai22_1)
                   0.507    0.190   25.004 v _05384_/ZN (gf180mcu_fd_sc_mcu7t5v0__oai22_1)
     1    0.004                              _00130_ (net)
                   0.507    0.000   25.004 v _09536_/D (gf180mcu_fd_sc_mcu7t5v0__dffq_1)
                                    25.004   data arrival time

                          100.000  100.000   clock clk (rise edge)
                            0.000  100.000   clock source latency
                   0.000    0.000  100.000 ^ clk (in)
     1    0.050                              clk (net)
                   0.007    0.003  100.003 ^ clkbuf_0_clk/I (gf180mcu_fd_sc_mcu7t5v0__clkbuf_16)
                   0.123    0.234  100.237 ^ clkbuf_0_clk/Z (gf180mcu_fd_sc_mcu7t5v0__clkbuf_16)
     2    0.060                              clknet_0_clk (net)
                   0.123    0.001  100.238 ^ clkbuf_1_0__f_clk/I (gf180mcu_fd_sc_mcu7t5v0__clkbuf_16)
                   0.278    0.359  100.597 ^ clkbuf_1_0__f_clk/Z (gf180mcu_fd_sc_mcu7t5v0__clkbuf_16)
     7    0.231                              clknet_1_0__leaf_clk (net)
                   0.278    0.007  100.605 ^ clkbuf_leaf_11_clk/I (gf180mcu_fd_sc_mcu7t5v0__clkbuf_16)
                   0.140    0.301  100.905 ^ clkbuf_leaf_11_clk/Z (gf180mcu_fd_sc_mcu7t5v0__clkbuf_16)
    17    0.077                              clknet_leaf_11_clk (net)
                   0.140    0.000  100.906 ^ _09536_/CLK (gf180mcu_fd_sc_mcu7t5v0__dffq_1)
                            0.000  100.906   clock reconvergence pessimism
                           -0.356  100.550   library setup time
                                   100.550   data required time
---------------------------------------------------------------------------------
                                   100.550   data required time
                                   -25.004   data arrival time
---------------------------------------------------------------------------------
                                    75.546   slack (MET)


Startpoint: rst_n (input port clocked by clk)
Endpoint: _09665_ (rising edge-triggered flip-flop clocked by clk)
Path Group: clk
Path Type: max

Fanout      Cap     Slew    Delay     Time   Description
---------------------------------------------------------------------------------
                            0.000    0.000   clock clk (rise edge)
                            0.000    0.000   clock network delay (propagated)
                           20.000   20.000 ^ input external delay
                   2.506    1.432   21.432 ^ rst_n (in)
    10    0.154                              rst_n (net)
                   2.506    0.000   21.432 ^ repeater11/I (gf180mcu_fd_sc_mcu7t5v0__buf_12)
                   0.287    0.311   21.743 ^ repeater11/Z (gf180mcu_fd_sc_mcu7t5v0__buf_12)
     7    0.163                              net11 (net)
                   0.287    0.002   21.745 ^ repeater8/I (gf180mcu_fd_sc_mcu7t5v0__buf_12)
                   0.266    0.298   22.044 ^ repeater8/Z (gf180mcu_fd_sc_mcu7t5v0__buf_12)
    21    0.170                              net8 (net)
                   0.266    0.006   22.050 ^ repeater6/I (gf180mcu_fd_sc_mcu7t5v0__buf_8)
                   0.355    0.346   22.396 ^ repeater6/Z (gf180mcu_fd_sc_mcu7t5v0__buf_8)
    19    0.159                              net6 (net)
                   0.355    0.005   22.401 ^ _05214_/A1 (gf180mcu_fd_sc_mcu7t5v0__nand2_4)
                   0.326    0.259   22.660 v _05214_/ZN (gf180mcu_fd_sc_mcu7t5v0__nand2_4)
     4    0.070                              _01102_ (net)
                   0.326    0.001   22.661 v _05250_/A1 (gf180mcu_fd_sc_mcu7t5v0__nor3_4)
                   2.216    1.303   23.965 ^ _05250_/ZN (gf180mcu_fd_sc_mcu7t5v0__nor3_4)
     8    0.191                              _01130_ (net)
                   2.216    0.001   23.966 ^ _07667_/A1 (gf180mcu_fd_sc_mcu7t5v0__nand2_4)
                   0.679    0.341   24.307 v _07667_/ZN (gf180mcu_fd_sc_mcu7t5v0__nand2_4)
     9    0.063                              _03325_ (net)
                   0.679    0.002   24.309 v _07668_/A2 (gf180mcu_fd_sc_mcu7t5v0__nand2_2)
                   0.582    0.526   24.835 ^ _07668_/ZN (gf180mcu_fd_sc_mcu7t5v0__nand2_2)
     8    0.052                              _03326_ (net)
                   0.582    0.000   24.835 ^ _07674_/B1 (gf180mcu_fd_sc_mcu7t5v0__oai22_1)
                   0.525    0.200   25.035 v _07674_/ZN (gf180mcu_fd_sc_mcu7t5v0__oai22_1)
     1    0.005                              _00259_ (net)
                   0.525    0.000   25.035 v _09665_/D (gf180mcu_fd_sc_mcu7t5v0__dffq_1)
                                    25.035   data arrival time

                          100.000  100.000   clock clk (rise edge)
                            0.000  100.000   clock source latency
                   0.000    0.000  100.000 ^ clk (in)
     1    0.050                              clk (net)
                   0.007    0.003  100.003 ^ clkbuf_0_clk/I (gf180mcu_fd_sc_mcu7t5v0__clkbuf_16)
                   0.123    0.234  100.237 ^ clkbuf_0_clk/Z (gf180mcu_fd_sc_mcu7t5v0__clkbuf_16)
     2    0.060                              clknet_0_clk (net)
                   0.123    0.001  100.237 ^ clkbuf_1_1__f_clk/I (gf180mcu_fd_sc_mcu7t5v0__clkbuf_16)
                   0.211    0.316  100.554 ^ clkbuf_1_1__f_clk/Z (gf180mcu_fd_sc_mcu7t5v0__clkbuf_16)
     5    0.158                              clknet_1_1__leaf_clk (net)
                   0.211    0.003  100.556 ^ clkbuf_leaf_2_clk/I (gf180mcu_fd_sc_mcu7t5v0__clkbuf_16)
                   0.324    0.407  100.963 ^ clkbuf_leaf_2_clk/Z (gf180mcu_fd_sc_mcu7t5v0__clkbuf_16)
    61    0.280                              clknet_leaf_2_clk (net)
                   0.324    0.004  100.968 ^ _09665_/CLK (gf180mcu_fd_sc_mcu7t5v0__dffq_1)
                            0.000  100.968   clock reconvergence pessimism
                           -0.322  100.646   library setup time
                                   100.646   data required time
---------------------------------------------------------------------------------
                                   100.646   data required time
                                   -25.035   data arrival time
---------------------------------------------------------------------------------
                                    75.611   slack (MET)


Startpoint: rst_n (input port clocked by clk)
Endpoint: _09836_ (rising edge-triggered flip-flop clocked by clk)
Path Group: clk
Path Type: max

Fanout      Cap     Slew    Delay     Time   Description
---------------------------------------------------------------------------------
                            0.000    0.000   clock clk (rise edge)
                            0.000    0.000   clock network delay (propagated)
                           20.000   20.000 ^ input external delay
                   2.506    1.432   21.432 ^ rst_n (in)
    10    0.154                              rst_n (net)
                   2.506    0.000   21.432 ^ repeater11/I (gf180mcu_fd_sc_mcu7t5v0__buf_12)
                   0.287    0.311   21.743 ^ repeater11/Z (gf180mcu_fd_sc_mcu7t5v0__buf_12)
     7    0.163                              net11 (net)
                   0.287    0.002   21.745 ^ repeater8/I (gf180mcu_fd_sc_mcu7t5v0__buf_12)
                   0.266    0.298   22.044 ^ repeater8/Z (gf180mcu_fd_sc_mcu7t5v0__buf_12)
    21    0.170                              net8 (net)
                   0.266    0.006   22.050 ^ repeater6/I (gf180mcu_fd_sc_mcu7t5v0__buf_8)
                   0.355    0.346   22.396 ^ repeater6/Z (gf180mcu_fd_sc_mcu7t5v0__buf_8)
    19    0.159                              net6 (net)
                   0.355    0.005   22.401 ^ _05214_/A1 (gf180mcu_fd_sc_mcu7t5v0__nand2_4)
                   0.326    0.259   22.660 v _05214_/ZN (gf180mcu_fd_sc_mcu7t5v0__nand2_4)
     4    0.070                              _01102_ (net)
                   0.326    0.001   22.661 v _05220_/A1 (gf180mcu_fd_sc_mcu7t5v0__nor3_4)
                   2.279    1.339   24.001 ^ _05220_/ZN (gf180mcu_fd_sc_mcu7t5v0__nor3_4)
     8    0.197                              _01108_ (net)
                   2.279    0.005   24.006 ^ _08982_/A1 (gf180mcu_fd_sc_mcu7t5v0__nand2_4)
                   0.684    0.336   24.342 v _08982_/ZN (gf180mcu_fd_sc_mcu7t5v0__nand2_4)
     9    0.062                              _04469_ (net)
                   0.684    0.001   24.343 v _08983_/A2 (gf180mcu_fd_sc_mcu7t5v0__nand2_2)
                   0.583    0.528   24.871 ^ _08983_/ZN (gf180mcu_fd_sc_mcu7t5v0__nand2_2)
     8    0.052                              _04470_ (net)
                   0.583    0.001   24.872 ^ _08985_/B1 (gf180mcu_fd_sc_mcu7t5v0__oai22_1)
                   0.524    0.197   25.069 v _08985_/ZN (gf180mcu_fd_sc_mcu7t5v0__oai22_1)
     1    0.005                              _00426_ (net)
                   0.524    0.000   25.069 v _09836_/D (gf180mcu_fd_sc_mcu7t5v0__dffq_1)
                                    25.069   data arrival time

                          100.000  100.000   clock clk (rise edge)
                            0.000  100.000   clock source latency
                   0.000    0.000  100.000 ^ clk (in)
     1    0.050                              clk (net)
                   0.007    0.003  100.003 ^ clkbuf_0_clk/I (gf180mcu_fd_sc_mcu7t5v0__clkbuf_16)
                   0.123    0.234  100.237 ^ clkbuf_0_clk/Z (gf180mcu_fd_sc_mcu7t5v0__clkbuf_16)
     2    0.060                              clknet_0_clk (net)
                   0.123    0.001  100.238 ^ clkbuf_1_0__f_clk/I (gf180mcu_fd_sc_mcu7t5v0__clkbuf_16)
                   0.278    0.359  100.597 ^ clkbuf_1_0__f_clk/Z (gf180mcu_fd_sc_mcu7t5v0__clkbuf_16)
     7    0.231                              clknet_1_0__leaf_clk (net)
                   0.278    0.004  100.601 ^ clkbuf_leaf_1_clk/I (gf180mcu_fd_sc_mcu7t5v0__clkbuf_16)
                   0.301    0.406  101.007 ^ clkbuf_leaf_1_clk/Z (gf180mcu_fd_sc_mcu7t5v0__clkbuf_16)
    57    0.255                              clknet_leaf_1_clk (net)
                   0.301    0.003  101.010 ^ _09836_/CLK (gf180mcu_fd_sc_mcu7t5v0__dffq_1)
                            0.000  101.010   clock reconvergence pessimism
                           -0.326  100.684   library setup time
                                   100.684   data required time
---------------------------------------------------------------------------------
                                   100.684   data required time
                                   -25.069   data arrival time
---------------------------------------------------------------------------------
                                    75.615   slack (MET)


Startpoint: rst_n (input port clocked by clk)
Endpoint: _09839_ (rising edge-triggered flip-flop clocked by clk)
Path Group: clk
Path Type: max

Fanout      Cap     Slew    Delay     Time   Description
---------------------------------------------------------------------------------
                            0.000    0.000   clock clk (rise edge)
                            0.000    0.000   clock network delay (propagated)
                           20.000   20.000 ^ input external delay
                   2.506    1.432   21.432 ^ rst_n (in)
    10    0.154                              rst_n (net)
                   2.506    0.000   21.432 ^ repeater11/I (gf180mcu_fd_sc_mcu7t5v0__buf_12)
                   0.287    0.311   21.743 ^ repeater11/Z (gf180mcu_fd_sc_mcu7t5v0__buf_12)
     7    0.163                              net11 (net)
                   0.287    0.002   21.745 ^ repeater8/I (gf180mcu_fd_sc_mcu7t5v0__buf_12)
                   0.266    0.298   22.044 ^ repeater8/Z (gf180mcu_fd_sc_mcu7t5v0__buf_12)
    21    0.170                              net8 (net)
                   0.266    0.006   22.050 ^ repeater6/I (gf180mcu_fd_sc_mcu7t5v0__buf_8)
                   0.355    0.346   22.396 ^ repeater6/Z (gf180mcu_fd_sc_mcu7t5v0__buf_8)
    19    0.159                              net6 (net)
                   0.355    0.005   22.401 ^ _05214_/A1 (gf180mcu_fd_sc_mcu7t5v0__nand2_4)
                   0.326    0.259   22.660 v _05214_/ZN (gf180mcu_fd_sc_mcu7t5v0__nand2_4)
     4    0.070                              _01102_ (net)
                   0.326    0.001   22.661 v _05220_/A1 (gf180mcu_fd_sc_mcu7t5v0__nor3_4)
                   2.279    1.339   24.001 ^ _05220_/ZN (gf180mcu_fd_sc_mcu7t5v0__nor3_4)
     8    0.197                              _01108_ (net)
                   2.279    0.005   24.006 ^ _08982_/A1 (gf180mcu_fd_sc_mcu7t5v0__nand2_4)
                   0.684    0.336   24.342 v _08982_/ZN (gf180mcu_fd_sc_mcu7t5v0__nand2_4)
     9    0.062                              _04469_ (net)
                   0.684    0.001   24.343 v _08983_/A2 (gf180mcu_fd_sc_mcu7t5v0__nand2_2)
                   0.583    0.528   24.871 ^ _08983_/ZN (gf180mcu_fd_sc_mcu7t5v0__nand2_2)
     8    0.052                              _04470_ (net)
                   0.583    0.001   24.872 ^ _08988_/B1 (gf180mcu_fd_sc_mcu7t5v0__oai22_1)
                   0.513    0.199   25.071 v _08988_/ZN (gf180mcu_fd_sc_mcu7t5v0__oai22_1)
     1    0.005                              _00429_ (net)
                   0.513    0.000   25.071 v _09839_/D (gf180mcu_fd_sc_mcu7t5v0__dffq_1)
                                    25.071   data arrival time

                          100.000  100.000   clock clk (rise edge)
                            0.000  100.000   clock source latency
                   0.000    0.000  100.000 ^ clk (in)
     1    0.050                              clk (net)
                   0.007    0.003  100.003 ^ clkbuf_0_clk/I (gf180mcu_fd_sc_mcu7t5v0__clkbuf_16)
                   0.123    0.234  100.237 ^ clkbuf_0_clk/Z (gf180mcu_fd_sc_mcu7t5v0__clkbuf_16)
     2    0.060                              clknet_0_clk (net)
                   0.123    0.001  100.238 ^ clkbuf_1_0__f_clk/I (gf180mcu_fd_sc_mcu7t5v0__clkbuf_16)
                   0.278    0.359  100.597 ^ clkbuf_1_0__f_clk/Z (gf180mcu_fd_sc_mcu7t5v0__clkbuf_16)
     7    0.231                              clknet_1_0__leaf_clk (net)
                   0.278    0.002  100.599 ^ clkbuf_leaf_9_clk/I (gf180mcu_fd_sc_mcu7t5v0__clkbuf_16)
                   0.301    0.405  101.004 ^ clkbuf_leaf_9_clk/Z (gf180mcu_fd_sc_mcu7t5v0__clkbuf_16)
    57    0.256                              clknet_leaf_9_clk (net)
                   0.301    0.007  101.011 ^ _09839_/CLK (gf180mcu_fd_sc_mcu7t5v0__dffq_1)
                            0.000  101.011   clock reconvergence pessimism
                           -0.323  100.689   library setup time
                                   100.689   data required time
---------------------------------------------------------------------------------
                                   100.689   data required time
                                   -25.071   data arrival time
---------------------------------------------------------------------------------
                                    75.618   slack (MET)


wns 0.00
tns 0.00
worst slack 75.48
Startpoint: _09459_ (rising edge-triggered flip-flop clocked by clk)
Endpoint: _09467_ (rising edge-triggered flip-flop clocked by clk)
Path Group: clk
Path Type: min

Fanout      Cap     Slew    Delay     Time   Description
---------------------------------------------------------------------------------
                            0.000    0.000   clock clk (rise edge)
                            0.000    0.000   clock source latency
                   0.000    0.000    0.000 ^ clk (in)
     1    0.050                              clk (net)
                   0.007    0.003    0.003 ^ clkbuf_0_clk/I (gf180mcu_fd_sc_mcu7t5v0__clkbuf_16)
                   0.123    0.234    0.237 ^ clkbuf_0_clk/Z (gf180mcu_fd_sc_mcu7t5v0__clkbuf_16)
     2    0.060                              clknet_0_clk (net)
                   0.123    0.001    0.238 ^ clkbuf_1_0__f_clk/I (gf180mcu_fd_sc_mcu7t5v0__clkbuf_16)
                   0.278    0.359    0.597 ^ clkbuf_1_0__f_clk/Z (gf180mcu_fd_sc_mcu7t5v0__clkbuf_16)
     7    0.231                              clknet_1_0__leaf_clk (net)
                   0.278    0.003    0.600 ^ clkbuf_leaf_4_clk/I (gf180mcu_fd_sc_mcu7t5v0__clkbuf_16)
                   0.294    0.401    1.000 ^ clkbuf_leaf_4_clk/Z (gf180mcu_fd_sc_mcu7t5v0__clkbuf_16)
    54    0.248                              clknet_leaf_4_clk (net)
                   0.294    0.009    1.009 ^ _09459_/CLK (gf180mcu_fd_sc_mcu7t5v0__dffq_1)
                   0.153    0.720    1.730 v _09459_/Q (gf180mcu_fd_sc_mcu7t5v0__dffq_1)
     2    0.009                              u_core.u_bridge.state[1] (net)
                   0.153    0.000    1.730 v _05198_/A2 (gf180mcu_fd_sc_mcu7t5v0__and2_1)
                   0.101    0.260    1.990 v _05198_/Z (gf180mcu_fd_sc_mcu7t5v0__and2_1)
     1    0.003                              _00007_ (net)
                   0.101    0.000    1.990 v _09467_/D (gf180mcu_fd_sc_mcu7t5v0__dffq_4)
                                     1.990   data arrival time

                            0.000    0.000   clock clk (rise edge)
                            0.000    0.000   clock source latency
                   0.000    0.000    0.000 ^ clk (in)
     1    0.050                              clk (net)
                   0.007    0.003    0.003 ^ clkbuf_0_clk/I (gf180mcu_fd_sc_mcu7t5v0__clkbuf_16)
                   0.123    0.234    0.237 ^ clkbuf_0_clk/Z (gf180mcu_fd_sc_mcu7t5v0__clkbuf_16)
     2    0.060                              clknet_0_clk (net)
                   0.123    0.001    0.238 ^ clkbuf_1_0__f_clk/I (gf180mcu_fd_sc_mcu7t5v0__clkbuf_16)
                   0.278    0.359    0.597 ^ clkbuf_1_0__f_clk/Z (gf180mcu_fd_sc_mcu7t5v0__clkbuf_16)
     7    0.231                              clknet_1_0__leaf_clk (net)
                   0.278    0.003    0.600 ^ clkbuf_leaf_4_clk/I (gf180mcu_fd_sc_mcu7t5v0__clkbuf_16)
                   0.294    0.401    1.000 ^ clkbuf_leaf_4_clk/Z (gf180mcu_fd_sc_mcu7t5v0__clkbuf_16)
    54    0.248                              clknet_leaf_4_clk (net)
                   0.294    0.009    1.010 ^ _09467_/CLK (gf180mcu_fd_sc_mcu7t5v0__dffq_4)
                            0.000    1.010   clock reconvergence pessimism
                            0.142    1.152   library hold time
                                     1.152   data required time
---------------------------------------------------------------------------------
                                     1.152   data required time
                                    -1.990   data arrival time
---------------------------------------------------------------------------------
                                     0.838   slack (MET)


Startpoint: _09414_ (rising edge-triggered flip-flop clocked by clk)
Endpoint: _09414_ (rising edge-triggered flip-flop clocked by clk)
Path Group: clk
Path Type: min

Fanout      Cap     Slew    Delay     Time   Description
---------------------------------------------------------------------------------
                            0.000    0.000   clock clk (rise edge)
                            0.000    0.000   clock source latency
                   0.000    0.000    0.000 ^ clk (in)
     1    0.050                              clk (net)
                   0.007    0.003    0.003 ^ clkbuf_0_clk/I (gf180mcu_fd_sc_mcu7t5v0__clkbuf_16)
                   0.123    0.234    0.237 ^ clkbuf_0_clk/Z (gf180mcu_fd_sc_mcu7t5v0__clkbuf_16)
     2    0.060                              clknet_0_clk (net)
                   0.123    0.001    0.238 ^ clkbuf_1_0__f_clk/I (gf180mcu_fd_sc_mcu7t5v0__clkbuf_16)
                   0.278    0.359    0.597 ^ clkbuf_1_0__f_clk/Z (gf180mcu_fd_sc_mcu7t5v0__clkbuf_16)
     7    0.231                              clknet_1_0__leaf_clk (net)
                   0.278    0.002    0.599 ^ clkbuf_leaf_9_clk/I (gf180mcu_fd_sc_mcu7t5v0__clkbuf_16)
                   0.301    0.405    1.004 ^ clkbuf_leaf_9_clk/Z (gf180mcu_fd_sc_mcu7t5v0__clkbuf_16)
    57    0.256                              clknet_leaf_9_clk (net)
                   0.301    0.007    1.011 ^ _09414_/CLK (gf180mcu_fd_sc_mcu7t5v0__dffq_1)
                   0.173    0.741    1.752 v _09414_/Q (gf180mcu_fd_sc_mcu7t5v0__dffq_1)
     2    0.012                              u_core.u_sram.mem[7][4] (net)
                   0.173    0.000    1.752 v _04986_/I (gf180mcu_fd_sc_mcu7t5v0__clkinv_1)
                   0.163    0.136    1.888 ^ _04986_/ZN (gf180mcu_fd_sc_mcu7t5v0__clkinv_1)
     1    0.006                              _00898_ (net)
                   0.163    0.000    1.888 ^ _05237_/A1 (gf180mcu_fd_sc_mcu7t5v0__oai22_1)
                   0.102    0.091    1.978 v _05237_/ZN (gf180mcu_fd_sc_mcu7t5v0__oai22_1)
     1    0.003                              _00028_ (net)
                   0.102    0.000    1.978 v _09414_/D (gf180mcu_fd_sc_mcu7t5v0__dffq_1)
                                     1.978   data arrival time

                            0.000    0.000   clock clk (rise edge)
                            0.000    0.000   clock source latency
                   0.000    0.000    0.000 ^ clk (in)
     1    0.050                              clk (net)
                   0.007    0.003    0.003 ^ clkbuf_0_clk/I (gf180mcu_fd_sc_mcu7t5v0__clkbuf_16)
                   0.123    0.234    0.237 ^ clkbuf_0_clk/Z (gf180mcu_fd_sc_mcu7t5v0__clkbuf_16)
     2    0.060                              clknet_0_clk (net)
                   0.123    0.001    0.238 ^ clkbuf_1_0__f_clk/I (gf180mcu_fd_sc_mcu7t5v0__clkbuf_16)
                   0.278    0.359    0.597 ^ clkbuf_1_0__f_clk/Z (gf180mcu_fd_sc_mcu7t5v0__clkbuf_16)
     7    0.231                              clknet_1_0__leaf_clk (net)
                   0.278    0.002    0.599 ^ clkbuf_leaf_9_clk/I (gf180mcu_fd_sc_mcu7t5v0__clkbuf_16)
                   0.301    0.405    1.004 ^ clkbuf_leaf_9_clk/Z (gf180mcu_fd_sc_mcu7t5v0__clkbuf_16)
    57    0.256                              clknet_leaf_9_clk (net)
                   0.301    0.007    1.011 ^ _09414_/CLK (gf180mcu_fd_sc_mcu7t5v0__dffq_1)
                            0.000    1.011   clock reconvergence pessimism
                            0.124    1.135   library hold time
                                     1.135   data required time
---------------------------------------------------------------------------------
                                     1.135   data required time
                                    -1.978   data arrival time
---------------------------------------------------------------------------------
                                     0.843   slack (MET)


Startpoint: _09415_ (rising edge-triggered flip-flop clocked by clk)
Endpoint: _09415_ (rising edge-triggered flip-flop clocked by clk)
Path Group: clk
Path Type: min

Fanout      Cap     Slew    Delay     Time   Description
---------------------------------------------------------------------------------
                            0.000    0.000   clock clk (rise edge)
                            0.000    0.000   clock source latency
                   0.000    0.000    0.000 ^ clk (in)
     1    0.050                              clk (net)
                   0.007    0.003    0.003 ^ clkbuf_0_clk/I (gf180mcu_fd_sc_mcu7t5v0__clkbuf_16)
                   0.123    0.234    0.237 ^ clkbuf_0_clk/Z (gf180mcu_fd_sc_mcu7t5v0__clkbuf_16)
     2    0.060                              clknet_0_clk (net)
                   0.123    0.001    0.238 ^ clkbuf_1_0__f_clk/I (gf180mcu_fd_sc_mcu7t5v0__clkbuf_16)
                   0.278    0.359    0.597 ^ clkbuf_1_0__f_clk/Z (gf180mcu_fd_sc_mcu7t5v0__clkbuf_16)
     7    0.231                              clknet_1_0__leaf_clk (net)
                   0.278    0.002    0.599 ^ clkbuf_leaf_9_clk/I (gf180mcu_fd_sc_mcu7t5v0__clkbuf_16)
                   0.301    0.405    1.004 ^ clkbuf_leaf_9_clk/Z (gf180mcu_fd_sc_mcu7t5v0__clkbuf_16)
    57    0.256                              clknet_leaf_9_clk (net)
                   0.301    0.006    1.010 ^ _09415_/CLK (gf180mcu_fd_sc_mcu7t5v0__dffq_1)
                   0.170    0.739    1.749 v _09415_/Q (gf180mcu_fd_sc_mcu7t5v0__dffq_1)
     2    0.011                              u_core.u_sram.mem[7][5] (net)
                   0.170    0.000    1.749 v _05018_/I (gf180mcu_fd_sc_mcu7t5v0__clkinv_1)
                   0.171    0.144    1.893 ^ _05018_/ZN (gf180mcu_fd_sc_mcu7t5v0__clkinv_1)
     1    0.007                              _00930_ (net)
                   0.171    0.000    1.893 ^ _05240_/A1 (gf180mcu_fd_sc_mcu7t5v0__oai22_1)
                   0.105    0.091    1.985 v _05240_/ZN (gf180mcu_fd_sc_mcu7t5v0__oai22_1)
     1    0.003                              _00029_ (net)
                   0.105    0.000    1.985 v _09415_/D (gf180mcu_fd_sc_mcu7t5v0__dffq_1)
                                     1.985   data arrival time

                            0.000    0.000   clock clk (rise edge)
                            0.000    0.000   clock source latency
                   0.000    0.000    0.000 ^ clk (in)
     1    0.050                              clk (net)
                   0.007    0.003    0.003 ^ clkbuf_0_clk/I (gf180mcu_fd_sc_mcu7t5v0__clkbuf_16)
                   0.123    0.234    0.237 ^ clkbuf_0_clk/Z (gf180mcu_fd_sc_mcu7t5v0__clkbuf_16)
     2    0.060                              clknet_0_clk (net)
                   0.123    0.001    0.238 ^ clkbuf_1_0__f_clk/I (gf180mcu_fd_sc_mcu7t5v0__clkbuf_16)
                   0.278    0.359    0.597 ^ clkbuf_1_0__f_clk/Z (gf180mcu_fd_sc_mcu7t5v0__clkbuf_16)
     7    0.231                              clknet_1_0__leaf_clk (net)
                   0.278    0.002    0.599 ^ clkbuf_leaf_9_clk/I (gf180mcu_fd_sc_mcu7t5v0__clkbuf_16)
                   0.301    0.405    1.004 ^ clkbuf_leaf_9_clk/Z (gf180mcu_fd_sc_mcu7t5v0__clkbuf_16)
    57    0.256                              clknet_leaf_9_clk (net)
                   0.301    0.006    1.010 ^ _09415_/CLK (gf180mcu_fd_sc_mcu7t5v0__dffq_1)
                            0.000    1.010   clock reconvergence pessimism
                            0.124    1.134   library hold time
                                     1.134   data required time
---------------------------------------------------------------------------------
                                     1.134   data required time
                                    -1.985   data arrival time
---------------------------------------------------------------------------------
                                     0.851   slack (MET)


Startpoint: _09755_ (rising edge-triggered flip-flop clocked by clk)
Endpoint: _09755_ (rising edge-triggered flip-flop clocked by clk)
Path Group: clk
Path Type: min

Fanout      Cap     Slew    Delay     Time   Description
---------------------------------------------------------------------------------
                            0.000    0.000   clock clk (rise edge)
                            0.000    0.000   clock source latency
                   0.000    0.000    0.000 ^ clk (in)
     1    0.050                              clk (net)
                   0.007    0.003    0.003 ^ clkbuf_0_clk/I (gf180mcu_fd_sc_mcu7t5v0__clkbuf_16)
                   0.123    0.234    0.237 ^ clkbuf_0_clk/Z (gf180mcu_fd_sc_mcu7t5v0__clkbuf_16)
     2    0.060                              clknet_0_clk (net)
                   0.123    0.001    0.237 ^ clkbuf_1_1__f_clk/I (gf180mcu_fd_sc_mcu7t5v0__clkbuf_16)
                   0.211    0.316    0.554 ^ clkbuf_1_1__f_clk/Z (gf180mcu_fd_sc_mcu7t5v0__clkbuf_16)
     5    0.158                              clknet_1_1__leaf_clk (net)
                   0.211    0.003    0.556 ^ clkbuf_leaf_2_clk/I (gf180mcu_fd_sc_mcu7t5v0__clkbuf_16)
                   0.324    0.407    0.963 ^ clkbuf_leaf_2_clk/Z (gf180mcu_fd_sc_mcu7t5v0__clkbuf_16)
    61    0.280                              clknet_leaf_2_clk (net)
                   0.324    0.005    0.968 ^ _09755_/CLK (gf180mcu_fd_sc_mcu7t5v0__dffq_1)
                   0.169    0.743    1.711 v _09755_/Q (gf180mcu_fd_sc_mcu7t5v0__dffq_1)
     2    0.011                              u_core.u_uart.rx_data[1] (net)
                   0.169    0.000    1.711 v _04746_/I (gf180mcu_fd_sc_mcu7t5v0__clkinv_1)
                   0.153    0.131    1.842 ^ _04746_/ZN (gf180mcu_fd_sc_mcu7t5v0__clkinv_1)
     1    0.006                              _00658_ (net)
                   0.153    0.000    1.843 ^ _08786_/A1 (gf180mcu_fd_sc_mcu7t5v0__aoi21_1)
                   0.119    0.104    1.947 v _08786_/ZN (gf180mcu_fd_sc_mcu7t5v0__aoi21_1)
     1    0.003                              _00345_ (net)
                   0.119    0.000    1.947 v _09755_/D (gf180mcu_fd_sc_mcu7t5v0__dffq_1)
                                     1.947   data arrival time

                            0.000    0.000   clock clk (rise edge)
                            0.000    0.000   clock source latency
                   0.000    0.000    0.000 ^ clk (in)
     1    0.050                              clk (net)
                   0.007    0.003    0.003 ^ clkbuf_0_clk/I (gf180mcu_fd_sc_mcu7t5v0__clkbuf_16)
                   0.123    0.234    0.237 ^ clkbuf_0_clk/Z (gf180mcu_fd_sc_mcu7t5v0__clkbuf_16)
     2    0.060                              clknet_0_clk (net)
                   0.123    0.001    0.237 ^ clkbuf_1_1__f_clk/I (gf180mcu_fd_sc_mcu7t5v0__clkbuf_16)
                   0.211    0.316    0.554 ^ clkbuf_1_1__f_clk/Z (gf180mcu_fd_sc_mcu7t5v0__clkbuf_16)
     5    0.158                              clknet_1_1__leaf_clk (net)
                   0.211    0.003    0.556 ^ clkbuf_leaf_2_clk/I (gf180mcu_fd_sc_mcu7t5v0__clkbuf_16)
                   0.324    0.407    0.963 ^ clkbuf_leaf_2_clk/Z (gf180mcu_fd_sc_mcu7t5v0__clkbuf_16)
    61    0.280                              clknet_leaf_2_clk (net)
                   0.324    0.005    0.968 ^ _09755_/CLK (gf180mcu_fd_sc_mcu7t5v0__dffq_1)
                            0.000    0.968   clock reconvergence pessimism
                            0.126    1.094   library hold time
                                     1.094   data required time
---------------------------------------------------------------------------------
                                     1.094   data required time
                                    -1.947   data arrival time
---------------------------------------------------------------------------------
                                     0.853   slack (MET)


Startpoint: _09410_ (rising edge-triggered flip-flop clocked by clk)
Endpoint: _09410_ (rising edge-triggered flip-flop clocked by clk)
Path Group: clk
Path Type: min

Fanout      Cap     Slew    Delay     Time   Description
---------------------------------------------------------------------------------
                            0.000    0.000   clock clk (rise edge)
                            0.000    0.000   clock source latency
                   0.000    0.000    0.000 ^ clk (in)
     1    0.050                              clk (net)
                   0.007    0.003    0.003 ^ clkbuf_0_clk/I (gf180mcu_fd_sc_mcu7t5v0__clkbuf_16)
                   0.123    0.234    0.237 ^ clkbuf_0_clk/Z (gf180mcu_fd_sc_mcu7t5v0__clkbuf_16)
     2    0.060                              clknet_0_clk (net)
                   0.123    0.001    0.238 ^ clkbuf_1_0__f_clk/I (gf180mcu_fd_sc_mcu7t5v0__clkbuf_16)
                   0.278    0.359    0.597 ^ clkbuf_1_0__f_clk/Z (gf180mcu_fd_sc_mcu7t5v0__clkbuf_16)
     7    0.231                              clknet_1_0__leaf_clk (net)
                   0.278    0.002    0.599 ^ clkbuf_leaf_9_clk/I (gf180mcu_fd_sc_mcu7t5v0__clkbuf_16)
                   0.301    0.405    1.004 ^ clkbuf_leaf_9_clk/Z (gf180mcu_fd_sc_mcu7t5v0__clkbuf_16)
    57    0.256                              clknet_leaf_9_clk (net)
                   0.301    0.001    1.005 ^ _09410_/CLK (gf180mcu_fd_sc_mcu7t5v0__dffq_1)
                   0.182    0.748    1.754 v _09410_/Q (gf180mcu_fd_sc_mcu7t5v0__dffq_1)
     2    0.013                              u_core.u_sram.mem[7][0] (net)
                   0.182    0.000    1.754 v _04858_/I (gf180mcu_fd_sc_mcu7t5v0__clkinv_1)
                   0.160    0.137    1.891 ^ _04858_/ZN (gf180mcu_fd_sc_mcu7t5v0__clkinv_1)
     1    0.006                              _00770_ (net)
                   0.160    0.000    1.891 ^ _05225_/A1 (gf180mcu_fd_sc_mcu7t5v0__oai22_1)
                   0.104    0.093    1.984 v _05225_/ZN (gf180mcu_fd_sc_mcu7t5v0__oai22_1)
     1    0.003                              _00024_ (net)
                   0.104    0.000    1.984 v _09410_/D (gf180mcu_fd_sc_mcu7t5v0__dffq_1)
                                     1.984   data arrival time

                            0.000    0.000   clock clk (rise edge)
                            0.000    0.000   clock source latency
                   0.000    0.000    0.000 ^ clk (in)
     1    0.050                              clk (net)
                   0.007    0.003    0.003 ^ clkbuf_0_clk/I (gf180mcu_fd_sc_mcu7t5v0__clkbuf_16)
                   0.123    0.234    0.237 ^ clkbuf_0_clk/Z (gf180mcu_fd_sc_mcu7t5v0__clkbuf_16)
     2    0.060                              clknet_0_clk (net)
                   0.123    0.001    0.238 ^ clkbuf_1_0__f_clk/I (gf180mcu_fd_sc_mcu7t5v0__clkbuf_16)
                   0.278    0.359    0.597 ^ clkbuf_1_0__f_clk/Z (gf180mcu_fd_sc_mcu7t5v0__clkbuf_16)
     7    0.231                              clknet_1_0__leaf_clk (net)
                   0.278    0.002    0.599 ^ clkbuf_leaf_9_clk/I (gf180mcu_fd_sc_mcu7t5v0__clkbuf_16)
                   0.301    0.405    1.004 ^ clkbuf_leaf_9_clk/Z (gf180mcu_fd_sc_mcu7t5v0__clkbuf_16)
    57    0.256                              clknet_leaf_9_clk (net)
                   0.301    0.001    1.005 ^ _09410_/CLK (gf180mcu_fd_sc_mcu7t5v0__dffq_1)
                            0.000    1.005   clock reconvergence pessimism
                            0.124    1.129   library hold time
                                     1.129   data required time
---------------------------------------------------------------------------------
                                     1.129   data required time
                                    -1.984   data arrival time
---------------------------------------------------------------------------------
                                     0.855   slack (MET)


Startpoint: _09412_ (rising edge-triggered flip-flop clocked by clk)
Endpoint: _09412_ (rising edge-triggered flip-flop clocked by clk)
Path Group: clk
Path Type: min

Fanout      Cap     Slew    Delay     Time   Description
---------------------------------------------------------------------------------
                            0.000    0.000   clock clk (rise edge)
                            0.000    0.000   clock source latency
                   0.000    0.000    0.000 ^ clk (in)
     1    0.050                              clk (net)
                   0.007    0.003    0.003 ^ clkbuf_0_clk/I (gf180mcu_fd_sc_mcu7t5v0__clkbuf_16)
                   0.123    0.234    0.237 ^ clkbuf_0_clk/Z (gf180mcu_fd_sc_mcu7t5v0__clkbuf_16)
     2    0.060                              clknet_0_clk (net)
                   0.123    0.001    0.238 ^ clkbuf_1_0__f_clk/I (gf180mcu_fd_sc_mcu7t5v0__clkbuf_16)
                   0.278    0.359    0.597 ^ clkbuf_1_0__f_clk/Z (gf180mcu_fd_sc_mcu7t5v0__clkbuf_16)
     7    0.231                              clknet_1_0__leaf_clk (net)
                   0.278    0.002    0.599 ^ clkbuf_leaf_9_clk/I (gf180mcu_fd_sc_mcu7t5v0__clkbuf_16)
                   0.301    0.405    1.004 ^ clkbuf_leaf_9_clk/Z (gf180mcu_fd_sc_mcu7t5v0__clkbuf_16)
    57    0.256                              clknet_leaf_9_clk (net)
                   0.301    0.003    1.007 ^ _09412_/CLK (gf180mcu_fd_sc_mcu7t5v0__dffq_1)
                   0.169    0.738    1.745 v _09412_/Q (gf180mcu_fd_sc_mcu7t5v0__dffq_1)
     2    0.011                              u_core.u_sram.mem[7][2] (net)
                   0.169    0.000    1.745 v _04922_/I (gf180mcu_fd_sc_mcu7t5v0__clkinv_1)
                   0.164    0.140    1.885 ^ _04922_/ZN (gf180mcu_fd_sc_mcu7t5v0__clkinv_1)
     1    0.007                              _00834_ (net)
                   0.164    0.000    1.885 ^ _05231_/A1 (gf180mcu_fd_sc_mcu7t5v0__oai22_1)
                   0.111    0.100    1.984 v _05231_/ZN (gf180mcu_fd_sc_mcu7t5v0__oai22_1)
     1    0.004                              _00026_ (net)
                   0.111    0.000    1.984 v _09412_/D (gf180mcu_fd_sc_mcu7t5v0__dffq_1)
                                     1.984   data arrival time

                            0.000    0.000   clock clk (rise edge)
                            0.000    0.000   clock source latency
                   0.000    0.000    0.000 ^ clk (in)
     1    0.050                              clk (net)
                   0.007    0.003    0.003 ^ clkbuf_0_clk/I (gf180mcu_fd_sc_mcu7t5v0__clkbuf_16)
                   0.123    0.234    0.237 ^ clkbuf_0_clk/Z (gf180mcu_fd_sc_mcu7t5v0__clkbuf_16)
     2    0.060                              clknet_0_clk (net)
                   0.123    0.001    0.238 ^ clkbuf_1_0__f_clk/I (gf180mcu_fd_sc_mcu7t5v0__clkbuf_16)
                   0.278    0.359    0.597 ^ clkbuf_1_0__f_clk/Z (gf180mcu_fd_sc_mcu7t5v0__clkbuf_16)
     7    0.231                              clknet_1_0__leaf_clk (net)
                   0.278    0.002    0.599 ^ clkbuf_leaf_9_clk/I (gf180mcu_fd_sc_mcu7t5v0__clkbuf_16)
                   0.301    0.405    1.004 ^ clkbuf_leaf_9_clk/Z (gf180mcu_fd_sc_mcu7t5v0__clkbuf_16)
    57    0.256                              clknet_leaf_9_clk (net)
                   0.301    0.003    1.007 ^ _09412_/CLK (gf180mcu_fd_sc_mcu7t5v0__dffq_1)
                            0.000    1.007   clock reconvergence pessimism
                            0.122    1.129   library hold time
                                     1.129   data required time
---------------------------------------------------------------------------------
                                     1.129   data required time
                                    -1.984   data arrival time
---------------------------------------------------------------------------------
                                     0.855   slack (MET)


Startpoint: _09416_ (rising edge-triggered flip-flop clocked by clk)
Endpoint: _09416_ (rising edge-triggered flip-flop clocked by clk)
Path Group: clk
Path Type: min

Fanout      Cap     Slew    Delay     Time   Description
---------------------------------------------------------------------------------
                            0.000    0.000   clock clk (rise edge)
                            0.000    0.000   clock source latency
                   0.000    0.000    0.000 ^ clk (in)
     1    0.050                              clk (net)
                   0.007    0.003    0.003 ^ clkbuf_0_clk/I (gf180mcu_fd_sc_mcu7t5v0__clkbuf_16)
                   0.123    0.234    0.237 ^ clkbuf_0_clk/Z (gf180mcu_fd_sc_mcu7t5v0__clkbuf_16)
     2    0.060                              clknet_0_clk (net)
                   0.123    0.001    0.238 ^ clkbuf_1_0__f_clk/I (gf180mcu_fd_sc_mcu7t5v0__clkbuf_16)
                   0.278    0.359    0.597 ^ clkbuf_1_0__f_clk/Z (gf180mcu_fd_sc_mcu7t5v0__clkbuf_16)
     7    0.231                              clknet_1_0__leaf_clk (net)
                   0.278    0.002    0.599 ^ clkbuf_leaf_9_clk/I (gf180mcu_fd_sc_mcu7t5v0__clkbuf_16)
                   0.301    0.405    1.004 ^ clkbuf_leaf_9_clk/Z (gf180mcu_fd_sc_mcu7t5v0__clkbuf_16)
    57    0.256                              clknet_leaf_9_clk (net)
                   0.301    0.007    1.011 ^ _09416_/CLK (gf180mcu_fd_sc_mcu7t5v0__dffq_1)
                   0.171    0.740    1.751 v _09416_/Q (gf180mcu_fd_sc_mcu7t5v0__dffq_1)
     2    0.012                              u_core.u_sram.mem[7][6] (net)
                   0.171    0.000    1.751 v _05050_/I (gf180mcu_fd_sc_mcu7t5v0__clkinv_1)
                   0.162    0.136    1.886 ^ _05050_/ZN (gf180mcu_fd_sc_mcu7t5v0__clkinv_1)
     1    0.006                              _00962_ (net)
                   0.162    0.000    1.886 ^ _05243_/A1 (gf180mcu_fd_sc_mcu7t5v0__oai22_1)
                   0.114    0.102    1.989 v _05243_/ZN (gf180mcu_fd_sc_mcu7t5v0__oai22_1)
     1    0.004                              _00030_ (net)
                   0.114    0.000    1.989 v _09416_/D (gf180mcu_fd_sc_mcu7t5v0__dffq_1)
                                     1.989   data arrival time

                            0.000    0.000   clock clk (rise edge)
                            0.000    0.000   clock source latency
                   0.000    0.000    0.000 ^ clk (in)
     1    0.050                              clk (net)
                   0.007    0.003    0.003 ^ clkbuf_0_clk/I (gf180mcu_fd_sc_mcu7t5v0__clkbuf_16)
                   0.123    0.234    0.237 ^ clkbuf_0_clk/Z (gf180mcu_fd_sc_mcu7t5v0__clkbuf_16)
     2    0.060                              clknet_0_clk (net)
                   0.123    0.001    0.238 ^ clkbuf_1_0__f_clk/I (gf180mcu_fd_sc_mcu7t5v0__clkbuf_16)
                   0.278    0.359    0.597 ^ clkbuf_1_0__f_clk/Z (gf180mcu_fd_sc_mcu7t5v0__clkbuf_16)
     7    0.231                              clknet_1_0__leaf_clk (net)
                   0.278    0.002    0.599 ^ clkbuf_leaf_9_clk/I (gf180mcu_fd_sc_mcu7t5v0__clkbuf_16)
                   0.301    0.405    1.004 ^ clkbuf_leaf_9_clk/Z (gf180mcu_fd_sc_mcu7t5v0__clkbuf_16)
    57    0.256                              clknet_leaf_9_clk (net)
                   0.301    0.007    1.011 ^ _09416_/CLK (gf180mcu_fd_sc_mcu7t5v0__dffq_1)
                            0.000    1.011   clock reconvergence pessimism
                            0.122    1.133   library hold time
                                     1.133   data required time
---------------------------------------------------------------------------------
                                     1.133   data required time
                                    -1.989   data arrival time
---------------------------------------------------------------------------------
                                     0.856   slack (MET)


Startpoint: _09417_ (rising edge-triggered flip-flop clocked by clk)
Endpoint: _09417_ (rising edge-triggered flip-flop clocked by clk)
Path Group: clk
Path Type: min

Fanout      Cap     Slew    Delay     Time   Description
---------------------------------------------------------------------------------
                            0.000    0.000   clock clk (rise edge)
                            0.000    0.000   clock source latency
                   0.000    0.000    0.000 ^ clk (in)
     1    0.050                              clk (net)
                   0.007    0.003    0.003 ^ clkbuf_0_clk/I (gf180mcu_fd_sc_mcu7t5v0__clkbuf_16)
                   0.123    0.234    0.237 ^ clkbuf_0_clk/Z (gf180mcu_fd_sc_mcu7t5v0__clkbuf_16)
     2    0.060                              clknet_0_clk (net)
                   0.123    0.001    0.238 ^ clkbuf_1_0__f_clk/I (gf180mcu_fd_sc_mcu7t5v0__clkbuf_16)
                   0.278    0.359    0.597 ^ clkbuf_1_0__f_clk/Z (gf180mcu_fd_sc_mcu7t5v0__clkbuf_16)
     7    0.231                              clknet_1_0__leaf_clk (net)
                   0.278    0.002    0.599 ^ clkbuf_leaf_9_clk/I (gf180mcu_fd_sc_mcu7t5v0__clkbuf_16)
                   0.301    0.405    1.004 ^ clkbuf_leaf_9_clk/Z (gf180mcu_fd_sc_mcu7t5v0__clkbuf_16)
    57    0.256                              clknet_leaf_9_clk (net)
                   0.301    0.006    1.010 ^ _09417_/CLK (gf180mcu_fd_sc_mcu7t5v0__dffq_1)
                   0.175    0.743    1.753 v _09417_/Q (gf180mcu_fd_sc_mcu7t5v0__dffq_1)
     2    0.012                              u_core.u_sram.mem[7][7] (net)
                   0.175    0.000    1.753 v _05082_/I (gf180mcu_fd_sc_mcu7t5v0__clkinv_1)
                   0.168    0.140    1.893 ^ _05082_/ZN (gf180mcu_fd_sc_mcu7t5v0__clkinv_1)
     1    0.007                              _00994_ (net)
                   0.168    0.000    1.893 ^ _05246_/A1 (gf180mcu_fd_sc_mcu7t5v0__oai22_1)
                   0.108    0.096    1.989 v _05246_/ZN (gf180mcu_fd_sc_mcu7t5v0__oai22_1)
     1    0.004                              _00031_ (net)
                   0.108    0.000    1.989 v _09417_/D (gf180mcu_fd_sc_mcu7t5v0__dffq_1)
                                     1.989   data arrival time

                            0.000    0.000   clock clk (rise edge)
                            0.000    0.000   clock source latency
                   0.000    0.000    0.000 ^ clk (in)
     1    0.050                              clk (net)
                   0.007    0.003    0.003 ^ clkbuf_0_clk/I (gf180mcu_fd_sc_mcu7t5v0__clkbuf_16)
                   0.123    0.234    0.237 ^ clkbuf_0_clk/Z (gf180mcu_fd_sc_mcu7t5v0__clkbuf_16)
     2    0.060                              clknet_0_clk (net)
                   0.123    0.001    0.238 ^ clkbuf_1_0__f_clk/I (gf180mcu_fd_sc_mcu7t5v0__clkbuf_16)
                   0.278    0.359    0.597 ^ clkbuf_1_0__f_clk/Z (gf180mcu_fd_sc_mcu7t5v0__clkbuf_16)
     7    0.231                              clknet_1_0__leaf_clk (net)
                   0.278    0.002    0.599 ^ clkbuf_leaf_9_clk/I (gf180mcu_fd_sc_mcu7t5v0__clkbuf_16)
                   0.301    0.405    1.004 ^ clkbuf_leaf_9_clk/Z (gf180mcu_fd_sc_mcu7t5v0__clkbuf_16)
    57    0.256                              clknet_leaf_9_clk (net)
                   0.301    0.006    1.010 ^ _09417_/CLK (gf180mcu_fd_sc_mcu7t5v0__dffq_1)
                            0.000    1.010   clock reconvergence pessimism
                            0.123    1.133   library hold time
                                     1.133   data required time
---------------------------------------------------------------------------------
                                     1.133   data required time
                                    -1.989   data arrival time
---------------------------------------------------------------------------------
                                     0.856   slack (MET)


Startpoint: _09754_ (rising edge-triggered flip-flop clocked by clk)
Endpoint: _09754_ (rising edge-triggered flip-flop clocked by clk)
Path Group: clk
Path Type: min

Fanout      Cap     Slew    Delay     Time   Description
---------------------------------------------------------------------------------
                            0.000    0.000   clock clk (rise edge)
                            0.000    0.000   clock source latency
                   0.000    0.000    0.000 ^ clk (in)
     1    0.050                              clk (net)
                   0.007    0.003    0.003 ^ clkbuf_0_clk/I (gf180mcu_fd_sc_mcu7t5v0__clkbuf_16)
                   0.123    0.234    0.237 ^ clkbuf_0_clk/Z (gf180mcu_fd_sc_mcu7t5v0__clkbuf_16)
     2    0.060                              clknet_0_clk (net)
                   0.123    0.001    0.237 ^ clkbuf_1_1__f_clk/I (gf180mcu_fd_sc_mcu7t5v0__clkbuf_16)
                   0.211    0.316    0.554 ^ clkbuf_1_1__f_clk/Z (gf180mcu_fd_sc_mcu7t5v0__clkbuf_16)
     5    0.158                              clknet_1_1__leaf_clk (net)
                   0.211    0.003    0.556 ^ clkbuf_leaf_2_clk/I (gf180mcu_fd_sc_mcu7t5v0__clkbuf_16)
                   0.324    0.407    0.963 ^ clkbuf_leaf_2_clk/Z (gf180mcu_fd_sc_mcu7t5v0__clkbuf_16)
    61    0.280                              clknet_leaf_2_clk (net)
                   0.324    0.005    0.968 ^ _09754_/CLK (gf180mcu_fd_sc_mcu7t5v0__dffq_1)
                   0.174    0.747    1.715 v _09754_/Q (gf180mcu_fd_sc_mcu7t5v0__dffq_1)
     2    0.012                              u_core.u_uart.rx_data[0] (net)
                   0.174    0.000    1.715 v _04748_/I (gf180mcu_fd_sc_mcu7t5v0__clkinv_1)
                   0.162    0.138    1.853 ^ _04748_/ZN (gf180mcu_fd_sc_mcu7t5v0__clkinv_1)
     1    0.007                              _00660_ (net)
                   0.162    0.000    1.854 ^ _08784_/A1 (gf180mcu_fd_sc_mcu7t5v0__aoi21_1)
                   0.117    0.102    1.956 v _08784_/ZN (gf180mcu_fd_sc_mcu7t5v0__aoi21_1)
     1    0.003                              _00344_ (net)
                   0.117    0.000    1.956 v _09754_/D (gf180mcu_fd_sc_mcu7t5v0__dffq_1)
                                     1.956   data arrival time

                            0.000    0.000   clock clk (rise edge)
                            0.000    0.000   clock source latency
                   0.000    0.000    0.000 ^ clk (in)
     1    0.050                              clk (net)
                   0.007    0.003    0.003 ^ clkbuf_0_clk/I (gf180mcu_fd_sc_mcu7t5v0__clkbuf_16)
                   0.123    0.234    0.237 ^ clkbuf_0_clk/Z (gf180mcu_fd_sc_mcu7t5v0__clkbuf_16)
     2    0.060                              clknet_0_clk (net)
                   0.123    0.001    0.237 ^ clkbuf_1_1__f_clk/I (gf180mcu_fd_sc_mcu7t5v0__clkbuf_16)
                   0.211    0.316    0.554 ^ clkbuf_1_1__f_clk/Z (gf180mcu_fd_sc_mcu7t5v0__clkbuf_16)
     5    0.158                              clknet_1_1__leaf_clk (net)
                   0.211    0.003    0.556 ^ clkbuf_leaf_2_clk/I (gf180mcu_fd_sc_mcu7t5v0__clkbuf_16)
                   0.324    0.407    0.963 ^ clkbuf_leaf_2_clk/Z (gf180mcu_fd_sc_mcu7t5v0__clkbuf_16)
    61    0.280                              clknet_leaf_2_clk (net)
                   0.324    0.005    0.968 ^ _09754_/CLK (gf180mcu_fd_sc_mcu7t5v0__dffq_1)
                            0.000    0.968   clock reconvergence pessimism
                            0.126    1.094   library hold time
                                     1.094   data required time
---------------------------------------------------------------------------------
                                     1.094   data required time
                                    -1.956   data arrival time
---------------------------------------------------------------------------------
                                     0.861   slack (MET)


Startpoint: _09746_ (rising edge-triggered flip-flop clocked by clk)
Endpoint: _09746_ (rising edge-triggered flip-flop clocked by clk)
Path Group: clk
Path Type: min

Fanout      Cap     Slew    Delay     Time   Description
---------------------------------------------------------------------------------
                            0.000    0.000   clock clk (rise edge)
                            0.000    0.000   clock source latency
                   0.000    0.000    0.000 ^ clk (in)
     1    0.050                              clk (net)
                   0.007    0.003    0.003 ^ clkbuf_0_clk/I (gf180mcu_fd_sc_mcu7t5v0__clkbuf_16)
                   0.123    0.234    0.237 ^ clkbuf_0_clk/Z (gf180mcu_fd_sc_mcu7t5v0__clkbuf_16)
     2    0.060                              clknet_0_clk (net)
                   0.123    0.001    0.237 ^ clkbuf_1_1__f_clk/I (gf180mcu_fd_sc_mcu7t5v0__clkbuf_16)
                   0.211    0.316    0.554 ^ clkbuf_1_1__f_clk/Z (gf180mcu_fd_sc_mcu7t5v0__clkbuf_16)
     5    0.158                              clknet_1_1__leaf_clk (net)
                   0.211    0.003    0.556 ^ clkbuf_leaf_2_clk/I (gf180mcu_fd_sc_mcu7t5v0__clkbuf_16)
                   0.324    0.407    0.963 ^ clkbuf_leaf_2_clk/Z (gf180mcu_fd_sc_mcu7t5v0__clkbuf_16)
    61    0.280                              clknet_leaf_2_clk (net)
                   0.325    0.005    0.968 ^ _09746_/CLK (gf180mcu_fd_sc_mcu7t5v0__dffq_1)
                   0.165    0.740    1.708 v _09746_/Q (gf180mcu_fd_sc_mcu7t5v0__dffq_1)
     2    0.011                              u_core.u_uart.rx_shift[0] (net)
                   0.165    0.000    1.708 v _04749_/I (gf180mcu_fd_sc_mcu7t5v0__clkinv_1)
                   0.165    0.137    1.845 ^ _04749_/ZN (gf180mcu_fd_sc_mcu7t5v0__clkinv_1)
     1    0.007                              _00661_ (net)
                   0.165    0.000    1.845 ^ _08768_/A1 (gf180mcu_fd_sc_mcu7t5v0__aoi21_1)
                   0.130    0.112    1.957 v _08768_/ZN (gf180mcu_fd_sc_mcu7t5v0__aoi21_1)
     1    0.004                              _00336_ (net)
                   0.130    0.000    1.957 v _09746_/D (gf180mcu_fd_sc_mcu7t5v0__dffq_1)
                                     1.957   data arrival time

                            0.000    0.000   clock clk (rise edge)
                            0.000    0.000   clock source latency
                   0.000    0.000    0.000 ^ clk (in)
     1    0.050                              clk (net)
                   0.007    0.003    0.003 ^ clkbuf_0_clk/I (gf180mcu_fd_sc_mcu7t5v0__clkbuf_16)
                   0.123    0.234    0.237 ^ clkbuf_0_clk/Z (gf180mcu_fd_sc_mcu7t5v0__clkbuf_16)
     2    0.060                              clknet_0_clk (net)
                   0.123    0.001    0.237 ^ clkbuf_1_1__f_clk/I (gf180mcu_fd_sc_mcu7t5v0__clkbuf_16)
                   0.211    0.316    0.554 ^ clkbuf_1_1__f_clk/Z (gf180mcu_fd_sc_mcu7t5v0__clkbuf_16)
     5    0.158                              clknet_1_1__leaf_clk (net)
                   0.211    0.003    0.556 ^ clkbuf_leaf_2_clk/I (gf180mcu_fd_sc_mcu7t5v0__clkbuf_16)
                   0.324    0.407    0.963 ^ clkbuf_leaf_2_clk/Z (gf180mcu_fd_sc_mcu7t5v0__clkbuf_16)
    61    0.280                              clknet_leaf_2_clk (net)
                   0.325    0.005    0.968 ^ _09746_/CLK (gf180mcu_fd_sc_mcu7t5v0__dffq_1)
                            0.000    0.968   clock reconvergence pessimism
                            0.124    1.092   library hold time
                                     1.092   data required time
---------------------------------------------------------------------------------
                                     1.092   data required time
                                    -1.957   data arrival time
---------------------------------------------------------------------------------
                                     0.865   slack (MET)


Startpoint: _09756_ (rising edge-triggered flip-flop clocked by clk)
Endpoint: _09756_ (rising edge-triggered flip-flop clocked by clk)
Path Group: clk
Path Type: min

Fanout      Cap     Slew    Delay     Time   Description
---------------------------------------------------------------------------------
                            0.000    0.000   clock clk (rise edge)
                            0.000    0.000   clock source latency
                   0.000    0.000    0.000 ^ clk (in)
     1    0.050                              clk (net)
                   0.007    0.003    0.003 ^ clkbuf_0_clk/I (gf180mcu_fd_sc_mcu7t5v0__clkbuf_16)
                   0.123    0.234    0.237 ^ clkbuf_0_clk/Z (gf180mcu_fd_sc_mcu7t5v0__clkbuf_16)
     2    0.060                              clknet_0_clk (net)
                   0.123    0.001    0.237 ^ clkbuf_1_1__f_clk/I (gf180mcu_fd_sc_mcu7t5v0__clkbuf_16)
                   0.211    0.316    0.554 ^ clkbuf_1_1__f_clk/Z (gf180mcu_fd_sc_mcu7t5v0__clkbuf_16)
     5    0.158                              clknet_1_1__leaf_clk (net)
                   0.211    0.003    0.556 ^ clkbuf_leaf_2_clk/I (gf180mcu_fd_sc_mcu7t5v0__clkbuf_16)
                   0.324    0.407    0.963 ^ clkbuf_leaf_2_clk/Z (gf180mcu_fd_sc_mcu7t5v0__clkbuf_16)
    61    0.280                              clknet_leaf_2_clk (net)
                   0.324    0.005    0.968 ^ _09756_/CLK (gf180mcu_fd_sc_mcu7t5v0__dffq_1)
                   0.167    0.741    1.710 v _09756_/Q (gf180mcu_fd_sc_mcu7t5v0__dffq_1)
     2    0.011                              u_core.u_uart.rx_data[2] (net)
                   0.167    0.000    1.710 v _04744_/I (gf180mcu_fd_sc_mcu7t5v0__clkinv_1)
                   0.162    0.138    1.847 ^ _04744_/ZN (gf180mcu_fd_sc_mcu7t5v0__clkinv_1)
     1    0.007                              _00656_ (net)
                   0.162    0.000    1.847 ^ _08788_/A1 (gf180mcu_fd_sc_mcu7t5v0__aoi21_1)
                   0.130    0.112    1.959 v _08788_/ZN (gf180mcu_fd_sc_mcu7t5v0__aoi21_1)
     1    0.004                              _00346_ (net)
                   0.130    0.000    1.959 v _09756_/D (gf180mcu_fd_sc_mcu7t5v0__dffq_1)
                                     1.959   data arrival time

                            0.000    0.000   clock clk (rise edge)
                            0.000    0.000   clock source latency
                   0.000    0.000    0.000 ^ clk (in)
     1    0.050                              clk (net)
                   0.007    0.003    0.003 ^ clkbuf_0_clk/I (gf180mcu_fd_sc_mcu7t5v0__clkbuf_16)
                   0.123    0.234    0.237 ^ clkbuf_0_clk/Z (gf180mcu_fd_sc_mcu7t5v0__clkbuf_16)
     2    0.060                              clknet_0_clk (net)
                   0.123    0.001    0.237 ^ clkbuf_1_1__f_clk/I (gf180mcu_fd_sc_mcu7t5v0__clkbuf_16)
                   0.211    0.316    0.554 ^ clkbuf_1_1__f_clk/Z (gf180mcu_fd_sc_mcu7t5v0__clkbuf_16)
     5    0.158                              clknet_1_1__leaf_clk (net)
                   0.211    0.003    0.556 ^ clkbuf_leaf_2_clk/I (gf180mcu_fd_sc_mcu7t5v0__clkbuf_16)
                   0.324    0.407    0.963 ^ clkbuf_leaf_2_clk/Z (gf180mcu_fd_sc_mcu7t5v0__clkbuf_16)
    61    0.280                              clknet_leaf_2_clk (net)
                   0.324    0.005    0.968 ^ _09756_/CLK (gf180mcu_fd_sc_mcu7t5v0__dffq_1)
                            0.000    0.968   clock reconvergence pessimism
                            0.124    1.092   library hold time
                                     1.092   data required time
---------------------------------------------------------------------------------
                                     1.092   data required time
                                    -1.959   data arrival time
---------------------------------------------------------------------------------
                                     0.867   slack (MET)


Startpoint: _09411_ (rising edge-triggered flip-flop clocked by clk)
Endpoint: _09411_ (rising edge-triggered flip-flop clocked by clk)
Path Group: clk
Path Type: min

Fanout      Cap     Slew    Delay     Time   Description
---------------------------------------------------------------------------------
                            0.000    0.000   clock clk (rise edge)
                            0.000    0.000   clock source latency
                   0.000    0.000    0.000 ^ clk (in)
     1    0.050                              clk (net)
                   0.007    0.003    0.003 ^ clkbuf_0_clk/I (gf180mcu_fd_sc_mcu7t5v0__clkbuf_16)
                   0.123    0.234    0.237 ^ clkbuf_0_clk/Z (gf180mcu_fd_sc_mcu7t5v0__clkbuf_16)
     2    0.060                              clknet_0_clk (net)
                   0.123    0.001    0.238 ^ clkbuf_1_0__f_clk/I (gf180mcu_fd_sc_mcu7t5v0__clkbuf_16)
                   0.278    0.359    0.597 ^ clkbuf_1_0__f_clk/Z (gf180mcu_fd_sc_mcu7t5v0__clkbuf_16)
     7    0.231                              clknet_1_0__leaf_clk (net)
                   0.278    0.002    0.599 ^ clkbuf_leaf_9_clk/I (gf180mcu_fd_sc_mcu7t5v0__clkbuf_16)
                   0.301    0.405    1.004 ^ clkbuf_leaf_9_clk/Z (gf180mcu_fd_sc_mcu7t5v0__clkbuf_16)
    57    0.256                              clknet_leaf_9_clk (net)
                   0.301    0.003    1.007 ^ _09411_/CLK (gf180mcu_fd_sc_mcu7t5v0__dffq_1)
                   0.185    0.751    1.757 v _09411_/Q (gf180mcu_fd_sc_mcu7t5v0__dffq_1)
     2    0.013                              u_core.u_sram.mem[7][1] (net)
                   0.185    0.000    1.757 v _04890_/I (gf180mcu_fd_sc_mcu7t5v0__clkinv_1)
                   0.174    0.148    1.905 ^ _04890_/ZN (gf180mcu_fd_sc_mcu7t5v0__clkinv_1)
     1    0.007                              _00802_ (net)
                   0.174    0.000    1.905 ^ _05228_/A1 (gf180mcu_fd_sc_mcu7t5v0__oai22_1)
                   0.107    0.093    1.998 v _05228_/ZN (gf180mcu_fd_sc_mcu7t5v0__oai22_1)
     1    0.003                              _00025_ (net)
                   0.107    0.000    1.998 v _09411_/D (gf180mcu_fd_sc_mcu7t5v0__dffq_1)
                                     1.998   data arrival time

                            0.000    0.000   clock clk (rise edge)
                            0.000    0.000   clock source latency
                   0.000    0.000    0.000 ^ clk (in)
     1    0.050                              clk (net)
                   0.007    0.003    0.003 ^ clkbuf_0_clk/I (gf180mcu_fd_sc_mcu7t5v0__clkbuf_16)
                   0.123    0.234    0.237 ^ clkbuf_0_clk/Z (gf180mcu_fd_sc_mcu7t5v0__clkbuf_16)
     2    0.060                              clknet_0_clk (net)
                   0.123    0.001    0.238 ^ clkbuf_1_0__f_clk/I (gf180mcu_fd_sc_mcu7t5v0__clkbuf_16)
                   0.278    0.359    0.597 ^ clkbuf_1_0__f_clk/Z (gf180mcu_fd_sc_mcu7t5v0__clkbuf_16)
     7    0.231                              clknet_1_0__leaf_clk (net)
                   0.278    0.002    0.599 ^ clkbuf_leaf_9_clk/I (gf180mcu_fd_sc_mcu7t5v0__clkbuf_16)
                   0.301    0.405    1.004 ^ clkbuf_leaf_9_clk/Z (gf180mcu_fd_sc_mcu7t5v0__clkbuf_16)
    57    0.256                              clknet_leaf_9_clk (net)
                   0.301    0.003    1.007 ^ _09411_/CLK (gf180mcu_fd_sc_mcu7t5v0__dffq_1)
                            0.000    1.007   clock reconvergence pessimism
                            0.123    1.130   library hold time
                                     1.130   data required time
---------------------------------------------------------------------------------
                                     1.130   data required time
                                    -1.998   data arrival time
---------------------------------------------------------------------------------
                                     0.869   slack (MET)


Startpoint: _09413_ (rising edge-triggered flip-flop clocked by clk)
Endpoint: _09413_ (rising edge-triggered flip-flop clocked by clk)
Path Group: clk
Path Type: min

Fanout      Cap     Slew    Delay     Time   Description
---------------------------------------------------------------------------------
                            0.000    0.000   clock clk (rise edge)
                            0.000    0.000   clock source latency
                   0.000    0.000    0.000 ^ clk (in)
     1    0.050                              clk (net)
                   0.007    0.003    0.003 ^ clkbuf_0_clk/I (gf180mcu_fd_sc_mcu7t5v0__clkbuf_16)
                   0.123    0.234    0.237 ^ clkbuf_0_clk/Z (gf180mcu_fd_sc_mcu7t5v0__clkbuf_16)
     2    0.060                              clknet_0_clk (net)
                   0.123    0.001    0.238 ^ clkbuf_1_0__f_clk/I (gf180mcu_fd_sc_mcu7t5v0__clkbuf_16)
                   0.278    0.359    0.597 ^ clkbuf_1_0__f_clk/Z (gf180mcu_fd_sc_mcu7t5v0__clkbuf_16)
     7    0.231                              clknet_1_0__leaf_clk (net)
                   0.278    0.002    0.599 ^ clkbuf_leaf_9_clk/I (gf180mcu_fd_sc_mcu7t5v0__clkbuf_16)
                   0.301    0.405    1.004 ^ clkbuf_leaf_9_clk/Z (gf180mcu_fd_sc_mcu7t5v0__clkbuf_16)
    57    0.256                              clknet_leaf_9_clk (net)
                   0.301    0.002    1.006 ^ _09413_/CLK (gf180mcu_fd_sc_mcu7t5v0__dffq_1)
                   0.190    0.754    1.760 v _09413_/Q (gf180mcu_fd_sc_mcu7t5v0__dffq_1)
     2    0.014                              u_core.u_sram.mem[7][3] (net)
                   0.190    0.000    1.761 v _04954_/I (gf180mcu_fd_sc_mcu7t5v0__clkinv_1)
                   0.166    0.140    1.901 ^ _04954_/ZN (gf180mcu_fd_sc_mcu7t5v0__clkinv_1)
     1    0.006                              _00866_ (net)
                   0.166    0.000    1.901 ^ _05234_/A1 (gf180mcu_fd_sc_mcu7t5v0__oai22_1)
                   0.112    0.099    2.000 v _05234_/ZN (gf180mcu_fd_sc_mcu7t5v0__oai22_1)
     1    0.004                              _00027_ (net)
                   0.112    0.000    2.000 v _09413_/D (gf180mcu_fd_sc_mcu7t5v0__dffq_1)
                                     2.000   data arrival time

                            0.000    0.000   clock clk (rise edge)
                            0.000    0.000   clock source latency
                   0.000    0.000    0.000 ^ clk (in)
     1    0.050                              clk (net)
                   0.007    0.003    0.003 ^ clkbuf_0_clk/I (gf180mcu_fd_sc_mcu7t5v0__clkbuf_16)
                   0.123    0.234    0.237 ^ clkbuf_0_clk/Z (gf180mcu_fd_sc_mcu7t5v0__clkbuf_16)
     2    0.060                              clknet_0_clk (net)
                   0.123    0.001    0.238 ^ clkbuf_1_0__f_clk/I (gf180mcu_fd_sc_mcu7t5v0__clkbuf_16)
                   0.278    0.359    0.597 ^ clkbuf_1_0__f_clk/Z (gf180mcu_fd_sc_mcu7t5v0__clkbuf_16)
     7    0.231                              clknet_1_0__leaf_clk (net)
                   0.278    0.002    0.599 ^ clkbuf_leaf_9_clk/I (gf180mcu_fd_sc_mcu7t5v0__clkbuf_16)
                   0.301    0.405    1.004 ^ clkbuf_leaf_9_clk/Z (gf180mcu_fd_sc_mcu7t5v0__clkbuf_16)
    57    0.256                              clknet_leaf_9_clk (net)
                   0.301    0.002    1.006 ^ _09413_/CLK (gf180mcu_fd_sc_mcu7t5v0__dffq_1)
                            0.000    1.006   clock reconvergence pessimism
                            0.122    1.128   library hold time
                                     1.128   data required time
---------------------------------------------------------------------------------
                                     1.128   data required time
                                    -2.000   data arrival time
---------------------------------------------------------------------------------
                                     0.872   slack (MET)


Startpoint: _09757_ (rising edge-triggered flip-flop clocked by clk)
Endpoint: _09757_ (rising edge-triggered flip-flop clocked by clk)
Path Group: clk
Path Type: min

Fanout      Cap     Slew    Delay     Time   Description
---------------------------------------------------------------------------------
                            0.000    0.000   clock clk (rise edge)
                            0.000    0.000   clock source latency
                   0.000    0.000    0.000 ^ clk (in)
     1    0.050                              clk (net)
                   0.007    0.003    0.003 ^ clkbuf_0_clk/I (gf180mcu_fd_sc_mcu7t5v0__clkbuf_16)
                   0.123    0.234    0.237 ^ clkbuf_0_clk/Z (gf180mcu_fd_sc_mcu7t5v0__clkbuf_16)
     2    0.060                              clknet_0_clk (net)
                   0.123    0.001    0.237 ^ clkbuf_1_1__f_clk/I (gf180mcu_fd_sc_mcu7t5v0__clkbuf_16)
                   0.211    0.316    0.554 ^ clkbuf_1_1__f_clk/Z (gf180mcu_fd_sc_mcu7t5v0__clkbuf_16)
     5    0.158                              clknet_1_1__leaf_clk (net)
                   0.211    0.003    0.556 ^ clkbuf_leaf_2_clk/I (gf180mcu_fd_sc_mcu7t5v0__clkbuf_16)
                   0.324    0.407    0.963 ^ clkbuf_leaf_2_clk/Z (gf180mcu_fd_sc_mcu7t5v0__clkbuf_16)
    61    0.280                              clknet_leaf_2_clk (net)
                   0.324    0.005    0.968 ^ _09757_/CLK (gf180mcu_fd_sc_mcu7t5v0__dffq_1)
                   0.185    0.756    1.724 v _09757_/Q (gf180mcu_fd_sc_mcu7t5v0__dffq_1)
     2    0.013                              u_core.u_uart.rx_data[3] (net)
                   0.185    0.000    1.724 v _04742_/I (gf180mcu_fd_sc_mcu7t5v0__clkinv_1)
                   0.162    0.139    1.864 ^ _04742_/ZN (gf180mcu_fd_sc_mcu7t5v0__clkinv_1)
     1    0.006                              _00654_ (net)
                   0.162    0.000    1.864 ^ _08790_/A1 (gf180mcu_fd_sc_mcu7t5v0__aoi21_1)
                   0.119    0.104    1.967 v _08790_/ZN (gf180mcu_fd_sc_mcu7t5v0__aoi21_1)
     1    0.003                              _00347_ (net)
                   0.119    0.000    1.967 v _09757_/D (gf180mcu_fd_sc_mcu7t5v0__dffq_1)
                                     1.967   data arrival time

                            0.000    0.000   clock clk (rise edge)
                            0.000    0.000   clock source latency
                   0.000    0.000    0.000 ^ clk (in)
     1    0.050                              clk (net)
                   0.007    0.003    0.003 ^ clkbuf_0_clk/I (gf180mcu_fd_sc_mcu7t5v0__clkbuf_16)
                   0.123    0.234    0.237 ^ clkbuf_0_clk/Z (gf180mcu_fd_sc_mcu7t5v0__clkbuf_16)
     2    0.060                              clknet_0_clk (net)
                   0.123    0.001    0.237 ^ clkbuf_1_1__f_clk/I (gf180mcu_fd_sc_mcu7t5v0__clkbuf_16)
                   0.211    0.316    0.554 ^ clkbuf_1_1__f_clk/Z (gf180mcu_fd_sc_mcu7t5v0__clkbuf_16)
     5    0.158                              clknet_1_1__leaf_clk (net)
                   0.211    0.003    0.556 ^ clkbuf_leaf_2_clk/I (gf180mcu_fd_sc_mcu7t5v0__clkbuf_16)
                   0.324    0.407    0.963 ^ clkbuf_leaf_2_clk/Z (gf180mcu_fd_sc_mcu7t5v0__clkbuf_16)
    61    0.280                              clknet_leaf_2_clk (net)
                   0.324    0.005    0.968 ^ _09757_/CLK (gf180mcu_fd_sc_mcu7t5v0__dffq_1)
                            0.000    0.968   clock reconvergence pessimism
                            0.126    1.094   library hold time
                                     1.094   data required time
---------------------------------------------------------------------------------
                                     1.094   data required time
                                    -1.967   data arrival time
---------------------------------------------------------------------------------
                                     0.873   slack (MET)


Startpoint: _09903_ (rising edge-triggered flip-flop clocked by clk)
Endpoint: _09903_ (rising edge-triggered flip-flop clocked by clk)
Path Group: clk
Path Type: min

Fanout      Cap     Slew    Delay     Time   Description
---------------------------------------------------------------------------------
                            0.000    0.000   clock clk (rise edge)
                            0.000    0.000   clock source latency
                   0.000    0.000    0.000 ^ clk (in)
     1    0.050                              clk (net)
                   0.007    0.003    0.003 ^ clkbuf_0_clk/I (gf180mcu_fd_sc_mcu7t5v0__clkbuf_16)
                   0.123    0.234    0.237 ^ clkbuf_0_clk/Z (gf180mcu_fd_sc_mcu7t5v0__clkbuf_16)
     2    0.060                              clknet_0_clk (net)
                   0.123    0.001    0.238 ^ clkbuf_1_0__f_clk/I (gf180mcu_fd_sc_mcu7t5v0__clkbuf_16)
                   0.278    0.359    0.597 ^ clkbuf_1_0__f_clk/Z (gf180mcu_fd_sc_mcu7t5v0__clkbuf_16)
     7    0.231                              clknet_1_0__leaf_clk (net)
                   0.278    0.007    0.604 ^ clkbuf_leaf_0_clk/I (gf180mcu_fd_sc_mcu7t5v0__clkbuf_16)
                   0.309    0.412    1.015 ^ clkbuf_leaf_0_clk/Z (gf180mcu_fd_sc_mcu7t5v0__clkbuf_16)
    60    0.264                              clknet_leaf_0_clk (net)
                   0.309    0.005    1.020 ^ _09903_/CLK (gf180mcu_fd_sc_mcu7t5v0__dffq_1)
                   0.163    0.735    1.755 v _09903_/Q (gf180mcu_fd_sc_mcu7t5v0__dffq_1)
     2    0.011                              u_core.u_sram.mem[28][3] (net)
                   0.163    0.000    1.755 v _04975_/I (gf180mcu_fd_sc_mcu7t5v0__clkinv_1)
                   0.146    0.123    1.878 ^ _04975_/ZN (gf180mcu_fd_sc_mcu7t5v0__clkinv_1)
     1    0.005                              _00887_ (net)
                   0.146    0.000    1.878 ^ _09110_/B2 (gf180mcu_fd_sc_mcu7t5v0__oai22_1)
                   0.136    0.140    2.017 v _09110_/ZN (gf180mcu_fd_sc_mcu7t5v0__oai22_1)
     1    0.003                              _00493_ (net)
                   0.136    0.000    2.017 v _09903_/D (gf180mcu_fd_sc_mcu7t5v0__dffq_1)
                                     2.017   data arrival time

                            0.000    0.000   clock clk (rise edge)
                            0.000    0.000   clock source latency
                   0.000    0.000    0.000 ^ clk (in)
     1    0.050                              clk (net)
                   0.007    0.003    0.003 ^ clkbuf_0_clk/I (gf180mcu_fd_sc_mcu7t5v0__clkbuf_16)
                   0.123    0.234    0.237 ^ clkbuf_0_clk/Z (gf180mcu_fd_sc_mcu7t5v0__clkbuf_16)
     2    0.060                              clknet_0_clk (net)
                   0.123    0.001    0.238 ^ clkbuf_1_0__f_clk/I (gf180mcu_fd_sc_mcu7t5v0__clkbuf_16)
                   0.278    0.359    0.597 ^ clkbuf_1_0__f_clk/Z (gf180mcu_fd_sc_mcu7t5v0__clkbuf_16)
     7    0.231                              clknet_1_0__leaf_clk (net)
                   0.278    0.007    0.604 ^ clkbuf_leaf_0_clk/I (gf180mcu_fd_sc_mcu7t5v0__clkbuf_16)
                   0.309    0.412    1.015 ^ clkbuf_leaf_0_clk/Z (gf180mcu_fd_sc_mcu7t5v0__clkbuf_16)
    60    0.264                              clknet_leaf_0_clk (net)
                   0.309    0.005    1.020 ^ _09903_/CLK (gf180mcu_fd_sc_mcu7t5v0__dffq_1)
                            0.000    1.020   clock reconvergence pessimism
                            0.119    1.139   library hold time
                                     1.139   data required time
---------------------------------------------------------------------------------
                                     1.139   data required time
                                    -2.017   data arrival time
---------------------------------------------------------------------------------
                                     0.878   slack (MET)


Startpoint: _09724_ (rising edge-triggered flip-flop clocked by clk)
Endpoint: _09724_ (rising edge-triggered flip-flop clocked by clk)
Path Group: clk
Path Type: min

Fanout      Cap     Slew    Delay     Time   Description
---------------------------------------------------------------------------------
                            0.000    0.000   clock clk (rise edge)
                            0.000    0.000   clock source latency
                   0.000    0.000    0.000 ^ clk (in)
     1    0.050                              clk (net)
                   0.007    0.003    0.003 ^ clkbuf_0_clk/I (gf180mcu_fd_sc_mcu7t5v0__clkbuf_16)
                   0.123    0.234    0.237 ^ clkbuf_0_clk/Z (gf180mcu_fd_sc_mcu7t5v0__clkbuf_16)
     2    0.060                              clknet_0_clk (net)
                   0.123    0.001    0.238 ^ clkbuf_1_0__f_clk/I (gf180mcu_fd_sc_mcu7t5v0__clkbuf_16)
                   0.278    0.359    0.597 ^ clkbuf_1_0__f_clk/Z (gf180mcu_fd_sc_mcu7t5v0__clkbuf_16)
     7    0.231                              clknet_1_0__leaf_clk (net)
                   0.278    0.004    0.601 ^ clkbuf_leaf_1_clk/I (gf180mcu_fd_sc_mcu7t5v0__clkbuf_16)
                   0.301    0.406    1.007 ^ clkbuf_leaf_1_clk/Z (gf180mcu_fd_sc_mcu7t5v0__clkbuf_16)
    57    0.255                              clknet_leaf_1_clk (net)
                   0.301    0.003    1.010 ^ _09724_/CLK (gf180mcu_fd_sc_mcu7t5v0__dffq_1)
                   0.162    0.732    1.743 v _09724_/Q (gf180mcu_fd_sc_mcu7t5v0__dffq_1)
     2    0.011                              u_core.u_sram.mem[20][1] (net)
                   0.162    0.000    1.743 v _04903_/I (gf180mcu_fd_sc_mcu7t5v0__clkinv_1)
                   0.151    0.127    1.870 ^ _04903_/ZN (gf180mcu_fd_sc_mcu7t5v0__clkinv_1)
     1    0.006                              _00815_ (net)
                   0.151    0.000    1.870 ^ _08739_/B2 (gf180mcu_fd_sc_mcu7t5v0__oai22_1)
                   0.136    0.139    2.008 v _08739_/ZN (gf180mcu_fd_sc_mcu7t5v0__oai22_1)
     1    0.003                              _00318_ (net)
                   0.136    0.000    2.008 v _09724_/D (gf180mcu_fd_sc_mcu7t5v0__dffq_1)
                                     2.008   data arrival time

                            0.000    0.000   clock clk (rise edge)
                            0.000    0.000   clock source latency
                   0.000    0.000    0.000 ^ clk (in)
     1    0.050                              clk (net)
                   0.007    0.003    0.003 ^ clkbuf_0_clk/I (gf180mcu_fd_sc_mcu7t5v0__clkbuf_16)
                   0.123    0.234    0.237 ^ clkbuf_0_clk/Z (gf180mcu_fd_sc_mcu7t5v0__clkbuf_16)
     2    0.060                              clknet_0_clk (net)
                   0.123    0.001    0.238 ^ clkbuf_1_0__f_clk/I (gf180mcu_fd_sc_mcu7t5v0__clkbuf_16)
                   0.278    0.359    0.597 ^ clkbuf_1_0__f_clk/Z (gf180mcu_fd_sc_mcu7t5v0__clkbuf_16)
     7    0.231                              clknet_1_0__leaf_clk (net)
                   0.278    0.004    0.601 ^ clkbuf_leaf_1_clk/I (gf180mcu_fd_sc_mcu7t5v0__clkbuf_16)
                   0.301    0.406    1.007 ^ clkbuf_leaf_1_clk/Z (gf180mcu_fd_sc_mcu7t5v0__clkbuf_16)
    57    0.255                              clknet_leaf_1_clk (net)
                   0.301    0.003    1.010 ^ _09724_/CLK (gf180mcu_fd_sc_mcu7t5v0__dffq_1)
                            0.000    1.010   clock reconvergence pessimism
                            0.118    1.128   library hold time
                                     1.128   data required time
---------------------------------------------------------------------------------
                                     1.128   data required time
                                    -2.008   data arrival time
---------------------------------------------------------------------------------
                                     0.880   slack (MET)


Startpoint: _09588_ (rising edge-triggered flip-flop clocked by clk)
Endpoint: _09588_ (rising edge-triggered flip-flop clocked by clk)
Path Group: clk
Path Type: min

Fanout      Cap     Slew    Delay     Time   Description
---------------------------------------------------------------------------------
                            0.000    0.000   clock clk (rise edge)
                            0.000    0.000   clock source latency
                   0.000    0.000    0.000 ^ clk (in)
     1    0.050                              clk (net)
                   0.007    0.003    0.003 ^ clkbuf_0_clk/I (gf180mcu_fd_sc_mcu7t5v0__clkbuf_16)
                   0.123    0.234    0.237 ^ clkbuf_0_clk/Z (gf180mcu_fd_sc_mcu7t5v0__clkbuf_16)
     2    0.060                              clknet_0_clk (net)
                   0.123    0.001    0.238 ^ clkbuf_1_0__f_clk/I (gf180mcu_fd_sc_mcu7t5v0__clkbuf_16)
                   0.278    0.359    0.597 ^ clkbuf_1_0__f_clk/Z (gf180mcu_fd_sc_mcu7t5v0__clkbuf_16)
     7    0.231                              clknet_1_0__leaf_clk (net)
                   0.278    0.002    0.599 ^ clkbuf_leaf_10_clk/I (gf180mcu_fd_sc_mcu7t5v0__clkbuf_16)
                   0.310    0.412    1.011 ^ clkbuf_leaf_10_clk/Z (gf180mcu_fd_sc_mcu7t5v0__clkbuf_16)
    58    0.265                              clknet_leaf_10_clk (net)
                   0.310    0.003    1.014 ^ _09588_/CLK (gf180mcu_fd_sc_mcu7t5v0__dffq_1)
                   0.168    0.739    1.754 v _09588_/Q (gf180mcu_fd_sc_mcu7t5v0__dffq_1)
     2    0.011                              u_core.u_sram.mem[25][4] (net)
                   0.168    0.000    1.754 v _05004_/I (gf180mcu_fd_sc_mcu7t5v0__clkinv_1)
                   0.143    0.122    1.875 ^ _05004_/ZN (gf180mcu_fd_sc_mcu7t5v0__clkinv_1)
     1    0.005                              _00916_ (net)
                   0.143    0.000    1.875 ^ _06320_/B2 (gf180mcu_fd_sc_mcu7t5v0__oai22_1)
                   0.135    0.139    2.014 v _06320_/ZN (gf180mcu_fd_sc_mcu7t5v0__oai22_1)
     1    0.003                              _00182_ (net)
                   0.135    0.000    2.014 v _09588_/D (gf180mcu_fd_sc_mcu7t5v0__dffq_1)
                                     2.014   data arrival time

                            0.000    0.000   clock clk (rise edge)
                            0.000    0.000   clock source latency
                   0.000    0.000    0.000 ^ clk (in)
     1    0.050                              clk (net)
                   0.007    0.003    0.003 ^ clkbuf_0_clk/I (gf180mcu_fd_sc_mcu7t5v0__clkbuf_16)
                   0.123    0.234    0.237 ^ clkbuf_0_clk/Z (gf180mcu_fd_sc_mcu7t5v0__clkbuf_16)
     2    0.060                              clknet_0_clk (net)
                   0.123    0.001    0.238 ^ clkbuf_1_0__f_clk/I (gf180mcu_fd_sc_mcu7t5v0__clkbuf_16)
                   0.278    0.359    0.597 ^ clkbuf_1_0__f_clk/Z (gf180mcu_fd_sc_mcu7t5v0__clkbuf_16)
     7    0.231                              clknet_1_0__leaf_clk (net)
                   0.278    0.002    0.599 ^ clkbuf_leaf_10_clk/I (gf180mcu_fd_sc_mcu7t5v0__clkbuf_16)
                   0.310    0.412    1.011 ^ clkbuf_leaf_10_clk/Z (gf180mcu_fd_sc_mcu7t5v0__clkbuf_16)
    58    0.265                              clknet_leaf_10_clk (net)
                   0.310    0.003    1.014 ^ _09588_/CLK (gf180mcu_fd_sc_mcu7t5v0__dffq_1)
                            0.000    1.014   clock reconvergence pessimism
                            0.120    1.134   library hold time
                                     1.134   data required time
---------------------------------------------------------------------------------
                                     1.134   data required time
                                    -2.014   data arrival time
---------------------------------------------------------------------------------
                                     0.880   slack (MET)


Startpoint: _09420_ (rising edge-triggered flip-flop clocked by clk)
Endpoint: _09420_ (rising edge-triggered flip-flop clocked by clk)
Path Group: clk
Path Type: min

Fanout      Cap     Slew    Delay     Time   Description
---------------------------------------------------------------------------------
                            0.000    0.000   clock clk (rise edge)
                            0.000    0.000   clock source latency
                   0.000    0.000    0.000 ^ clk (in)
     1    0.050                              clk (net)
                   0.007    0.003    0.003 ^ clkbuf_0_clk/I (gf180mcu_fd_sc_mcu7t5v0__clkbuf_16)
                   0.123    0.234    0.237 ^ clkbuf_0_clk/Z (gf180mcu_fd_sc_mcu7t5v0__clkbuf_16)
     2    0.060                              clknet_0_clk (net)
                   0.123    0.001    0.238 ^ clkbuf_1_0__f_clk/I (gf180mcu_fd_sc_mcu7t5v0__clkbuf_16)
                   0.278    0.359    0.597 ^ clkbuf_1_0__f_clk/Z (gf180mcu_fd_sc_mcu7t5v0__clkbuf_16)
     7    0.231                              clknet_1_0__leaf_clk (net)
                   0.278    0.002    0.599 ^ clkbuf_leaf_10_clk/I (gf180mcu_fd_sc_mcu7t5v0__clkbuf_16)
                   0.310    0.412    1.011 ^ clkbuf_leaf_10_clk/Z (gf180mcu_fd_sc_mcu7t5v0__clkbuf_16)
    58    0.265                              clknet_leaf_10_clk (net)
                   0.310    0.002    1.013 ^ _09420_/CLK (gf180mcu_fd_sc_mcu7t5v0__dffq_1)
                   0.166    0.738    1.751 v _09420_/Q (gf180mcu_fd_sc_mcu7t5v0__dffq_1)
     2    0.011                              u_core.u_sram.mem[26][2] (net)
                   0.166    0.000    1.751 v _04941_/I (gf180mcu_fd_sc_mcu7t5v0__clkinv_1)
                   0.144    0.122    1.873 ^ _04941_/ZN (gf180mcu_fd_sc_mcu7t5v0__clkinv_1)
     1    0.005                              _00853_ (net)
                   0.144    0.000    1.873 ^ _05255_/B2 (gf180mcu_fd_sc_mcu7t5v0__oai22_1)
                   0.137    0.140    2.013 v _05255_/ZN (gf180mcu_fd_sc_mcu7t5v0__oai22_1)
     1    0.003                              _00034_ (net)
                   0.137    0.000    2.013 v _09420_/D (gf180mcu_fd_sc_mcu7t5v0__dffq_1)
                                     2.013   data arrival time

                            0.000    0.000   clock clk (rise edge)
                            0.000    0.000   clock source latency
                   0.000    0.000    0.000 ^ clk (in)
     1    0.050                              clk (net)
                   0.007    0.003    0.003 ^ clkbuf_0_clk/I (gf180mcu_fd_sc_mcu7t5v0__clkbuf_16)
                   0.123    0.234    0.237 ^ clkbuf_0_clk/Z (gf180mcu_fd_sc_mcu7t5v0__clkbuf_16)
     2    0.060                              clknet_0_clk (net)
                   0.123    0.001    0.238 ^ clkbuf_1_0__f_clk/I (gf180mcu_fd_sc_mcu7t5v0__clkbuf_16)
                   0.278    0.359    0.597 ^ clkbuf_1_0__f_clk/Z (gf180mcu_fd_sc_mcu7t5v0__clkbuf_16)
     7    0.231                              clknet_1_0__leaf_clk (net)
                   0.278    0.002    0.599 ^ clkbuf_leaf_10_clk/I (gf180mcu_fd_sc_mcu7t5v0__clkbuf_16)
                   0.310    0.412    1.011 ^ clkbuf_leaf_10_clk/Z (gf180mcu_fd_sc_mcu7t5v0__clkbuf_16)
    58    0.265                              clknet_leaf_10_clk (net)
                   0.310    0.002    1.013 ^ _09420_/CLK (gf180mcu_fd_sc_mcu7t5v0__dffq_1)
                            0.000    1.013   clock reconvergence pessimism
                            0.119    1.133   library hold time
                                     1.133   data required time
---------------------------------------------------------------------------------
                                     1.133   data required time
                                    -2.013   data arrival time
---------------------------------------------------------------------------------
                                     0.881   slack (MET)


Startpoint: _09432_ (rising edge-triggered flip-flop clocked by clk)
Endpoint: _09432_ (rising edge-triggered flip-flop clocked by clk)
Path Group: clk
Path Type: min

Fanout      Cap     Slew    Delay     Time   Description
---------------------------------------------------------------------------------
                            0.000    0.000   clock clk (rise edge)
                            0.000    0.000   clock source latency
                   0.000    0.000    0.000 ^ clk (in)
     1    0.050                              clk (net)
                   0.007    0.003    0.003 ^ clkbuf_0_clk/I (gf180mcu_fd_sc_mcu7t5v0__clkbuf_16)
                   0.123    0.234    0.237 ^ clkbuf_0_clk/Z (gf180mcu_fd_sc_mcu7t5v0__clkbuf_16)
     2    0.060                              clknet_0_clk (net)
                   0.123    0.001    0.237 ^ clkbuf_1_1__f_clk/I (gf180mcu_fd_sc_mcu7t5v0__clkbuf_16)
                   0.211    0.316    0.554 ^ clkbuf_1_1__f_clk/Z (gf180mcu_fd_sc_mcu7t5v0__clkbuf_16)
     5    0.158                              clknet_1_1__leaf_clk (net)
                   0.211    0.003    0.556 ^ clkbuf_leaf_2_clk/I (gf180mcu_fd_sc_mcu7t5v0__clkbuf_16)
                   0.324    0.407    0.963 ^ clkbuf_leaf_2_clk/Z (gf180mcu_fd_sc_mcu7t5v0__clkbuf_16)
    61    0.280                              clknet_leaf_2_clk (net)
                   0.324    0.005    0.968 ^ _09432_/CLK (gf180mcu_fd_sc_mcu7t5v0__dffq_1)
                   0.168    0.742    1.710 v _09432_/Q (gf180mcu_fd_sc_mcu7t5v0__dffq_1)
     2    0.011                              u_core.u_sram.mem[8][6] (net)
                   0.168    0.000    1.710 v _05051_/I (gf180mcu_fd_sc_mcu7t5v0__clkinv_1)
                   0.148    0.125    1.835 ^ _05051_/ZN (gf180mcu_fd_sc_mcu7t5v0__clkinv_1)
     1    0.005                              _00963_ (net)
                   0.148    0.000    1.835 ^ _05273_/B2 (gf180mcu_fd_sc_mcu7t5v0__oai22_1)
                   0.135    0.139    1.974 v _05273_/ZN (gf180mcu_fd_sc_mcu7t5v0__oai22_1)
     1    0.003                              _00046_ (net)
                   0.135    0.000    1.974 v _09432_/D (gf180mcu_fd_sc_mcu7t5v0__dffq_1)
                                     1.974   data arrival time

                            0.000    0.000   clock clk (rise edge)
                            0.000    0.000   clock source latency
                   0.000    0.000    0.000 ^ clk (in)
     1    0.050                              clk (net)
                   0.007    0.003    0.003 ^ clkbuf_0_clk/I (gf180mcu_fd_sc_mcu7t5v0__clkbuf_16)
                   0.123    0.234    0.237 ^ clkbuf_0_clk/Z (gf180mcu_fd_sc_mcu7t5v0__clkbuf_16)
     2    0.060                              clknet_0_clk (net)
                   0.123    0.001    0.237 ^ clkbuf_1_1__f_clk/I (gf180mcu_fd_sc_mcu7t5v0__clkbuf_16)
                   0.211    0.316    0.554 ^ clkbuf_1_1__f_clk/Z (gf180mcu_fd_sc_mcu7t5v0__clkbuf_16)
     5    0.158                              clknet_1_1__leaf_clk (net)
                   0.211    0.003    0.556 ^ clkbuf_leaf_2_clk/I (gf180mcu_fd_sc_mcu7t5v0__clkbuf_16)
                   0.324    0.407    0.963 ^ clkbuf_leaf_2_clk/Z (gf180mcu_fd_sc_mcu7t5v0__clkbuf_16)
    61    0.280                              clknet_leaf_2_clk (net)
                   0.324    0.005    0.968 ^ _09432_/CLK (gf180mcu_fd_sc_mcu7t5v0__dffq_1)
                            0.000    0.968   clock reconvergence pessimism
                            0.123    1.091   library hold time
                                     1.091   data required time
---------------------------------------------------------------------------------
                                     1.091   data required time
                                    -1.974   data arrival time
---------------------------------------------------------------------------------
                                     0.883   slack (MET)


Startpoint: _09761_ (rising edge-triggered flip-flop clocked by clk)
Endpoint: _09761_ (rising edge-triggered flip-flop clocked by clk)
Path Group: clk
Path Type: min

Fanout      Cap     Slew    Delay     Time   Description
---------------------------------------------------------------------------------
                            0.000    0.000   clock clk (rise edge)
                            0.000    0.000   clock source latency
                   0.000    0.000    0.000 ^ clk (in)
     1    0.050                              clk (net)
                   0.007    0.003    0.003 ^ clkbuf_0_clk/I (gf180mcu_fd_sc_mcu7t5v0__clkbuf_16)
                   0.123    0.234    0.237 ^ clkbuf_0_clk/Z (gf180mcu_fd_sc_mcu7t5v0__clkbuf_16)
     2    0.060                              clknet_0_clk (net)
                   0.123    0.001    0.238 ^ clkbuf_1_0__f_clk/I (gf180mcu_fd_sc_mcu7t5v0__clkbuf_16)
                   0.278    0.359    0.597 ^ clkbuf_1_0__f_clk/Z (gf180mcu_fd_sc_mcu7t5v0__clkbuf_16)
     7    0.231                              clknet_1_0__leaf_clk (net)
                   0.278    0.006    0.603 ^ clkbuf_leaf_3_clk/I (gf180mcu_fd_sc_mcu7t5v0__clkbuf_16)
                   0.295    0.403    1.006 ^ clkbuf_leaf_3_clk/Z (gf180mcu_fd_sc_mcu7t5v0__clkbuf_16)
    54    0.249                              clknet_leaf_3_clk (net)
                   0.295    0.001    1.007 ^ _09761_/CLK (gf180mcu_fd_sc_mcu7t5v0__dffq_1)
                   0.195    0.757    1.764 v _09761_/Q (gf180mcu_fd_sc_mcu7t5v0__dffq_1)
     2    0.014                              u_core.u_uart.rx_data[7] (net)
                   0.195    0.000    1.764 v _04734_/I (gf180mcu_fd_sc_mcu7t5v0__clkinv_1)
                   0.156    0.133    1.897 ^ _04734_/ZN (gf180mcu_fd_sc_mcu7t5v0__clkinv_1)
     1    0.006                              _00646_ (net)
                   0.156    0.000    1.897 ^ _08798_/A1 (gf180mcu_fd_sc_mcu7t5v0__aoi21_1)
                   0.128    0.111    2.008 v _08798_/ZN (gf180mcu_fd_sc_mcu7t5v0__aoi21_1)
     1    0.004                              _00351_ (net)
                   0.128    0.000    2.008 v _09761_/D (gf180mcu_fd_sc_mcu7t5v0__dffq_1)
                                     2.008   data arrival time

                            0.000    0.000   clock clk (rise edge)
                            0.000    0.000   clock source latency
                   0.000    0.000    0.000 ^ clk (in)
     1    0.050                              clk (net)
                   0.007    0.003    0.003 ^ clkbuf_0_clk/I (gf180mcu_fd_sc_mcu7t5v0__clkbuf_16)
                   0.123    0.234    0.237 ^ clkbuf_0_clk/Z (gf180mcu_fd_sc_mcu7t5v0__clkbuf_16)
     2    0.060                              clknet_0_clk (net)
                   0.123    0.001    0.238 ^ clkbuf_1_0__f_clk/I (gf180mcu_fd_sc_mcu7t5v0__clkbuf_16)
                   0.278    0.359    0.597 ^ clkbuf_1_0__f_clk/Z (gf180mcu_fd_sc_mcu7t5v0__clkbuf_16)
     7    0.231                              clknet_1_0__leaf_clk (net)
                   0.278    0.006    0.603 ^ clkbuf_leaf_3_clk/I (gf180mcu_fd_sc_mcu7t5v0__clkbuf_16)
                   0.295    0.403    1.006 ^ clkbuf_leaf_3_clk/Z (gf180mcu_fd_sc_mcu7t5v0__clkbuf_16)
    54    0.249                              clknet_leaf_3_clk (net)
                   0.295    0.001    1.007 ^ _09761_/CLK (gf180mcu_fd_sc_mcu7t5v0__dffq_1)
                            0.000    1.007   clock reconvergence pessimism
                            0.118    1.125   library hold time
                                     1.125   data required time
---------------------------------------------------------------------------------
                                     1.125   data required time
                                    -2.008   data arrival time
---------------------------------------------------------------------------------
                                     0.883   slack (MET)


worst slack 0.84
Clock clk
Latency      CRPR       Skew
_09909_/CLK ^
   1.01
_09489_/CLK ^
   0.91      0.00       0.10

Design area 152369 u^2 55% utilization.
Group                  Internal  Switching    Leakage      Total
                          Power      Power      Power      Power
----------------------------------------------------------------
Sequential             3.54e-03   3.58e-04   1.30e-07   3.90e-03  51.8%
Combinational          1.61e-03   2.01e-03   1.20e-06   3.62e-03  48.2%
Macro                  0.00e+00   0.00e+00   0.00e+00   0.00e+00   0.0%
Pad                    0.00e+00   0.00e+00   0.00e+00   0.00e+00   0.0%
----------------------------------------------------------------
Total                  5.15e-03   2.37e-03   1.33e-06   7.52e-03 100.0%
                          68.4%      31.5%       0.0%
Notice 0: Split top of 1888 T shapes.
[INFO ANT-0001] Found 0 pin violations.
[INFO ANT-0002] Found 0 net violations in 5366 nets.
[WARNING PSM-0016] Voltage pad location (VSRC) file not specified, defaulting pad location to checkerboard pattern on core area.
[WARNING PSM-0017] X direction bump pitch is not specified, defaulting to 140um.
[WARNING PSM-0018] Y direction bump pitch is not specified, defaulting to 140um.
[WARNING PSM-0019] Voltage on net vdd is not explicitly set.
[WARNING PSM-0022] Using voltage 0.000V for VDD network.
[WARNING PSM-0065] VSRC location not specified, using default checkerboard pattern with one VDD every size bumps in x-direction and one in two bumps in the y-direction
[WARNING PSM-0030] VSRC location at (290.080um, 151.760um) and size 10.000um, is not located on an existing power stripe node. Moving to closest node at (280.880um, 162.560um).
[INFO PSM-0031] Number of PDN nodes on net vdd = 16322.
[INFO PSM-0064] Number of voltage sources = 2.
[INFO PSM-0040] All PDN stripes on net vdd are connected.
[WARNING PSM-0016] Voltage pad location (VSRC) file not specified, defaulting pad location to checkerboard pattern on core area.
[WARNING PSM-0017] X direction bump pitch is not specified, defaulting to 140um.
[WARNING PSM-0018] Y direction bump pitch is not specified, defaulting to 140um.
[WARNING PSM-0019] Voltage on net vss is not explicitly set.
[WARNING PSM-0021] Using voltage 0.000V for ground network.
[WARNING PSM-0065] VSRC location not specified, using default checkerboard pattern with one VDD every size bumps in x-direction and one in two bumps in the y-direction
[WARNING PSM-0030] VSRC location at (10.080um, 11.760um) and size 10.000um, is not located on an existing power stripe node. Moving to closest node at (4.480um, 6.160um).
[WARNING PSM-0030] VSRC location at (290.080um, 151.760um) and size 10.000um, is not located on an existing power stripe node. Moving to closest node at (300.880um, 142.560um).
[INFO PSM-0031] Number of PDN nodes on net vss = 16558.
[INFO PSM-0064] Number of voltage sources = 2.
[INFO PSM-0040] All PDN stripes on net vss are connected.
FLOW_DONE
