
 /----------------------------------------------------------------------------\
 |                                                                            |
 |  yosys -- Yosys Open SYnthesis Suite                                       |
 |                                                                            |
 |  Copyright (C) 2012 - 2020  Claire Xenia Wolf <claire@yosyshq.com>         |
 |                                                                            |
 |  Permission to use, copy, modify, and/or distribute this software for any  |
 |  purpose with or without fee is hereby granted, provided that the above    |
 |  copyright notice and this permission notice appear in all copies.         |
 |                                                                            |
 |  THE SOFTWARE IS PROVIDED "AS IS" AND THE AUTHOR DISCLAIMS ALL WARRANTIES  |
 |  WITH REGARD TO THIS SOFTWARE INCLUDING ALL IMPLIED WARRANTIES OF          |
 |  MERCHANTABILITY AND FITNESS. IN NO EVENT SHALL THE AUTHOR BE LIABLE FOR   |
 |  ANY SPECIAL, DIRECT, INDIRECT, OR CONSEQUENTIAL DAMAGES OR ANY DAMAGES    |
 |  WHATSOEVER RESULTING FROM LOSS OF USE, DATA OR PROFITS, WHETHER IN AN     |
 |  ACTION OF CONTRACT, NEGLIGENCE OR OTHER TORTIOUS ACTION, ARISING OUT OF   |
 |  OR IN CONNECTION WITH THE USE OR PERFORMANCE OF THIS SOFTWARE.            |
 |                                                                            |
 \----------------------------------------------------------------------------/

 Yosys 0.23 (git sha1 7ce5011c24b)


-- Executing script file `output/nanocgra_lite_3x3_opt/synth/synth.ys' --

1. Executing Verilog-2005 frontend: output/nanocgra_lite_3x3_opt/rtl/sram.v
Parsing Verilog input from `output/nanocgra_lite_3x3_opt/rtl/sram.v' to AST representation.
Generating RTLIL representation for module `\sram'.
Successfully finished Verilog frontend.

2. Executing Verilog-2005 frontend: output/nanocgra_lite_3x3_opt/rtl/pe.v
Parsing Verilog input from `output/nanocgra_lite_3x3_opt/rtl/pe.v' to AST representation.
Generating RTLIL representation for module `\pe'.
Successfully finished Verilog frontend.

3. Executing Verilog-2005 frontend: output/nanocgra_lite_3x3_opt/rtl/cgra.v
Parsing Verilog input from `output/nanocgra_lite_3x3_opt/rtl/cgra.v' to AST representation.
Generating RTLIL representation for module `\cgra'.
Successfully finished Verilog frontend.

4. Executing Verilog-2005 frontend: output/nanocgra_lite_3x3_opt/rtl/uart.v
Parsing Verilog input from `output/nanocgra_lite_3x3_opt/rtl/uart.v' to AST representation.
Generating RTLIL representation for module `\uart'.
Successfully finished Verilog frontend.

5. Executing Verilog-2005 frontend: output/nanocgra_lite_3x3_opt/rtl/bus_decoder.v
Parsing Verilog input from `output/nanocgra_lite_3x3_opt/rtl/bus_decoder.v' to AST representation.
Generating RTLIL representation for module `\bus_decoder'.
Successfully finished Verilog frontend.

6. Executing Verilog-2005 frontend: output/nanocgra_lite_3x3_opt/rtl/nano_controller.v
Parsing Verilog input from `output/nanocgra_lite_3x3_opt/rtl/nano_controller.v' to AST representation.
Generating RTLIL representation for module `\nano_controller'.
Successfully finished Verilog frontend.

7. Executing Verilog-2005 frontend: output/nanocgra_lite_3x3_opt/rtl/uart_bridge.v
Parsing Verilog input from `output/nanocgra_lite_3x3_opt/rtl/uart_bridge.v' to AST representation.
Generating RTLIL representation for module `\uart_bridge'.
Successfully finished Verilog frontend.

8. Executing Verilog-2005 frontend: output/nanocgra_lite_3x3_opt/rtl/nanocgra_lite.v
Parsing Verilog input from `output/nanocgra_lite_3x3_opt/rtl/nanocgra_lite.v' to AST representation.
Generating RTLIL representation for module `\NanoCGRA_Lite_core'.
Successfully finished Verilog frontend.

9. Executing Verilog-2005 frontend: output/nanocgra_lite_3x3_opt/rtl/nanocgra_lite_d04_wrapper.v
Parsing Verilog input from `output/nanocgra_lite_3x3_opt/rtl/nanocgra_lite_d04_wrapper.v' to AST representation.
Generating RTLIL representation for module `\NanoCGRA_Lite'.
Successfully finished Verilog frontend.

10. Executing HIERARCHY pass (managing design hierarchy).

10.1. Analyzing design hierarchy..
Top module:  \NanoCGRA_Lite
Used module:     \NanoCGRA_Lite_core
Used module:         \cgra
Used module:             \pe
Used module:         \uart
Used module:         \sram
Used module:         \nano_controller
Used module:         \bus_decoder
Used module:         \uart_bridge
Parameter \DW = 8

10.2. Executing AST frontend in derive mode using pre-parsed AST for module `\pe'.
Parameter \DW = 8
Generating RTLIL representation for module `$paramod\pe\DW=s32'00000000000000000000000000001000'.
Parameter \DW = 8
Found cached RTLIL representation for module `$paramod\pe\DW=s32'00000000000000000000000000001000'.
Parameter \DW = 8
Found cached RTLIL representation for module `$paramod\pe\DW=s32'00000000000000000000000000001000'.
Parameter \DW = 8
Found cached RTLIL representation for module `$paramod\pe\DW=s32'00000000000000000000000000001000'.
Parameter \DW = 8
Found cached RTLIL representation for module `$paramod\pe\DW=s32'00000000000000000000000000001000'.
Parameter \DW = 8
Found cached RTLIL representation for module `$paramod\pe\DW=s32'00000000000000000000000000001000'.
Parameter \DW = 8
Found cached RTLIL representation for module `$paramod\pe\DW=s32'00000000000000000000000000001000'.
Parameter \DW = 8
Found cached RTLIL representation for module `$paramod\pe\DW=s32'00000000000000000000000000001000'.
Parameter \DW = 8
Found cached RTLIL representation for module `$paramod\pe\DW=s32'00000000000000000000000000001000'.
Parameter \DW = 8

10.3. Executing AST frontend in derive mode using pre-parsed AST for module `\cgra'.
Parameter \DW = 8
Generating RTLIL representation for module `$paramod\cgra\DW=s32'00000000000000000000000000001000'.
Parameter \DW = 8
Parameter \CLK_PER_BIT = 87

10.4. Executing AST frontend in derive mode using pre-parsed AST for module `\uart'.
Parameter \DW = 8
Parameter \CLK_PER_BIT = 87
Generating RTLIL representation for module `$paramod$7eca5051680112d836dfd6d6c9bb49f902e01f79\uart'.
Parameter \DW = 8
Parameter \AW = 5
Parameter \DEPTH = 32

10.5. Executing AST frontend in derive mode using pre-parsed AST for module `\sram'.
Parameter \DW = 8
Parameter \AW = 5
Parameter \DEPTH = 32
Generating RTLIL representation for module `$paramod$42fb895c52102b726af8d020df739a0a7996e8c2\sram'.
Parameter \DW = 8
Parameter \AW = 5

10.6. Executing AST frontend in derive mode using pre-parsed AST for module `\nano_controller'.
Parameter \DW = 8
Parameter \AW = 5
Generating RTLIL representation for module `$paramod$2ac8c588e17821101c23c62380820e6621af5831\nano_controller'.
Parameter \DW = 8
Parameter \AW = 8

10.7. Executing AST frontend in derive mode using pre-parsed AST for module `\bus_decoder'.
Parameter \DW = 8
Parameter \AW = 8
Generating RTLIL representation for module `$paramod$000cc2b270b42b131af50c15269800a3b20033de\bus_decoder'.
Parameter \DW = 8
Parameter \AW = 8

10.8. Executing AST frontend in derive mode using pre-parsed AST for module `\uart_bridge'.
Parameter \DW = 8
Parameter \AW = 8
Generating RTLIL representation for module `$paramod$000cc2b270b42b131af50c15269800a3b20033de\uart_bridge'.
Parameter \DW = 8
Parameter \AW = 8
Parameter \UART_CLK_PER_BIT = 87

10.9. Executing AST frontend in derive mode using pre-parsed AST for module `\NanoCGRA_Lite_core'.
Parameter \DW = 8
Parameter \AW = 8
Parameter \UART_CLK_PER_BIT = 87
Generating RTLIL representation for module `$paramod$05965082ca1eda7e3f2efb40c6e50c36422bb655\NanoCGRA_Lite_core'.

10.10. Analyzing design hierarchy..
Top module:  \NanoCGRA_Lite
Used module:     $paramod$05965082ca1eda7e3f2efb40c6e50c36422bb655\NanoCGRA_Lite_core
Used module:         \cgra
Used module:             $paramod\pe\DW=s32'00000000000000000000000000001000
Used module:         \uart
Used module:         \sram
Used module:         \nano_controller
Used module:         \bus_decoder
Used module:         \uart_bridge
Parameter \DW = 8
Found cached RTLIL representation for module `$paramod\cgra\DW=s32'00000000000000000000000000001000'.
Parameter \DW = 8
Parameter \CLK_PER_BIT = 87
Found cached RTLIL representation for module `$paramod$7eca5051680112d836dfd6d6c9bb49f902e01f79\uart'.
Parameter \DW = 8
Parameter \AW = 5
Parameter \DEPTH = 32
Found cached RTLIL representation for module `$paramod$42fb895c52102b726af8d020df739a0a7996e8c2\sram'.
Parameter \DW = 8
Parameter \AW = 5
Found cached RTLIL representation for module `$paramod$2ac8c588e17821101c23c62380820e6621af5831\nano_controller'.
Parameter \DW = 8
Parameter \AW = 8
Found cached RTLIL representation for module `$paramod$000cc2b270b42b131af50c15269800a3b20033de\bus_decoder'.
Parameter \DW = 8
Parameter \AW = 8
Found cached RTLIL representation for module `$paramod$000cc2b270b42b131af50c15269800a3b20033de\uart_bridge'.

10.11. Analyzing design hierarchy..
Top module:  \NanoCGRA_Lite
Used module:     $paramod$05965082ca1eda7e3f2efb40c6e50c36422bb655\NanoCGRA_Lite_core
Used module:         $paramod\cgra\DW=s32'00000000000000000000000000001000
Used module:             \pe
Used module:         $paramod$7eca5051680112d836dfd6d6c9bb49f902e01f79\uart
Used module:         $paramod$42fb895c52102b726af8d020df739a0a7996e8c2\sram
Used module:         $paramod$2ac8c588e17821101c23c62380820e6621af5831\nano_controller
Used module:         $paramod$000cc2b270b42b131af50c15269800a3b20033de\bus_decoder
Used module:         $paramod$000cc2b270b42b131af50c15269800a3b20033de\uart_bridge
Parameter \DW = 8
Found cached RTLIL representation for module `$paramod\pe\DW=s32'00000000000000000000000000001000'.
Parameter \DW = 8
Found cached RTLIL representation for module `$paramod\pe\DW=s32'00000000000000000000000000001000'.
Parameter \DW = 8
Found cached RTLIL representation for module `$paramod\pe\DW=s32'00000000000000000000000000001000'.
Parameter \DW = 8
Found cached RTLIL representation for module `$paramod\pe\DW=s32'00000000000000000000000000001000'.
Parameter \DW = 8
Found cached RTLIL representation for module `$paramod\pe\DW=s32'00000000000000000000000000001000'.
Parameter \DW = 8
Found cached RTLIL representation for module `$paramod\pe\DW=s32'00000000000000000000000000001000'.
Parameter \DW = 8
Found cached RTLIL representation for module `$paramod\pe\DW=s32'00000000000000000000000000001000'.
Parameter \DW = 8
Found cached RTLIL representation for module `$paramod\pe\DW=s32'00000000000000000000000000001000'.
Parameter \DW = 8
Found cached RTLIL representation for module `$paramod\pe\DW=s32'00000000000000000000000000001000'.

10.12. Analyzing design hierarchy..
Top module:  \NanoCGRA_Lite
Used module:     $paramod$05965082ca1eda7e3f2efb40c6e50c36422bb655\NanoCGRA_Lite_core
Used module:         $paramod\cgra\DW=s32'00000000000000000000000000001000
Used module:             $paramod\pe\DW=s32'00000000000000000000000000001000
Used module:         $paramod$7eca5051680112d836dfd6d6c9bb49f902e01f79\uart
Used module:         $paramod$42fb895c52102b726af8d020df739a0a7996e8c2\sram
Used module:         $paramod$2ac8c588e17821101c23c62380820e6621af5831\nano_controller
Used module:         $paramod$000cc2b270b42b131af50c15269800a3b20033de\bus_decoder
Used module:         $paramod$000cc2b270b42b131af50c15269800a3b20033de\uart_bridge

10.13. Analyzing design hierarchy..
Top module:  \NanoCGRA_Lite
Used module:     $paramod$05965082ca1eda7e3f2efb40c6e50c36422bb655\NanoCGRA_Lite_core
Used module:         $paramod\cgra\DW=s32'00000000000000000000000000001000
Used module:             $paramod\pe\DW=s32'00000000000000000000000000001000
Used module:         $paramod$7eca5051680112d836dfd6d6c9bb49f902e01f79\uart
Used module:         $paramod$42fb895c52102b726af8d020df739a0a7996e8c2\sram
Used module:         $paramod$2ac8c588e17821101c23c62380820e6621af5831\nano_controller
Used module:         $paramod$000cc2b270b42b131af50c15269800a3b20033de\bus_decoder
Used module:         $paramod$000cc2b270b42b131af50c15269800a3b20033de\uart_bridge
Removing unused module `\NanoCGRA_Lite_core'.
Removing unused module `\uart_bridge'.
Removing unused module `\nano_controller'.
Removing unused module `\bus_decoder'.
Removing unused module `\uart'.
Removing unused module `\cgra'.
Removing unused module `\pe'.
Removing unused module `\sram'.
Removed 8 unused modules.

11. Executing SYNTH pass.

11.1. Executing HIERARCHY pass (managing design hierarchy).

11.1.1. Analyzing design hierarchy..
Top module:  \NanoCGRA_Lite
Used module:     $paramod$05965082ca1eda7e3f2efb40c6e50c36422bb655\NanoCGRA_Lite_core
Used module:         $paramod\cgra\DW=s32'00000000000000000000000000001000
Used module:             $paramod\pe\DW=s32'00000000000000000000000000001000
Used module:         $paramod$7eca5051680112d836dfd6d6c9bb49f902e01f79\uart
Used module:         $paramod$42fb895c52102b726af8d020df739a0a7996e8c2\sram
Used module:         $paramod$2ac8c588e17821101c23c62380820e6621af5831\nano_controller
Used module:         $paramod$000cc2b270b42b131af50c15269800a3b20033de\bus_decoder
Used module:         $paramod$000cc2b270b42b131af50c15269800a3b20033de\uart_bridge

11.1.2. Analyzing design hierarchy..
Top module:  \NanoCGRA_Lite
Used module:     $paramod$05965082ca1eda7e3f2efb40c6e50c36422bb655\NanoCGRA_Lite_core
Used module:         $paramod\cgra\DW=s32'00000000000000000000000000001000
Used module:             $paramod\pe\DW=s32'00000000000000000000000000001000
Used module:         $paramod$7eca5051680112d836dfd6d6c9bb49f902e01f79\uart
Used module:         $paramod$42fb895c52102b726af8d020df739a0a7996e8c2\sram
Used module:         $paramod$2ac8c588e17821101c23c62380820e6621af5831\nano_controller
Used module:         $paramod$000cc2b270b42b131af50c15269800a3b20033de\bus_decoder
Used module:         $paramod$000cc2b270b42b131af50c15269800a3b20033de\uart_bridge
Removed 0 unused modules.

11.2. Executing PROC pass (convert processes to netlists).

11.2.1. Executing PROC_CLEAN pass (remove empty switches from decision trees).
Cleaned up 0 empty switches.

11.2.2. Executing PROC_RMDEAD pass (remove dead branches from decision trees).
Marked 1 switch rules as full_case in process $proc$output/nanocgra_lite_3x3_opt/rtl/nanocgra_lite.v:71$360 in module $paramod$05965082ca1eda7e3f2efb40c6e50c36422bb655\NanoCGRA_Lite_core.
Removed 1 dead cases from process $proc$output/nanocgra_lite_3x3_opt/rtl/uart_bridge.v:73$355 in module $paramod$000cc2b270b42b131af50c15269800a3b20033de\uart_bridge.
Marked 7 switch rules as full_case in process $proc$output/nanocgra_lite_3x3_opt/rtl/uart_bridge.v:73$355 in module $paramod$000cc2b270b42b131af50c15269800a3b20033de\uart_bridge.
Marked 3 switch rules as full_case in process $proc$output/nanocgra_lite_3x3_opt/rtl/bus_decoder.v:34$354 in module $paramod$000cc2b270b42b131af50c15269800a3b20033de\bus_decoder.
Marked 2 switch rules as full_case in process $proc$output/nanocgra_lite_3x3_opt/rtl/nano_controller.v:55$343 in module $paramod$2ac8c588e17821101c23c62380820e6621af5831\nano_controller.
Marked 2 switch rules as full_case in process $proc$output/nanocgra_lite_3x3_opt/rtl/sram.v:24$262 in module $paramod$42fb895c52102b726af8d020df739a0a7996e8c2\sram.
Marked 1 switch rules as full_case in process $proc$output/nanocgra_lite_3x3_opt/rtl/uart.v:166$228 in module $paramod$7eca5051680112d836dfd6d6c9bb49f902e01f79\uart.
Removed 1 dead cases from process $proc$output/nanocgra_lite_3x3_opt/rtl/uart.v:116$215 in module $paramod$7eca5051680112d836dfd6d6c9bb49f902e01f79\uart.
Marked 6 switch rules as full_case in process $proc$output/nanocgra_lite_3x3_opt/rtl/uart.v:116$215 in module $paramod$7eca5051680112d836dfd6d6c9bb49f902e01f79\uart.
Marked 1 switch rules as full_case in process $proc$output/nanocgra_lite_3x3_opt/rtl/uart.v:106$213 in module $paramod$7eca5051680112d836dfd6d6c9bb49f902e01f79\uart.
Removed 1 dead cases from process $proc$output/nanocgra_lite_3x3_opt/rtl/uart.v:41$198 in module $paramod$7eca5051680112d836dfd6d6c9bb49f902e01f79\uart.
Marked 7 switch rules as full_case in process $proc$output/nanocgra_lite_3x3_opt/rtl/uart.v:41$198 in module $paramod$7eca5051680112d836dfd6d6c9bb49f902e01f79\uart.
Marked 3 switch rules as full_case in process $proc$output/nanocgra_lite_3x3_opt/rtl/pe.v:76$194 in module $paramod\pe\DW=s32'00000000000000000000000000001000.
Removed 1 dead cases from process $proc$output/nanocgra_lite_3x3_opt/rtl/pe.v:61$188 in module $paramod\pe\DW=s32'00000000000000000000000000001000.
Marked 1 switch rules as full_case in process $proc$output/nanocgra_lite_3x3_opt/rtl/pe.v:61$188 in module $paramod\pe\DW=s32'00000000000000000000000000001000.
Removed 1 dead cases from process $proc$output/nanocgra_lite_3x3_opt/rtl/pe.v:46$186 in module $paramod\pe\DW=s32'00000000000000000000000000001000.
Marked 1 switch rules as full_case in process $proc$output/nanocgra_lite_3x3_opt/rtl/pe.v:46$186 in module $paramod\pe\DW=s32'00000000000000000000000000001000.
Removed a total of 5 dead cases.

11.2.3. Executing PROC_PRUNE pass (remove redundant assignments in processes).
Removed 9 redundant assignments.
Promoted 41 assignments to connections.

11.2.4. Executing PROC_INIT pass (extract init attributes).

11.2.5. Executing PROC_ARST pass (detect async resets in processes).

11.2.6. Executing PROC_ROM pass (convert switches to ROMs).
Converted 0 switches.
<suppressed ~43 debug messages>

11.2.7. Executing PROC_MUX pass (convert decision trees to multiplexers).
Creating decoders for process `$paramod$05965082ca1eda7e3f2efb40c6e50c36422bb655\NanoCGRA_Lite_core.$proc$output/nanocgra_lite_3x3_opt/rtl/nanocgra_lite.v:71$360'.
     1/12: $0\res_reg[7:0]
     2/12: $0\opb_reg[7:0]
     3/12: $0\opa_reg[7:0]
     4/12: $0\cfg8[7:0]
     5/12: $0\cfg7[7:0]
     6/12: $0\cfg6[7:0]
     7/12: $0\cfg5[7:0]
     8/12: $0\cfg4[7:0]
     9/12: $0\cfg3[7:0]
    10/12: $0\cfg2[7:0]
    11/12: $0\cfg1[7:0]
    12/12: $0\cfg0[7:0]
Creating decoders for process `$paramod$000cc2b270b42b131af50c15269800a3b20033de\uart_bridge.$proc$output/nanocgra_lite_3x3_opt/rtl/uart_bridge.v:73$355'.
     1/10: $0\bus_re[0:0]
     2/10: $0\bus_we[0:0]
     3/10: $0\state[3:0]
     4/10: $0\rd_cap[7:0]
     5/10: $0\data_reg[7:0]
     6/10: $0\addr_reg[7:0]
     7/10: $0\cmd_reg[7:0]
     8/10: $0\byte_idx[1:0]
     9/10: $0\bus_wdata[7:0]
    10/10: $0\bus_addr[7:0]
Creating decoders for process `$paramod$000cc2b270b42b131af50c15269800a3b20033de\bus_decoder.$proc$output/nanocgra_lite_3x3_opt/rtl/bus_decoder.v:34$354'.
     1/3: $3\rdata[7:0]
     2/3: $2\rdata[7:0]
     3/3: $1\rdata[7:0]
Creating decoders for process `$paramod$2ac8c588e17821101c23c62380820e6621af5831\nano_controller.$proc$output/nanocgra_lite_3x3_opt/rtl/nano_controller.v:55$343'.
     1/5: $0\state[2:0]
     2/5: $0\done[0:0]
     3/5: $0\m_sram_addr[4:0]
     4/5: $0\data_b[7:0]
     5/5: $0\data_a[7:0]
Creating decoders for process `$paramod$42fb895c52102b726af8d020df739a0a7996e8c2\sram.$proc$output/nanocgra_lite_3x3_opt/rtl/sram.v:24$262'.
     1/40: $2$memwr$\mem$output/nanocgra_lite_3x3_opt/rtl/sram.v:31$261_EN[7:0]$336
     2/40: $2$memwr$\mem$output/nanocgra_lite_3x3_opt/rtl/sram.v:31$261_DATA[7:0]$335
     3/40: $2$memwr$\mem$output/nanocgra_lite_3x3_opt/rtl/sram.v:31$261_ADDR[4:0]$334
     4/40: $0\dout[7:0]
     5/40: $1\i[31:0]
     6/40: $1$memwr$\mem$output/nanocgra_lite_3x3_opt/rtl/sram.v:27$260_EN[7:0]$330
     7/40: $1$memwr$\mem$output/nanocgra_lite_3x3_opt/rtl/sram.v:27$259_EN[7:0]$329
     8/40: $1$memwr$\mem$output/nanocgra_lite_3x3_opt/rtl/sram.v:27$258_EN[7:0]$328
     9/40: $1$memwr$\mem$output/nanocgra_lite_3x3_opt/rtl/sram.v:27$257_EN[7:0]$327
    10/40: $1$memwr$\mem$output/nanocgra_lite_3x3_opt/rtl/sram.v:27$256_EN[7:0]$326
    11/40: $1$memwr$\mem$output/nanocgra_lite_3x3_opt/rtl/sram.v:27$255_EN[7:0]$325
    12/40: $1$memwr$\mem$output/nanocgra_lite_3x3_opt/rtl/sram.v:27$254_EN[7:0]$324
    13/40: $1$memwr$\mem$output/nanocgra_lite_3x3_opt/rtl/sram.v:27$253_EN[7:0]$323
    14/40: $1$memwr$\mem$output/nanocgra_lite_3x3_opt/rtl/sram.v:27$252_EN[7:0]$322
    15/40: $1$memwr$\mem$output/nanocgra_lite_3x3_opt/rtl/sram.v:27$251_EN[7:0]$321
    16/40: $1$memwr$\mem$output/nanocgra_lite_3x3_opt/rtl/sram.v:27$250_EN[7:0]$320
    17/40: $1$memwr$\mem$output/nanocgra_lite_3x3_opt/rtl/sram.v:27$249_EN[7:0]$319
    18/40: $1$memwr$\mem$output/nanocgra_lite_3x3_opt/rtl/sram.v:27$248_EN[7:0]$318
    19/40: $1$memwr$\mem$output/nanocgra_lite_3x3_opt/rtl/sram.v:27$247_EN[7:0]$317
    20/40: $1$memwr$\mem$output/nanocgra_lite_3x3_opt/rtl/sram.v:27$246_EN[7:0]$316
    21/40: $1$memwr$\mem$output/nanocgra_lite_3x3_opt/rtl/sram.v:27$245_EN[7:0]$315
    22/40: $1$memwr$\mem$output/nanocgra_lite_3x3_opt/rtl/sram.v:27$244_EN[7:0]$314
    23/40: $1$memwr$\mem$output/nanocgra_lite_3x3_opt/rtl/sram.v:27$243_EN[7:0]$313
    24/40: $1$memwr$\mem$output/nanocgra_lite_3x3_opt/rtl/sram.v:27$242_EN[7:0]$312
    25/40: $1$memwr$\mem$output/nanocgra_lite_3x3_opt/rtl/sram.v:27$241_EN[7:0]$311
    26/40: $1$memwr$\mem$output/nanocgra_lite_3x3_opt/rtl/sram.v:27$240_EN[7:0]$310
    27/40: $1$memwr$\mem$output/nanocgra_lite_3x3_opt/rtl/sram.v:27$239_EN[7:0]$309
    28/40: $1$memwr$\mem$output/nanocgra_lite_3x3_opt/rtl/sram.v:27$238_EN[7:0]$308
    29/40: $1$memwr$\mem$output/nanocgra_lite_3x3_opt/rtl/sram.v:27$237_EN[7:0]$307
    30/40: $1$memwr$\mem$output/nanocgra_lite_3x3_opt/rtl/sram.v:27$236_EN[7:0]$306
    31/40: $1$memwr$\mem$output/nanocgra_lite_3x3_opt/rtl/sram.v:27$235_EN[7:0]$305
    32/40: $1$memwr$\mem$output/nanocgra_lite_3x3_opt/rtl/sram.v:27$234_EN[7:0]$304
    33/40: $1$memwr$\mem$output/nanocgra_lite_3x3_opt/rtl/sram.v:27$233_EN[7:0]$303
    34/40: $1$memwr$\mem$output/nanocgra_lite_3x3_opt/rtl/sram.v:27$232_EN[7:0]$302
    35/40: $1$memwr$\mem$output/nanocgra_lite_3x3_opt/rtl/sram.v:27$231_EN[7:0]$301
    36/40: $1$memwr$\mem$output/nanocgra_lite_3x3_opt/rtl/sram.v:27$230_EN[7:0]$300
    37/40: $1$memwr$\mem$output/nanocgra_lite_3x3_opt/rtl/sram.v:27$229_EN[7:0]$299
    38/40: $1$memwr$\mem$output/nanocgra_lite_3x3_opt/rtl/sram.v:31$261_EN[7:0]$333
    39/40: $1$memwr$\mem$output/nanocgra_lite_3x3_opt/rtl/sram.v:31$261_DATA[7:0]$332
    40/40: $1$memwr$\mem$output/nanocgra_lite_3x3_opt/rtl/sram.v:31$261_ADDR[4:0]$331
Creating decoders for process `$paramod$7eca5051680112d836dfd6d6c9bb49f902e01f79\uart.$proc$output/nanocgra_lite_3x3_opt/rtl/uart.v:166$228'.
     1/1: $1\rdata[7:0]
Creating decoders for process `$paramod$7eca5051680112d836dfd6d6c9bb49f902e01f79\uart.$proc$output/nanocgra_lite_3x3_opt/rtl/uart.v:116$215'.
     1/6: $0\rx_cnt[15:0]
     2/6: $0\rx_valid[0:0]
     3/6: $0\rx_data[7:0]
     4/6: $0\rx_shift[7:0]
     5/6: $0\rx_bit[2:0]
     6/6: $0\rx_state[1:0]
Creating decoders for process `$paramod$7eca5051680112d836dfd6d6c9bb49f902e01f79\uart.$proc$output/nanocgra_lite_3x3_opt/rtl/uart.v:106$213'.
     1/2: $0\rx_sync1[0:0]
     2/2: $0\rx_sync0[0:0]
Creating decoders for process `$paramod$7eca5051680112d836dfd6d6c9bb49f902e01f79\uart.$proc$output/nanocgra_lite_3x3_opt/rtl/uart.v:94$208'.
Creating decoders for process `$paramod$7eca5051680112d836dfd6d6c9bb49f902e01f79\uart.$proc$output/nanocgra_lite_3x3_opt/rtl/uart.v:41$198'.
     1/6: $0\uart_tx[0:0]
     2/6: $0\tx_cnt[15:0]
     3/6: $0\tx_busy[0:0]
     4/6: $0\tx_shift[7:0]
     5/6: $0\tx_bit[2:0]
     6/6: $0\tx_state[1:0]
Creating decoders for process `$paramod\pe\DW=s32'00000000000000000000000000001000.$proc$output/nanocgra_lite_3x3_opt/rtl/pe.v:76$194'.
     1/3: $0\acc[15:0]
     2/3: $0\local_reg[7:0]
     3/3: $0\cfg_reg[7:0]
Creating decoders for process `$paramod\pe\DW=s32'00000000000000000000000000001000.$proc$output/nanocgra_lite_3x3_opt/rtl/pe.v:61$188'.
     1/1: $1\alu_r[7:0]
Creating decoders for process `$paramod\pe\DW=s32'00000000000000000000000000001000.$proc$output/nanocgra_lite_3x3_opt/rtl/pe.v:46$186'.
     1/1: $1\opb[7:0]

11.2.8. Executing PROC_DLATCH pass (convert process syncs to latches).
No latch inferred for signal `$paramod$000cc2b270b42b131af50c15269800a3b20033de\bus_decoder.\rdata' from process `$paramod$000cc2b270b42b131af50c15269800a3b20033de\bus_decoder.$proc$output/nanocgra_lite_3x3_opt/rtl/bus_decoder.v:34$354'.
No latch inferred for signal `$paramod$7eca5051680112d836dfd6d6c9bb49f902e01f79\uart.\rdata' from process `$paramod$7eca5051680112d836dfd6d6c9bb49f902e01f79\uart.$proc$output/nanocgra_lite_3x3_opt/rtl/uart.v:166$228'.
No latch inferred for signal `$paramod$7eca5051680112d836dfd6d6c9bb49f902e01f79\uart.\tx_start' from process `$paramod$7eca5051680112d836dfd6d6c9bb49f902e01f79\uart.$proc$output/nanocgra_lite_3x3_opt/rtl/uart.v:94$208'.
No latch inferred for signal `$paramod\pe\DW=s32'00000000000000000000000000001000.\alu_r' from process `$paramod\pe\DW=s32'00000000000000000000000000001000.$proc$output/nanocgra_lite_3x3_opt/rtl/pe.v:61$188'.
No latch inferred for signal `$paramod\pe\DW=s32'00000000000000000000000000001000.\opb' from process `$paramod\pe\DW=s32'00000000000000000000000000001000.$proc$output/nanocgra_lite_3x3_opt/rtl/pe.v:46$186'.

11.2.9. Executing PROC_DFF pass (convert process syncs to FFs).
Creating register for signal `$paramod$05965082ca1eda7e3f2efb40c6e50c36422bb655\NanoCGRA_Lite_core.\cfg0' using process `$paramod$05965082ca1eda7e3f2efb40c6e50c36422bb655\NanoCGRA_Lite_core.$proc$output/nanocgra_lite_3x3_opt/rtl/nanocgra_lite.v:71$360'.
  created $dff cell `$procdff$1102' with positive edge clock.
Creating register for signal `$paramod$05965082ca1eda7e3f2efb40c6e50c36422bb655\NanoCGRA_Lite_core.\cfg1' using process `$paramod$05965082ca1eda7e3f2efb40c6e50c36422bb655\NanoCGRA_Lite_core.$proc$output/nanocgra_lite_3x3_opt/rtl/nanocgra_lite.v:71$360'.
  created $dff cell `$procdff$1103' with positive edge clock.
Creating register for signal `$paramod$05965082ca1eda7e3f2efb40c6e50c36422bb655\NanoCGRA_Lite_core.\cfg2' using process `$paramod$05965082ca1eda7e3f2efb40c6e50c36422bb655\NanoCGRA_Lite_core.$proc$output/nanocgra_lite_3x3_opt/rtl/nanocgra_lite.v:71$360'.
  created $dff cell `$procdff$1104' with positive edge clock.
Creating register for signal `$paramod$05965082ca1eda7e3f2efb40c6e50c36422bb655\NanoCGRA_Lite_core.\cfg3' using process `$paramod$05965082ca1eda7e3f2efb40c6e50c36422bb655\NanoCGRA_Lite_core.$proc$output/nanocgra_lite_3x3_opt/rtl/nanocgra_lite.v:71$360'.
  created $dff cell `$procdff$1105' with positive edge clock.
Creating register for signal `$paramod$05965082ca1eda7e3f2efb40c6e50c36422bb655\NanoCGRA_Lite_core.\cfg4' using process `$paramod$05965082ca1eda7e3f2efb40c6e50c36422bb655\NanoCGRA_Lite_core.$proc$output/nanocgra_lite_3x3_opt/rtl/nanocgra_lite.v:71$360'.
  created $dff cell `$procdff$1106' with positive edge clock.
Creating register for signal `$paramod$05965082ca1eda7e3f2efb40c6e50c36422bb655\NanoCGRA_Lite_core.\cfg5' using process `$paramod$05965082ca1eda7e3f2efb40c6e50c36422bb655\NanoCGRA_Lite_core.$proc$output/nanocgra_lite_3x3_opt/rtl/nanocgra_lite.v:71$360'.
  created $dff cell `$procdff$1107' with positive edge clock.
Creating register for signal `$paramod$05965082ca1eda7e3f2efb40c6e50c36422bb655\NanoCGRA_Lite_core.\cfg6' using process `$paramod$05965082ca1eda7e3f2efb40c6e50c36422bb655\NanoCGRA_Lite_core.$proc$output/nanocgra_lite_3x3_opt/rtl/nanocgra_lite.v:71$360'.
  created $dff cell `$procdff$1108' with positive edge clock.
Creating register for signal `$paramod$05965082ca1eda7e3f2efb40c6e50c36422bb655\NanoCGRA_Lite_core.\cfg7' using process `$paramod$05965082ca1eda7e3f2efb40c6e50c36422bb655\NanoCGRA_Lite_core.$proc$output/nanocgra_lite_3x3_opt/rtl/nanocgra_lite.v:71$360'.
  created $dff cell `$procdff$1109' with positive edge clock.
Creating register for signal `$paramod$05965082ca1eda7e3f2efb40c6e50c36422bb655\NanoCGRA_Lite_core.\cfg8' using process `$paramod$05965082ca1eda7e3f2efb40c6e50c36422bb655\NanoCGRA_Lite_core.$proc$output/nanocgra_lite_3x3_opt/rtl/nanocgra_lite.v:71$360'.
  created $dff cell `$procdff$1110' with positive edge clock.
Creating register for signal `$paramod$05965082ca1eda7e3f2efb40c6e50c36422bb655\NanoCGRA_Lite_core.\opa_reg' using process `$paramod$05965082ca1eda7e3f2efb40c6e50c36422bb655\NanoCGRA_Lite_core.$proc$output/nanocgra_lite_3x3_opt/rtl/nanocgra_lite.v:71$360'.
  created $dff cell `$procdff$1111' with positive edge clock.
Creating register for signal `$paramod$05965082ca1eda7e3f2efb40c6e50c36422bb655\NanoCGRA_Lite_core.\opb_reg' using process `$paramod$05965082ca1eda7e3f2efb40c6e50c36422bb655\NanoCGRA_Lite_core.$proc$output/nanocgra_lite_3x3_opt/rtl/nanocgra_lite.v:71$360'.
  created $dff cell `$procdff$1112' with positive edge clock.
Creating register for signal `$paramod$05965082ca1eda7e3f2efb40c6e50c36422bb655\NanoCGRA_Lite_core.\res_reg' using process `$paramod$05965082ca1eda7e3f2efb40c6e50c36422bb655\NanoCGRA_Lite_core.$proc$output/nanocgra_lite_3x3_opt/rtl/nanocgra_lite.v:71$360'.
  created $dff cell `$procdff$1113' with positive edge clock.
Creating register for signal `$paramod$000cc2b270b42b131af50c15269800a3b20033de\uart_bridge.\state' using process `$paramod$000cc2b270b42b131af50c15269800a3b20033de\uart_bridge.$proc$output/nanocgra_lite_3x3_opt/rtl/uart_bridge.v:73$355'.
  created $dff cell `$procdff$1114' with positive edge clock.
Creating register for signal `$paramod$000cc2b270b42b131af50c15269800a3b20033de\uart_bridge.\bus_addr' using process `$paramod$000cc2b270b42b131af50c15269800a3b20033de\uart_bridge.$proc$output/nanocgra_lite_3x3_opt/rtl/uart_bridge.v:73$355'.
  created $dff cell `$procdff$1115' with positive edge clock.
Creating register for signal `$paramod$000cc2b270b42b131af50c15269800a3b20033de\uart_bridge.\bus_we' using process `$paramod$000cc2b270b42b131af50c15269800a3b20033de\uart_bridge.$proc$output/nanocgra_lite_3x3_opt/rtl/uart_bridge.v:73$355'.
  created $dff cell `$procdff$1116' with positive edge clock.
Creating register for signal `$paramod$000cc2b270b42b131af50c15269800a3b20033de\uart_bridge.\bus_re' using process `$paramod$000cc2b270b42b131af50c15269800a3b20033de\uart_bridge.$proc$output/nanocgra_lite_3x3_opt/rtl/uart_bridge.v:73$355'.
  created $dff cell `$procdff$1117' with positive edge clock.
Creating register for signal `$paramod$000cc2b270b42b131af50c15269800a3b20033de\uart_bridge.\bus_wdata' using process `$paramod$000cc2b270b42b131af50c15269800a3b20033de\uart_bridge.$proc$output/nanocgra_lite_3x3_opt/rtl/uart_bridge.v:73$355'.
  created $dff cell `$procdff$1118' with positive edge clock.
Creating register for signal `$paramod$000cc2b270b42b131af50c15269800a3b20033de\uart_bridge.\byte_idx' using process `$paramod$000cc2b270b42b131af50c15269800a3b20033de\uart_bridge.$proc$output/nanocgra_lite_3x3_opt/rtl/uart_bridge.v:73$355'.
  created $dff cell `$procdff$1119' with positive edge clock.
Creating register for signal `$paramod$000cc2b270b42b131af50c15269800a3b20033de\uart_bridge.\cmd_reg' using process `$paramod$000cc2b270b42b131af50c15269800a3b20033de\uart_bridge.$proc$output/nanocgra_lite_3x3_opt/rtl/uart_bridge.v:73$355'.
  created $dff cell `$procdff$1120' with positive edge clock.
Creating register for signal `$paramod$000cc2b270b42b131af50c15269800a3b20033de\uart_bridge.\addr_reg' using process `$paramod$000cc2b270b42b131af50c15269800a3b20033de\uart_bridge.$proc$output/nanocgra_lite_3x3_opt/rtl/uart_bridge.v:73$355'.
  created $dff cell `$procdff$1121' with positive edge clock.
Creating register for signal `$paramod$000cc2b270b42b131af50c15269800a3b20033de\uart_bridge.\data_reg' using process `$paramod$000cc2b270b42b131af50c15269800a3b20033de\uart_bridge.$proc$output/nanocgra_lite_3x3_opt/rtl/uart_bridge.v:73$355'.
  created $dff cell `$procdff$1122' with positive edge clock.
Creating register for signal `$paramod$000cc2b270b42b131af50c15269800a3b20033de\uart_bridge.\rd_cap' using process `$paramod$000cc2b270b42b131af50c15269800a3b20033de\uart_bridge.$proc$output/nanocgra_lite_3x3_opt/rtl/uart_bridge.v:73$355'.
  created $dff cell `$procdff$1123' with positive edge clock.
Creating register for signal `$paramod$2ac8c588e17821101c23c62380820e6621af5831\nano_controller.\data_a' using process `$paramod$2ac8c588e17821101c23c62380820e6621af5831\nano_controller.$proc$output/nanocgra_lite_3x3_opt/rtl/nano_controller.v:55$343'.
  created $dff cell `$procdff$1124' with positive edge clock.
Creating register for signal `$paramod$2ac8c588e17821101c23c62380820e6621af5831\nano_controller.\data_b' using process `$paramod$2ac8c588e17821101c23c62380820e6621af5831\nano_controller.$proc$output/nanocgra_lite_3x3_opt/rtl/nano_controller.v:55$343'.
  created $dff cell `$procdff$1125' with positive edge clock.
Creating register for signal `$paramod$2ac8c588e17821101c23c62380820e6621af5831\nano_controller.\m_sram_addr' using process `$paramod$2ac8c588e17821101c23c62380820e6621af5831\nano_controller.$proc$output/nanocgra_lite_3x3_opt/rtl/nano_controller.v:55$343'.
  created $dff cell `$procdff$1126' with positive edge clock.
Creating register for signal `$paramod$2ac8c588e17821101c23c62380820e6621af5831\nano_controller.\done' using process `$paramod$2ac8c588e17821101c23c62380820e6621af5831\nano_controller.$proc$output/nanocgra_lite_3x3_opt/rtl/nano_controller.v:55$343'.
  created $dff cell `$procdff$1127' with positive edge clock.
Creating register for signal `$paramod$2ac8c588e17821101c23c62380820e6621af5831\nano_controller.\state' using process `$paramod$2ac8c588e17821101c23c62380820e6621af5831\nano_controller.$proc$output/nanocgra_lite_3x3_opt/rtl/nano_controller.v:55$343'.
  created $dff cell `$procdff$1128' with positive edge clock.
Creating register for signal `$paramod$42fb895c52102b726af8d020df739a0a7996e8c2\sram.\dout' using process `$paramod$42fb895c52102b726af8d020df739a0a7996e8c2\sram.$proc$output/nanocgra_lite_3x3_opt/rtl/sram.v:24$262'.
  created $dff cell `$procdff$1129' with positive edge clock.
Creating register for signal `$paramod$42fb895c52102b726af8d020df739a0a7996e8c2\sram.\i' using process `$paramod$42fb895c52102b726af8d020df739a0a7996e8c2\sram.$proc$output/nanocgra_lite_3x3_opt/rtl/sram.v:24$262'.
  created $dff cell `$procdff$1130' with positive edge clock.
Creating register for signal `$paramod$42fb895c52102b726af8d020df739a0a7996e8c2\sram.$memwr$\mem$output/nanocgra_lite_3x3_opt/rtl/sram.v:27$229_EN' using process `$paramod$42fb895c52102b726af8d020df739a0a7996e8c2\sram.$proc$output/nanocgra_lite_3x3_opt/rtl/sram.v:24$262'.
  created $dff cell `$procdff$1131' with positive edge clock.
Creating register for signal `$paramod$42fb895c52102b726af8d020df739a0a7996e8c2\sram.$memwr$\mem$output/nanocgra_lite_3x3_opt/rtl/sram.v:27$230_EN' using process `$paramod$42fb895c52102b726af8d020df739a0a7996e8c2\sram.$proc$output/nanocgra_lite_3x3_opt/rtl/sram.v:24$262'.
  created $dff cell `$procdff$1132' with positive edge clock.
Creating register for signal `$paramod$42fb895c52102b726af8d020df739a0a7996e8c2\sram.$memwr$\mem$output/nanocgra_lite_3x3_opt/rtl/sram.v:27$231_EN' using process `$paramod$42fb895c52102b726af8d020df739a0a7996e8c2\sram.$proc$output/nanocgra_lite_3x3_opt/rtl/sram.v:24$262'.
  created $dff cell `$procdff$1133' with positive edge clock.
Creating register for signal `$paramod$42fb895c52102b726af8d020df739a0a7996e8c2\sram.$memwr$\mem$output/nanocgra_lite_3x3_opt/rtl/sram.v:27$232_EN' using process `$paramod$42fb895c52102b726af8d020df739a0a7996e8c2\sram.$proc$output/nanocgra_lite_3x3_opt/rtl/sram.v:24$262'.
  created $dff cell `$procdff$1134' with positive edge clock.
Creating register for signal `$paramod$42fb895c52102b726af8d020df739a0a7996e8c2\sram.$memwr$\mem$output/nanocgra_lite_3x3_opt/rtl/sram.v:27$233_EN' using process `$paramod$42fb895c52102b726af8d020df739a0a7996e8c2\sram.$proc$output/nanocgra_lite_3x3_opt/rtl/sram.v:24$262'.
  created $dff cell `$procdff$1135' with positive edge clock.
Creating register for signal `$paramod$42fb895c52102b726af8d020df739a0a7996e8c2\sram.$memwr$\mem$output/nanocgra_lite_3x3_opt/rtl/sram.v:27$234_EN' using process `$paramod$42fb895c52102b726af8d020df739a0a7996e8c2\sram.$proc$output/nanocgra_lite_3x3_opt/rtl/sram.v:24$262'.
  created $dff cell `$procdff$1136' with positive edge clock.
Creating register for signal `$paramod$42fb895c52102b726af8d020df739a0a7996e8c2\sram.$memwr$\mem$output/nanocgra_lite_3x3_opt/rtl/sram.v:27$235_EN' using process `$paramod$42fb895c52102b726af8d020df739a0a7996e8c2\sram.$proc$output/nanocgra_lite_3x3_opt/rtl/sram.v:24$262'.
  created $dff cell `$procdff$1137' with positive edge clock.
Creating register for signal `$paramod$42fb895c52102b726af8d020df739a0a7996e8c2\sram.$memwr$\mem$output/nanocgra_lite_3x3_opt/rtl/sram.v:27$236_EN' using process `$paramod$42fb895c52102b726af8d020df739a0a7996e8c2\sram.$proc$output/nanocgra_lite_3x3_opt/rtl/sram.v:24$262'.
  created $dff cell `$procdff$1138' with positive edge clock.
Creating register for signal `$paramod$42fb895c52102b726af8d020df739a0a7996e8c2\sram.$memwr$\mem$output/nanocgra_lite_3x3_opt/rtl/sram.v:27$237_EN' using process `$paramod$42fb895c52102b726af8d020df739a0a7996e8c2\sram.$proc$output/nanocgra_lite_3x3_opt/rtl/sram.v:24$262'.
  created $dff cell `$procdff$1139' with positive edge clock.
Creating register for signal `$paramod$42fb895c52102b726af8d020df739a0a7996e8c2\sram.$memwr$\mem$output/nanocgra_lite_3x3_opt/rtl/sram.v:27$238_EN' using process `$paramod$42fb895c52102b726af8d020df739a0a7996e8c2\sram.$proc$output/nanocgra_lite_3x3_opt/rtl/sram.v:24$262'.
  created $dff cell `$procdff$1140' with positive edge clock.
Creating register for signal `$paramod$42fb895c52102b726af8d020df739a0a7996e8c2\sram.$memwr$\mem$output/nanocgra_lite_3x3_opt/rtl/sram.v:27$239_EN' using process `$paramod$42fb895c52102b726af8d020df739a0a7996e8c2\sram.$proc$output/nanocgra_lite_3x3_opt/rtl/sram.v:24$262'.
  created $dff cell `$procdff$1141' with positive edge clock.
Creating register for signal `$paramod$42fb895c52102b726af8d020df739a0a7996e8c2\sram.$memwr$\mem$output/nanocgra_lite_3x3_opt/rtl/sram.v:27$240_EN' using process `$paramod$42fb895c52102b726af8d020df739a0a7996e8c2\sram.$proc$output/nanocgra_lite_3x3_opt/rtl/sram.v:24$262'.
  created $dff cell `$procdff$1142' with positive edge clock.
Creating register for signal `$paramod$42fb895c52102b726af8d020df739a0a7996e8c2\sram.$memwr$\mem$output/nanocgra_lite_3x3_opt/rtl/sram.v:27$241_EN' using process `$paramod$42fb895c52102b726af8d020df739a0a7996e8c2\sram.$proc$output/nanocgra_lite_3x3_opt/rtl/sram.v:24$262'.
  created $dff cell `$procdff$1143' with positive edge clock.
Creating register for signal `$paramod$42fb895c52102b726af8d020df739a0a7996e8c2\sram.$memwr$\mem$output/nanocgra_lite_3x3_opt/rtl/sram.v:27$242_EN' using process `$paramod$42fb895c52102b726af8d020df739a0a7996e8c2\sram.$proc$output/nanocgra_lite_3x3_opt/rtl/sram.v:24$262'.
  created $dff cell `$procdff$1144' with positive edge clock.
Creating register for signal `$paramod$42fb895c52102b726af8d020df739a0a7996e8c2\sram.$memwr$\mem$output/nanocgra_lite_3x3_opt/rtl/sram.v:27$243_EN' using process `$paramod$42fb895c52102b726af8d020df739a0a7996e8c2\sram.$proc$output/nanocgra_lite_3x3_opt/rtl/sram.v:24$262'.
  created $dff cell `$procdff$1145' with positive edge clock.
Creating register for signal `$paramod$42fb895c52102b726af8d020df739a0a7996e8c2\sram.$memwr$\mem$output/nanocgra_lite_3x3_opt/rtl/sram.v:27$244_EN' using process `$paramod$42fb895c52102b726af8d020df739a0a7996e8c2\sram.$proc$output/nanocgra_lite_3x3_opt/rtl/sram.v:24$262'.
  created $dff cell `$procdff$1146' with positive edge clock.
Creating register for signal `$paramod$42fb895c52102b726af8d020df739a0a7996e8c2\sram.$memwr$\mem$output/nanocgra_lite_3x3_opt/rtl/sram.v:27$245_EN' using process `$paramod$42fb895c52102b726af8d020df739a0a7996e8c2\sram.$proc$output/nanocgra_lite_3x3_opt/rtl/sram.v:24$262'.
  created $dff cell `$procdff$1147' with positive edge clock.
Creating register for signal `$paramod$42fb895c52102b726af8d020df739a0a7996e8c2\sram.$memwr$\mem$output/nanocgra_lite_3x3_opt/rtl/sram.v:27$246_EN' using process `$paramod$42fb895c52102b726af8d020df739a0a7996e8c2\sram.$proc$output/nanocgra_lite_3x3_opt/rtl/sram.v:24$262'.
  created $dff cell `$procdff$1148' with positive edge clock.
Creating register for signal `$paramod$42fb895c52102b726af8d020df739a0a7996e8c2\sram.$memwr$\mem$output/nanocgra_lite_3x3_opt/rtl/sram.v:27$247_EN' using process `$paramod$42fb895c52102b726af8d020df739a0a7996e8c2\sram.$proc$output/nanocgra_lite_3x3_opt/rtl/sram.v:24$262'.
  created $dff cell `$procdff$1149' with positive edge clock.
Creating register for signal `$paramod$42fb895c52102b726af8d020df739a0a7996e8c2\sram.$memwr$\mem$output/nanocgra_lite_3x3_opt/rtl/sram.v:27$248_EN' using process `$paramod$42fb895c52102b726af8d020df739a0a7996e8c2\sram.$proc$output/nanocgra_lite_3x3_opt/rtl/sram.v:24$262'.
  created $dff cell `$procdff$1150' with positive edge clock.
Creating register for signal `$paramod$42fb895c52102b726af8d020df739a0a7996e8c2\sram.$memwr$\mem$output/nanocgra_lite_3x3_opt/rtl/sram.v:27$249_EN' using process `$paramod$42fb895c52102b726af8d020df739a0a7996e8c2\sram.$proc$output/nanocgra_lite_3x3_opt/rtl/sram.v:24$262'.
  created $dff cell `$procdff$1151' with positive edge clock.
Creating register for signal `$paramod$42fb895c52102b726af8d020df739a0a7996e8c2\sram.$memwr$\mem$output/nanocgra_lite_3x3_opt/rtl/sram.v:27$250_EN' using process `$paramod$42fb895c52102b726af8d020df739a0a7996e8c2\sram.$proc$output/nanocgra_lite_3x3_opt/rtl/sram.v:24$262'.
  created $dff cell `$procdff$1152' with positive edge clock.
Creating register for signal `$paramod$42fb895c52102b726af8d020df739a0a7996e8c2\sram.$memwr$\mem$output/nanocgra_lite_3x3_opt/rtl/sram.v:27$251_EN' using process `$paramod$42fb895c52102b726af8d020df739a0a7996e8c2\sram.$proc$output/nanocgra_lite_3x3_opt/rtl/sram.v:24$262'.
  created $dff cell `$procdff$1153' with positive edge clock.
Creating register for signal `$paramod$42fb895c52102b726af8d020df739a0a7996e8c2\sram.$memwr$\mem$output/nanocgra_lite_3x3_opt/rtl/sram.v:27$252_EN' using process `$paramod$42fb895c52102b726af8d020df739a0a7996e8c2\sram.$proc$output/nanocgra_lite_3x3_opt/rtl/sram.v:24$262'.
  created $dff cell `$procdff$1154' with positive edge clock.
Creating register for signal `$paramod$42fb895c52102b726af8d020df739a0a7996e8c2\sram.$memwr$\mem$output/nanocgra_lite_3x3_opt/rtl/sram.v:27$253_EN' using process `$paramod$42fb895c52102b726af8d020df739a0a7996e8c2\sram.$proc$output/nanocgra_lite_3x3_opt/rtl/sram.v:24$262'.
  created $dff cell `$procdff$1155' with positive edge clock.
Creating register for signal `$paramod$42fb895c52102b726af8d020df739a0a7996e8c2\sram.$memwr$\mem$output/nanocgra_lite_3x3_opt/rtl/sram.v:27$254_EN' using process `$paramod$42fb895c52102b726af8d020df739a0a7996e8c2\sram.$proc$output/nanocgra_lite_3x3_opt/rtl/sram.v:24$262'.
  created $dff cell `$procdff$1156' with positive edge clock.
Creating register for signal `$paramod$42fb895c52102b726af8d020df739a0a7996e8c2\sram.$memwr$\mem$output/nanocgra_lite_3x3_opt/rtl/sram.v:27$255_EN' using process `$paramod$42fb895c52102b726af8d020df739a0a7996e8c2\sram.$proc$output/nanocgra_lite_3x3_opt/rtl/sram.v:24$262'.
  created $dff cell `$procdff$1157' with positive edge clock.
Creating register for signal `$paramod$42fb895c52102b726af8d020df739a0a7996e8c2\sram.$memwr$\mem$output/nanocgra_lite_3x3_opt/rtl/sram.v:27$256_EN' using process `$paramod$42fb895c52102b726af8d020df739a0a7996e8c2\sram.$proc$output/nanocgra_lite_3x3_opt/rtl/sram.v:24$262'.
  created $dff cell `$procdff$1158' with positive edge clock.
Creating register for signal `$paramod$42fb895c52102b726af8d020df739a0a7996e8c2\sram.$memwr$\mem$output/nanocgra_lite_3x3_opt/rtl/sram.v:27$257_EN' using process `$paramod$42fb895c52102b726af8d020df739a0a7996e8c2\sram.$proc$output/nanocgra_lite_3x3_opt/rtl/sram.v:24$262'.
  created $dff cell `$procdff$1159' with positive edge clock.
Creating register for signal `$paramod$42fb895c52102b726af8d020df739a0a7996e8c2\sram.$memwr$\mem$output/nanocgra_lite_3x3_opt/rtl/sram.v:27$258_EN' using process `$paramod$42fb895c52102b726af8d020df739a0a7996e8c2\sram.$proc$output/nanocgra_lite_3x3_opt/rtl/sram.v:24$262'.
  created $dff cell `$procdff$1160' with positive edge clock.
Creating register for signal `$paramod$42fb895c52102b726af8d020df739a0a7996e8c2\sram.$memwr$\mem$output/nanocgra_lite_3x3_opt/rtl/sram.v:27$259_EN' using process `$paramod$42fb895c52102b726af8d020df739a0a7996e8c2\sram.$proc$output/nanocgra_lite_3x3_opt/rtl/sram.v:24$262'.
  created $dff cell `$procdff$1161' with positive edge clock.
Creating register for signal `$paramod$42fb895c52102b726af8d020df739a0a7996e8c2\sram.$memwr$\mem$output/nanocgra_lite_3x3_opt/rtl/sram.v:27$260_EN' using process `$paramod$42fb895c52102b726af8d020df739a0a7996e8c2\sram.$proc$output/nanocgra_lite_3x3_opt/rtl/sram.v:24$262'.
  created $dff cell `$procdff$1162' with positive edge clock.
Creating register for signal `$paramod$42fb895c52102b726af8d020df739a0a7996e8c2\sram.$memwr$\mem$output/nanocgra_lite_3x3_opt/rtl/sram.v:31$261_ADDR' using process `$paramod$42fb895c52102b726af8d020df739a0a7996e8c2\sram.$proc$output/nanocgra_lite_3x3_opt/rtl/sram.v:24$262'.
  created $dff cell `$procdff$1163' with positive edge clock.
Creating register for signal `$paramod$42fb895c52102b726af8d020df739a0a7996e8c2\sram.$memwr$\mem$output/nanocgra_lite_3x3_opt/rtl/sram.v:31$261_DATA' using process `$paramod$42fb895c52102b726af8d020df739a0a7996e8c2\sram.$proc$output/nanocgra_lite_3x3_opt/rtl/sram.v:24$262'.
  created $dff cell `$procdff$1164' with positive edge clock.
Creating register for signal `$paramod$42fb895c52102b726af8d020df739a0a7996e8c2\sram.$memwr$\mem$output/nanocgra_lite_3x3_opt/rtl/sram.v:31$261_EN' using process `$paramod$42fb895c52102b726af8d020df739a0a7996e8c2\sram.$proc$output/nanocgra_lite_3x3_opt/rtl/sram.v:24$262'.
  created $dff cell `$procdff$1165' with positive edge clock.
Creating register for signal `$paramod$7eca5051680112d836dfd6d6c9bb49f902e01f79\uart.\rx_state' using process `$paramod$7eca5051680112d836dfd6d6c9bb49f902e01f79\uart.$proc$output/nanocgra_lite_3x3_opt/rtl/uart.v:116$215'.
  created $dff cell `$procdff$1166' with positive edge clock.
Creating register for signal `$paramod$7eca5051680112d836dfd6d6c9bb49f902e01f79\uart.\rx_cnt' using process `$paramod$7eca5051680112d836dfd6d6c9bb49f902e01f79\uart.$proc$output/nanocgra_lite_3x3_opt/rtl/uart.v:116$215'.
  created $dff cell `$procdff$1167' with positive edge clock.
Creating register for signal `$paramod$7eca5051680112d836dfd6d6c9bb49f902e01f79\uart.\rx_bit' using process `$paramod$7eca5051680112d836dfd6d6c9bb49f902e01f79\uart.$proc$output/nanocgra_lite_3x3_opt/rtl/uart.v:116$215'.
  created $dff cell `$procdff$1168' with positive edge clock.
Creating register for signal `$paramod$7eca5051680112d836dfd6d6c9bb49f902e01f79\uart.\rx_shift' using process `$paramod$7eca5051680112d836dfd6d6c9bb49f902e01f79\uart.$proc$output/nanocgra_lite_3x3_opt/rtl/uart.v:116$215'.
  created $dff cell `$procdff$1169' with positive edge clock.
Creating register for signal `$paramod$7eca5051680112d836dfd6d6c9bb49f902e01f79\uart.\rx_data' using process `$paramod$7eca5051680112d836dfd6d6c9bb49f902e01f79\uart.$proc$output/nanocgra_lite_3x3_opt/rtl/uart.v:116$215'.
  created $dff cell `$procdff$1170' with positive edge clock.
Creating register for signal `$paramod$7eca5051680112d836dfd6d6c9bb49f902e01f79\uart.\rx_valid' using process `$paramod$7eca5051680112d836dfd6d6c9bb49f902e01f79\uart.$proc$output/nanocgra_lite_3x3_opt/rtl/uart.v:116$215'.
  created $dff cell `$procdff$1171' with positive edge clock.
Creating register for signal `$paramod$7eca5051680112d836dfd6d6c9bb49f902e01f79\uart.\rx_sync0' using process `$paramod$7eca5051680112d836dfd6d6c9bb49f902e01f79\uart.$proc$output/nanocgra_lite_3x3_opt/rtl/uart.v:106$213'.
  created $dff cell `$procdff$1172' with positive edge clock.
Creating register for signal `$paramod$7eca5051680112d836dfd6d6c9bb49f902e01f79\uart.\rx_sync1' using process `$paramod$7eca5051680112d836dfd6d6c9bb49f902e01f79\uart.$proc$output/nanocgra_lite_3x3_opt/rtl/uart.v:106$213'.
  created $dff cell `$procdff$1173' with positive edge clock.
Creating register for signal `$paramod$7eca5051680112d836dfd6d6c9bb49f902e01f79\uart.\uart_tx' using process `$paramod$7eca5051680112d836dfd6d6c9bb49f902e01f79\uart.$proc$output/nanocgra_lite_3x3_opt/rtl/uart.v:41$198'.
  created $dff cell `$procdff$1174' with positive edge clock.
Creating register for signal `$paramod$7eca5051680112d836dfd6d6c9bb49f902e01f79\uart.\tx_state' using process `$paramod$7eca5051680112d836dfd6d6c9bb49f902e01f79\uart.$proc$output/nanocgra_lite_3x3_opt/rtl/uart.v:41$198'.
  created $dff cell `$procdff$1175' with positive edge clock.
Creating register for signal `$paramod$7eca5051680112d836dfd6d6c9bb49f902e01f79\uart.\tx_cnt' using process `$paramod$7eca5051680112d836dfd6d6c9bb49f902e01f79\uart.$proc$output/nanocgra_lite_3x3_opt/rtl/uart.v:41$198'.
  created $dff cell `$procdff$1176' with positive edge clock.
Creating register for signal `$paramod$7eca5051680112d836dfd6d6c9bb49f902e01f79\uart.\tx_bit' using process `$paramod$7eca5051680112d836dfd6d6c9bb49f902e01f79\uart.$proc$output/nanocgra_lite_3x3_opt/rtl/uart.v:41$198'.
  created $dff cell `$procdff$1177' with positive edge clock.
Creating register for signal `$paramod$7eca5051680112d836dfd6d6c9bb49f902e01f79\uart.\tx_shift' using process `$paramod$7eca5051680112d836dfd6d6c9bb49f902e01f79\uart.$proc$output/nanocgra_lite_3x3_opt/rtl/uart.v:41$198'.
  created $dff cell `$procdff$1178' with positive edge clock.
Creating register for signal `$paramod$7eca5051680112d836dfd6d6c9bb49f902e01f79\uart.\tx_busy' using process `$paramod$7eca5051680112d836dfd6d6c9bb49f902e01f79\uart.$proc$output/nanocgra_lite_3x3_opt/rtl/uart.v:41$198'.
  created $dff cell `$procdff$1179' with positive edge clock.
Creating register for signal `$paramod\pe\DW=s32'00000000000000000000000000001000.\cfg_reg' using process `$paramod\pe\DW=s32'00000000000000000000000000001000.$proc$output/nanocgra_lite_3x3_opt/rtl/pe.v:76$194'.
  created $dff cell `$procdff$1180' with positive edge clock.
Creating register for signal `$paramod\pe\DW=s32'00000000000000000000000000001000.\local_reg' using process `$paramod\pe\DW=s32'00000000000000000000000000001000.$proc$output/nanocgra_lite_3x3_opt/rtl/pe.v:76$194'.
  created $dff cell `$procdff$1181' with positive edge clock.
Creating register for signal `$paramod\pe\DW=s32'00000000000000000000000000001000.\acc' using process `$paramod\pe\DW=s32'00000000000000000000000000001000.$proc$output/nanocgra_lite_3x3_opt/rtl/pe.v:76$194'.
  created $dff cell `$procdff$1182' with positive edge clock.

11.2.10. Executing PROC_MEMWR pass (convert process memory writes to cells).

11.2.11. Executing PROC_CLEAN pass (remove empty switches from decision trees).
Found and cleaned up 3 empty switches in `$paramod$05965082ca1eda7e3f2efb40c6e50c36422bb655\NanoCGRA_Lite_core.$proc$output/nanocgra_lite_3x3_opt/rtl/nanocgra_lite.v:71$360'.
Removing empty process `$paramod$05965082ca1eda7e3f2efb40c6e50c36422bb655\NanoCGRA_Lite_core.$proc$output/nanocgra_lite_3x3_opt/rtl/nanocgra_lite.v:71$360'.
Found and cleaned up 7 empty switches in `$paramod$000cc2b270b42b131af50c15269800a3b20033de\uart_bridge.$proc$output/nanocgra_lite_3x3_opt/rtl/uart_bridge.v:73$355'.
Removing empty process `$paramod$000cc2b270b42b131af50c15269800a3b20033de\uart_bridge.$proc$output/nanocgra_lite_3x3_opt/rtl/uart_bridge.v:73$355'.
Found and cleaned up 3 empty switches in `$paramod$000cc2b270b42b131af50c15269800a3b20033de\bus_decoder.$proc$output/nanocgra_lite_3x3_opt/rtl/bus_decoder.v:34$354'.
Removing empty process `$paramod$000cc2b270b42b131af50c15269800a3b20033de\bus_decoder.$proc$output/nanocgra_lite_3x3_opt/rtl/bus_decoder.v:34$354'.
Found and cleaned up 3 empty switches in `$paramod$2ac8c588e17821101c23c62380820e6621af5831\nano_controller.$proc$output/nanocgra_lite_3x3_opt/rtl/nano_controller.v:55$343'.
Removing empty process `$paramod$2ac8c588e17821101c23c62380820e6621af5831\nano_controller.$proc$output/nanocgra_lite_3x3_opt/rtl/nano_controller.v:55$343'.
Found and cleaned up 2 empty switches in `$paramod$42fb895c52102b726af8d020df739a0a7996e8c2\sram.$proc$output/nanocgra_lite_3x3_opt/rtl/sram.v:24$262'.
Removing empty process `$paramod$42fb895c52102b726af8d020df739a0a7996e8c2\sram.$proc$output/nanocgra_lite_3x3_opt/rtl/sram.v:24$262'.
Found and cleaned up 1 empty switch in `$paramod$7eca5051680112d836dfd6d6c9bb49f902e01f79\uart.$proc$output/nanocgra_lite_3x3_opt/rtl/uart.v:166$228'.
Removing empty process `$paramod$7eca5051680112d836dfd6d6c9bb49f902e01f79\uart.$proc$output/nanocgra_lite_3x3_opt/rtl/uart.v:166$228'.
Found and cleaned up 8 empty switches in `$paramod$7eca5051680112d836dfd6d6c9bb49f902e01f79\uart.$proc$output/nanocgra_lite_3x3_opt/rtl/uart.v:116$215'.
Removing empty process `$paramod$7eca5051680112d836dfd6d6c9bb49f902e01f79\uart.$proc$output/nanocgra_lite_3x3_opt/rtl/uart.v:116$215'.
Found and cleaned up 1 empty switch in `$paramod$7eca5051680112d836dfd6d6c9bb49f902e01f79\uart.$proc$output/nanocgra_lite_3x3_opt/rtl/uart.v:106$213'.
Removing empty process `$paramod$7eca5051680112d836dfd6d6c9bb49f902e01f79\uart.$proc$output/nanocgra_lite_3x3_opt/rtl/uart.v:106$213'.
Removing empty process `$paramod$7eca5051680112d836dfd6d6c9bb49f902e01f79\uart.$proc$output/nanocgra_lite_3x3_opt/rtl/uart.v:94$208'.
Found and cleaned up 7 empty switches in `$paramod$7eca5051680112d836dfd6d6c9bb49f902e01f79\uart.$proc$output/nanocgra_lite_3x3_opt/rtl/uart.v:41$198'.
Removing empty process `$paramod$7eca5051680112d836dfd6d6c9bb49f902e01f79\uart.$proc$output/nanocgra_lite_3x3_opt/rtl/uart.v:41$198'.
Found and cleaned up 6 empty switches in `$paramod\pe\DW=s32'00000000000000000000000000001000.$proc$output/nanocgra_lite_3x3_opt/rtl/pe.v:76$194'.
Removing empty process `$paramod\pe\DW=s32'00000000000000000000000000001000.$proc$output/nanocgra_lite_3x3_opt/rtl/pe.v:76$194'.
Found and cleaned up 1 empty switch in `$paramod\pe\DW=s32'00000000000000000000000000001000.$proc$output/nanocgra_lite_3x3_opt/rtl/pe.v:61$188'.
Removing empty process `$paramod\pe\DW=s32'00000000000000000000000000001000.$proc$output/nanocgra_lite_3x3_opt/rtl/pe.v:61$188'.
Found and cleaned up 1 empty switch in `$paramod\pe\DW=s32'00000000000000000000000000001000.$proc$output/nanocgra_lite_3x3_opt/rtl/pe.v:46$186'.
Removing empty process `$paramod\pe\DW=s32'00000000000000000000000000001000.$proc$output/nanocgra_lite_3x3_opt/rtl/pe.v:46$186'.
Cleaned up 43 empty switches.

11.2.12. Executing OPT_EXPR pass (perform const folding).
Optimizing module NanoCGRA_Lite.
Optimizing module $paramod$05965082ca1eda7e3f2efb40c6e50c36422bb655\NanoCGRA_Lite_core.
<suppressed ~13 debug messages>
Optimizing module $paramod$000cc2b270b42b131af50c15269800a3b20033de\uart_bridge.
<suppressed ~16 debug messages>
Optimizing module $paramod$000cc2b270b42b131af50c15269800a3b20033de\bus_decoder.
Optimizing module $paramod$2ac8c588e17821101c23c62380820e6621af5831\nano_controller.
<suppressed ~9 debug messages>
Optimizing module $paramod$42fb895c52102b726af8d020df739a0a7996e8c2\sram.
<suppressed ~40 debug messages>
Optimizing module $paramod$7eca5051680112d836dfd6d6c9bb49f902e01f79\uart.
<suppressed ~27 debug messages>
Optimizing module $paramod\cgra\DW=s32'00000000000000000000000000001000.
Optimizing module $paramod\pe\DW=s32'00000000000000000000000000001000.
<suppressed ~5 debug messages>

11.3. Executing FLATTEN pass (flatten design).
Deleting now unused module $paramod$05965082ca1eda7e3f2efb40c6e50c36422bb655\NanoCGRA_Lite_core.
Deleting now unused module $paramod$000cc2b270b42b131af50c15269800a3b20033de\uart_bridge.
Deleting now unused module $paramod$000cc2b270b42b131af50c15269800a3b20033de\bus_decoder.
Deleting now unused module $paramod$2ac8c588e17821101c23c62380820e6621af5831\nano_controller.
Deleting now unused module $paramod$42fb895c52102b726af8d020df739a0a7996e8c2\sram.
Deleting now unused module $paramod$7eca5051680112d836dfd6d6c9bb49f902e01f79\uart.
Deleting now unused module $paramod\cgra\DW=s32'00000000000000000000000000001000.
Deleting now unused module $paramod\pe\DW=s32'00000000000000000000000000001000.
<suppressed ~16 debug messages>

11.4. Executing OPT_EXPR pass (perform const folding).
Optimizing module NanoCGRA_Lite.

11.5. Executing OPT_CLEAN pass (remove unused cells and wires).
Finding unused cells or wires in module \NanoCGRA_Lite..
Removed 55 unused cells and 497 unused wires.
<suppressed ~57 debug messages>

11.6. Executing CHECK pass (checking for obvious problems).
Checking module NanoCGRA_Lite...
Found and reported 0 problems.

11.7. Executing OPT pass (performing simple optimizations).

11.7.1. Executing OPT_EXPR pass (perform const folding).
Optimizing module NanoCGRA_Lite.

11.7.2. Executing OPT_MERGE pass (detect identical cells).
Finding identical cells in module `\NanoCGRA_Lite'.
<suppressed ~231 debug messages>
Removed a total of 77 cells.

11.7.3. Executing OPT_MUXTREE pass (detect dead branches in mux trees).
Running muxtree optimizer on module \NanoCGRA_Lite..
  Creating internal representation of mux trees.
  Evaluating internal representation of mux trees.
  Analyzing evaluation results.
    dead port 2/9 on $pmux $flatten\u_core.\u_cgra.\pe00.$procmux$1088.
    dead port 2/9 on $pmux $flatten\u_core.\u_cgra.\pe01.$procmux$1088.
    dead port 2/9 on $pmux $flatten\u_core.\u_cgra.\pe02.$procmux$1088.
    dead port 2/9 on $pmux $flatten\u_core.\u_cgra.\pe10.$procmux$1088.
    dead port 2/9 on $pmux $flatten\u_core.\u_cgra.\pe11.$procmux$1088.
    dead port 2/9 on $pmux $flatten\u_core.\u_cgra.\pe12.$procmux$1088.
    dead port 2/9 on $pmux $flatten\u_core.\u_cgra.\pe20.$procmux$1088.
    dead port 2/9 on $pmux $flatten\u_core.\u_cgra.\pe21.$procmux$1088.
    dead port 2/9 on $pmux $flatten\u_core.\u_cgra.\pe22.$procmux$1088.
    dead port 1/2 on $mux $flatten\u_core.\u_dec.$procmux$693.
    dead port 1/2 on $mux $flatten\u_core.\u_dec.$procmux$696.
    dead port 1/2 on $mux $flatten\u_core.\u_dec.$procmux$702.
    dead port 2/2 on $mux $flatten\u_core.\u_sram.$procmux$766.
    dead port 2/2 on $mux $flatten\u_core.\u_sram.$procmux$772.
    dead port 2/2 on $mux $flatten\u_core.\u_sram.$procmux$778.
Removed 15 multiplexer ports.
<suppressed ~117 debug messages>

11.7.4. Executing OPT_REDUCE pass (consolidate $*mux and $reduce_* inputs).
  Optimizing cells in module \NanoCGRA_Lite.
    New ctrl vector for $pmux cell $flatten\u_core.\u_bridge.$procmux$534: $auto$opt_reduce.cc:134:opt_pmux$1217
    New ctrl vector for $pmux cell $flatten\u_core.\u_bridge.$procmux$541: { $flatten\u_core.\u_bridge.$procmux$529_CMP $flatten\u_core.\u_bridge.$procmux$570_CMP $flatten\u_core.\u_bridge.$procmux$528_CMP $flatten\u_core.\u_bridge.$procmux$565_CMP $flatten\u_core.\u_bridge.$procmux$561_CMP $flatten\u_core.\u_bridge.$procmux$537_CMP $flatten\u_core.\u_bridge.$procmux$527_CMP $flatten\u_core.\u_bridge.$procmux$552_CMP $flatten\u_core.\u_bridge.$procmux$551_CMP $flatten\u_core.\u_bridge.$procmux$526_CMP $flatten\u_core.\u_bridge.$procmux$549_CMP $flatten\u_core.\u_bridge.$procmux$536_CMP $flatten\u_core.\u_bridge.$procmux$535_CMP $auto$opt_reduce.cc:134:opt_pmux$1219 }
    New ctrl vector for $pmux cell $flatten\u_core.\u_bridge.$procmux$599: $auto$opt_reduce.cc:134:opt_pmux$1221
    New ctrl vector for $pmux cell $flatten\u_core.\u_bridge.$procmux$669: { $flatten\u_core.\u_bridge.$procmux$536_CMP $auto$opt_reduce.cc:134:opt_pmux$1223 }
    New ctrl vector for $pmux cell $flatten\u_core.\u_bridge.$procmux$677: { $flatten\u_core.\u_bridge.$procmux$528_CMP $auto$opt_reduce.cc:134:opt_pmux$1227 $auto$opt_reduce.cc:134:opt_pmux$1225 $flatten\u_core.\u_bridge.$procmux$536_CMP $flatten\u_core.\u_bridge.$procmux$535_CMP }
    New ctrl vector for $pmux cell $flatten\u_core.\u_cgra.\pe22.$procmux$1097: { $flatten\u_core.\u_cgra.\pe22.$procmux$1101_CMP $auto$opt_reduce.cc:134:opt_pmux$1229 $flatten\u_core.\u_cgra.\pe22.$procmux$1098_CMP }
    Consolidated identical input bits for $mux cell $flatten\u_core.\u_sram.$procmux$763:
      Old ports: A=8'00000000, B=8'11111111, Y=$flatten\u_core.\u_sram.$procmux$763_Y
      New ports: A=1'0, B=1'1, Y=$flatten\u_core.\u_sram.$procmux$763_Y [0]
      New connections: $flatten\u_core.\u_sram.$procmux$763_Y [7:1] = { $flatten\u_core.\u_sram.$procmux$763_Y [0] $flatten\u_core.\u_sram.$procmux$763_Y [0] $flatten\u_core.\u_sram.$procmux$763_Y [0] $flatten\u_core.\u_sram.$procmux$763_Y [0] $flatten\u_core.\u_sram.$procmux$763_Y [0] $flatten\u_core.\u_sram.$procmux$763_Y [0] $flatten\u_core.\u_sram.$procmux$763_Y [0] }
    New ctrl vector for $pmux cell $flatten\u_core.\u_bridge.$procmux$525: $auto$opt_reduce.cc:134:opt_pmux$1231
    Consolidated identical input bits for $mux cell $flatten\u_core.\u_sram.$procmux$787:
      Old ports: A=8'11111111, B=8'00000000, Y=$flatten\u_core.\u_sram.$0$memwr$\mem$output/nanocgra_lite_3x3_opt/rtl/sram.v:27$260_EN[7:0]$294
      New ports: A=1'1, B=1'0, Y=$flatten\u_core.\u_sram.$0$memwr$\mem$output/nanocgra_lite_3x3_opt/rtl/sram.v:27$260_EN[7:0]$294 [0]
      New connections: $flatten\u_core.\u_sram.$0$memwr$\mem$output/nanocgra_lite_3x3_opt/rtl/sram.v:27$260_EN[7:0]$294 [7:1] = { $flatten\u_core.\u_sram.$0$memwr$\mem$output/nanocgra_lite_3x3_opt/rtl/sram.v:27$260_EN[7:0]$294 [0] $flatten\u_core.\u_sram.$0$memwr$\mem$output/nanocgra_lite_3x3_opt/rtl/sram.v:27$260_EN[7:0]$294 [0] $flatten\u_core.\u_sram.$0$memwr$\mem$output/nanocgra_lite_3x3_opt/rtl/sram.v:27$260_EN[7:0]$294 [0] $flatten\u_core.\u_sram.$0$memwr$\mem$output/nanocgra_lite_3x3_opt/rtl/sram.v:27$260_EN[7:0]$294 [0] $flatten\u_core.\u_sram.$0$memwr$\mem$output/nanocgra_lite_3x3_opt/rtl/sram.v:27$260_EN[7:0]$294 [0] $flatten\u_core.\u_sram.$0$memwr$\mem$output/nanocgra_lite_3x3_opt/rtl/sram.v:27$260_EN[7:0]$294 [0] $flatten\u_core.\u_sram.$0$memwr$\mem$output/nanocgra_lite_3x3_opt/rtl/sram.v:27$260_EN[7:0]$294 [0] }
    Consolidated identical input bits for $mux cell $flatten\u_core.\u_sram.$procmux$790:
      Old ports: A=8'11111111, B=8'00000000, Y=$flatten\u_core.\u_sram.$0$memwr$\mem$output/nanocgra_lite_3x3_opt/rtl/sram.v:27$259_EN[7:0]$293
      New ports: A=1'1, B=1'0, Y=$flatten\u_core.\u_sram.$0$memwr$\mem$output/nanocgra_lite_3x3_opt/rtl/sram.v:27$259_EN[7:0]$293 [0]
      New connections: $flatten\u_core.\u_sram.$0$memwr$\mem$output/nanocgra_lite_3x3_opt/rtl/sram.v:27$259_EN[7:0]$293 [7:1] = { $flatten\u_core.\u_sram.$0$memwr$\mem$output/nanocgra_lite_3x3_opt/rtl/sram.v:27$259_EN[7:0]$293 [0] $flatten\u_core.\u_sram.$0$memwr$\mem$output/nanocgra_lite_3x3_opt/rtl/sram.v:27$259_EN[7:0]$293 [0] $flatten\u_core.\u_sram.$0$memwr$\mem$output/nanocgra_lite_3x3_opt/rtl/sram.v:27$259_EN[7:0]$293 [0] $flatten\u_core.\u_sram.$0$memwr$\mem$output/nanocgra_lite_3x3_opt/rtl/sram.v:27$259_EN[7:0]$293 [0] $flatten\u_core.\u_sram.$0$memwr$\mem$output/nanocgra_lite_3x3_opt/rtl/sram.v:27$259_EN[7:0]$293 [0] $flatten\u_core.\u_sram.$0$memwr$\mem$output/nanocgra_lite_3x3_opt/rtl/sram.v:27$259_EN[7:0]$293 [0] $flatten\u_core.\u_sram.$0$memwr$\mem$output/nanocgra_lite_3x3_opt/rtl/sram.v:27$259_EN[7:0]$293 [0] }
    Consolidated identical input bits for $mux cell $flatten\u_core.\u_sram.$procmux$793:
      Old ports: A=8'11111111, B=8'00000000, Y=$flatten\u_core.\u_sram.$0$memwr$\mem$output/nanocgra_lite_3x3_opt/rtl/sram.v:27$258_EN[7:0]$292
      New ports: A=1'1, B=1'0, Y=$flatten\u_core.\u_sram.$0$memwr$\mem$output/nanocgra_lite_3x3_opt/rtl/sram.v:27$258_EN[7:0]$292 [0]
      New connections: $flatten\u_core.\u_sram.$0$memwr$\mem$output/nanocgra_lite_3x3_opt/rtl/sram.v:27$258_EN[7:0]$292 [7:1] = { $flatten\u_core.\u_sram.$0$memwr$\mem$output/nanocgra_lite_3x3_opt/rtl/sram.v:27$258_EN[7:0]$292 [0] $flatten\u_core.\u_sram.$0$memwr$\mem$output/nanocgra_lite_3x3_opt/rtl/sram.v:27$258_EN[7:0]$292 [0] $flatten\u_core.\u_sram.$0$memwr$\mem$output/nanocgra_lite_3x3_opt/rtl/sram.v:27$258_EN[7:0]$292 [0] $flatten\u_core.\u_sram.$0$memwr$\mem$output/nanocgra_lite_3x3_opt/rtl/sram.v:27$258_EN[7:0]$292 [0] $flatten\u_core.\u_sram.$0$memwr$\mem$output/nanocgra_lite_3x3_opt/rtl/sram.v:27$258_EN[7:0]$292 [0] $flatten\u_core.\u_sram.$0$memwr$\mem$output/nanocgra_lite_3x3_opt/rtl/sram.v:27$258_EN[7:0]$292 [0] $flatten\u_core.\u_sram.$0$memwr$\mem$output/nanocgra_lite_3x3_opt/rtl/sram.v:27$258_EN[7:0]$292 [0] }
    Consolidated identical input bits for $mux cell $flatten\u_core.\u_sram.$procmux$796:
      Old ports: A=8'11111111, B=8'00000000, Y=$flatten\u_core.\u_sram.$0$memwr$\mem$output/nanocgra_lite_3x3_opt/rtl/sram.v:27$257_EN[7:0]$291
      New ports: A=1'1, B=1'0, Y=$flatten\u_core.\u_sram.$0$memwr$\mem$output/nanocgra_lite_3x3_opt/rtl/sram.v:27$257_EN[7:0]$291 [0]
      New connections: $flatten\u_core.\u_sram.$0$memwr$\mem$output/nanocgra_lite_3x3_opt/rtl/sram.v:27$257_EN[7:0]$291 [7:1] = { $flatten\u_core.\u_sram.$0$memwr$\mem$output/nanocgra_lite_3x3_opt/rtl/sram.v:27$257_EN[7:0]$291 [0] $flatten\u_core.\u_sram.$0$memwr$\mem$output/nanocgra_lite_3x3_opt/rtl/sram.v:27$257_EN[7:0]$291 [0] $flatten\u_core.\u_sram.$0$memwr$\mem$output/nanocgra_lite_3x3_opt/rtl/sram.v:27$257_EN[7:0]$291 [0] $flatten\u_core.\u_sram.$0$memwr$\mem$output/nanocgra_lite_3x3_opt/rtl/sram.v:27$257_EN[7:0]$291 [0] $flatten\u_core.\u_sram.$0$memwr$\mem$output/nanocgra_lite_3x3_opt/rtl/sram.v:27$257_EN[7:0]$291 [0] $flatten\u_core.\u_sram.$0$memwr$\mem$output/nanocgra_lite_3x3_opt/rtl/sram.v:27$257_EN[7:0]$291 [0] $flatten\u_core.\u_sram.$0$memwr$\mem$output/nanocgra_lite_3x3_opt/rtl/sram.v:27$257_EN[7:0]$291 [0] }
    Consolidated identical input bits for $mux cell $flatten\u_core.\u_sram.$procmux$799:
      Old ports: A=8'11111111, B=8'00000000, Y=$flatten\u_core.\u_sram.$0$memwr$\mem$output/nanocgra_lite_3x3_opt/rtl/sram.v:27$256_EN[7:0]$290
      New ports: A=1'1, B=1'0, Y=$flatten\u_core.\u_sram.$0$memwr$\mem$output/nanocgra_lite_3x3_opt/rtl/sram.v:27$256_EN[7:0]$290 [0]
      New connections: $flatten\u_core.\u_sram.$0$memwr$\mem$output/nanocgra_lite_3x3_opt/rtl/sram.v:27$256_EN[7:0]$290 [7:1] = { $flatten\u_core.\u_sram.$0$memwr$\mem$output/nanocgra_lite_3x3_opt/rtl/sram.v:27$256_EN[7:0]$290 [0] $flatten\u_core.\u_sram.$0$memwr$\mem$output/nanocgra_lite_3x3_opt/rtl/sram.v:27$256_EN[7:0]$290 [0] $flatten\u_core.\u_sram.$0$memwr$\mem$output/nanocgra_lite_3x3_opt/rtl/sram.v:27$256_EN[7:0]$290 [0] $flatten\u_core.\u_sram.$0$memwr$\mem$output/nanocgra_lite_3x3_opt/rtl/sram.v:27$256_EN[7:0]$290 [0] $flatten\u_core.\u_sram.$0$memwr$\mem$output/nanocgra_lite_3x3_opt/rtl/sram.v:27$256_EN[7:0]$290 [0] $flatten\u_core.\u_sram.$0$memwr$\mem$output/nanocgra_lite_3x3_opt/rtl/sram.v:27$256_EN[7:0]$290 [0] $flatten\u_core.\u_sram.$0$memwr$\mem$output/nanocgra_lite_3x3_opt/rtl/sram.v:27$256_EN[7:0]$290 [0] }
    Consolidated identical input bits for $mux cell $flatten\u_core.\u_sram.$procmux$802:
      Old ports: A=8'11111111, B=8'00000000, Y=$flatten\u_core.\u_sram.$0$memwr$\mem$output/nanocgra_lite_3x3_opt/rtl/sram.v:27$255_EN[7:0]$289
      New ports: A=1'1, B=1'0, Y=$flatten\u_core.\u_sram.$0$memwr$\mem$output/nanocgra_lite_3x3_opt/rtl/sram.v:27$255_EN[7:0]$289 [0]
      New connections: $flatten\u_core.\u_sram.$0$memwr$\mem$output/nanocgra_lite_3x3_opt/rtl/sram.v:27$255_EN[7:0]$289 [7:1] = { $flatten\u_core.\u_sram.$0$memwr$\mem$output/nanocgra_lite_3x3_opt/rtl/sram.v:27$255_EN[7:0]$289 [0] $flatten\u_core.\u_sram.$0$memwr$\mem$output/nanocgra_lite_3x3_opt/rtl/sram.v:27$255_EN[7:0]$289 [0] $flatten\u_core.\u_sram.$0$memwr$\mem$output/nanocgra_lite_3x3_opt/rtl/sram.v:27$255_EN[7:0]$289 [0] $flatten\u_core.\u_sram.$0$memwr$\mem$output/nanocgra_lite_3x3_opt/rtl/sram.v:27$255_EN[7:0]$289 [0] $flatten\u_core.\u_sram.$0$memwr$\mem$output/nanocgra_lite_3x3_opt/rtl/sram.v:27$255_EN[7:0]$289 [0] $flatten\u_core.\u_sram.$0$memwr$\mem$output/nanocgra_lite_3x3_opt/rtl/sram.v:27$255_EN[7:0]$289 [0] $flatten\u_core.\u_sram.$0$memwr$\mem$output/nanocgra_lite_3x3_opt/rtl/sram.v:27$255_EN[7:0]$289 [0] }
    Consolidated identical input bits for $mux cell $flatten\u_core.\u_sram.$procmux$805:
      Old ports: A=8'11111111, B=8'00000000, Y=$flatten\u_core.\u_sram.$0$memwr$\mem$output/nanocgra_lite_3x3_opt/rtl/sram.v:27$254_EN[7:0]$288
      New ports: A=1'1, B=1'0, Y=$flatten\u_core.\u_sram.$0$memwr$\mem$output/nanocgra_lite_3x3_opt/rtl/sram.v:27$254_EN[7:0]$288 [0]
      New connections: $flatten\u_core.\u_sram.$0$memwr$\mem$output/nanocgra_lite_3x3_opt/rtl/sram.v:27$254_EN[7:0]$288 [7:1] = { $flatten\u_core.\u_sram.$0$memwr$\mem$output/nanocgra_lite_3x3_opt/rtl/sram.v:27$254_EN[7:0]$288 [0] $flatten\u_core.\u_sram.$0$memwr$\mem$output/nanocgra_lite_3x3_opt/rtl/sram.v:27$254_EN[7:0]$288 [0] $flatten\u_core.\u_sram.$0$memwr$\mem$output/nanocgra_lite_3x3_opt/rtl/sram.v:27$254_EN[7:0]$288 [0] $flatten\u_core.\u_sram.$0$memwr$\mem$output/nanocgra_lite_3x3_opt/rtl/sram.v:27$254_EN[7:0]$288 [0] $flatten\u_core.\u_sram.$0$memwr$\mem$output/nanocgra_lite_3x3_opt/rtl/sram.v:27$254_EN[7:0]$288 [0] $flatten\u_core.\u_sram.$0$memwr$\mem$output/nanocgra_lite_3x3_opt/rtl/sram.v:27$254_EN[7:0]$288 [0] $flatten\u_core.\u_sram.$0$memwr$\mem$output/nanocgra_lite_3x3_opt/rtl/sram.v:27$254_EN[7:0]$288 [0] }
    Consolidated identical input bits for $mux cell $flatten\u_core.\u_sram.$procmux$808:
      Old ports: A=8'11111111, B=8'00000000, Y=$flatten\u_core.\u_sram.$0$memwr$\mem$output/nanocgra_lite_3x3_opt/rtl/sram.v:27$253_EN[7:0]$287
      New ports: A=1'1, B=1'0, Y=$flatten\u_core.\u_sram.$0$memwr$\mem$output/nanocgra_lite_3x3_opt/rtl/sram.v:27$253_EN[7:0]$287 [0]
      New connections: $flatten\u_core.\u_sram.$0$memwr$\mem$output/nanocgra_lite_3x3_opt/rtl/sram.v:27$253_EN[7:0]$287 [7:1] = { $flatten\u_core.\u_sram.$0$memwr$\mem$output/nanocgra_lite_3x3_opt/rtl/sram.v:27$253_EN[7:0]$287 [0] $flatten\u_core.\u_sram.$0$memwr$\mem$output/nanocgra_lite_3x3_opt/rtl/sram.v:27$253_EN[7:0]$287 [0] $flatten\u_core.\u_sram.$0$memwr$\mem$output/nanocgra_lite_3x3_opt/rtl/sram.v:27$253_EN[7:0]$287 [0] $flatten\u_core.\u_sram.$0$memwr$\mem$output/nanocgra_lite_3x3_opt/rtl/sram.v:27$253_EN[7:0]$287 [0] $flatten\u_core.\u_sram.$0$memwr$\mem$output/nanocgra_lite_3x3_opt/rtl/sram.v:27$253_EN[7:0]$287 [0] $flatten\u_core.\u_sram.$0$memwr$\mem$output/nanocgra_lite_3x3_opt/rtl/sram.v:27$253_EN[7:0]$287 [0] $flatten\u_core.\u_sram.$0$memwr$\mem$output/nanocgra_lite_3x3_opt/rtl/sram.v:27$253_EN[7:0]$287 [0] }
    Consolidated identical input bits for $mux cell $flatten\u_core.\u_sram.$procmux$811:
      Old ports: A=8'11111111, B=8'00000000, Y=$flatten\u_core.\u_sram.$0$memwr$\mem$output/nanocgra_lite_3x3_opt/rtl/sram.v:27$252_EN[7:0]$286
      New ports: A=1'1, B=1'0, Y=$flatten\u_core.\u_sram.$0$memwr$\mem$output/nanocgra_lite_3x3_opt/rtl/sram.v:27$252_EN[7:0]$286 [0]
      New connections: $flatten\u_core.\u_sram.$0$memwr$\mem$output/nanocgra_lite_3x3_opt/rtl/sram.v:27$252_EN[7:0]$286 [7:1] = { $flatten\u_core.\u_sram.$0$memwr$\mem$output/nanocgra_lite_3x3_opt/rtl/sram.v:27$252_EN[7:0]$286 [0] $flatten\u_core.\u_sram.$0$memwr$\mem$output/nanocgra_lite_3x3_opt/rtl/sram.v:27$252_EN[7:0]$286 [0] $flatten\u_core.\u_sram.$0$memwr$\mem$output/nanocgra_lite_3x3_opt/rtl/sram.v:27$252_EN[7:0]$286 [0] $flatten\u_core.\u_sram.$0$memwr$\mem$output/nanocgra_lite_3x3_opt/rtl/sram.v:27$252_EN[7:0]$286 [0] $flatten\u_core.\u_sram.$0$memwr$\mem$output/nanocgra_lite_3x3_opt/rtl/sram.v:27$252_EN[7:0]$286 [0] $flatten\u_core.\u_sram.$0$memwr$\mem$output/nanocgra_lite_3x3_opt/rtl/sram.v:27$252_EN[7:0]$286 [0] $flatten\u_core.\u_sram.$0$memwr$\mem$output/nanocgra_lite_3x3_opt/rtl/sram.v:27$252_EN[7:0]$286 [0] }
    Consolidated identical input bits for $mux cell $flatten\u_core.\u_sram.$procmux$814:
      Old ports: A=8'11111111, B=8'00000000, Y=$flatten\u_core.\u_sram.$0$memwr$\mem$output/nanocgra_lite_3x3_opt/rtl/sram.v:27$251_EN[7:0]$285
      New ports: A=1'1, B=1'0, Y=$flatten\u_core.\u_sram.$0$memwr$\mem$output/nanocgra_lite_3x3_opt/rtl/sram.v:27$251_EN[7:0]$285 [0]
      New connections: $flatten\u_core.\u_sram.$0$memwr$\mem$output/nanocgra_lite_3x3_opt/rtl/sram.v:27$251_EN[7:0]$285 [7:1] = { $flatten\u_core.\u_sram.$0$memwr$\mem$output/nanocgra_lite_3x3_opt/rtl/sram.v:27$251_EN[7:0]$285 [0] $flatten\u_core.\u_sram.$0$memwr$\mem$output/nanocgra_lite_3x3_opt/rtl/sram.v:27$251_EN[7:0]$285 [0] $flatten\u_core.\u_sram.$0$memwr$\mem$output/nanocgra_lite_3x3_opt/rtl/sram.v:27$251_EN[7:0]$285 [0] $flatten\u_core.\u_sram.$0$memwr$\mem$output/nanocgra_lite_3x3_opt/rtl/sram.v:27$251_EN[7:0]$285 [0] $flatten\u_core.\u_sram.$0$memwr$\mem$output/nanocgra_lite_3x3_opt/rtl/sram.v:27$251_EN[7:0]$285 [0] $flatten\u_core.\u_sram.$0$memwr$\mem$output/nanocgra_lite_3x3_opt/rtl/sram.v:27$251_EN[7:0]$285 [0] $flatten\u_core.\u_sram.$0$memwr$\mem$output/nanocgra_lite_3x3_opt/rtl/sram.v:27$251_EN[7:0]$285 [0] }
    Consolidated identical input bits for $mux cell $flatten\u_core.\u_sram.$procmux$817:
      Old ports: A=8'11111111, B=8'00000000, Y=$flatten\u_core.\u_sram.$0$memwr$\mem$output/nanocgra_lite_3x3_opt/rtl/sram.v:27$250_EN[7:0]$284
      New ports: A=1'1, B=1'0, Y=$flatten\u_core.\u_sram.$0$memwr$\mem$output/nanocgra_lite_3x3_opt/rtl/sram.v:27$250_EN[7:0]$284 [0]
      New connections: $flatten\u_core.\u_sram.$0$memwr$\mem$output/nanocgra_lite_3x3_opt/rtl/sram.v:27$250_EN[7:0]$284 [7:1] = { $flatten\u_core.\u_sram.$0$memwr$\mem$output/nanocgra_lite_3x3_opt/rtl/sram.v:27$250_EN[7:0]$284 [0] $flatten\u_core.\u_sram.$0$memwr$\mem$output/nanocgra_lite_3x3_opt/rtl/sram.v:27$250_EN[7:0]$284 [0] $flatten\u_core.\u_sram.$0$memwr$\mem$output/nanocgra_lite_3x3_opt/rtl/sram.v:27$250_EN[7:0]$284 [0] $flatten\u_core.\u_sram.$0$memwr$\mem$output/nanocgra_lite_3x3_opt/rtl/sram.v:27$250_EN[7:0]$284 [0] $flatten\u_core.\u_sram.$0$memwr$\mem$output/nanocgra_lite_3x3_opt/rtl/sram.v:27$250_EN[7:0]$284 [0] $flatten\u_core.\u_sram.$0$memwr$\mem$output/nanocgra_lite_3x3_opt/rtl/sram.v:27$250_EN[7:0]$284 [0] $flatten\u_core.\u_sram.$0$memwr$\mem$output/nanocgra_lite_3x3_opt/rtl/sram.v:27$250_EN[7:0]$284 [0] }
    Consolidated identical input bits for $mux cell $flatten\u_core.\u_sram.$procmux$820:
      Old ports: A=8'11111111, B=8'00000000, Y=$flatten\u_core.\u_sram.$0$memwr$\mem$output/nanocgra_lite_3x3_opt/rtl/sram.v:27$249_EN[7:0]$283
      New ports: A=1'1, B=1'0, Y=$flatten\u_core.\u_sram.$0$memwr$\mem$output/nanocgra_lite_3x3_opt/rtl/sram.v:27$249_EN[7:0]$283 [0]
      New connections: $flatten\u_core.\u_sram.$0$memwr$\mem$output/nanocgra_lite_3x3_opt/rtl/sram.v:27$249_EN[7:0]$283 [7:1] = { $flatten\u_core.\u_sram.$0$memwr$\mem$output/nanocgra_lite_3x3_opt/rtl/sram.v:27$249_EN[7:0]$283 [0] $flatten\u_core.\u_sram.$0$memwr$\mem$output/nanocgra_lite_3x3_opt/rtl/sram.v:27$249_EN[7:0]$283 [0] $flatten\u_core.\u_sram.$0$memwr$\mem$output/nanocgra_lite_3x3_opt/rtl/sram.v:27$249_EN[7:0]$283 [0] $flatten\u_core.\u_sram.$0$memwr$\mem$output/nanocgra_lite_3x3_opt/rtl/sram.v:27$249_EN[7:0]$283 [0] $flatten\u_core.\u_sram.$0$memwr$\mem$output/nanocgra_lite_3x3_opt/rtl/sram.v:27$249_EN[7:0]$283 [0] $flatten\u_core.\u_sram.$0$memwr$\mem$output/nanocgra_lite_3x3_opt/rtl/sram.v:27$249_EN[7:0]$283 [0] $flatten\u_core.\u_sram.$0$memwr$\mem$output/nanocgra_lite_3x3_opt/rtl/sram.v:27$249_EN[7:0]$283 [0] }
    Consolidated identical input bits for $mux cell $flatten\u_core.\u_sram.$procmux$823:
      Old ports: A=8'11111111, B=8'00000000, Y=$flatten\u_core.\u_sram.$0$memwr$\mem$output/nanocgra_lite_3x3_opt/rtl/sram.v:27$248_EN[7:0]$282
      New ports: A=1'1, B=1'0, Y=$flatten\u_core.\u_sram.$0$memwr$\mem$output/nanocgra_lite_3x3_opt/rtl/sram.v:27$248_EN[7:0]$282 [0]
      New connections: $flatten\u_core.\u_sram.$0$memwr$\mem$output/nanocgra_lite_3x3_opt/rtl/sram.v:27$248_EN[7:0]$282 [7:1] = { $flatten\u_core.\u_sram.$0$memwr$\mem$output/nanocgra_lite_3x3_opt/rtl/sram.v:27$248_EN[7:0]$282 [0] $flatten\u_core.\u_sram.$0$memwr$\mem$output/nanocgra_lite_3x3_opt/rtl/sram.v:27$248_EN[7:0]$282 [0] $flatten\u_core.\u_sram.$0$memwr$\mem$output/nanocgra_lite_3x3_opt/rtl/sram.v:27$248_EN[7:0]$282 [0] $flatten\u_core.\u_sram.$0$memwr$\mem$output/nanocgra_lite_3x3_opt/rtl/sram.v:27$248_EN[7:0]$282 [0] $flatten\u_core.\u_sram.$0$memwr$\mem$output/nanocgra_lite_3x3_opt/rtl/sram.v:27$248_EN[7:0]$282 [0] $flatten\u_core.\u_sram.$0$memwr$\mem$output/nanocgra_lite_3x3_opt/rtl/sram.v:27$248_EN[7:0]$282 [0] $flatten\u_core.\u_sram.$0$memwr$\mem$output/nanocgra_lite_3x3_opt/rtl/sram.v:27$248_EN[7:0]$282 [0] }
    Consolidated identical input bits for $mux cell $flatten\u_core.\u_sram.$procmux$826:
      Old ports: A=8'11111111, B=8'00000000, Y=$flatten\u_core.\u_sram.$0$memwr$\mem$output/nanocgra_lite_3x3_opt/rtl/sram.v:27$247_EN[7:0]$281
      New ports: A=1'1, B=1'0, Y=$flatten\u_core.\u_sram.$0$memwr$\mem$output/nanocgra_lite_3x3_opt/rtl/sram.v:27$247_EN[7:0]$281 [0]
      New connections: $flatten\u_core.\u_sram.$0$memwr$\mem$output/nanocgra_lite_3x3_opt/rtl/sram.v:27$247_EN[7:0]$281 [7:1] = { $flatten\u_core.\u_sram.$0$memwr$\mem$output/nanocgra_lite_3x3_opt/rtl/sram.v:27$247_EN[7:0]$281 [0] $flatten\u_core.\u_sram.$0$memwr$\mem$output/nanocgra_lite_3x3_opt/rtl/sram.v:27$247_EN[7:0]$281 [0] $flatten\u_core.\u_sram.$0$memwr$\mem$output/nanocgra_lite_3x3_opt/rtl/sram.v:27$247_EN[7:0]$281 [0] $flatten\u_core.\u_sram.$0$memwr$\mem$output/nanocgra_lite_3x3_opt/rtl/sram.v:27$247_EN[7:0]$281 [0] $flatten\u_core.\u_sram.$0$memwr$\mem$output/nanocgra_lite_3x3_opt/rtl/sram.v:27$247_EN[7:0]$281 [0] $flatten\u_core.\u_sram.$0$memwr$\mem$output/nanocgra_lite_3x3_opt/rtl/sram.v:27$247_EN[7:0]$281 [0] $flatten\u_core.\u_sram.$0$memwr$\mem$output/nanocgra_lite_3x3_opt/rtl/sram.v:27$247_EN[7:0]$281 [0] }
    Consolidated identical input bits for $mux cell $flatten\u_core.\u_sram.$procmux$829:
      Old ports: A=8'11111111, B=8'00000000, Y=$flatten\u_core.\u_sram.$0$memwr$\mem$output/nanocgra_lite_3x3_opt/rtl/sram.v:27$246_EN[7:0]$280
      New ports: A=1'1, B=1'0, Y=$flatten\u_core.\u_sram.$0$memwr$\mem$output/nanocgra_lite_3x3_opt/rtl/sram.v:27$246_EN[7:0]$280 [0]
      New connections: $flatten\u_core.\u_sram.$0$memwr$\mem$output/nanocgra_lite_3x3_opt/rtl/sram.v:27$246_EN[7:0]$280 [7:1] = { $flatten\u_core.\u_sram.$0$memwr$\mem$output/nanocgra_lite_3x3_opt/rtl/sram.v:27$246_EN[7:0]$280 [0] $flatten\u_core.\u_sram.$0$memwr$\mem$output/nanocgra_lite_3x3_opt/rtl/sram.v:27$246_EN[7:0]$280 [0] $flatten\u_core.\u_sram.$0$memwr$\mem$output/nanocgra_lite_3x3_opt/rtl/sram.v:27$246_EN[7:0]$280 [0] $flatten\u_core.\u_sram.$0$memwr$\mem$output/nanocgra_lite_3x3_opt/rtl/sram.v:27$246_EN[7:0]$280 [0] $flatten\u_core.\u_sram.$0$memwr$\mem$output/nanocgra_lite_3x3_opt/rtl/sram.v:27$246_EN[7:0]$280 [0] $flatten\u_core.\u_sram.$0$memwr$\mem$output/nanocgra_lite_3x3_opt/rtl/sram.v:27$246_EN[7:0]$280 [0] $flatten\u_core.\u_sram.$0$memwr$\mem$output/nanocgra_lite_3x3_opt/rtl/sram.v:27$246_EN[7:0]$280 [0] }
    Consolidated identical input bits for $mux cell $flatten\u_core.\u_sram.$procmux$832:
      Old ports: A=8'11111111, B=8'00000000, Y=$flatten\u_core.\u_sram.$0$memwr$\mem$output/nanocgra_lite_3x3_opt/rtl/sram.v:27$245_EN[7:0]$279
      New ports: A=1'1, B=1'0, Y=$flatten\u_core.\u_sram.$0$memwr$\mem$output/nanocgra_lite_3x3_opt/rtl/sram.v:27$245_EN[7:0]$279 [0]
      New connections: $flatten\u_core.\u_sram.$0$memwr$\mem$output/nanocgra_lite_3x3_opt/rtl/sram.v:27$245_EN[7:0]$279 [7:1] = { $flatten\u_core.\u_sram.$0$memwr$\mem$output/nanocgra_lite_3x3_opt/rtl/sram.v:27$245_EN[7:0]$279 [0] $flatten\u_core.\u_sram.$0$memwr$\mem$output/nanocgra_lite_3x3_opt/rtl/sram.v:27$245_EN[7:0]$279 [0] $flatten\u_core.\u_sram.$0$memwr$\mem$output/nanocgra_lite_3x3_opt/rtl/sram.v:27$245_EN[7:0]$279 [0] $flatten\u_core.\u_sram.$0$memwr$\mem$output/nanocgra_lite_3x3_opt/rtl/sram.v:27$245_EN[7:0]$279 [0] $flatten\u_core.\u_sram.$0$memwr$\mem$output/nanocgra_lite_3x3_opt/rtl/sram.v:27$245_EN[7:0]$279 [0] $flatten\u_core.\u_sram.$0$memwr$\mem$output/nanocgra_lite_3x3_opt/rtl/sram.v:27$245_EN[7:0]$279 [0] $flatten\u_core.\u_sram.$0$memwr$\mem$output/nanocgra_lite_3x3_opt/rtl/sram.v:27$245_EN[7:0]$279 [0] }
    Consolidated identical input bits for $mux cell $flatten\u_core.\u_sram.$procmux$835:
      Old ports: A=8'11111111, B=8'00000000, Y=$flatten\u_core.\u_sram.$0$memwr$\mem$output/nanocgra_lite_3x3_opt/rtl/sram.v:27$244_EN[7:0]$278
      New ports: A=1'1, B=1'0, Y=$flatten\u_core.\u_sram.$0$memwr$\mem$output/nanocgra_lite_3x3_opt/rtl/sram.v:27$244_EN[7:0]$278 [0]
      New connections: $flatten\u_core.\u_sram.$0$memwr$\mem$output/nanocgra_lite_3x3_opt/rtl/sram.v:27$244_EN[7:0]$278 [7:1] = { $flatten\u_core.\u_sram.$0$memwr$\mem$output/nanocgra_lite_3x3_opt/rtl/sram.v:27$244_EN[7:0]$278 [0] $flatten\u_core.\u_sram.$0$memwr$\mem$output/nanocgra_lite_3x3_opt/rtl/sram.v:27$244_EN[7:0]$278 [0] $flatten\u_core.\u_sram.$0$memwr$\mem$output/nanocgra_lite_3x3_opt/rtl/sram.v:27$244_EN[7:0]$278 [0] $flatten\u_core.\u_sram.$0$memwr$\mem$output/nanocgra_lite_3x3_opt/rtl/sram.v:27$244_EN[7:0]$278 [0] $flatten\u_core.\u_sram.$0$memwr$\mem$output/nanocgra_lite_3x3_opt/rtl/sram.v:27$244_EN[7:0]$278 [0] $flatten\u_core.\u_sram.$0$memwr$\mem$output/nanocgra_lite_3x3_opt/rtl/sram.v:27$244_EN[7:0]$278 [0] $flatten\u_core.\u_sram.$0$memwr$\mem$output/nanocgra_lite_3x3_opt/rtl/sram.v:27$244_EN[7:0]$278 [0] }
    Consolidated identical input bits for $mux cell $flatten\u_core.\u_sram.$procmux$838:
      Old ports: A=8'11111111, B=8'00000000, Y=$flatten\u_core.\u_sram.$0$memwr$\mem$output/nanocgra_lite_3x3_opt/rtl/sram.v:27$243_EN[7:0]$277
      New ports: A=1'1, B=1'0, Y=$flatten\u_core.\u_sram.$0$memwr$\mem$output/nanocgra_lite_3x3_opt/rtl/sram.v:27$243_EN[7:0]$277 [0]
      New connections: $flatten\u_core.\u_sram.$0$memwr$\mem$output/nanocgra_lite_3x3_opt/rtl/sram.v:27$243_EN[7:0]$277 [7:1] = { $flatten\u_core.\u_sram.$0$memwr$\mem$output/nanocgra_lite_3x3_opt/rtl/sram.v:27$243_EN[7:0]$277 [0] $flatten\u_core.\u_sram.$0$memwr$\mem$output/nanocgra_lite_3x3_opt/rtl/sram.v:27$243_EN[7:0]$277 [0] $flatten\u_core.\u_sram.$0$memwr$\mem$output/nanocgra_lite_3x3_opt/rtl/sram.v:27$243_EN[7:0]$277 [0] $flatten\u_core.\u_sram.$0$memwr$\mem$output/nanocgra_lite_3x3_opt/rtl/sram.v:27$243_EN[7:0]$277 [0] $flatten\u_core.\u_sram.$0$memwr$\mem$output/nanocgra_lite_3x3_opt/rtl/sram.v:27$243_EN[7:0]$277 [0] $flatten\u_core.\u_sram.$0$memwr$\mem$output/nanocgra_lite_3x3_opt/rtl/sram.v:27$243_EN[7:0]$277 [0] $flatten\u_core.\u_sram.$0$memwr$\mem$output/nanocgra_lite_3x3_opt/rtl/sram.v:27$243_EN[7:0]$277 [0] }
    Consolidated identical input bits for $mux cell $flatten\u_core.\u_sram.$procmux$841:
      Old ports: A=8'11111111, B=8'00000000, Y=$flatten\u_core.\u_sram.$0$memwr$\mem$output/nanocgra_lite_3x3_opt/rtl/sram.v:27$242_EN[7:0]$276
      New ports: A=1'1, B=1'0, Y=$flatten\u_core.\u_sram.$0$memwr$\mem$output/nanocgra_lite_3x3_opt/rtl/sram.v:27$242_EN[7:0]$276 [0]
      New connections: $flatten\u_core.\u_sram.$0$memwr$\mem$output/nanocgra_lite_3x3_opt/rtl/sram.v:27$242_EN[7:0]$276 [7:1] = { $flatten\u_core.\u_sram.$0$memwr$\mem$output/nanocgra_lite_3x3_opt/rtl/sram.v:27$242_EN[7:0]$276 [0] $flatten\u_core.\u_sram.$0$memwr$\mem$output/nanocgra_lite_3x3_opt/rtl/sram.v:27$242_EN[7:0]$276 [0] $flatten\u_core.\u_sram.$0$memwr$\mem$output/nanocgra_lite_3x3_opt/rtl/sram.v:27$242_EN[7:0]$276 [0] $flatten\u_core.\u_sram.$0$memwr$\mem$output/nanocgra_lite_3x3_opt/rtl/sram.v:27$242_EN[7:0]$276 [0] $flatten\u_core.\u_sram.$0$memwr$\mem$output/nanocgra_lite_3x3_opt/rtl/sram.v:27$242_EN[7:0]$276 [0] $flatten\u_core.\u_sram.$0$memwr$\mem$output/nanocgra_lite_3x3_opt/rtl/sram.v:27$242_EN[7:0]$276 [0] $flatten\u_core.\u_sram.$0$memwr$\mem$output/nanocgra_lite_3x3_opt/rtl/sram.v:27$242_EN[7:0]$276 [0] }
    Consolidated identical input bits for $mux cell $flatten\u_core.\u_sram.$procmux$844:
      Old ports: A=8'11111111, B=8'00000000, Y=$flatten\u_core.\u_sram.$0$memwr$\mem$output/nanocgra_lite_3x3_opt/rtl/sram.v:27$241_EN[7:0]$275
      New ports: A=1'1, B=1'0, Y=$flatten\u_core.\u_sram.$0$memwr$\mem$output/nanocgra_lite_3x3_opt/rtl/sram.v:27$241_EN[7:0]$275 [0]
      New connections: $flatten\u_core.\u_sram.$0$memwr$\mem$output/nanocgra_lite_3x3_opt/rtl/sram.v:27$241_EN[7:0]$275 [7:1] = { $flatten\u_core.\u_sram.$0$memwr$\mem$output/nanocgra_lite_3x3_opt/rtl/sram.v:27$241_EN[7:0]$275 [0] $flatten\u_core.\u_sram.$0$memwr$\mem$output/nanocgra_lite_3x3_opt/rtl/sram.v:27$241_EN[7:0]$275 [0] $flatten\u_core.\u_sram.$0$memwr$\mem$output/nanocgra_lite_3x3_opt/rtl/sram.v:27$241_EN[7:0]$275 [0] $flatten\u_core.\u_sram.$0$memwr$\mem$output/nanocgra_lite_3x3_opt/rtl/sram.v:27$241_EN[7:0]$275 [0] $flatten\u_core.\u_sram.$0$memwr$\mem$output/nanocgra_lite_3x3_opt/rtl/sram.v:27$241_EN[7:0]$275 [0] $flatten\u_core.\u_sram.$0$memwr$\mem$output/nanocgra_lite_3x3_opt/rtl/sram.v:27$241_EN[7:0]$275 [0] $flatten\u_core.\u_sram.$0$memwr$\mem$output/nanocgra_lite_3x3_opt/rtl/sram.v:27$241_EN[7:0]$275 [0] }
    Consolidated identical input bits for $mux cell $flatten\u_core.\u_sram.$procmux$847:
      Old ports: A=8'11111111, B=8'00000000, Y=$flatten\u_core.\u_sram.$0$memwr$\mem$output/nanocgra_lite_3x3_opt/rtl/sram.v:27$240_EN[7:0]$274
      New ports: A=1'1, B=1'0, Y=$flatten\u_core.\u_sram.$0$memwr$\mem$output/nanocgra_lite_3x3_opt/rtl/sram.v:27$240_EN[7:0]$274 [0]
      New connections: $flatten\u_core.\u_sram.$0$memwr$\mem$output/nanocgra_lite_3x3_opt/rtl/sram.v:27$240_EN[7:0]$274 [7:1] = { $flatten\u_core.\u_sram.$0$memwr$\mem$output/nanocgra_lite_3x3_opt/rtl/sram.v:27$240_EN[7:0]$274 [0] $flatten\u_core.\u_sram.$0$memwr$\mem$output/nanocgra_lite_3x3_opt/rtl/sram.v:27$240_EN[7:0]$274 [0] $flatten\u_core.\u_sram.$0$memwr$\mem$output/nanocgra_lite_3x3_opt/rtl/sram.v:27$240_EN[7:0]$274 [0] $flatten\u_core.\u_sram.$0$memwr$\mem$output/nanocgra_lite_3x3_opt/rtl/sram.v:27$240_EN[7:0]$274 [0] $flatten\u_core.\u_sram.$0$memwr$\mem$output/nanocgra_lite_3x3_opt/rtl/sram.v:27$240_EN[7:0]$274 [0] $flatten\u_core.\u_sram.$0$memwr$\mem$output/nanocgra_lite_3x3_opt/rtl/sram.v:27$240_EN[7:0]$274 [0] $flatten\u_core.\u_sram.$0$memwr$\mem$output/nanocgra_lite_3x3_opt/rtl/sram.v:27$240_EN[7:0]$274 [0] }
    Consolidated identical input bits for $mux cell $flatten\u_core.\u_sram.$procmux$850:
      Old ports: A=8'11111111, B=8'00000000, Y=$flatten\u_core.\u_sram.$0$memwr$\mem$output/nanocgra_lite_3x3_opt/rtl/sram.v:27$239_EN[7:0]$273
      New ports: A=1'1, B=1'0, Y=$flatten\u_core.\u_sram.$0$memwr$\mem$output/nanocgra_lite_3x3_opt/rtl/sram.v:27$239_EN[7:0]$273 [0]
      New connections: $flatten\u_core.\u_sram.$0$memwr$\mem$output/nanocgra_lite_3x3_opt/rtl/sram.v:27$239_EN[7:0]$273 [7:1] = { $flatten\u_core.\u_sram.$0$memwr$\mem$output/nanocgra_lite_3x3_opt/rtl/sram.v:27$239_EN[7:0]$273 [0] $flatten\u_core.\u_sram.$0$memwr$\mem$output/nanocgra_lite_3x3_opt/rtl/sram.v:27$239_EN[7:0]$273 [0] $flatten\u_core.\u_sram.$0$memwr$\mem$output/nanocgra_lite_3x3_opt/rtl/sram.v:27$239_EN[7:0]$273 [0] $flatten\u_core.\u_sram.$0$memwr$\mem$output/nanocgra_lite_3x3_opt/rtl/sram.v:27$239_EN[7:0]$273 [0] $flatten\u_core.\u_sram.$0$memwr$\mem$output/nanocgra_lite_3x3_opt/rtl/sram.v:27$239_EN[7:0]$273 [0] $flatten\u_core.\u_sram.$0$memwr$\mem$output/nanocgra_lite_3x3_opt/rtl/sram.v:27$239_EN[7:0]$273 [0] $flatten\u_core.\u_sram.$0$memwr$\mem$output/nanocgra_lite_3x3_opt/rtl/sram.v:27$239_EN[7:0]$273 [0] }
    Consolidated identical input bits for $mux cell $flatten\u_core.\u_sram.$procmux$853:
      Old ports: A=8'11111111, B=8'00000000, Y=$flatten\u_core.\u_sram.$0$memwr$\mem$output/nanocgra_lite_3x3_opt/rtl/sram.v:27$238_EN[7:0]$272
      New ports: A=1'1, B=1'0, Y=$flatten\u_core.\u_sram.$0$memwr$\mem$output/nanocgra_lite_3x3_opt/rtl/sram.v:27$238_EN[7:0]$272 [0]
      New connections: $flatten\u_core.\u_sram.$0$memwr$\mem$output/nanocgra_lite_3x3_opt/rtl/sram.v:27$238_EN[7:0]$272 [7:1] = { $flatten\u_core.\u_sram.$0$memwr$\mem$output/nanocgra_lite_3x3_opt/rtl/sram.v:27$238_EN[7:0]$272 [0] $flatten\u_core.\u_sram.$0$memwr$\mem$output/nanocgra_lite_3x3_opt/rtl/sram.v:27$238_EN[7:0]$272 [0] $flatten\u_core.\u_sram.$0$memwr$\mem$output/nanocgra_lite_3x3_opt/rtl/sram.v:27$238_EN[7:0]$272 [0] $flatten\u_core.\u_sram.$0$memwr$\mem$output/nanocgra_lite_3x3_opt/rtl/sram.v:27$238_EN[7:0]$272 [0] $flatten\u_core.\u_sram.$0$memwr$\mem$output/nanocgra_lite_3x3_opt/rtl/sram.v:27$238_EN[7:0]$272 [0] $flatten\u_core.\u_sram.$0$memwr$\mem$output/nanocgra_lite_3x3_opt/rtl/sram.v:27$238_EN[7:0]$272 [0] $flatten\u_core.\u_sram.$0$memwr$\mem$output/nanocgra_lite_3x3_opt/rtl/sram.v:27$238_EN[7:0]$272 [0] }
    Consolidated identical input bits for $mux cell $flatten\u_core.\u_sram.$procmux$856:
      Old ports: A=8'11111111, B=8'00000000, Y=$flatten\u_core.\u_sram.$0$memwr$\mem$output/nanocgra_lite_3x3_opt/rtl/sram.v:27$237_EN[7:0]$271
      New ports: A=1'1, B=1'0, Y=$flatten\u_core.\u_sram.$0$memwr$\mem$output/nanocgra_lite_3x3_opt/rtl/sram.v:27$237_EN[7:0]$271 [0]
      New connections: $flatten\u_core.\u_sram.$0$memwr$\mem$output/nanocgra_lite_3x3_opt/rtl/sram.v:27$237_EN[7:0]$271 [7:1] = { $flatten\u_core.\u_sram.$0$memwr$\mem$output/nanocgra_lite_3x3_opt/rtl/sram.v:27$237_EN[7:0]$271 [0] $flatten\u_core.\u_sram.$0$memwr$\mem$output/nanocgra_lite_3x3_opt/rtl/sram.v:27$237_EN[7:0]$271 [0] $flatten\u_core.\u_sram.$0$memwr$\mem$output/nanocgra_lite_3x3_opt/rtl/sram.v:27$237_EN[7:0]$271 [0] $flatten\u_core.\u_sram.$0$memwr$\mem$output/nanocgra_lite_3x3_opt/rtl/sram.v:27$237_EN[7:0]$271 [0] $flatten\u_core.\u_sram.$0$memwr$\mem$output/nanocgra_lite_3x3_opt/rtl/sram.v:27$237_EN[7:0]$271 [0] $flatten\u_core.\u_sram.$0$memwr$\mem$output/nanocgra_lite_3x3_opt/rtl/sram.v:27$237_EN[7:0]$271 [0] $flatten\u_core.\u_sram.$0$memwr$\mem$output/nanocgra_lite_3x3_opt/rtl/sram.v:27$237_EN[7:0]$271 [0] }
    Consolidated identical input bits for $mux cell $flatten\u_core.\u_sram.$procmux$859:
      Old ports: A=8'11111111, B=8'00000000, Y=$flatten\u_core.\u_sram.$0$memwr$\mem$output/nanocgra_lite_3x3_opt/rtl/sram.v:27$236_EN[7:0]$270
      New ports: A=1'1, B=1'0, Y=$flatten\u_core.\u_sram.$0$memwr$\mem$output/nanocgra_lite_3x3_opt/rtl/sram.v:27$236_EN[7:0]$270 [0]
      New connections: $flatten\u_core.\u_sram.$0$memwr$\mem$output/nanocgra_lite_3x3_opt/rtl/sram.v:27$236_EN[7:0]$270 [7:1] = { $flatten\u_core.\u_sram.$0$memwr$\mem$output/nanocgra_lite_3x3_opt/rtl/sram.v:27$236_EN[7:0]$270 [0] $flatten\u_core.\u_sram.$0$memwr$\mem$output/nanocgra_lite_3x3_opt/rtl/sram.v:27$236_EN[7:0]$270 [0] $flatten\u_core.\u_sram.$0$memwr$\mem$output/nanocgra_lite_3x3_opt/rtl/sram.v:27$236_EN[7:0]$270 [0] $flatten\u_core.\u_sram.$0$memwr$\mem$output/nanocgra_lite_3x3_opt/rtl/sram.v:27$236_EN[7:0]$270 [0] $flatten\u_core.\u_sram.$0$memwr$\mem$output/nanocgra_lite_3x3_opt/rtl/sram.v:27$236_EN[7:0]$270 [0] $flatten\u_core.\u_sram.$0$memwr$\mem$output/nanocgra_lite_3x3_opt/rtl/sram.v:27$236_EN[7:0]$270 [0] $flatten\u_core.\u_sram.$0$memwr$\mem$output/nanocgra_lite_3x3_opt/rtl/sram.v:27$236_EN[7:0]$270 [0] }
    Consolidated identical input bits for $mux cell $flatten\u_core.\u_sram.$procmux$862:
      Old ports: A=8'11111111, B=8'00000000, Y=$flatten\u_core.\u_sram.$0$memwr$\mem$output/nanocgra_lite_3x3_opt/rtl/sram.v:27$235_EN[7:0]$269
      New ports: A=1'1, B=1'0, Y=$flatten\u_core.\u_sram.$0$memwr$\mem$output/nanocgra_lite_3x3_opt/rtl/sram.v:27$235_EN[7:0]$269 [0]
      New connections: $flatten\u_core.\u_sram.$0$memwr$\mem$output/nanocgra_lite_3x3_opt/rtl/sram.v:27$235_EN[7:0]$269 [7:1] = { $flatten\u_core.\u_sram.$0$memwr$\mem$output/nanocgra_lite_3x3_opt/rtl/sram.v:27$235_EN[7:0]$269 [0] $flatten\u_core.\u_sram.$0$memwr$\mem$output/nanocgra_lite_3x3_opt/rtl/sram.v:27$235_EN[7:0]$269 [0] $flatten\u_core.\u_sram.$0$memwr$\mem$output/nanocgra_lite_3x3_opt/rtl/sram.v:27$235_EN[7:0]$269 [0] $flatten\u_core.\u_sram.$0$memwr$\mem$output/nanocgra_lite_3x3_opt/rtl/sram.v:27$235_EN[7:0]$269 [0] $flatten\u_core.\u_sram.$0$memwr$\mem$output/nanocgra_lite_3x3_opt/rtl/sram.v:27$235_EN[7:0]$269 [0] $flatten\u_core.\u_sram.$0$memwr$\mem$output/nanocgra_lite_3x3_opt/rtl/sram.v:27$235_EN[7:0]$269 [0] $flatten\u_core.\u_sram.$0$memwr$\mem$output/nanocgra_lite_3x3_opt/rtl/sram.v:27$235_EN[7:0]$269 [0] }
    Consolidated identical input bits for $mux cell $flatten\u_core.\u_sram.$procmux$865:
      Old ports: A=8'11111111, B=8'00000000, Y=$flatten\u_core.\u_sram.$0$memwr$\mem$output/nanocgra_lite_3x3_opt/rtl/sram.v:27$234_EN[7:0]$268
      New ports: A=1'1, B=1'0, Y=$flatten\u_core.\u_sram.$0$memwr$\mem$output/nanocgra_lite_3x3_opt/rtl/sram.v:27$234_EN[7:0]$268 [0]
      New connections: $flatten\u_core.\u_sram.$0$memwr$\mem$output/nanocgra_lite_3x3_opt/rtl/sram.v:27$234_EN[7:0]$268 [7:1] = { $flatten\u_core.\u_sram.$0$memwr$\mem$output/nanocgra_lite_3x3_opt/rtl/sram.v:27$234_EN[7:0]$268 [0] $flatten\u_core.\u_sram.$0$memwr$\mem$output/nanocgra_lite_3x3_opt/rtl/sram.v:27$234_EN[7:0]$268 [0] $flatten\u_core.\u_sram.$0$memwr$\mem$output/nanocgra_lite_3x3_opt/rtl/sram.v:27$234_EN[7:0]$268 [0] $flatten\u_core.\u_sram.$0$memwr$\mem$output/nanocgra_lite_3x3_opt/rtl/sram.v:27$234_EN[7:0]$268 [0] $flatten\u_core.\u_sram.$0$memwr$\mem$output/nanocgra_lite_3x3_opt/rtl/sram.v:27$234_EN[7:0]$268 [0] $flatten\u_core.\u_sram.$0$memwr$\mem$output/nanocgra_lite_3x3_opt/rtl/sram.v:27$234_EN[7:0]$268 [0] $flatten\u_core.\u_sram.$0$memwr$\mem$output/nanocgra_lite_3x3_opt/rtl/sram.v:27$234_EN[7:0]$268 [0] }
    Consolidated identical input bits for $mux cell $flatten\u_core.\u_sram.$procmux$868:
      Old ports: A=8'11111111, B=8'00000000, Y=$flatten\u_core.\u_sram.$0$memwr$\mem$output/nanocgra_lite_3x3_opt/rtl/sram.v:27$233_EN[7:0]$267
      New ports: A=1'1, B=1'0, Y=$flatten\u_core.\u_sram.$0$memwr$\mem$output/nanocgra_lite_3x3_opt/rtl/sram.v:27$233_EN[7:0]$267 [0]
      New connections: $flatten\u_core.\u_sram.$0$memwr$\mem$output/nanocgra_lite_3x3_opt/rtl/sram.v:27$233_EN[7:0]$267 [7:1] = { $flatten\u_core.\u_sram.$0$memwr$\mem$output/nanocgra_lite_3x3_opt/rtl/sram.v:27$233_EN[7:0]$267 [0] $flatten\u_core.\u_sram.$0$memwr$\mem$output/nanocgra_lite_3x3_opt/rtl/sram.v:27$233_EN[7:0]$267 [0] $flatten\u_core.\u_sram.$0$memwr$\mem$output/nanocgra_lite_3x3_opt/rtl/sram.v:27$233_EN[7:0]$267 [0] $flatten\u_core.\u_sram.$0$memwr$\mem$output/nanocgra_lite_3x3_opt/rtl/sram.v:27$233_EN[7:0]$267 [0] $flatten\u_core.\u_sram.$0$memwr$\mem$output/nanocgra_lite_3x3_opt/rtl/sram.v:27$233_EN[7:0]$267 [0] $flatten\u_core.\u_sram.$0$memwr$\mem$output/nanocgra_lite_3x3_opt/rtl/sram.v:27$233_EN[7:0]$267 [0] $flatten\u_core.\u_sram.$0$memwr$\mem$output/nanocgra_lite_3x3_opt/rtl/sram.v:27$233_EN[7:0]$267 [0] }
    Consolidated identical input bits for $mux cell $flatten\u_core.\u_sram.$procmux$871:
      Old ports: A=8'11111111, B=8'00000000, Y=$flatten\u_core.\u_sram.$0$memwr$\mem$output/nanocgra_lite_3x3_opt/rtl/sram.v:27$232_EN[7:0]$266
      New ports: A=1'1, B=1'0, Y=$flatten\u_core.\u_sram.$0$memwr$\mem$output/nanocgra_lite_3x3_opt/rtl/sram.v:27$232_EN[7:0]$266 [0]
      New connections: $flatten\u_core.\u_sram.$0$memwr$\mem$output/nanocgra_lite_3x3_opt/rtl/sram.v:27$232_EN[7:0]$266 [7:1] = { $flatten\u_core.\u_sram.$0$memwr$\mem$output/nanocgra_lite_3x3_opt/rtl/sram.v:27$232_EN[7:0]$266 [0] $flatten\u_core.\u_sram.$0$memwr$\mem$output/nanocgra_lite_3x3_opt/rtl/sram.v:27$232_EN[7:0]$266 [0] $flatten\u_core.\u_sram.$0$memwr$\mem$output/nanocgra_lite_3x3_opt/rtl/sram.v:27$232_EN[7:0]$266 [0] $flatten\u_core.\u_sram.$0$memwr$\mem$output/nanocgra_lite_3x3_opt/rtl/sram.v:27$232_EN[7:0]$266 [0] $flatten\u_core.\u_sram.$0$memwr$\mem$output/nanocgra_lite_3x3_opt/rtl/sram.v:27$232_EN[7:0]$266 [0] $flatten\u_core.\u_sram.$0$memwr$\mem$output/nanocgra_lite_3x3_opt/rtl/sram.v:27$232_EN[7:0]$266 [0] $flatten\u_core.\u_sram.$0$memwr$\mem$output/nanocgra_lite_3x3_opt/rtl/sram.v:27$232_EN[7:0]$266 [0] }
    Consolidated identical input bits for $mux cell $flatten\u_core.\u_sram.$procmux$874:
      Old ports: A=8'11111111, B=8'00000000, Y=$flatten\u_core.\u_sram.$0$memwr$\mem$output/nanocgra_lite_3x3_opt/rtl/sram.v:27$231_EN[7:0]$265
      New ports: A=1'1, B=1'0, Y=$flatten\u_core.\u_sram.$0$memwr$\mem$output/nanocgra_lite_3x3_opt/rtl/sram.v:27$231_EN[7:0]$265 [0]
      New connections: $flatten\u_core.\u_sram.$0$memwr$\mem$output/nanocgra_lite_3x3_opt/rtl/sram.v:27$231_EN[7:0]$265 [7:1] = { $flatten\u_core.\u_sram.$0$memwr$\mem$output/nanocgra_lite_3x3_opt/rtl/sram.v:27$231_EN[7:0]$265 [0] $flatten\u_core.\u_sram.$0$memwr$\mem$output/nanocgra_lite_3x3_opt/rtl/sram.v:27$231_EN[7:0]$265 [0] $flatten\u_core.\u_sram.$0$memwr$\mem$output/nanocgra_lite_3x3_opt/rtl/sram.v:27$231_EN[7:0]$265 [0] $flatten\u_core.\u_sram.$0$memwr$\mem$output/nanocgra_lite_3x3_opt/rtl/sram.v:27$231_EN[7:0]$265 [0] $flatten\u_core.\u_sram.$0$memwr$\mem$output/nanocgra_lite_3x3_opt/rtl/sram.v:27$231_EN[7:0]$265 [0] $flatten\u_core.\u_sram.$0$memwr$\mem$output/nanocgra_lite_3x3_opt/rtl/sram.v:27$231_EN[7:0]$265 [0] $flatten\u_core.\u_sram.$0$memwr$\mem$output/nanocgra_lite_3x3_opt/rtl/sram.v:27$231_EN[7:0]$265 [0] }
    Consolidated identical input bits for $mux cell $flatten\u_core.\u_sram.$procmux$877:
      Old ports: A=8'11111111, B=8'00000000, Y=$flatten\u_core.\u_sram.$0$memwr$\mem$output/nanocgra_lite_3x3_opt/rtl/sram.v:27$230_EN[7:0]$264
      New ports: A=1'1, B=1'0, Y=$flatten\u_core.\u_sram.$0$memwr$\mem$output/nanocgra_lite_3x3_opt/rtl/sram.v:27$230_EN[7:0]$264 [0]
      New connections: $flatten\u_core.\u_sram.$0$memwr$\mem$output/nanocgra_lite_3x3_opt/rtl/sram.v:27$230_EN[7:0]$264 [7:1] = { $flatten\u_core.\u_sram.$0$memwr$\mem$output/nanocgra_lite_3x3_opt/rtl/sram.v:27$230_EN[7:0]$264 [0] $flatten\u_core.\u_sram.$0$memwr$\mem$output/nanocgra_lite_3x3_opt/rtl/sram.v:27$230_EN[7:0]$264 [0] $flatten\u_core.\u_sram.$0$memwr$\mem$output/nanocgra_lite_3x3_opt/rtl/sram.v:27$230_EN[7:0]$264 [0] $flatten\u_core.\u_sram.$0$memwr$\mem$output/nanocgra_lite_3x3_opt/rtl/sram.v:27$230_EN[7:0]$264 [0] $flatten\u_core.\u_sram.$0$memwr$\mem$output/nanocgra_lite_3x3_opt/rtl/sram.v:27$230_EN[7:0]$264 [0] $flatten\u_core.\u_sram.$0$memwr$\mem$output/nanocgra_lite_3x3_opt/rtl/sram.v:27$230_EN[7:0]$264 [0] $flatten\u_core.\u_sram.$0$memwr$\mem$output/nanocgra_lite_3x3_opt/rtl/sram.v:27$230_EN[7:0]$264 [0] }
    Consolidated identical input bits for $mux cell $flatten\u_core.\u_sram.$procmux$880:
      Old ports: A=8'11111111, B=8'00000000, Y=$flatten\u_core.\u_sram.$0$memwr$\mem$output/nanocgra_lite_3x3_opt/rtl/sram.v:27$229_EN[7:0]$263
      New ports: A=1'1, B=1'0, Y=$flatten\u_core.\u_sram.$0$memwr$\mem$output/nanocgra_lite_3x3_opt/rtl/sram.v:27$229_EN[7:0]$263 [0]
      New connections: $flatten\u_core.\u_sram.$0$memwr$\mem$output/nanocgra_lite_3x3_opt/rtl/sram.v:27$229_EN[7:0]$263 [7:1] = { $flatten\u_core.\u_sram.$0$memwr$\mem$output/nanocgra_lite_3x3_opt/rtl/sram.v:27$229_EN[7:0]$263 [0] $flatten\u_core.\u_sram.$0$memwr$\mem$output/nanocgra_lite_3x3_opt/rtl/sram.v:27$229_EN[7:0]$263 [0] $flatten\u_core.\u_sram.$0$memwr$\mem$output/nanocgra_lite_3x3_opt/rtl/sram.v:27$229_EN[7:0]$263 [0] $flatten\u_core.\u_sram.$0$memwr$\mem$output/nanocgra_lite_3x3_opt/rtl/sram.v:27$229_EN[7:0]$263 [0] $flatten\u_core.\u_sram.$0$memwr$\mem$output/nanocgra_lite_3x3_opt/rtl/sram.v:27$229_EN[7:0]$263 [0] $flatten\u_core.\u_sram.$0$memwr$\mem$output/nanocgra_lite_3x3_opt/rtl/sram.v:27$229_EN[7:0]$263 [0] $flatten\u_core.\u_sram.$0$memwr$\mem$output/nanocgra_lite_3x3_opt/rtl/sram.v:27$229_EN[7:0]$263 [0] }
    New ctrl vector for $pmux cell $flatten\u_core.\u_uart.$procmux$981: { $flatten\u_core.\u_uart.$procmux$1001_CMP $flatten\u_core.\u_uart.$procmux$1023_CMP $auto$opt_reduce.cc:134:opt_pmux$1233 }
  Optimizing cells in module \NanoCGRA_Lite.
    Consolidated identical input bits for $mux cell $flatten\u_core.\u_sram.$procmux$883:
      Old ports: A=8'00000000, B=$flatten\u_core.\u_sram.$2$memwr$\mem$output/nanocgra_lite_3x3_opt/rtl/sram.v:31$261_EN[7:0]$336, Y=$flatten\u_core.\u_sram.$0$memwr$\mem$output/nanocgra_lite_3x3_opt/rtl/sram.v:31$261_EN[7:0]$297
      New ports: A=1'0, B=$flatten\u_core.\u_sram.$procmux$763_Y [0], Y=$flatten\u_core.\u_sram.$0$memwr$\mem$output/nanocgra_lite_3x3_opt/rtl/sram.v:31$261_EN[7:0]$297 [0]
      New connections: $flatten\u_core.\u_sram.$0$memwr$\mem$output/nanocgra_lite_3x3_opt/rtl/sram.v:31$261_EN[7:0]$297 [7:1] = { $flatten\u_core.\u_sram.$0$memwr$\mem$output/nanocgra_lite_3x3_opt/rtl/sram.v:31$261_EN[7:0]$297 [0] $flatten\u_core.\u_sram.$0$memwr$\mem$output/nanocgra_lite_3x3_opt/rtl/sram.v:31$261_EN[7:0]$297 [0] $flatten\u_core.\u_sram.$0$memwr$\mem$output/nanocgra_lite_3x3_opt/rtl/sram.v:31$261_EN[7:0]$297 [0] $flatten\u_core.\u_sram.$0$memwr$\mem$output/nanocgra_lite_3x3_opt/rtl/sram.v:31$261_EN[7:0]$297 [0] $flatten\u_core.\u_sram.$0$memwr$\mem$output/nanocgra_lite_3x3_opt/rtl/sram.v:31$261_EN[7:0]$297 [0] $flatten\u_core.\u_sram.$0$memwr$\mem$output/nanocgra_lite_3x3_opt/rtl/sram.v:31$261_EN[7:0]$297 [0] $flatten\u_core.\u_sram.$0$memwr$\mem$output/nanocgra_lite_3x3_opt/rtl/sram.v:31$261_EN[7:0]$297 [0] }
  Optimizing cells in module \NanoCGRA_Lite.
Performed a total of 42 changes.

11.7.5. Executing OPT_MERGE pass (detect identical cells).
Finding identical cells in module `\NanoCGRA_Lite'.
<suppressed ~102 debug messages>
Removed a total of 34 cells.

11.7.6. Executing OPT_DFF pass (perform DFF optimizations).

11.7.7. Executing OPT_CLEAN pass (remove unused cells and wires).
Finding unused cells or wires in module \NanoCGRA_Lite..
Removed 0 unused cells and 116 unused wires.
<suppressed ~1 debug messages>

11.7.8. Executing OPT_EXPR pass (perform const folding).
Optimizing module NanoCGRA_Lite.

11.7.9. Rerunning OPT passes. (Maybe there is more to do..)

11.7.10. Executing OPT_MUXTREE pass (detect dead branches in mux trees).
Running muxtree optimizer on module \NanoCGRA_Lite..
  Creating internal representation of mux trees.
  Evaluating internal representation of mux trees.
  Analyzing evaluation results.
Removed 0 multiplexer ports.
<suppressed ~86 debug messages>

11.7.11. Executing OPT_REDUCE pass (consolidate $*mux and $reduce_* inputs).
  Optimizing cells in module \NanoCGRA_Lite.
    New ctrl vector for $pmux cell $flatten\u_core.\u_uart.$procmux$899: { $flatten\u_core.\u_uart.$procmux$909_CMP $flatten\u_core.\u_uart.$procmux$908_CMP $auto$opt_reduce.cc:134:opt_pmux$1235 }
    New ctrl vector for $pmux cell $flatten\u_core.\u_uart.$procmux$992: { $flatten\u_core.\u_uart.$procmux$1002_CMP $auto$opt_reduce.cc:134:opt_pmux$1237 }
  Optimizing cells in module \NanoCGRA_Lite.
Performed a total of 2 changes.

11.7.12. Executing OPT_MERGE pass (detect identical cells).
Finding identical cells in module `\NanoCGRA_Lite'.
Removed a total of 0 cells.

11.7.13. Executing OPT_DFF pass (perform DFF optimizations).

11.7.14. Executing OPT_CLEAN pass (remove unused cells and wires).
Finding unused cells or wires in module \NanoCGRA_Lite..

11.7.15. Executing OPT_EXPR pass (perform const folding).
Optimizing module NanoCGRA_Lite.

11.7.16. Rerunning OPT passes. (Maybe there is more to do..)

11.7.17. Executing OPT_MUXTREE pass (detect dead branches in mux trees).
Running muxtree optimizer on module \NanoCGRA_Lite..
  Creating internal representation of mux trees.
  Evaluating internal representation of mux trees.
  Analyzing evaluation results.
Removed 0 multiplexer ports.
<suppressed ~86 debug messages>

11.7.18. Executing OPT_REDUCE pass (consolidate $*mux and $reduce_* inputs).
  Optimizing cells in module \NanoCGRA_Lite.
Performed a total of 0 changes.

11.7.19. Executing OPT_MERGE pass (detect identical cells).
Finding identical cells in module `\NanoCGRA_Lite'.
Removed a total of 0 cells.

11.7.20. Executing OPT_DFF pass (perform DFF optimizations).

11.7.21. Executing OPT_CLEAN pass (remove unused cells and wires).
Finding unused cells or wires in module \NanoCGRA_Lite..

11.7.22. Executing OPT_EXPR pass (perform const folding).
Optimizing module NanoCGRA_Lite.

11.7.23. Finished OPT passes. (There is nothing left to do.)

11.8. Executing FSM pass (extract and optimize FSM).

11.8.1. Executing FSM_DETECT pass (finding FSMs in design).
Found FSM state register NanoCGRA_Lite.u_core.u_bridge.state.
Not marking NanoCGRA_Lite.u_core.u_ctrl.state as FSM state register:
    Users of register don't seem to benefit from recoding.
Found FSM state register NanoCGRA_Lite.u_core.u_uart.rx_state.
Found FSM state register NanoCGRA_Lite.u_core.u_uart.tx_state.

11.8.2. Executing FSM_EXTRACT pass (extracting FSM from design).
Extracting FSM `\u_core.u_bridge.state' from module `\NanoCGRA_Lite'.
  found $dff cell for state register: $flatten\u_core.\u_bridge.$procdff$1114
  root of input selection tree: $flatten\u_core.\u_bridge.$0\state[3:0]
  found reset state: 4'0000 (guessed from mux tree)
  found ctrl input: \rst_n
  found state code: 4'0000
  found ctrl input: $auto$opt_reduce.cc:134:opt_pmux$1219
  found ctrl input: $flatten\u_core.\u_bridge.$procmux$535_CMP
  found ctrl input: $flatten\u_core.\u_bridge.$procmux$536_CMP
  found ctrl input: $flatten\u_core.\u_bridge.$procmux$549_CMP
  found ctrl input: $flatten\u_core.\u_bridge.$procmux$526_CMP
  found ctrl input: $flatten\u_core.\u_bridge.$procmux$551_CMP
  found ctrl input: $flatten\u_core.\u_bridge.$procmux$552_CMP
  found ctrl input: $flatten\u_core.\u_bridge.$procmux$527_CMP
  found ctrl input: $flatten\u_core.\u_bridge.$procmux$537_CMP
  found ctrl input: $flatten\u_core.\u_bridge.$procmux$561_CMP
  found ctrl input: $flatten\u_core.\u_bridge.$procmux$565_CMP
  found ctrl input: $flatten\u_core.\u_bridge.$procmux$528_CMP
  found ctrl input: $flatten\u_core.\u_bridge.$procmux$570_CMP
  found ctrl input: $flatten\u_core.\u_bridge.$procmux$529_CMP
  found state code: 4'1111
  found state code: 4'1101
  found ctrl input: \u_core.u_bridge.bus_rdata [0]
  found state code: 4'1100
  found state code: 4'1010
  found state code: 4'1011
  found state code: 4'1001
  found state code: 4'1000
  found state code: 4'0110
  found ctrl input: $flatten\u_core.\u_bridge.$procmux$558_CMP
  found ctrl input: $flatten\u_core.\u_bridge.$procmux$559_CMP
  found ctrl input: $flatten\u_core.\u_bridge.$procmux$560_CMP
  found state code: 4'1110
  found state code: 4'0111
  found state code: 4'0101
  found ctrl input: $flatten\u_core.\u_bridge.$eq$output/nanocgra_lite_3x3_opt/rtl/uart_bridge.v:117$357_Y
  found state code: 4'0100
  found state code: 4'0011
  found ctrl input: \u_core.u_bridge.bus_rdata [1]
  found state code: 4'0010
  found state code: 4'0001
  found ctrl output: $flatten\u_core.\u_bridge.$procmux$526_CMP
  found ctrl output: $flatten\u_core.\u_bridge.$procmux$527_CMP
  found ctrl output: $flatten\u_core.\u_bridge.$procmux$528_CMP
  found ctrl output: $flatten\u_core.\u_bridge.$procmux$529_CMP
  found ctrl output: $flatten\u_core.\u_bridge.$procmux$535_CMP
  found ctrl output: $flatten\u_core.\u_bridge.$procmux$536_CMP
  found ctrl output: $flatten\u_core.\u_bridge.$procmux$537_CMP
  found ctrl output: $flatten\u_core.\u_bridge.$procmux$542_CMP
  found ctrl output: $flatten\u_core.\u_bridge.$procmux$544_CMP
  found ctrl output: $flatten\u_core.\u_bridge.$procmux$549_CMP
  found ctrl output: $flatten\u_core.\u_bridge.$procmux$551_CMP
  found ctrl output: $flatten\u_core.\u_bridge.$procmux$552_CMP
  found ctrl output: $flatten\u_core.\u_bridge.$procmux$554_CMP
  found ctrl output: $flatten\u_core.\u_bridge.$procmux$561_CMP
  found ctrl output: $flatten\u_core.\u_bridge.$procmux$565_CMP
  found ctrl output: $flatten\u_core.\u_bridge.$procmux$570_CMP
  ctrl inputs: { $auto$opt_reduce.cc:134:opt_pmux$1219 $flatten\u_core.\u_bridge.$procmux$560_CMP $flatten\u_core.\u_bridge.$procmux$559_CMP $flatten\u_core.\u_bridge.$procmux$558_CMP $flatten\u_core.\u_bridge.$eq$output/nanocgra_lite_3x3_opt/rtl/uart_bridge.v:117$357_Y \u_core.u_bridge.bus_rdata [1:0] \rst_n }
  ctrl outputs: { $flatten\u_core.\u_bridge.$procmux$570_CMP $flatten\u_core.\u_bridge.$procmux$565_CMP $flatten\u_core.\u_bridge.$procmux$561_CMP $flatten\u_core.\u_bridge.$procmux$554_CMP $flatten\u_core.\u_bridge.$procmux$552_CMP $flatten\u_core.\u_bridge.$procmux$551_CMP $flatten\u_core.\u_bridge.$procmux$549_CMP $flatten\u_core.\u_bridge.$procmux$544_CMP $flatten\u_core.\u_bridge.$procmux$542_CMP $flatten\u_core.\u_bridge.$procmux$537_CMP $flatten\u_core.\u_bridge.$procmux$536_CMP $flatten\u_core.\u_bridge.$procmux$535_CMP $flatten\u_core.\u_bridge.$procmux$529_CMP $flatten\u_core.\u_bridge.$procmux$528_CMP $flatten\u_core.\u_bridge.$procmux$527_CMP $flatten\u_core.\u_bridge.$procmux$526_CMP $flatten\u_core.\u_bridge.$0\state[3:0] }
  transition:     4'0000 8'-------0 ->     4'0000 20'00000000000010000000
  transition:     4'0000 8'-------1 ->     4'0001 20'00000000000010000001
  transition:     4'1000 8'-------0 ->     4'0000 20'00001000000000000000
  transition:     4'1000 8'-------1 ->     4'1001 20'00001000000000001001
  transition:     4'0100 8'-------0 ->     4'0000 20'00100000000000000000
  transition:     4'0100 8'-000---1 ->     4'0000 20'00100000000000000000
  transition:     4'0100 8'-1-----1 ->     4'0101 20'00100000000000000101
  transition:     4'0100 8'--1----1 ->     4'0111 20'00100000000000000111
  transition:     4'0100 8'---1---1 ->     4'1110 20'00100000000000001110
  transition:     4'1100 8'-------0 ->     4'0000 20'00000000001000000000
  transition:     4'1100 8'-------1 ->     4'1101 20'00000000001000001101
  transition:     4'0010 8'-------0 ->     4'0000 20'00000000000001000000
  transition:     4'0010 8'-------1 ->     4'0011 20'00000000000001000011
  transition:     4'1010 8'-------0 ->     4'0000 20'00000000000000010000
  transition:     4'1010 8'-------1 ->     4'1011 20'00000000000000011011
  transition:     4'0110 8'-------0 ->     4'0000 20'00010000000000000000
  transition:     4'0110 8'-------1 ->     4'0000 20'00010000000000000000
  transition:     4'1110 8'-------0 ->     4'0000 20'00000000000100000000
  transition:     4'1110 8'-------1 ->     4'1111 20'00000000000100001111
  transition:     4'0001 8'-------0 ->     4'0000 20'10000000000000000000
  transition:     4'0001 8'-----0-1 ->     4'0000 20'10000000000000000000
  transition:     4'0001 8'-----1-1 ->     4'0010 20'10000000000000000010
  transition:     4'1001 8'-------0 ->     4'0000 20'00000100000000000000
  transition:     4'1001 8'-------1 ->     4'1010 20'00000100000000001010
  transition:     4'0101 8'-------0 ->     4'0000 20'00000000010000000000
  transition:     4'0101 8'-------1 ->     4'0110 20'00000000010000000110
  transition:     4'1101 8'-------0 ->     4'0000 20'00000001000000000000
  transition:     4'1101 8'-------1 ->     4'0000 20'00000001000000000000
  transition:     4'0011 8'-------0 ->     4'0000 20'01000000000000000000
  transition:     4'0011 8'----0--1 ->     4'0000 20'01000000000000000000
  transition:     4'0011 8'----1--1 ->     4'0100 20'01000000000000000100
  transition:     4'1011 8'-------0 ->     4'0000 20'00000010000000000000
  transition:     4'1011 8'------01 ->     4'1100 20'00000010000000001100
  transition:     4'1011 8'------11 ->     4'1010 20'00000010000000001010
  transition:     4'0111 8'-------0 ->     4'0000 20'00000000000000100000
  transition:     4'0111 8'-------1 ->     4'1000 20'00000000000000101000
  transition:     4'1111 8'-------0 ->     4'0000 20'00000000100000000000
  transition:     4'1111 8'-------1 ->     4'0000 20'00000000100000000000
Extracting FSM `\u_core.u_uart.rx_state' from module `\NanoCGRA_Lite'.
  found $dff cell for state register: $flatten\u_core.\u_uart.$procdff$1166
  root of input selection tree: $flatten\u_core.\u_uart.$0\rx_state[1:0]
  found reset state: 2'00 (guessed from mux tree)
  found ctrl input: \rst_n
  found state code: 2'00
  found ctrl input: $flatten\u_core.\u_uart.$procmux$900_CMP
  found ctrl input: $flatten\u_core.\u_uart.$procmux$904_CMP
  found ctrl input: $flatten\u_core.\u_uart.$procmux$908_CMP
  found ctrl input: $flatten\u_core.\u_uart.$procmux$909_CMP
  found ctrl input: $flatten\u_core.\u_uart.$eq$output/nanocgra_lite_3x3_opt/rtl/uart.v:144$222_Y
  found ctrl input: $flatten\u_core.\u_uart.$eq$output/nanocgra_lite_3x3_opt/rtl/uart.v:147$223_Y
  found state code: 2'11
  found ctrl input: $flatten\u_core.\u_uart.$eq$output/nanocgra_lite_3x3_opt/rtl/uart.v:138$220_Y
  found state code: 2'10
  found ctrl input: \u_core.u_uart.rx_sync1
  found state code: 2'01
  found ctrl output: $flatten\u_core.\u_uart.$procmux$900_CMP
  found ctrl output: $flatten\u_core.\u_uart.$procmux$904_CMP
  found ctrl output: $flatten\u_core.\u_uart.$procmux$908_CMP
  found ctrl output: $flatten\u_core.\u_uart.$procmux$909_CMP
  ctrl inputs: { $flatten\u_core.\u_uart.$eq$output/nanocgra_lite_3x3_opt/rtl/uart.v:147$223_Y $flatten\u_core.\u_uart.$eq$output/nanocgra_lite_3x3_opt/rtl/uart.v:144$222_Y $flatten\u_core.\u_uart.$eq$output/nanocgra_lite_3x3_opt/rtl/uart.v:138$220_Y \u_core.u_uart.rx_sync1 \rst_n }
  ctrl outputs: { $flatten\u_core.\u_uart.$procmux$909_CMP $flatten\u_core.\u_uart.$procmux$908_CMP $flatten\u_core.\u_uart.$procmux$904_CMP $flatten\u_core.\u_uart.$procmux$900_CMP $flatten\u_core.\u_uart.$0\rx_state[1:0] }
  transition:       2'00 5'----0 ->       2'00 6'100000
  transition:       2'00 5'---01 ->       2'01 6'100001
  transition:       2'00 5'---11 ->       2'00 6'100000
  transition:       2'10 5'----0 ->       2'00 6'001000
  transition:       2'10 5'-0--1 ->       2'10 6'001010
  transition:       2'10 5'01--1 ->       2'10 6'001010
  transition:       2'10 5'11--1 ->       2'11 6'001011
  transition:       2'01 5'----0 ->       2'00 6'010000
  transition:       2'01 5'--0-1 ->       2'01 6'010001
  transition:       2'01 5'--1-1 ->       2'10 6'010010
  transition:       2'11 5'----0 ->       2'00 6'000100
  transition:       2'11 5'-0--1 ->       2'11 6'000111
  transition:       2'11 5'-1--1 ->       2'00 6'000100
Extracting FSM `\u_core.u_uart.tx_state' from module `\NanoCGRA_Lite'.
  found $dff cell for state register: $flatten\u_core.\u_uart.$procdff$1175
  root of input selection tree: $flatten\u_core.\u_uart.$0\tx_state[1:0]
  found reset state: 2'00 (guessed from mux tree)
  found ctrl input: \rst_n
  found state code: 2'00
  found ctrl input: $flatten\u_core.\u_uart.$procmux$1010_CMP
  found ctrl input: $flatten\u_core.\u_uart.$procmux$1023_CMP
  found ctrl input: $flatten\u_core.\u_uart.$procmux$1001_CMP
  found ctrl input: $flatten\u_core.\u_uart.$procmux$1002_CMP
  found ctrl input: $flatten\u_core.\u_uart.$eq$output/nanocgra_lite_3x3_opt/rtl/uart.v:65$200_Y
  found ctrl input: $flatten\u_core.\u_uart.$eq$output/nanocgra_lite_3x3_opt/rtl/uart.v:75$203_Y
  found state code: 2'11
  found state code: 2'10
  found ctrl input: \u_core.u_uart.tx_start
  found state code: 2'01
  found ctrl output: $flatten\u_core.\u_uart.$procmux$1001_CMP
  found ctrl output: $flatten\u_core.\u_uart.$procmux$1002_CMP
  found ctrl output: $flatten\u_core.\u_uart.$procmux$1010_CMP
  found ctrl output: $flatten\u_core.\u_uart.$procmux$1023_CMP
  ctrl inputs: { $flatten\u_core.\u_uart.$eq$output/nanocgra_lite_3x3_opt/rtl/uart.v:75$203_Y $flatten\u_core.\u_uart.$eq$output/nanocgra_lite_3x3_opt/rtl/uart.v:65$200_Y \u_core.u_uart.tx_start \rst_n }
  ctrl outputs: { $flatten\u_core.\u_uart.$procmux$1023_CMP $flatten\u_core.\u_uart.$procmux$1010_CMP $flatten\u_core.\u_uart.$procmux$1002_CMP $flatten\u_core.\u_uart.$procmux$1001_CMP $flatten\u_core.\u_uart.$0\tx_state[1:0] }
  transition:       2'00 4'---0 ->       2'00 6'001000
  transition:       2'00 4'--01 ->       2'00 6'001000
  transition:       2'00 4'--11 ->       2'01 6'001001
  transition:       2'10 4'---0 ->       2'00 6'100000
  transition:       2'10 4'-0-1 ->       2'10 6'100010
  transition:       2'10 4'01-1 ->       2'10 6'100010
  transition:       2'10 4'11-1 ->       2'11 6'100011
  transition:       2'01 4'---0 ->       2'00 6'000100
  transition:       2'01 4'-0-1 ->       2'01 6'000101
  transition:       2'01 4'-1-1 ->       2'10 6'000110
  transition:       2'11 4'---0 ->       2'00 6'010000
  transition:       2'11 4'-0-1 ->       2'11 6'010011
  transition:       2'11 4'-1-1 ->       2'00 6'010000

11.8.3. Executing FSM_OPT pass (simple optimizations of FSMs).
Optimizing FSM `$fsm$\u_core.u_uart.tx_state$1262' from module `\NanoCGRA_Lite'.
Optimizing FSM `$fsm$\u_core.u_uart.rx_state$1256' from module `\NanoCGRA_Lite'.
Optimizing FSM `$fsm$\u_core.u_bridge.state$1238' from module `\NanoCGRA_Lite'.
  Merging pattern 8'-------0 and 8'-------1 from group (6 0 20'00010000000000000000).
  Merging pattern 8'-------1 and 8'-------0 from group (6 0 20'00010000000000000000).
  Merging pattern 8'-------0 and 8'-------1 from group (11 0 20'00000001000000000000).
  Merging pattern 8'-------1 and 8'-------0 from group (11 0 20'00000001000000000000).
  Merging pattern 8'-------0 and 8'-------1 from group (15 0 20'00000000100000000000).
  Merging pattern 8'-------1 and 8'-------0 from group (15 0 20'00000000100000000000).
  Removing unused input signal $auto$opt_reduce.cc:134:opt_pmux$1219.

11.8.4. Executing OPT_CLEAN pass (remove unused cells and wires).
Finding unused cells or wires in module \NanoCGRA_Lite..
Removed 48 unused cells and 48 unused wires.
<suppressed ~49 debug messages>

11.8.5. Executing FSM_OPT pass (simple optimizations of FSMs).
Optimizing FSM `$fsm$\u_core.u_bridge.state$1238' from module `\NanoCGRA_Lite'.
  Removing unused output signal $flatten\u_core.\u_bridge.$0\state[3:0] [0].
  Removing unused output signal $flatten\u_core.\u_bridge.$0\state[3:0] [1].
  Removing unused output signal $flatten\u_core.\u_bridge.$0\state[3:0] [2].
  Removing unused output signal $flatten\u_core.\u_bridge.$0\state[3:0] [3].
  Removing unused output signal $flatten\u_core.\u_bridge.$procmux$542_CMP.
  Removing unused output signal $flatten\u_core.\u_bridge.$procmux$544_CMP.
  Removing unused output signal $flatten\u_core.\u_bridge.$procmux$549_CMP.
  Removing unused output signal $flatten\u_core.\u_bridge.$procmux$554_CMP.
  Removing unused output signal $flatten\u_core.\u_bridge.$procmux$561_CMP.
  Removing unused output signal $flatten\u_core.\u_bridge.$procmux$570_CMP.
Optimizing FSM `$fsm$\u_core.u_uart.rx_state$1256' from module `\NanoCGRA_Lite'.
  Removing unused output signal $flatten\u_core.\u_uart.$0\rx_state[1:0] [0].
  Removing unused output signal $flatten\u_core.\u_uart.$0\rx_state[1:0] [1].
Optimizing FSM `$fsm$\u_core.u_uart.tx_state$1262' from module `\NanoCGRA_Lite'.
  Removing unused output signal $flatten\u_core.\u_uart.$0\tx_state[1:0] [0].
  Removing unused output signal $flatten\u_core.\u_uart.$0\tx_state[1:0] [1].

11.8.6. Executing FSM_RECODE pass (re-assigning FSM state encoding).
Recoding FSM `$fsm$\u_core.u_bridge.state$1238' from module `\NanoCGRA_Lite' using `auto' encoding:
  mapping auto encoding to `one-hot` for this FSM.
  0000 -> ---------------1
  1000 -> --------------1-
  0100 -> -------------1--
  1100 -> ------------1---
  0010 -> -----------1----
  1010 -> ----------1-----
  0110 -> ---------1------
  1110 -> --------1-------
  0001 -> -------1--------
  1001 -> ------1---------
  0101 -> -----1----------
  1101 -> ----1-----------
  0011 -> ---1------------
  1011 -> --1-------------
  0111 -> -1--------------
  1111 -> 1---------------
Recoding FSM `$fsm$\u_core.u_uart.rx_state$1256' from module `\NanoCGRA_Lite' using `auto' encoding:
  mapping auto encoding to `one-hot` for this FSM.
  00 -> ---1
  10 -> --1-
  01 -> -1--
  11 -> 1---
Recoding FSM `$fsm$\u_core.u_uart.tx_state$1262' from module `\NanoCGRA_Lite' using `auto' encoding:
  mapping auto encoding to `one-hot` for this FSM.
  00 -> ---1
  10 -> --1-
  01 -> -1--
  11 -> 1---

11.8.7. Executing FSM_INFO pass (dumping all available information on FSM cells).

FSM `$fsm$\u_core.u_bridge.state$1238' from module `NanoCGRA_Lite':
-------------------------------------

  Information on FSM $fsm$\u_core.u_bridge.state$1238 (\u_core.u_bridge.state):

  Number of input signals:    7
  Number of output signals:  10
  Number of state bits:      16

  Input signals:
    0: \rst_n
    1: \u_core.u_bridge.bus_rdata [0]
    2: \u_core.u_bridge.bus_rdata [1]
    3: $flatten\u_core.\u_bridge.$eq$output/nanocgra_lite_3x3_opt/rtl/uart_bridge.v:117$357_Y
    4: $flatten\u_core.\u_bridge.$procmux$558_CMP
    5: $flatten\u_core.\u_bridge.$procmux$559_CMP
    6: $flatten\u_core.\u_bridge.$procmux$560_CMP

  Output signals:
    0: $flatten\u_core.\u_bridge.$procmux$526_CMP
    1: $flatten\u_core.\u_bridge.$procmux$527_CMP
    2: $flatten\u_core.\u_bridge.$procmux$528_CMP
    3: $flatten\u_core.\u_bridge.$procmux$529_CMP
    4: $flatten\u_core.\u_bridge.$procmux$535_CMP
    5: $flatten\u_core.\u_bridge.$procmux$536_CMP
    6: $flatten\u_core.\u_bridge.$procmux$537_CMP
    7: $flatten\u_core.\u_bridge.$procmux$551_CMP
    8: $flatten\u_core.\u_bridge.$procmux$552_CMP
    9: $flatten\u_core.\u_bridge.$procmux$565_CMP

  State encoding:
    0: 16'---------------1  <RESET STATE>
    1: 16'--------------1-
    2: 16'-------------1--
    3: 16'------------1---
    4: 16'-----------1----
    5: 16'----------1-----
    6: 16'---------1------
    7: 16'--------1-------
    8: 16'-------1--------
    9: 16'------1---------
   10: 16'-----1----------
   11: 16'----1-----------
   12: 16'---1------------
   13: 16'--1-------------
   14: 16'-1--------------
   15: 16'1---------------

  Transition Table (state_in, ctrl_in, state_out, ctrl_out):
      0:     0 7'------0   ->     0 10'0000001000
      1:     0 7'------1   ->     8 10'0000001000
      2:     1 7'------0   ->     0 10'0100000000
      3:     1 7'------1   ->     9 10'0100000000
      4:     2 7'------0   ->     0 10'0000000000
      5:     2 7'000---1   ->     0 10'0000000000
      6:     2 7'--1---1   ->     7 10'0000000000
      7:     2 7'1-----1   ->    10 10'0000000000
      8:     2 7'-1----1   ->    14 10'0000000000
      9:     3 7'------0   ->     0 10'0000100000
     10:     3 7'------1   ->    11 10'0000100000
     11:     4 7'------0   ->     0 10'0000000100
     12:     4 7'------1   ->    12 10'0000000100
     13:     5 7'------0   ->     0 10'0000000001
     14:     5 7'------1   ->    13 10'0000000001
     15:     6 7'-------   ->     0 10'0000000000
     16:     7 7'------0   ->     0 10'0000010000
     17:     7 7'------1   ->    15 10'0000010000
     18:     8 7'------0   ->     0 10'0000000000
     19:     8 7'----0-1   ->     0 10'0000000000
     20:     8 7'----1-1   ->     4 10'0000000000
     21:     9 7'------0   ->     0 10'0010000000
     22:     9 7'------1   ->     5 10'0010000000
     23:    10 7'------0   ->     0 10'0001000000
     24:    10 7'------1   ->     6 10'0001000000
     25:    11 7'-------   ->     0 10'0000000000
     26:    12 7'------0   ->     0 10'1000000000
     27:    12 7'---0--1   ->     0 10'1000000000
     28:    12 7'---1--1   ->     2 10'1000000000
     29:    13 7'------0   ->     0 10'0000000000
     30:    13 7'-----01   ->     3 10'0000000000
     31:    13 7'-----11   ->     5 10'0000000000
     32:    14 7'------0   ->     0 10'0000000010
     33:    14 7'------1   ->     1 10'0000000010
     34:    15 7'-------   ->     0 10'0000000000

-------------------------------------

FSM `$fsm$\u_core.u_uart.rx_state$1256' from module `NanoCGRA_Lite':
-------------------------------------

  Information on FSM $fsm$\u_core.u_uart.rx_state$1256 (\u_core.u_uart.rx_state):

  Number of input signals:    5
  Number of output signals:   4
  Number of state bits:       4

  Input signals:
    0: \rst_n
    1: \u_core.u_uart.rx_sync1
    2: $flatten\u_core.\u_uart.$eq$output/nanocgra_lite_3x3_opt/rtl/uart.v:138$220_Y
    3: $flatten\u_core.\u_uart.$eq$output/nanocgra_lite_3x3_opt/rtl/uart.v:144$222_Y
    4: $flatten\u_core.\u_uart.$eq$output/nanocgra_lite_3x3_opt/rtl/uart.v:147$223_Y

  Output signals:
    0: $flatten\u_core.\u_uart.$procmux$900_CMP
    1: $flatten\u_core.\u_uart.$procmux$904_CMP
    2: $flatten\u_core.\u_uart.$procmux$908_CMP
    3: $flatten\u_core.\u_uart.$procmux$909_CMP

  State encoding:
    0:     4'---1  <RESET STATE>
    1:     4'--1-
    2:     4'-1--
    3:     4'1---

  Transition Table (state_in, ctrl_in, state_out, ctrl_out):
      0:     0 5'----0   ->     0 4'1000
      1:     0 5'---11   ->     0 4'1000
      2:     0 5'---01   ->     2 4'1000
      3:     1 5'----0   ->     0 4'0010
      4:     1 5'-0--1   ->     1 4'0010
      5:     1 5'01--1   ->     1 4'0010
      6:     1 5'11--1   ->     3 4'0010
      7:     2 5'----0   ->     0 4'0100
      8:     2 5'--1-1   ->     1 4'0100
      9:     2 5'--0-1   ->     2 4'0100
     10:     3 5'----0   ->     0 4'0001
     11:     3 5'-1--1   ->     0 4'0001
     12:     3 5'-0--1   ->     3 4'0001

-------------------------------------

FSM `$fsm$\u_core.u_uart.tx_state$1262' from module `NanoCGRA_Lite':
-------------------------------------

  Information on FSM $fsm$\u_core.u_uart.tx_state$1262 (\u_core.u_uart.tx_state):

  Number of input signals:    4
  Number of output signals:   4
  Number of state bits:       4

  Input signals:
    0: \rst_n
    1: \u_core.u_uart.tx_start
    2: $flatten\u_core.\u_uart.$eq$output/nanocgra_lite_3x3_opt/rtl/uart.v:65$200_Y
    3: $flatten\u_core.\u_uart.$eq$output/nanocgra_lite_3x3_opt/rtl/uart.v:75$203_Y

  Output signals:
    0: $flatten\u_core.\u_uart.$procmux$1001_CMP
    1: $flatten\u_core.\u_uart.$procmux$1002_CMP
    2: $flatten\u_core.\u_uart.$procmux$1010_CMP
    3: $flatten\u_core.\u_uart.$procmux$1023_CMP

  State encoding:
    0:     4'---1  <RESET STATE>
    1:     4'--1-
    2:     4'-1--
    3:     4'1---

  Transition Table (state_in, ctrl_in, state_out, ctrl_out):
      0:     0 4'---0   ->     0 4'0010
      1:     0 4'--01   ->     0 4'0010
      2:     0 4'--11   ->     2 4'0010
      3:     1 4'---0   ->     0 4'1000
      4:     1 4'-0-1   ->     1 4'1000
      5:     1 4'01-1   ->     1 4'1000
      6:     1 4'11-1   ->     3 4'1000
      7:     2 4'---0   ->     0 4'0001
      8:     2 4'-1-1   ->     1 4'0001
      9:     2 4'-0-1   ->     2 4'0001
     10:     3 4'---0   ->     0 4'0100
     11:     3 4'-1-1   ->     0 4'0100
     12:     3 4'-0-1   ->     3 4'0100

-------------------------------------

11.8.8. Executing FSM_MAP pass (mapping FSMs to basic logic).
Mapping FSM `$fsm$\u_core.u_bridge.state$1238' from module `\NanoCGRA_Lite'.
Mapping FSM `$fsm$\u_core.u_uart.rx_state$1256' from module `\NanoCGRA_Lite'.
Mapping FSM `$fsm$\u_core.u_uart.tx_state$1262' from module `\NanoCGRA_Lite'.

11.9. Executing OPT pass (performing simple optimizations).

11.9.1. Executing OPT_EXPR pass (perform const folding).
Optimizing module NanoCGRA_Lite.
<suppressed ~12 debug messages>

11.9.2. Executing OPT_MERGE pass (detect identical cells).
Finding identical cells in module `\NanoCGRA_Lite'.
<suppressed ~18 debug messages>
Removed a total of 6 cells.

11.9.3. Executing OPT_MUXTREE pass (detect dead branches in mux trees).
Running muxtree optimizer on module \NanoCGRA_Lite..
  Creating internal representation of mux trees.
  Evaluating internal representation of mux trees.
  Analyzing evaluation results.
Removed 0 multiplexer ports.
<suppressed ~83 debug messages>

11.9.4. Executing OPT_REDUCE pass (consolidate $*mux and $reduce_* inputs).
  Optimizing cells in module \NanoCGRA_Lite.
Performed a total of 0 changes.

11.9.5. Executing OPT_MERGE pass (detect identical cells).
Finding identical cells in module `\NanoCGRA_Lite'.
Removed a total of 0 cells.

11.9.6. Executing OPT_DFF pass (perform DFF optimizations).
Adding SRST signal on $flatten\u_core.\u_uart.$procdff$1179 ($dff) from module NanoCGRA_Lite (D = $flatten\u_core.\u_uart.$procmux$1009_Y, Q = \u_core.u_uart.tx_busy, rval = 1'0).
Adding EN signal on $auto$ff.cc:266:slice$1444 ($sdff) from module NanoCGRA_Lite (D = $flatten\u_core.\u_uart.$procmux$1009_Y, Q = \u_core.u_uart.tx_busy).
Adding SRST signal on $flatten\u_core.\u_uart.$procdff$1178 ($dff) from module NanoCGRA_Lite (D = $flatten\u_core.\u_uart.$procmux$1022_Y, Q = \u_core.u_uart.tx_shift, rval = 8'00000000).
Adding EN signal on $auto$ff.cc:266:slice$1452 ($sdff) from module NanoCGRA_Lite (D = $flatten\u_core.\u_uart.$procmux$1022_Y, Q = \u_core.u_uart.tx_shift).
Adding SRST signal on $flatten\u_core.\u_uart.$procdff$1177 ($dff) from module NanoCGRA_Lite (D = $flatten\u_core.\u_uart.$procmux$1038_Y, Q = \u_core.u_uart.tx_bit, rval = 3'000).
Adding EN signal on $auto$ff.cc:266:slice$1462 ($sdff) from module NanoCGRA_Lite (D = $flatten\u_core.\u_uart.$procmux$1038_Y, Q = \u_core.u_uart.tx_bit).
Adding SRST signal on $flatten\u_core.\u_uart.$procdff$1176 ($dff) from module NanoCGRA_Lite (D = $flatten\u_core.\u_uart.$procmux$992_Y, Q = \u_core.u_uart.tx_cnt, rval = 16'0000000000000000).
Adding SRST signal on $flatten\u_core.\u_uart.$procdff$1174 ($dff) from module NanoCGRA_Lite (D = $flatten\u_core.\u_uart.$procmux$981_Y, Q = \u_core.u_uart.uart_tx, rval = 1'1).
Adding SRST signal on $flatten\u_core.\u_uart.$procdff$1173 ($dff) from module NanoCGRA_Lite (D = \u_core.u_uart.rx_sync0, Q = \u_core.u_uart.rx_sync1, rval = 1'1).
Adding SRST signal on $flatten\u_core.\u_uart.$procdff$1172 ($dff) from module NanoCGRA_Lite (D = \uart_rx, Q = \u_core.u_uart.rx_sync0, rval = 1'1).
Adding SRST signal on $flatten\u_core.\u_uart.$procdff$1171 ($dff) from module NanoCGRA_Lite (D = $flatten\u_core.\u_uart.$procmux$918_Y, Q = \u_core.u_uart.rx_valid, rval = 1'0).
Adding SRST signal on $flatten\u_core.\u_uart.$procdff$1170 ($dff) from module NanoCGRA_Lite (D = $flatten\u_core.\u_uart.$procmux$926_Y, Q = \u_core.u_uart.rx_data, rval = 8'00000000).
Adding EN signal on $auto$ff.cc:266:slice$1477 ($sdff) from module NanoCGRA_Lite (D = \u_core.u_uart.rx_shift, Q = \u_core.u_uart.rx_data).
Adding SRST signal on $flatten\u_core.\u_uart.$procdff$1169 ($dff) from module NanoCGRA_Lite (D = $flatten\u_core.\u_uart.$procmux$935_Y, Q = \u_core.u_uart.rx_shift, rval = 8'00000000).
Adding EN signal on $auto$ff.cc:266:slice$1481 ($sdff) from module NanoCGRA_Lite (D = { \u_core.u_uart.rx_sync1 \u_core.u_uart.rx_shift [7:1] }, Q = \u_core.u_uart.rx_shift).
Adding SRST signal on $flatten\u_core.\u_uart.$procdff$1168 ($dff) from module NanoCGRA_Lite (D = $flatten\u_core.\u_uart.$procmux$947_Y, Q = \u_core.u_uart.rx_bit, rval = 3'000).
Adding EN signal on $auto$ff.cc:266:slice$1485 ($sdff) from module NanoCGRA_Lite (D = $flatten\u_core.\u_uart.$procmux$947_Y, Q = \u_core.u_uart.rx_bit).
Adding SRST signal on $flatten\u_core.\u_uart.$procdff$1167 ($dff) from module NanoCGRA_Lite (D = $flatten\u_core.\u_uart.$procmux$899_Y, Q = \u_core.u_uart.rx_cnt, rval = 16'0000000000000000).
Adding SRST signal on $flatten\u_core.\u_sram.$procdff$1129 ($dff) from module NanoCGRA_Lite (D = $flatten\u_core.\u_sram.$memrd$\mem$output/nanocgra_lite_3x3_opt/rtl/sram.v:32$337_DATA, Q = \u_core.u_sram.dout, rval = 8'00000000).
Adding SRST signal on $flatten\u_core.\u_ctrl.$procdff$1128 ($dff) from module NanoCGRA_Lite (D = $flatten\u_core.\u_ctrl.$procmux$709_Y, Q = \u_core.u_ctrl.state, rval = 3'000).
Adding EN signal on $auto$ff.cc:266:slice$1497 ($sdff) from module NanoCGRA_Lite (D = $flatten\u_core.\u_ctrl.$procmux$709_Y, Q = \u_core.u_ctrl.state).
Adding SRST signal on $flatten\u_core.\u_ctrl.$procdff$1127 ($dff) from module NanoCGRA_Lite (D = $flatten\u_core.\u_ctrl.$procmux$723_Y, Q = \u_core.u_ctrl.done, rval = 1'0).
Adding EN signal on $auto$ff.cc:266:slice$1501 ($sdff) from module NanoCGRA_Lite (D = $flatten\u_core.\u_ctrl.$procmux$723_Y, Q = \u_core.u_ctrl.done).
Adding SRST signal on $flatten\u_core.\u_ctrl.$procdff$1126 ($dff) from module NanoCGRA_Lite (D = $flatten\u_core.\u_ctrl.$procmux$734_Y, Q = \u_core.u_ctrl.m_sram_addr, rval = 5'00000).
Adding EN signal on $auto$ff.cc:266:slice$1509 ($sdff) from module NanoCGRA_Lite (D = $flatten\u_core.\u_ctrl.$procmux$734_Y, Q = \u_core.u_ctrl.m_sram_addr).
Adding SRST signal on $flatten\u_core.\u_ctrl.$procdff$1125 ($dff) from module NanoCGRA_Lite (D = $flatten\u_core.\u_ctrl.$procmux$747_Y, Q = \u_core.u_ctrl.data_b, rval = 8'00000000).
Adding EN signal on $auto$ff.cc:266:slice$1517 ($sdff) from module NanoCGRA_Lite (D = \u_core.u_sram.dout, Q = \u_core.u_ctrl.data_b).
Adding SRST signal on $flatten\u_core.\u_ctrl.$procdff$1124 ($dff) from module NanoCGRA_Lite (D = $flatten\u_core.\u_ctrl.$procmux$757_Y, Q = \u_core.u_ctrl.data_a, rval = 8'00000000).
Adding EN signal on $auto$ff.cc:266:slice$1519 ($sdff) from module NanoCGRA_Lite (D = \u_core.u_sram.dout, Q = \u_core.u_ctrl.data_a).
Adding SRST signal on $flatten\u_core.\u_cgra.\pe22.$procdff$1182 ($dff) from module NanoCGRA_Lite (D = $flatten\u_core.\u_cgra.\pe22.$procmux$1070_Y, Q = \u_core.u_cgra.pe22.acc, rval = 16'0000000000000000).
Adding EN signal on $auto$ff.cc:266:slice$1521 ($sdff) from module NanoCGRA_Lite (D = $flatten\u_core.\u_cgra.\pe22.$procmux$1068_Y, Q = \u_core.u_cgra.pe22.acc).
Adding SRST signal on $flatten\u_core.\u_cgra.\pe22.$procdff$1181 ($dff) from module NanoCGRA_Lite (D = $flatten\u_core.\u_cgra.\pe22.$procmux$1078_Y, Q = \u_core.u_cgra.pe22.local_reg, rval = 8'00000000).
Adding EN signal on $auto$ff.cc:266:slice$1527 ($sdff) from module NanoCGRA_Lite (D = \u_core.u_ctrl.data_a, Q = \u_core.u_cgra.pe22.local_reg).
Adding SRST signal on $flatten\u_core.\u_cgra.\pe22.$procdff$1180 ($dff) from module NanoCGRA_Lite (D = $flatten\u_core.\u_cgra.\pe22.$procmux$1083_Y, Q = \u_core.u_cgra.pe22.cfg_reg, rval = 8'00000000).
Adding EN signal on $auto$ff.cc:266:slice$1529 ($sdff) from module NanoCGRA_Lite (D = \u_core.cfg8, Q = \u_core.u_cgra.pe22.cfg_reg).
Adding SRST signal on $flatten\u_core.\u_cgra.\pe21.$procdff$1182 ($dff) from module NanoCGRA_Lite (D = $flatten\u_core.\u_cgra.\pe21.$procmux$1070_Y, Q = \u_core.u_cgra.pe21.acc, rval = 16'0000000000000000).
Adding EN signal on $auto$ff.cc:266:slice$1531 ($sdff) from module NanoCGRA_Lite (D = $flatten\u_core.\u_cgra.\pe21.$procmux$1068_Y, Q = \u_core.u_cgra.pe21.acc).
Adding SRST signal on $flatten\u_core.\u_cgra.\pe21.$procdff$1181 ($dff) from module NanoCGRA_Lite (D = $flatten\u_core.\u_cgra.\pe21.$procmux$1078_Y, Q = \u_core.u_cgra.pe21.local_reg, rval = 8'00000000).
Adding EN signal on $auto$ff.cc:266:slice$1537 ($sdff) from module NanoCGRA_Lite (D = \u_core.u_ctrl.data_a, Q = \u_core.u_cgra.pe21.local_reg).
Adding SRST signal on $flatten\u_core.\u_cgra.\pe21.$procdff$1180 ($dff) from module NanoCGRA_Lite (D = $flatten\u_core.\u_cgra.\pe21.$procmux$1083_Y, Q = \u_core.u_cgra.pe21.cfg_reg, rval = 8'00000000).
Adding EN signal on $auto$ff.cc:266:slice$1539 ($sdff) from module NanoCGRA_Lite (D = \u_core.cfg7, Q = \u_core.u_cgra.pe21.cfg_reg).
Adding SRST signal on $flatten\u_core.\u_cgra.\pe20.$procdff$1182 ($dff) from module NanoCGRA_Lite (D = $flatten\u_core.\u_cgra.\pe20.$procmux$1070_Y, Q = \u_core.u_cgra.pe20.acc, rval = 16'0000000000000000).
Adding EN signal on $auto$ff.cc:266:slice$1541 ($sdff) from module NanoCGRA_Lite (D = $flatten\u_core.\u_cgra.\pe20.$procmux$1068_Y, Q = \u_core.u_cgra.pe20.acc).
Adding SRST signal on $flatten\u_core.\u_cgra.\pe20.$procdff$1181 ($dff) from module NanoCGRA_Lite (D = $flatten\u_core.\u_cgra.\pe20.$procmux$1078_Y, Q = \u_core.u_cgra.pe20.local_reg, rval = 8'00000000).
Adding EN signal on $auto$ff.cc:266:slice$1547 ($sdff) from module NanoCGRA_Lite (D = \u_core.u_ctrl.data_a, Q = \u_core.u_cgra.pe20.local_reg).
Adding SRST signal on $flatten\u_core.\u_cgra.\pe20.$procdff$1180 ($dff) from module NanoCGRA_Lite (D = $flatten\u_core.\u_cgra.\pe20.$procmux$1083_Y, Q = \u_core.u_cgra.pe20.cfg_reg, rval = 8'00000000).
Adding EN signal on $auto$ff.cc:266:slice$1549 ($sdff) from module NanoCGRA_Lite (D = \u_core.cfg6, Q = \u_core.u_cgra.pe20.cfg_reg).
Adding SRST signal on $flatten\u_core.\u_cgra.\pe12.$procdff$1182 ($dff) from module NanoCGRA_Lite (D = $flatten\u_core.\u_cgra.\pe12.$procmux$1070_Y, Q = \u_core.u_cgra.pe12.acc, rval = 16'0000000000000000).
Adding EN signal on $auto$ff.cc:266:slice$1551 ($sdff) from module NanoCGRA_Lite (D = $flatten\u_core.\u_cgra.\pe12.$procmux$1068_Y, Q = \u_core.u_cgra.pe12.acc).
Adding SRST signal on $flatten\u_core.\u_cgra.\pe12.$procdff$1181 ($dff) from module NanoCGRA_Lite (D = $flatten\u_core.\u_cgra.\pe12.$procmux$1078_Y, Q = \u_core.u_cgra.pe12.local_reg, rval = 8'00000000).
Adding EN signal on $auto$ff.cc:266:slice$1557 ($sdff) from module NanoCGRA_Lite (D = \u_core.u_ctrl.data_a, Q = \u_core.u_cgra.pe12.local_reg).
Adding SRST signal on $flatten\u_core.\u_cgra.\pe12.$procdff$1180 ($dff) from module NanoCGRA_Lite (D = $flatten\u_core.\u_cgra.\pe12.$procmux$1083_Y, Q = \u_core.u_cgra.pe12.cfg_reg, rval = 8'00000000).
Adding EN signal on $auto$ff.cc:266:slice$1559 ($sdff) from module NanoCGRA_Lite (D = \u_core.cfg5, Q = \u_core.u_cgra.pe12.cfg_reg).
Adding SRST signal on $flatten\u_core.\u_cgra.\pe11.$procdff$1182 ($dff) from module NanoCGRA_Lite (D = $flatten\u_core.\u_cgra.\pe11.$procmux$1070_Y, Q = \u_core.u_cgra.pe11.acc, rval = 16'0000000000000000).
Adding EN signal on $auto$ff.cc:266:slice$1561 ($sdff) from module NanoCGRA_Lite (D = $flatten\u_core.\u_cgra.\pe11.$procmux$1068_Y, Q = \u_core.u_cgra.pe11.acc).
Adding SRST signal on $flatten\u_core.\u_cgra.\pe11.$procdff$1181 ($dff) from module NanoCGRA_Lite (D = $flatten\u_core.\u_cgra.\pe11.$procmux$1078_Y, Q = \u_core.u_cgra.pe11.local_reg, rval = 8'00000000).
Adding EN signal on $auto$ff.cc:266:slice$1567 ($sdff) from module NanoCGRA_Lite (D = \u_core.u_ctrl.data_a, Q = \u_core.u_cgra.pe11.local_reg).
Adding SRST signal on $flatten\u_core.\u_cgra.\pe11.$procdff$1180 ($dff) from module NanoCGRA_Lite (D = $flatten\u_core.\u_cgra.\pe11.$procmux$1083_Y, Q = \u_core.u_cgra.pe11.cfg_reg, rval = 8'00000000).
Adding EN signal on $auto$ff.cc:266:slice$1569 ($sdff) from module NanoCGRA_Lite (D = \u_core.cfg4, Q = \u_core.u_cgra.pe11.cfg_reg).
Adding SRST signal on $flatten\u_core.\u_cgra.\pe10.$procdff$1182 ($dff) from module NanoCGRA_Lite (D = $flatten\u_core.\u_cgra.\pe10.$procmux$1070_Y, Q = \u_core.u_cgra.pe10.acc, rval = 16'0000000000000000).
Adding EN signal on $auto$ff.cc:266:slice$1571 ($sdff) from module NanoCGRA_Lite (D = $flatten\u_core.\u_cgra.\pe10.$procmux$1068_Y, Q = \u_core.u_cgra.pe10.acc).
Adding SRST signal on $flatten\u_core.\u_cgra.\pe10.$procdff$1181 ($dff) from module NanoCGRA_Lite (D = $flatten\u_core.\u_cgra.\pe10.$procmux$1078_Y, Q = \u_core.u_cgra.pe10.local_reg, rval = 8'00000000).
Adding EN signal on $auto$ff.cc:266:slice$1577 ($sdff) from module NanoCGRA_Lite (D = \u_core.u_ctrl.data_a, Q = \u_core.u_cgra.pe10.local_reg).
Adding SRST signal on $flatten\u_core.\u_cgra.\pe10.$procdff$1180 ($dff) from module NanoCGRA_Lite (D = $flatten\u_core.\u_cgra.\pe10.$procmux$1083_Y, Q = \u_core.u_cgra.pe10.cfg_reg, rval = 8'00000000).
Adding EN signal on $auto$ff.cc:266:slice$1579 ($sdff) from module NanoCGRA_Lite (D = \u_core.cfg3, Q = \u_core.u_cgra.pe10.cfg_reg).
Adding SRST signal on $flatten\u_core.\u_cgra.\pe02.$procdff$1182 ($dff) from module NanoCGRA_Lite (D = $flatten\u_core.\u_cgra.\pe02.$procmux$1070_Y, Q = \u_core.u_cgra.pe02.acc, rval = 16'0000000000000000).
Adding EN signal on $auto$ff.cc:266:slice$1581 ($sdff) from module NanoCGRA_Lite (D = $flatten\u_core.\u_cgra.\pe02.$procmux$1068_Y, Q = \u_core.u_cgra.pe02.acc).
Adding SRST signal on $flatten\u_core.\u_cgra.\pe02.$procdff$1181 ($dff) from module NanoCGRA_Lite (D = $flatten\u_core.\u_cgra.\pe02.$procmux$1078_Y, Q = \u_core.u_cgra.pe02.local_reg, rval = 8'00000000).
Adding EN signal on $auto$ff.cc:266:slice$1587 ($sdff) from module NanoCGRA_Lite (D = \u_core.u_ctrl.data_a, Q = \u_core.u_cgra.pe02.local_reg).
Adding SRST signal on $flatten\u_core.\u_cgra.\pe02.$procdff$1180 ($dff) from module NanoCGRA_Lite (D = $flatten\u_core.\u_cgra.\pe02.$procmux$1083_Y, Q = \u_core.u_cgra.pe02.cfg_reg, rval = 8'00000000).
Adding EN signal on $auto$ff.cc:266:slice$1589 ($sdff) from module NanoCGRA_Lite (D = \u_core.cfg2, Q = \u_core.u_cgra.pe02.cfg_reg).
Adding SRST signal on $flatten\u_core.\u_cgra.\pe01.$procdff$1182 ($dff) from module NanoCGRA_Lite (D = $flatten\u_core.\u_cgra.\pe01.$procmux$1070_Y, Q = \u_core.u_cgra.pe01.acc, rval = 16'0000000000000000).
Adding EN signal on $auto$ff.cc:266:slice$1591 ($sdff) from module NanoCGRA_Lite (D = $flatten\u_core.\u_cgra.\pe01.$procmux$1068_Y, Q = \u_core.u_cgra.pe01.acc).
Adding SRST signal on $flatten\u_core.\u_cgra.\pe01.$procdff$1181 ($dff) from module NanoCGRA_Lite (D = $flatten\u_core.\u_cgra.\pe01.$procmux$1078_Y, Q = \u_core.u_cgra.pe01.local_reg, rval = 8'00000000).
Adding EN signal on $auto$ff.cc:266:slice$1597 ($sdff) from module NanoCGRA_Lite (D = \u_core.u_ctrl.data_a, Q = \u_core.u_cgra.pe01.local_reg).
Adding SRST signal on $flatten\u_core.\u_cgra.\pe01.$procdff$1180 ($dff) from module NanoCGRA_Lite (D = $flatten\u_core.\u_cgra.\pe01.$procmux$1083_Y, Q = \u_core.u_cgra.pe01.cfg_reg, rval = 8'00000000).
Adding EN signal on $auto$ff.cc:266:slice$1599 ($sdff) from module NanoCGRA_Lite (D = \u_core.cfg1, Q = \u_core.u_cgra.pe01.cfg_reg).
Adding SRST signal on $flatten\u_core.\u_cgra.\pe00.$procdff$1182 ($dff) from module NanoCGRA_Lite (D = $flatten\u_core.\u_cgra.\pe00.$procmux$1070_Y, Q = \u_core.u_cgra.pe00.acc, rval = 16'0000000000000000).
Adding EN signal on $auto$ff.cc:266:slice$1601 ($sdff) from module NanoCGRA_Lite (D = $flatten\u_core.\u_cgra.\pe00.$procmux$1068_Y, Q = \u_core.u_cgra.pe00.acc).
Adding SRST signal on $flatten\u_core.\u_cgra.\pe00.$procdff$1181 ($dff) from module NanoCGRA_Lite (D = $flatten\u_core.\u_cgra.\pe00.$procmux$1078_Y, Q = \u_core.u_cgra.pe00.local_reg, rval = 8'00000000).
Adding EN signal on $auto$ff.cc:266:slice$1607 ($sdff) from module NanoCGRA_Lite (D = \u_core.u_ctrl.data_a, Q = \u_core.u_cgra.pe00.local_reg).
Adding SRST signal on $flatten\u_core.\u_cgra.\pe00.$procdff$1180 ($dff) from module NanoCGRA_Lite (D = $flatten\u_core.\u_cgra.\pe00.$procmux$1083_Y, Q = \u_core.u_cgra.pe00.cfg_reg, rval = 8'00000000).
Adding EN signal on $auto$ff.cc:266:slice$1609 ($sdff) from module NanoCGRA_Lite (D = \u_core.cfg0, Q = \u_core.u_cgra.pe00.cfg_reg).
Adding SRST signal on $flatten\u_core.\u_bridge.$procdff$1123 ($dff) from module NanoCGRA_Lite (D = $flatten\u_core.\u_bridge.$procmux$581_Y, Q = \u_core.u_bridge.rd_cap, rval = 8'00000000).
Adding EN signal on $auto$ff.cc:266:slice$1611 ($sdff) from module NanoCGRA_Lite (D = \u_core.u_bridge.bus_rdata, Q = \u_core.u_bridge.rd_cap).
Adding SRST signal on $flatten\u_core.\u_bridge.$procdff$1122 ($dff) from module NanoCGRA_Lite (D = $flatten\u_core.\u_bridge.$procmux$602_Y, Q = \u_core.u_bridge.data_reg, rval = 8'00000000).
Adding EN signal on $auto$ff.cc:266:slice$1613 ($sdff) from module NanoCGRA_Lite (D = \u_core.u_bridge.bus_rdata, Q = \u_core.u_bridge.data_reg).
Adding SRST signal on $flatten\u_core.\u_bridge.$procdff$1121 ($dff) from module NanoCGRA_Lite (D = $flatten\u_core.\u_bridge.$procmux$622_Y, Q = \u_core.u_bridge.addr_reg, rval = 8'00000000).
Adding EN signal on $auto$ff.cc:266:slice$1619 ($sdff) from module NanoCGRA_Lite (D = \u_core.u_bridge.bus_rdata, Q = \u_core.u_bridge.addr_reg).
Adding SRST signal on $flatten\u_core.\u_bridge.$procdff$1120 ($dff) from module NanoCGRA_Lite (D = $flatten\u_core.\u_bridge.$procmux$643_Y, Q = \u_core.u_bridge.cmd_reg, rval = 8'00000000).
Adding EN signal on $auto$ff.cc:266:slice$1623 ($sdff) from module NanoCGRA_Lite (D = \u_core.u_bridge.bus_rdata, Q = \u_core.u_bridge.cmd_reg).
Adding SRST signal on $flatten\u_core.\u_bridge.$procdff$1119 ($dff) from module NanoCGRA_Lite (D = $flatten\u_core.\u_bridge.$procmux$663_Y, Q = \u_core.u_bridge.byte_idx, rval = 2'00).
Adding EN signal on $auto$ff.cc:266:slice$1627 ($sdff) from module NanoCGRA_Lite (D = $flatten\u_core.\u_bridge.$procmux$661_Y, Q = \u_core.u_bridge.byte_idx).
Adding SRST signal on $flatten\u_core.\u_bridge.$procdff$1118 ($dff) from module NanoCGRA_Lite (D = $flatten\u_core.\u_bridge.$procmux$669_Y, Q = \u_core.u_bridge.bus_wdata, rval = 8'00000000).
Adding EN signal on $auto$ff.cc:266:slice$1629 ($sdff) from module NanoCGRA_Lite (D = $flatten\u_core.\u_bridge.$procmux$669_Y, Q = \u_core.u_bridge.bus_wdata).
Adding SRST signal on $flatten\u_core.\u_bridge.$procdff$1117 ($dff) from module NanoCGRA_Lite (D = $flatten\u_core.\u_bridge.$procmux$525_Y, Q = \u_core.u_bridge.bus_re, rval = 1'0).
Adding SRST signal on $flatten\u_core.\u_bridge.$procdff$1116 ($dff) from module NanoCGRA_Lite (D = $flatten\u_core.\u_bridge.$procmux$534_Y, Q = \u_core.u_bridge.bus_we, rval = 1'0).
Adding SRST signal on $flatten\u_core.\u_bridge.$procdff$1115 ($dff) from module NanoCGRA_Lite (D = $flatten\u_core.\u_bridge.$procmux$677_Y, Q = \u_core.u_bridge.bus_addr, rval = 8'00000000).
Adding EN signal on $auto$ff.cc:266:slice$1635 ($sdff) from module NanoCGRA_Lite (D = $flatten\u_core.\u_bridge.$procmux$677_Y, Q = \u_core.u_bridge.bus_addr).
Adding SRST signal on $flatten\u_core.$procdff$1113 ($dff) from module NanoCGRA_Lite (D = $flatten\u_core.$procmux$372_Y, Q = \u_core.res_reg, rval = 8'00010000).
Adding EN signal on $auto$ff.cc:266:slice$1639 ($sdff) from module NanoCGRA_Lite (D = \u_core.u_bridge.bus_wdata, Q = \u_core.res_reg).
Adding SRST signal on $flatten\u_core.$procdff$1112 ($dff) from module NanoCGRA_Lite (D = $flatten\u_core.$procmux$380_Y, Q = \u_core.opb_reg, rval = 8'00000001).
Adding EN signal on $auto$ff.cc:266:slice$1643 ($sdff) from module NanoCGRA_Lite (D = \u_core.u_bridge.bus_wdata, Q = \u_core.opb_reg).
Adding SRST signal on $flatten\u_core.$procdff$1111 ($dff) from module NanoCGRA_Lite (D = $flatten\u_core.$procmux$389_Y, Q = \u_core.opa_reg, rval = 8'00000000).
Adding EN signal on $auto$ff.cc:266:slice$1647 ($sdff) from module NanoCGRA_Lite (D = \u_core.u_bridge.bus_wdata, Q = \u_core.opa_reg).
Adding SRST signal on $flatten\u_core.$procdff$1110 ($dff) from module NanoCGRA_Lite (D = $flatten\u_core.$procmux$399_Y, Q = \u_core.cfg8, rval = 8'00000000).
Adding EN signal on $auto$ff.cc:266:slice$1651 ($sdff) from module NanoCGRA_Lite (D = \u_core.u_bridge.bus_wdata, Q = \u_core.cfg8).
Adding SRST signal on $flatten\u_core.$procdff$1109 ($dff) from module NanoCGRA_Lite (D = $flatten\u_core.$procmux$410_Y, Q = \u_core.cfg7, rval = 8'00000000).
Adding EN signal on $auto$ff.cc:266:slice$1655 ($sdff) from module NanoCGRA_Lite (D = \u_core.u_bridge.bus_wdata, Q = \u_core.cfg7).
Adding SRST signal on $flatten\u_core.$procdff$1108 ($dff) from module NanoCGRA_Lite (D = $flatten\u_core.$procmux$422_Y, Q = \u_core.cfg6, rval = 8'00000000).
Adding EN signal on $auto$ff.cc:266:slice$1659 ($sdff) from module NanoCGRA_Lite (D = \u_core.u_bridge.bus_wdata, Q = \u_core.cfg6).
Adding SRST signal on $flatten\u_core.$procdff$1107 ($dff) from module NanoCGRA_Lite (D = $flatten\u_core.$procmux$435_Y, Q = \u_core.cfg5, rval = 8'00000000).
Adding EN signal on $auto$ff.cc:266:slice$1663 ($sdff) from module NanoCGRA_Lite (D = \u_core.u_bridge.bus_wdata, Q = \u_core.cfg5).
Adding SRST signal on $flatten\u_core.$procdff$1106 ($dff) from module NanoCGRA_Lite (D = $flatten\u_core.$procmux$449_Y, Q = \u_core.cfg4, rval = 8'00000000).
Adding EN signal on $auto$ff.cc:266:slice$1667 ($sdff) from module NanoCGRA_Lite (D = \u_core.u_bridge.bus_wdata, Q = \u_core.cfg4).
Adding SRST signal on $flatten\u_core.$procdff$1105 ($dff) from module NanoCGRA_Lite (D = $flatten\u_core.$procmux$464_Y, Q = \u_core.cfg3, rval = 8'00000000).
Adding EN signal on $auto$ff.cc:266:slice$1671 ($sdff) from module NanoCGRA_Lite (D = \u_core.u_bridge.bus_wdata, Q = \u_core.cfg3).
Adding SRST signal on $flatten\u_core.$procdff$1104 ($dff) from module NanoCGRA_Lite (D = $flatten\u_core.$procmux$480_Y, Q = \u_core.cfg2, rval = 8'00000000).
Adding EN signal on $auto$ff.cc:266:slice$1675 ($sdff) from module NanoCGRA_Lite (D = \u_core.u_bridge.bus_wdata, Q = \u_core.cfg2).
Adding SRST signal on $flatten\u_core.$procdff$1103 ($dff) from module NanoCGRA_Lite (D = $flatten\u_core.$procmux$497_Y, Q = \u_core.cfg1, rval = 8'00000000).
Adding EN signal on $auto$ff.cc:266:slice$1679 ($sdff) from module NanoCGRA_Lite (D = \u_core.u_bridge.bus_wdata, Q = \u_core.cfg1).
Adding SRST signal on $flatten\u_core.$procdff$1102 ($dff) from module NanoCGRA_Lite (D = $flatten\u_core.$procmux$515_Y, Q = \u_core.cfg0, rval = 8'00000000).
Adding EN signal on $auto$ff.cc:266:slice$1683 ($sdff) from module NanoCGRA_Lite (D = \u_core.u_bridge.bus_wdata, Q = \u_core.cfg0).

11.9.7. Executing OPT_CLEAN pass (remove unused cells and wires).
Finding unused cells or wires in module \NanoCGRA_Lite..
Removed 140 unused cells and 188 unused wires.
<suppressed ~141 debug messages>

11.9.8. Executing OPT_EXPR pass (perform const folding).
Optimizing module NanoCGRA_Lite.
<suppressed ~8 debug messages>

11.9.9. Rerunning OPT passes. (Maybe there is more to do..)

11.9.10. Executing OPT_MUXTREE pass (detect dead branches in mux trees).
Running muxtree optimizer on module \NanoCGRA_Lite..
  Creating internal representation of mux trees.
  Evaluating internal representation of mux trees.
  Analyzing evaluation results.
Removed 0 multiplexer ports.
<suppressed ~42 debug messages>

11.9.11. Executing OPT_REDUCE pass (consolidate $*mux and $reduce_* inputs).
  Optimizing cells in module \NanoCGRA_Lite.
Performed a total of 0 changes.

11.9.12. Executing OPT_MERGE pass (detect identical cells).
Finding identical cells in module `\NanoCGRA_Lite'.
<suppressed ~87 debug messages>
Removed a total of 29 cells.

11.9.13. Executing OPT_DFF pass (perform DFF optimizations).

11.9.14. Executing OPT_CLEAN pass (remove unused cells and wires).
Finding unused cells or wires in module \NanoCGRA_Lite..
Removed 0 unused cells and 21 unused wires.
<suppressed ~1 debug messages>

11.9.15. Executing OPT_EXPR pass (perform const folding).
Optimizing module NanoCGRA_Lite.

11.9.16. Rerunning OPT passes. (Maybe there is more to do..)

11.9.17. Executing OPT_MUXTREE pass (detect dead branches in mux trees).
Running muxtree optimizer on module \NanoCGRA_Lite..
  Creating internal representation of mux trees.
  Evaluating internal representation of mux trees.
  Analyzing evaluation results.
Removed 0 multiplexer ports.
<suppressed ~42 debug messages>

11.9.18. Executing OPT_REDUCE pass (consolidate $*mux and $reduce_* inputs).
  Optimizing cells in module \NanoCGRA_Lite.
Performed a total of 0 changes.

11.9.19. Executing OPT_MERGE pass (detect identical cells).
Finding identical cells in module `\NanoCGRA_Lite'.
Removed a total of 0 cells.

11.9.20. Executing OPT_DFF pass (perform DFF optimizations).

11.9.21. Executing OPT_CLEAN pass (remove unused cells and wires).
Finding unused cells or wires in module \NanoCGRA_Lite..

11.9.22. Executing OPT_EXPR pass (perform const folding).
Optimizing module NanoCGRA_Lite.

11.9.23. Finished OPT passes. (There is nothing left to do.)

11.10. Executing WREDUCE pass (reducing word size of cells).
Removed top 27 address bits (of 32) from memory init port NanoCGRA_Lite.$flatten\u_core.\u_sram.$auto$proc_memwr.cc:45:proc_memwr$1183 (u_core.u_sram.mem).
Removed top 27 address bits (of 32) from memory init port NanoCGRA_Lite.$flatten\u_core.\u_sram.$auto$proc_memwr.cc:45:proc_memwr$1184 (u_core.u_sram.mem).
Removed top 27 address bits (of 32) from memory init port NanoCGRA_Lite.$flatten\u_core.\u_sram.$auto$proc_memwr.cc:45:proc_memwr$1185 (u_core.u_sram.mem).
Removed top 27 address bits (of 32) from memory init port NanoCGRA_Lite.$flatten\u_core.\u_sram.$auto$proc_memwr.cc:45:proc_memwr$1186 (u_core.u_sram.mem).
Removed top 27 address bits (of 32) from memory init port NanoCGRA_Lite.$flatten\u_core.\u_sram.$auto$proc_memwr.cc:45:proc_memwr$1187 (u_core.u_sram.mem).
Removed top 27 address bits (of 32) from memory init port NanoCGRA_Lite.$flatten\u_core.\u_sram.$auto$proc_memwr.cc:45:proc_memwr$1188 (u_core.u_sram.mem).
Removed top 27 address bits (of 32) from memory init port NanoCGRA_Lite.$flatten\u_core.\u_sram.$auto$proc_memwr.cc:45:proc_memwr$1189 (u_core.u_sram.mem).
Removed top 27 address bits (of 32) from memory init port NanoCGRA_Lite.$flatten\u_core.\u_sram.$auto$proc_memwr.cc:45:proc_memwr$1190 (u_core.u_sram.mem).
Removed top 27 address bits (of 32) from memory init port NanoCGRA_Lite.$flatten\u_core.\u_sram.$auto$proc_memwr.cc:45:proc_memwr$1191 (u_core.u_sram.mem).
Removed top 27 address bits (of 32) from memory init port NanoCGRA_Lite.$flatten\u_core.\u_sram.$auto$proc_memwr.cc:45:proc_memwr$1192 (u_core.u_sram.mem).
Removed top 27 address bits (of 32) from memory init port NanoCGRA_Lite.$flatten\u_core.\u_sram.$auto$proc_memwr.cc:45:proc_memwr$1193 (u_core.u_sram.mem).
Removed top 27 address bits (of 32) from memory init port NanoCGRA_Lite.$flatten\u_core.\u_sram.$auto$proc_memwr.cc:45:proc_memwr$1194 (u_core.u_sram.mem).
Removed top 27 address bits (of 32) from memory init port NanoCGRA_Lite.$flatten\u_core.\u_sram.$auto$proc_memwr.cc:45:proc_memwr$1195 (u_core.u_sram.mem).
Removed top 27 address bits (of 32) from memory init port NanoCGRA_Lite.$flatten\u_core.\u_sram.$auto$proc_memwr.cc:45:proc_memwr$1196 (u_core.u_sram.mem).
Removed top 27 address bits (of 32) from memory init port NanoCGRA_Lite.$flatten\u_core.\u_sram.$auto$proc_memwr.cc:45:proc_memwr$1197 (u_core.u_sram.mem).
Removed top 27 address bits (of 32) from memory init port NanoCGRA_Lite.$flatten\u_core.\u_sram.$auto$proc_memwr.cc:45:proc_memwr$1198 (u_core.u_sram.mem).
Removed top 27 address bits (of 32) from memory init port NanoCGRA_Lite.$flatten\u_core.\u_sram.$auto$proc_memwr.cc:45:proc_memwr$1199 (u_core.u_sram.mem).
Removed top 27 address bits (of 32) from memory init port NanoCGRA_Lite.$flatten\u_core.\u_sram.$auto$proc_memwr.cc:45:proc_memwr$1200 (u_core.u_sram.mem).
Removed top 27 address bits (of 32) from memory init port NanoCGRA_Lite.$flatten\u_core.\u_sram.$auto$proc_memwr.cc:45:proc_memwr$1201 (u_core.u_sram.mem).
Removed top 27 address bits (of 32) from memory init port NanoCGRA_Lite.$flatten\u_core.\u_sram.$auto$proc_memwr.cc:45:proc_memwr$1202 (u_core.u_sram.mem).
Removed top 27 address bits (of 32) from memory init port NanoCGRA_Lite.$flatten\u_core.\u_sram.$auto$proc_memwr.cc:45:proc_memwr$1203 (u_core.u_sram.mem).
Removed top 27 address bits (of 32) from memory init port NanoCGRA_Lite.$flatten\u_core.\u_sram.$auto$proc_memwr.cc:45:proc_memwr$1204 (u_core.u_sram.mem).
Removed top 27 address bits (of 32) from memory init port NanoCGRA_Lite.$flatten\u_core.\u_sram.$auto$proc_memwr.cc:45:proc_memwr$1205 (u_core.u_sram.mem).
Removed top 27 address bits (of 32) from memory init port NanoCGRA_Lite.$flatten\u_core.\u_sram.$auto$proc_memwr.cc:45:proc_memwr$1206 (u_core.u_sram.mem).
Removed top 27 address bits (of 32) from memory init port NanoCGRA_Lite.$flatten\u_core.\u_sram.$auto$proc_memwr.cc:45:proc_memwr$1207 (u_core.u_sram.mem).
Removed top 27 address bits (of 32) from memory init port NanoCGRA_Lite.$flatten\u_core.\u_sram.$auto$proc_memwr.cc:45:proc_memwr$1208 (u_core.u_sram.mem).
Removed top 27 address bits (of 32) from memory init port NanoCGRA_Lite.$flatten\u_core.\u_sram.$auto$proc_memwr.cc:45:proc_memwr$1209 (u_core.u_sram.mem).
Removed top 27 address bits (of 32) from memory init port NanoCGRA_Lite.$flatten\u_core.\u_sram.$auto$proc_memwr.cc:45:proc_memwr$1210 (u_core.u_sram.mem).
Removed top 27 address bits (of 32) from memory init port NanoCGRA_Lite.$flatten\u_core.\u_sram.$auto$proc_memwr.cc:45:proc_memwr$1211 (u_core.u_sram.mem).
Removed top 27 address bits (of 32) from memory init port NanoCGRA_Lite.$flatten\u_core.\u_sram.$auto$proc_memwr.cc:45:proc_memwr$1212 (u_core.u_sram.mem).
Removed top 27 address bits (of 32) from memory init port NanoCGRA_Lite.$flatten\u_core.\u_sram.$auto$proc_memwr.cc:45:proc_memwr$1213 (u_core.u_sram.mem).
Removed top 27 address bits (of 32) from memory init port NanoCGRA_Lite.$flatten\u_core.\u_sram.$auto$proc_memwr.cc:45:proc_memwr$1214 (u_core.u_sram.mem).
Removed top 1 bits (of 2) from port B of cell NanoCGRA_Lite.$auto$fsm_map.cc:77:implement_pattern_cache$1414 ($eq).
Removed top 1 bits (of 3) from port B of cell NanoCGRA_Lite.$auto$fsm_map.cc:77:implement_pattern_cache$1418 ($eq).
Removed top 1 bits (of 3) from port B of cell NanoCGRA_Lite.$auto$fsm_map.cc:77:implement_pattern_cache$1376 ($eq).
Removed top 1 bits (of 2) from port B of cell NanoCGRA_Lite.$auto$fsm_map.cc:77:implement_pattern_cache$1381 ($eq).
Removed top 1 bits (of 2) from port B of cell NanoCGRA_Lite.$auto$fsm_map.cc:77:implement_pattern_cache$1385 ($eq).
Removed top 1 bits (of 2) from port B of cell NanoCGRA_Lite.$auto$fsm_map.cc:77:implement_pattern_cache$1390 ($eq).
Removed top 1 bits (of 2) from port B of cell NanoCGRA_Lite.$auto$fsm_map.cc:77:implement_pattern_cache$1405 ($eq).
Removed top 1 bits (of 2) from port B of cell NanoCGRA_Lite.$auto$fsm_map.cc:77:implement_pattern_cache$1296 ($eq).
Removed top 3 bits (of 4) from port B of cell NanoCGRA_Lite.$auto$fsm_map.cc:77:implement_pattern_cache$1283 ($eq).
Removed top 1 bits (of 2) from port B of cell NanoCGRA_Lite.$auto$fsm_map.cc:77:implement_pattern_cache$1279 ($eq).
Removed top 1 bits (of 2) from port B of cell NanoCGRA_Lite.$auto$fsm_map.cc:77:implement_pattern_cache$1275 ($eq).
Removed top 3 bits (of 8) from FF cell NanoCGRA_Lite.$auto$ff.cc:266:slice$1610 ($sdffe).
Removed top 1 bits (of 2) from port B of cell NanoCGRA_Lite.$flatten\u_core.\u_cgra.\pe00.$procmux$1100_CMP0 ($eq).
Removed top 2 bits (of 3) from port B of cell NanoCGRA_Lite.$flatten\u_core.\u_cgra.\pe00.$procmux$1095_CMP0 ($eq).
Removed top 1 bits (of 3) from port B of cell NanoCGRA_Lite.$flatten\u_core.\u_cgra.\pe00.$procmux$1094_CMP0 ($eq).
Removed top 1 bits (of 3) from port B of cell NanoCGRA_Lite.$flatten\u_core.\u_cgra.\pe00.$procmux$1093_CMP0 ($eq).
Removed top 3 bits (of 8) from FF cell NanoCGRA_Lite.$auto$ff.cc:266:slice$1600 ($sdffe).
Removed top 1 bits (of 2) from port B of cell NanoCGRA_Lite.$flatten\u_core.\u_cgra.\pe01.$procmux$1100_CMP0 ($eq).
Removed top 2 bits (of 3) from port B of cell NanoCGRA_Lite.$flatten\u_core.\u_cgra.\pe01.$procmux$1095_CMP0 ($eq).
Removed top 1 bits (of 3) from port B of cell NanoCGRA_Lite.$flatten\u_core.\u_cgra.\pe01.$procmux$1094_CMP0 ($eq).
Removed top 1 bits (of 3) from port B of cell NanoCGRA_Lite.$flatten\u_core.\u_cgra.\pe01.$procmux$1093_CMP0 ($eq).
Removed top 3 bits (of 8) from FF cell NanoCGRA_Lite.$auto$ff.cc:266:slice$1590 ($sdffe).
Removed top 1 bits (of 2) from port B of cell NanoCGRA_Lite.$flatten\u_core.\u_cgra.\pe02.$procmux$1100_CMP0 ($eq).
Removed top 2 bits (of 3) from port B of cell NanoCGRA_Lite.$flatten\u_core.\u_cgra.\pe02.$procmux$1095_CMP0 ($eq).
Removed top 1 bits (of 3) from port B of cell NanoCGRA_Lite.$flatten\u_core.\u_cgra.\pe02.$procmux$1094_CMP0 ($eq).
Removed top 1 bits (of 3) from port B of cell NanoCGRA_Lite.$flatten\u_core.\u_cgra.\pe02.$procmux$1093_CMP0 ($eq).
Removed top 3 bits (of 8) from FF cell NanoCGRA_Lite.$auto$ff.cc:266:slice$1580 ($sdffe).
Removed top 1 bits (of 2) from port B of cell NanoCGRA_Lite.$flatten\u_core.\u_cgra.\pe10.$procmux$1100_CMP0 ($eq).
Removed top 2 bits (of 3) from port B of cell NanoCGRA_Lite.$flatten\u_core.\u_cgra.\pe10.$procmux$1095_CMP0 ($eq).
Removed top 1 bits (of 3) from port B of cell NanoCGRA_Lite.$flatten\u_core.\u_cgra.\pe10.$procmux$1094_CMP0 ($eq).
Removed top 1 bits (of 3) from port B of cell NanoCGRA_Lite.$flatten\u_core.\u_cgra.\pe10.$procmux$1093_CMP0 ($eq).
Removed top 3 bits (of 8) from FF cell NanoCGRA_Lite.$auto$ff.cc:266:slice$1570 ($sdffe).
Removed top 1 bits (of 2) from port B of cell NanoCGRA_Lite.$flatten\u_core.\u_cgra.\pe11.$procmux$1100_CMP0 ($eq).
Removed top 2 bits (of 3) from port B of cell NanoCGRA_Lite.$flatten\u_core.\u_cgra.\pe11.$procmux$1095_CMP0 ($eq).
Removed top 1 bits (of 3) from port B of cell NanoCGRA_Lite.$flatten\u_core.\u_cgra.\pe11.$procmux$1094_CMP0 ($eq).
Removed top 1 bits (of 3) from port B of cell NanoCGRA_Lite.$flatten\u_core.\u_cgra.\pe11.$procmux$1093_CMP0 ($eq).
Removed top 3 bits (of 8) from FF cell NanoCGRA_Lite.$auto$ff.cc:266:slice$1560 ($sdffe).
Removed top 1 bits (of 2) from port B of cell NanoCGRA_Lite.$flatten\u_core.\u_cgra.\pe12.$procmux$1100_CMP0 ($eq).
Removed top 2 bits (of 3) from port B of cell NanoCGRA_Lite.$flatten\u_core.\u_cgra.\pe12.$procmux$1095_CMP0 ($eq).
Removed top 1 bits (of 3) from port B of cell NanoCGRA_Lite.$flatten\u_core.\u_cgra.\pe12.$procmux$1094_CMP0 ($eq).
Removed top 1 bits (of 3) from port B of cell NanoCGRA_Lite.$flatten\u_core.\u_cgra.\pe12.$procmux$1093_CMP0 ($eq).
Removed top 3 bits (of 8) from FF cell NanoCGRA_Lite.$auto$ff.cc:266:slice$1550 ($sdffe).
Removed top 1 bits (of 2) from port B of cell NanoCGRA_Lite.$flatten\u_core.\u_cgra.\pe20.$procmux$1100_CMP0 ($eq).
Removed top 2 bits (of 3) from port B of cell NanoCGRA_Lite.$flatten\u_core.\u_cgra.\pe20.$procmux$1095_CMP0 ($eq).
Removed top 1 bits (of 3) from port B of cell NanoCGRA_Lite.$flatten\u_core.\u_cgra.\pe20.$procmux$1094_CMP0 ($eq).
Removed top 1 bits (of 3) from port B of cell NanoCGRA_Lite.$flatten\u_core.\u_cgra.\pe20.$procmux$1093_CMP0 ($eq).
Removed top 3 bits (of 8) from FF cell NanoCGRA_Lite.$auto$ff.cc:266:slice$1540 ($sdffe).
Removed top 1 bits (of 2) from port B of cell NanoCGRA_Lite.$flatten\u_core.\u_cgra.\pe21.$procmux$1100_CMP0 ($eq).
Removed top 2 bits (of 3) from port B of cell NanoCGRA_Lite.$flatten\u_core.\u_cgra.\pe21.$procmux$1095_CMP0 ($eq).
Removed top 1 bits (of 3) from port B of cell NanoCGRA_Lite.$flatten\u_core.\u_cgra.\pe21.$procmux$1094_CMP0 ($eq).
Removed top 1 bits (of 3) from port B of cell NanoCGRA_Lite.$flatten\u_core.\u_cgra.\pe21.$procmux$1093_CMP0 ($eq).
Removed top 3 bits (of 8) from FF cell NanoCGRA_Lite.$auto$ff.cc:266:slice$1530 ($sdffe).
Removed top 1 bits (of 2) from port B of cell NanoCGRA_Lite.$flatten\u_core.\u_cgra.\pe22.$procmux$1100_CMP0 ($eq).
Removed top 2 bits (of 3) from port B of cell NanoCGRA_Lite.$flatten\u_core.\u_cgra.\pe22.$procmux$1095_CMP0 ($eq).
Removed top 1 bits (of 3) from port B of cell NanoCGRA_Lite.$flatten\u_core.\u_cgra.\pe22.$procmux$1094_CMP0 ($eq).
Removed top 1 bits (of 3) from port B of cell NanoCGRA_Lite.$flatten\u_core.\u_cgra.\pe22.$procmux$1093_CMP0 ($eq).
Removed top 9 bits (of 16) from port B of cell NanoCGRA_Lite.$flatten\u_core.\u_uart.$eq$output/nanocgra_lite_3x3_opt/rtl/uart.v:65$200 ($eq).
Removed top 1 bits (of 2) from port B of cell NanoCGRA_Lite.$flatten\u_core.\u_uart.$eq$output/nanocgra_lite_3x3_opt/rtl/uart.v:126$217 ($eq).
Removed top 10 bits (of 16) from port B of cell NanoCGRA_Lite.$flatten\u_core.\u_uart.$eq$output/nanocgra_lite_3x3_opt/rtl/uart.v:138$220 ($eq).
Removed top 9 bits (of 16) from port B of cell NanoCGRA_Lite.$flatten\u_core.\u_uart.$eq$output/nanocgra_lite_3x3_opt/rtl/uart.v:144$222 ($eq).
Removed top 1 bits (of 2) from port B of cell NanoCGRA_Lite.$auto$opt_dff.cc:195:make_patterns_logic$1500 ($ne).
Removed top 1 bits (of 3) from port B of cell NanoCGRA_Lite.$flatten\u_core.\u_ctrl.$procmux$713_CMP0 ($eq).
Removed top 2 bits (of 3) from port B of cell NanoCGRA_Lite.$flatten\u_core.\u_ctrl.$procmux$714_CMP0 ($eq).
Removed top 6 bits (of 8) from mux cell NanoCGRA_Lite.$flatten\u_core.\u_dec.$procmux$690 ($mux).
Removed top 1 bits (of 2) from port B of cell NanoCGRA_Lite.$flatten\u_core.\u_bridge.$add$output/nanocgra_lite_3x3_opt/rtl/uart_bridge.v:121$358 ($add).
Removed top 6 bits (of 8) from port B of cell NanoCGRA_Lite.$flatten\u_core.\u_bridge.$procmux$558_CMP0 ($eq).
Removed top 6 bits (of 8) from port B of cell NanoCGRA_Lite.$flatten\u_core.\u_bridge.$procmux$559_CMP0 ($eq).
Removed top 7 bits (of 8) from port B of cell NanoCGRA_Lite.$flatten\u_core.\u_bridge.$procmux$560_CMP0 ($eq).
Removed top 1 bits (of 2) from port B of cell NanoCGRA_Lite.$flatten\u_core.\u_bridge.$procmux$600_CMP0 ($eq).
Removed top 3 bits (of 8) from FF cell NanoCGRA_Lite.$auto$ff.cc:266:slice$1640 ($sdffe).
Removed top 3 bits (of 8) from FF cell NanoCGRA_Lite.$auto$ff.cc:266:slice$1644 ($sdffe).
Removed top 3 bits (of 8) from FF cell NanoCGRA_Lite.$auto$ff.cc:266:slice$1648 ($sdffe).
Removed top 3 bits (of 8) from FF cell NanoCGRA_Lite.$auto$ff.cc:266:slice$1652 ($sdffe).
Removed top 3 bits (of 8) from FF cell NanoCGRA_Lite.$auto$ff.cc:266:slice$1656 ($sdffe).
Removed top 3 bits (of 8) from FF cell NanoCGRA_Lite.$auto$ff.cc:266:slice$1660 ($sdffe).
Removed top 3 bits (of 8) from FF cell NanoCGRA_Lite.$auto$ff.cc:266:slice$1664 ($sdffe).
Removed top 3 bits (of 8) from FF cell NanoCGRA_Lite.$auto$ff.cc:266:slice$1668 ($sdffe).
Removed top 3 bits (of 8) from FF cell NanoCGRA_Lite.$auto$ff.cc:266:slice$1672 ($sdffe).
Removed top 3 bits (of 8) from FF cell NanoCGRA_Lite.$auto$ff.cc:266:slice$1676 ($sdffe).
Removed top 3 bits (of 8) from FF cell NanoCGRA_Lite.$auto$ff.cc:266:slice$1680 ($sdffe).
Removed top 3 bits (of 8) from FF cell NanoCGRA_Lite.$auto$ff.cc:266:slice$1684 ($sdffe).
Removed top 3 bits (of 4) from port B of cell NanoCGRA_Lite.$flatten\u_core.$procmux$496_CMP0 ($eq).
Removed top 2 bits (of 4) from port B of cell NanoCGRA_Lite.$flatten\u_core.$procmux$479_CMP0 ($eq).
Removed top 2 bits (of 4) from port B of cell NanoCGRA_Lite.$flatten\u_core.$procmux$463_CMP0 ($eq).
Removed top 1 bits (of 4) from port B of cell NanoCGRA_Lite.$flatten\u_core.$procmux$448_CMP0 ($eq).
Removed top 1 bits (of 4) from port B of cell NanoCGRA_Lite.$flatten\u_core.$procmux$434_CMP0 ($eq).
Removed top 1 bits (of 4) from port B of cell NanoCGRA_Lite.$flatten\u_core.$procmux$421_CMP0 ($eq).
Removed top 1 bits (of 4) from port B of cell NanoCGRA_Lite.$flatten\u_core.$procmux$409_CMP0 ($eq).
Removed top 1 bits (of 3) from port B of cell NanoCGRA_Lite.$flatten\u_core.\u_ctrl.$eq$output/nanocgra_lite_3x3_opt/rtl/nano_controller.v:47$338 ($eq).
Removed top 3 bits (of 8) from port B of cell NanoCGRA_Lite.$flatten\u_core.\u_dec.$le$output/nanocgra_lite_3x3_opt/rtl/bus_decoder.v:28$345 ($le).
Removed top 6 bits (of 8) from wire NanoCGRA_Lite.$flatten\u_core.\u_dec.$3\rdata[7:0].

11.11. Executing PEEPOPT pass (run peephole optimizers).

11.12. Executing OPT_CLEAN pass (remove unused cells and wires).
Finding unused cells or wires in module \NanoCGRA_Lite..
Removed 0 unused cells and 1 unused wires.
<suppressed ~1 debug messages>

11.13. Executing ALUMACC pass (create $alu and $macc cells).
Extracting $alu and $macc cells in module NanoCGRA_Lite:
  creating $macc model for $flatten\u_core.\u_bridge.$add$output/nanocgra_lite_3x3_opt/rtl/uart_bridge.v:121$358 ($add).
  creating $macc model for $flatten\u_core.\u_cgra.\pe00.$add$output/nanocgra_lite_3x3_opt/rtl/pe.v:63$189 ($add).
  creating $macc model for $flatten\u_core.\u_cgra.\pe00.$add$output/nanocgra_lite_3x3_opt/rtl/pe.v:90$197 ($add).
  creating $macc model for $flatten\u_core.\u_cgra.\pe00.$mul$output/nanocgra_lite_3x3_opt/rtl/pe.v:57$187 ($mul).
  creating $macc model for $flatten\u_core.\u_cgra.\pe00.$sub$output/nanocgra_lite_3x3_opt/rtl/pe.v:64$190 ($sub).
  creating $macc model for $flatten\u_core.\u_cgra.\pe01.$add$output/nanocgra_lite_3x3_opt/rtl/pe.v:63$189 ($add).
  creating $macc model for $flatten\u_core.\u_cgra.\pe01.$add$output/nanocgra_lite_3x3_opt/rtl/pe.v:90$197 ($add).
  creating $macc model for $flatten\u_core.\u_cgra.\pe01.$mul$output/nanocgra_lite_3x3_opt/rtl/pe.v:57$187 ($mul).
  creating $macc model for $flatten\u_core.\u_cgra.\pe01.$sub$output/nanocgra_lite_3x3_opt/rtl/pe.v:64$190 ($sub).
  creating $macc model for $flatten\u_core.\u_cgra.\pe02.$add$output/nanocgra_lite_3x3_opt/rtl/pe.v:63$189 ($add).
  creating $macc model for $flatten\u_core.\u_cgra.\pe02.$add$output/nanocgra_lite_3x3_opt/rtl/pe.v:90$197 ($add).
  creating $macc model for $flatten\u_core.\u_cgra.\pe02.$mul$output/nanocgra_lite_3x3_opt/rtl/pe.v:57$187 ($mul).
  creating $macc model for $flatten\u_core.\u_cgra.\pe02.$sub$output/nanocgra_lite_3x3_opt/rtl/pe.v:64$190 ($sub).
  creating $macc model for $flatten\u_core.\u_cgra.\pe10.$add$output/nanocgra_lite_3x3_opt/rtl/pe.v:63$189 ($add).
  creating $macc model for $flatten\u_core.\u_cgra.\pe10.$add$output/nanocgra_lite_3x3_opt/rtl/pe.v:90$197 ($add).
  creating $macc model for $flatten\u_core.\u_cgra.\pe10.$mul$output/nanocgra_lite_3x3_opt/rtl/pe.v:57$187 ($mul).
  creating $macc model for $flatten\u_core.\u_cgra.\pe10.$sub$output/nanocgra_lite_3x3_opt/rtl/pe.v:64$190 ($sub).
  creating $macc model for $flatten\u_core.\u_cgra.\pe11.$add$output/nanocgra_lite_3x3_opt/rtl/pe.v:63$189 ($add).
  creating $macc model for $flatten\u_core.\u_cgra.\pe11.$add$output/nanocgra_lite_3x3_opt/rtl/pe.v:90$197 ($add).
  creating $macc model for $flatten\u_core.\u_cgra.\pe11.$mul$output/nanocgra_lite_3x3_opt/rtl/pe.v:57$187 ($mul).
  creating $macc model for $flatten\u_core.\u_cgra.\pe11.$sub$output/nanocgra_lite_3x3_opt/rtl/pe.v:64$190 ($sub).
  creating $macc model for $flatten\u_core.\u_cgra.\pe12.$add$output/nanocgra_lite_3x3_opt/rtl/pe.v:63$189 ($add).
  creating $macc model for $flatten\u_core.\u_cgra.\pe12.$add$output/nanocgra_lite_3x3_opt/rtl/pe.v:90$197 ($add).
  creating $macc model for $flatten\u_core.\u_cgra.\pe12.$mul$output/nanocgra_lite_3x3_opt/rtl/pe.v:57$187 ($mul).
  creating $macc model for $flatten\u_core.\u_cgra.\pe12.$sub$output/nanocgra_lite_3x3_opt/rtl/pe.v:64$190 ($sub).
  creating $macc model for $flatten\u_core.\u_cgra.\pe20.$add$output/nanocgra_lite_3x3_opt/rtl/pe.v:63$189 ($add).
  creating $macc model for $flatten\u_core.\u_cgra.\pe20.$add$output/nanocgra_lite_3x3_opt/rtl/pe.v:90$197 ($add).
  creating $macc model for $flatten\u_core.\u_cgra.\pe20.$mul$output/nanocgra_lite_3x3_opt/rtl/pe.v:57$187 ($mul).
  creating $macc model for $flatten\u_core.\u_cgra.\pe20.$sub$output/nanocgra_lite_3x3_opt/rtl/pe.v:64$190 ($sub).
  creating $macc model for $flatten\u_core.\u_cgra.\pe21.$add$output/nanocgra_lite_3x3_opt/rtl/pe.v:63$189 ($add).
  creating $macc model for $flatten\u_core.\u_cgra.\pe21.$add$output/nanocgra_lite_3x3_opt/rtl/pe.v:90$197 ($add).
  creating $macc model for $flatten\u_core.\u_cgra.\pe21.$mul$output/nanocgra_lite_3x3_opt/rtl/pe.v:57$187 ($mul).
  creating $macc model for $flatten\u_core.\u_cgra.\pe21.$sub$output/nanocgra_lite_3x3_opt/rtl/pe.v:64$190 ($sub).
  creating $macc model for $flatten\u_core.\u_cgra.\pe22.$add$output/nanocgra_lite_3x3_opt/rtl/pe.v:63$189 ($add).
  creating $macc model for $flatten\u_core.\u_cgra.\pe22.$add$output/nanocgra_lite_3x3_opt/rtl/pe.v:90$197 ($add).
  creating $macc model for $flatten\u_core.\u_cgra.\pe22.$mul$output/nanocgra_lite_3x3_opt/rtl/pe.v:57$187 ($mul).
  creating $macc model for $flatten\u_core.\u_cgra.\pe22.$sub$output/nanocgra_lite_3x3_opt/rtl/pe.v:64$190 ($sub).
  creating $macc model for $flatten\u_core.\u_uart.$add$output/nanocgra_lite_3x3_opt/rtl/uart.v:141$221 ($add).
  creating $macc model for $flatten\u_core.\u_uart.$add$output/nanocgra_lite_3x3_opt/rtl/uart.v:149$224 ($add).
  creating $macc model for $flatten\u_core.\u_uart.$add$output/nanocgra_lite_3x3_opt/rtl/uart.v:68$201 ($add).
  creating $macc model for $flatten\u_core.\u_uart.$add$output/nanocgra_lite_3x3_opt/rtl/uart.v:77$204 ($add).
  creating $alu model for $macc $flatten\u_core.\u_uart.$add$output/nanocgra_lite_3x3_opt/rtl/uart.v:77$204.
  creating $alu model for $macc $flatten\u_core.\u_uart.$add$output/nanocgra_lite_3x3_opt/rtl/uart.v:68$201.
  creating $alu model for $macc $flatten\u_core.\u_uart.$add$output/nanocgra_lite_3x3_opt/rtl/uart.v:149$224.
  creating $alu model for $macc $flatten\u_core.\u_uart.$add$output/nanocgra_lite_3x3_opt/rtl/uart.v:141$221.
  creating $alu model for $macc $flatten\u_core.\u_cgra.\pe22.$sub$output/nanocgra_lite_3x3_opt/rtl/pe.v:64$190.
  creating $alu model for $macc $flatten\u_core.\u_cgra.\pe22.$add$output/nanocgra_lite_3x3_opt/rtl/pe.v:90$197.
  creating $alu model for $macc $flatten\u_core.\u_cgra.\pe22.$add$output/nanocgra_lite_3x3_opt/rtl/pe.v:63$189.
  creating $alu model for $macc $flatten\u_core.\u_cgra.\pe21.$sub$output/nanocgra_lite_3x3_opt/rtl/pe.v:64$190.
  creating $alu model for $macc $flatten\u_core.\u_cgra.\pe21.$add$output/nanocgra_lite_3x3_opt/rtl/pe.v:90$197.
  creating $alu model for $macc $flatten\u_core.\u_cgra.\pe21.$add$output/nanocgra_lite_3x3_opt/rtl/pe.v:63$189.
  creating $alu model for $macc $flatten\u_core.\u_cgra.\pe20.$sub$output/nanocgra_lite_3x3_opt/rtl/pe.v:64$190.
  creating $alu model for $macc $flatten\u_core.\u_cgra.\pe20.$add$output/nanocgra_lite_3x3_opt/rtl/pe.v:90$197.
  creating $alu model for $macc $flatten\u_core.\u_cgra.\pe20.$add$output/nanocgra_lite_3x3_opt/rtl/pe.v:63$189.
  creating $alu model for $macc $flatten\u_core.\u_cgra.\pe12.$sub$output/nanocgra_lite_3x3_opt/rtl/pe.v:64$190.
  creating $alu model for $macc $flatten\u_core.\u_cgra.\pe12.$add$output/nanocgra_lite_3x3_opt/rtl/pe.v:90$197.
  creating $alu model for $macc $flatten\u_core.\u_cgra.\pe12.$add$output/nanocgra_lite_3x3_opt/rtl/pe.v:63$189.
  creating $alu model for $macc $flatten\u_core.\u_cgra.\pe11.$sub$output/nanocgra_lite_3x3_opt/rtl/pe.v:64$190.
  creating $alu model for $macc $flatten\u_core.\u_cgra.\pe11.$add$output/nanocgra_lite_3x3_opt/rtl/pe.v:90$197.
  creating $alu model for $macc $flatten\u_core.\u_cgra.\pe11.$add$output/nanocgra_lite_3x3_opt/rtl/pe.v:63$189.
  creating $alu model for $macc $flatten\u_core.\u_cgra.\pe10.$sub$output/nanocgra_lite_3x3_opt/rtl/pe.v:64$190.
  creating $alu model for $macc $flatten\u_core.\u_cgra.\pe10.$add$output/nanocgra_lite_3x3_opt/rtl/pe.v:90$197.
  creating $alu model for $macc $flatten\u_core.\u_cgra.\pe10.$add$output/nanocgra_lite_3x3_opt/rtl/pe.v:63$189.
  creating $alu model for $macc $flatten\u_core.\u_cgra.\pe02.$sub$output/nanocgra_lite_3x3_opt/rtl/pe.v:64$190.
  creating $alu model for $macc $flatten\u_core.\u_cgra.\pe02.$add$output/nanocgra_lite_3x3_opt/rtl/pe.v:90$197.
  creating $alu model for $macc $flatten\u_core.\u_cgra.\pe02.$add$output/nanocgra_lite_3x3_opt/rtl/pe.v:63$189.
  creating $alu model for $macc $flatten\u_core.\u_cgra.\pe01.$sub$output/nanocgra_lite_3x3_opt/rtl/pe.v:64$190.
  creating $alu model for $macc $flatten\u_core.\u_cgra.\pe01.$add$output/nanocgra_lite_3x3_opt/rtl/pe.v:90$197.
  creating $alu model for $macc $flatten\u_core.\u_cgra.\pe01.$add$output/nanocgra_lite_3x3_opt/rtl/pe.v:63$189.
  creating $alu model for $macc $flatten\u_core.\u_cgra.\pe00.$sub$output/nanocgra_lite_3x3_opt/rtl/pe.v:64$190.
  creating $alu model for $macc $flatten\u_core.\u_cgra.\pe00.$add$output/nanocgra_lite_3x3_opt/rtl/pe.v:90$197.
  creating $alu model for $macc $flatten\u_core.\u_cgra.\pe00.$add$output/nanocgra_lite_3x3_opt/rtl/pe.v:63$189.
  creating $alu model for $macc $flatten\u_core.\u_bridge.$add$output/nanocgra_lite_3x3_opt/rtl/uart_bridge.v:121$358.
  creating $macc cell for $flatten\u_core.\u_cgra.\pe12.$mul$output/nanocgra_lite_3x3_opt/rtl/pe.v:57$187: $auto$alumacc.cc:365:replace_macc$1688
  creating $macc cell for $flatten\u_core.\u_cgra.\pe01.$mul$output/nanocgra_lite_3x3_opt/rtl/pe.v:57$187: $auto$alumacc.cc:365:replace_macc$1689
  creating $macc cell for $flatten\u_core.\u_cgra.\pe22.$mul$output/nanocgra_lite_3x3_opt/rtl/pe.v:57$187: $auto$alumacc.cc:365:replace_macc$1690
  creating $macc cell for $flatten\u_core.\u_cgra.\pe20.$mul$output/nanocgra_lite_3x3_opt/rtl/pe.v:57$187: $auto$alumacc.cc:365:replace_macc$1691
  creating $macc cell for $flatten\u_core.\u_cgra.\pe21.$mul$output/nanocgra_lite_3x3_opt/rtl/pe.v:57$187: $auto$alumacc.cc:365:replace_macc$1692
  creating $macc cell for $flatten\u_core.\u_cgra.\pe00.$mul$output/nanocgra_lite_3x3_opt/rtl/pe.v:57$187: $auto$alumacc.cc:365:replace_macc$1693
  creating $macc cell for $flatten\u_core.\u_cgra.\pe02.$mul$output/nanocgra_lite_3x3_opt/rtl/pe.v:57$187: $auto$alumacc.cc:365:replace_macc$1694
  creating $macc cell for $flatten\u_core.\u_cgra.\pe11.$mul$output/nanocgra_lite_3x3_opt/rtl/pe.v:57$187: $auto$alumacc.cc:365:replace_macc$1695
  creating $macc cell for $flatten\u_core.\u_cgra.\pe10.$mul$output/nanocgra_lite_3x3_opt/rtl/pe.v:57$187: $auto$alumacc.cc:365:replace_macc$1696
  creating $alu model for $flatten\u_core.\u_dec.$ge$output/nanocgra_lite_3x3_opt/rtl/bus_decoder.v:29$346 ($ge): new $alu
  creating $alu model for $flatten\u_core.\u_dec.$ge$output/nanocgra_lite_3x3_opt/rtl/bus_decoder.v:30$349 ($ge): new $alu
  creating $alu model for $flatten\u_core.\u_dec.$le$output/nanocgra_lite_3x3_opt/rtl/bus_decoder.v:28$345 ($le): new $alu
  creating $alu model for $flatten\u_core.\u_dec.$le$output/nanocgra_lite_3x3_opt/rtl/bus_decoder.v:29$347 ($le): new $alu
  creating $alu model for $flatten\u_core.\u_dec.$le$output/nanocgra_lite_3x3_opt/rtl/bus_decoder.v:30$350 ($le): new $alu
  creating $alu cell for $flatten\u_core.\u_dec.$le$output/nanocgra_lite_3x3_opt/rtl/bus_decoder.v:30$350: $auto$alumacc.cc:485:replace_alu$1702
  creating $alu cell for $flatten\u_core.\u_dec.$le$output/nanocgra_lite_3x3_opt/rtl/bus_decoder.v:29$347: $auto$alumacc.cc:485:replace_alu$1711
  creating $alu cell for $flatten\u_core.\u_dec.$le$output/nanocgra_lite_3x3_opt/rtl/bus_decoder.v:28$345: $auto$alumacc.cc:485:replace_alu$1720
  creating $alu cell for $flatten\u_core.\u_dec.$ge$output/nanocgra_lite_3x3_opt/rtl/bus_decoder.v:30$349: $auto$alumacc.cc:485:replace_alu$1733
  creating $alu cell for $flatten\u_core.\u_dec.$ge$output/nanocgra_lite_3x3_opt/rtl/bus_decoder.v:29$346: $auto$alumacc.cc:485:replace_alu$1746
  creating $alu cell for $flatten\u_core.\u_bridge.$add$output/nanocgra_lite_3x3_opt/rtl/uart_bridge.v:121$358: $auto$alumacc.cc:485:replace_alu$1759
  creating $alu cell for $flatten\u_core.\u_cgra.\pe00.$add$output/nanocgra_lite_3x3_opt/rtl/pe.v:90$197: $auto$alumacc.cc:485:replace_alu$1762
  creating $alu cell for $flatten\u_core.\u_cgra.\pe00.$add$output/nanocgra_lite_3x3_opt/rtl/pe.v:63$189: $auto$alumacc.cc:485:replace_alu$1765
  creating $alu cell for $flatten\u_core.\u_cgra.\pe00.$sub$output/nanocgra_lite_3x3_opt/rtl/pe.v:64$190: $auto$alumacc.cc:485:replace_alu$1768
  creating $alu cell for $flatten\u_core.\u_cgra.\pe01.$add$output/nanocgra_lite_3x3_opt/rtl/pe.v:90$197: $auto$alumacc.cc:485:replace_alu$1771
  creating $alu cell for $flatten\u_core.\u_cgra.\pe01.$add$output/nanocgra_lite_3x3_opt/rtl/pe.v:63$189: $auto$alumacc.cc:485:replace_alu$1774
  creating $alu cell for $flatten\u_core.\u_cgra.\pe01.$sub$output/nanocgra_lite_3x3_opt/rtl/pe.v:64$190: $auto$alumacc.cc:485:replace_alu$1777
  creating $alu cell for $flatten\u_core.\u_cgra.\pe02.$add$output/nanocgra_lite_3x3_opt/rtl/pe.v:90$197: $auto$alumacc.cc:485:replace_alu$1780
  creating $alu cell for $flatten\u_core.\u_cgra.\pe02.$add$output/nanocgra_lite_3x3_opt/rtl/pe.v:63$189: $auto$alumacc.cc:485:replace_alu$1783
  creating $alu cell for $flatten\u_core.\u_cgra.\pe02.$sub$output/nanocgra_lite_3x3_opt/rtl/pe.v:64$190: $auto$alumacc.cc:485:replace_alu$1786
  creating $alu cell for $flatten\u_core.\u_cgra.\pe10.$add$output/nanocgra_lite_3x3_opt/rtl/pe.v:90$197: $auto$alumacc.cc:485:replace_alu$1789
  creating $alu cell for $flatten\u_core.\u_cgra.\pe10.$add$output/nanocgra_lite_3x3_opt/rtl/pe.v:63$189: $auto$alumacc.cc:485:replace_alu$1792
  creating $alu cell for $flatten\u_core.\u_cgra.\pe10.$sub$output/nanocgra_lite_3x3_opt/rtl/pe.v:64$190: $auto$alumacc.cc:485:replace_alu$1795
  creating $alu cell for $flatten\u_core.\u_cgra.\pe11.$add$output/nanocgra_lite_3x3_opt/rtl/pe.v:90$197: $auto$alumacc.cc:485:replace_alu$1798
  creating $alu cell for $flatten\u_core.\u_cgra.\pe11.$add$output/nanocgra_lite_3x3_opt/rtl/pe.v:63$189: $auto$alumacc.cc:485:replace_alu$1801
  creating $alu cell for $flatten\u_core.\u_cgra.\pe11.$sub$output/nanocgra_lite_3x3_opt/rtl/pe.v:64$190: $auto$alumacc.cc:485:replace_alu$1804
  creating $alu cell for $flatten\u_core.\u_cgra.\pe12.$add$output/nanocgra_lite_3x3_opt/rtl/pe.v:90$197: $auto$alumacc.cc:485:replace_alu$1807
  creating $alu cell for $flatten\u_core.\u_cgra.\pe12.$add$output/nanocgra_lite_3x3_opt/rtl/pe.v:63$189: $auto$alumacc.cc:485:replace_alu$1810
  creating $alu cell for $flatten\u_core.\u_cgra.\pe12.$sub$output/nanocgra_lite_3x3_opt/rtl/pe.v:64$190: $auto$alumacc.cc:485:replace_alu$1813
  creating $alu cell for $flatten\u_core.\u_cgra.\pe20.$add$output/nanocgra_lite_3x3_opt/rtl/pe.v:90$197: $auto$alumacc.cc:485:replace_alu$1816
  creating $alu cell for $flatten\u_core.\u_cgra.\pe20.$add$output/nanocgra_lite_3x3_opt/rtl/pe.v:63$189: $auto$alumacc.cc:485:replace_alu$1819
  creating $alu cell for $flatten\u_core.\u_cgra.\pe20.$sub$output/nanocgra_lite_3x3_opt/rtl/pe.v:64$190: $auto$alumacc.cc:485:replace_alu$1822
  creating $alu cell for $flatten\u_core.\u_cgra.\pe21.$add$output/nanocgra_lite_3x3_opt/rtl/pe.v:90$197: $auto$alumacc.cc:485:replace_alu$1825
  creating $alu cell for $flatten\u_core.\u_cgra.\pe21.$add$output/nanocgra_lite_3x3_opt/rtl/pe.v:63$189: $auto$alumacc.cc:485:replace_alu$1828
  creating $alu cell for $flatten\u_core.\u_cgra.\pe21.$sub$output/nanocgra_lite_3x3_opt/rtl/pe.v:64$190: $auto$alumacc.cc:485:replace_alu$1831
  creating $alu cell for $flatten\u_core.\u_cgra.\pe22.$add$output/nanocgra_lite_3x3_opt/rtl/pe.v:90$197: $auto$alumacc.cc:485:replace_alu$1834
  creating $alu cell for $flatten\u_core.\u_cgra.\pe22.$add$output/nanocgra_lite_3x3_opt/rtl/pe.v:63$189: $auto$alumacc.cc:485:replace_alu$1837
  creating $alu cell for $flatten\u_core.\u_cgra.\pe22.$sub$output/nanocgra_lite_3x3_opt/rtl/pe.v:64$190: $auto$alumacc.cc:485:replace_alu$1840
  creating $alu cell for $flatten\u_core.\u_uart.$add$output/nanocgra_lite_3x3_opt/rtl/uart.v:141$221: $auto$alumacc.cc:485:replace_alu$1843
  creating $alu cell for $flatten\u_core.\u_uart.$add$output/nanocgra_lite_3x3_opt/rtl/uart.v:149$224: $auto$alumacc.cc:485:replace_alu$1846
  creating $alu cell for $flatten\u_core.\u_uart.$add$output/nanocgra_lite_3x3_opt/rtl/uart.v:68$201: $auto$alumacc.cc:485:replace_alu$1849
  creating $alu cell for $flatten\u_core.\u_uart.$add$output/nanocgra_lite_3x3_opt/rtl/uart.v:77$204: $auto$alumacc.cc:485:replace_alu$1852
  created 37 $alu and 9 $macc cells.

11.14. Executing SHARE pass (SAT-based resource sharing).

11.15. Executing OPT pass (performing simple optimizations).

11.15.1. Executing OPT_EXPR pass (perform const folding).
Optimizing module NanoCGRA_Lite.

11.15.2. Executing OPT_MERGE pass (detect identical cells).
Finding identical cells in module `\NanoCGRA_Lite'.
Removed a total of 0 cells.

11.15.3. Executing OPT_MUXTREE pass (detect dead branches in mux trees).
Running muxtree optimizer on module \NanoCGRA_Lite..
  Creating internal representation of mux trees.
  Evaluating internal representation of mux trees.
  Analyzing evaluation results.
Removed 0 multiplexer ports.
<suppressed ~42 debug messages>

11.15.4. Executing OPT_REDUCE pass (consolidate $*mux and $reduce_* inputs).
  Optimizing cells in module \NanoCGRA_Lite.
Performed a total of 0 changes.

11.15.5. Executing OPT_MERGE pass (detect identical cells).
Finding identical cells in module `\NanoCGRA_Lite'.
Removed a total of 0 cells.

11.15.6. Executing OPT_DFF pass (perform DFF optimizations).

11.15.7. Executing OPT_CLEAN pass (remove unused cells and wires).
Finding unused cells or wires in module \NanoCGRA_Lite..
Removed 0 unused cells and 5 unused wires.
<suppressed ~1 debug messages>

11.15.8. Executing OPT_EXPR pass (perform const folding).
Optimizing module NanoCGRA_Lite.

11.15.9. Rerunning OPT passes. (Maybe there is more to do..)

11.15.10. Executing OPT_MUXTREE pass (detect dead branches in mux trees).
Running muxtree optimizer on module \NanoCGRA_Lite..
  Creating internal representation of mux trees.
  Evaluating internal representation of mux trees.
  Analyzing evaluation results.
Removed 0 multiplexer ports.
<suppressed ~42 debug messages>

11.15.11. Executing OPT_REDUCE pass (consolidate $*mux and $reduce_* inputs).
  Optimizing cells in module \NanoCGRA_Lite.
Performed a total of 0 changes.

11.15.12. Executing OPT_MERGE pass (detect identical cells).
Finding identical cells in module `\NanoCGRA_Lite'.
Removed a total of 0 cells.

11.15.13. Executing OPT_DFF pass (perform DFF optimizations).

11.15.14. Executing OPT_CLEAN pass (remove unused cells and wires).
Finding unused cells or wires in module \NanoCGRA_Lite..

11.15.15. Executing OPT_EXPR pass (perform const folding).
Optimizing module NanoCGRA_Lite.

11.15.16. Finished OPT passes. (There is nothing left to do.)

11.16. Executing MEMORY pass.

11.16.1. Executing OPT_MEM pass (optimize memories).
Performed a total of 0 transformations.

11.16.2. Executing OPT_MEM_PRIORITY pass (removing unnecessary memory write priority relations).
Performed a total of 496 transformations.

11.16.3. Executing OPT_MEM_FEEDBACK pass (finding memory read-to-write feedback paths).
  Analyzing NanoCGRA_Lite.u_core.u_sram.mem write port 0.
  Analyzing NanoCGRA_Lite.u_core.u_sram.mem write port 1.
  Analyzing NanoCGRA_Lite.u_core.u_sram.mem write port 2.
  Analyzing NanoCGRA_Lite.u_core.u_sram.mem write port 3.
  Analyzing NanoCGRA_Lite.u_core.u_sram.mem write port 4.
  Analyzing NanoCGRA_Lite.u_core.u_sram.mem write port 5.
  Analyzing NanoCGRA_Lite.u_core.u_sram.mem write port 6.
  Analyzing NanoCGRA_Lite.u_core.u_sram.mem write port 7.
  Analyzing NanoCGRA_Lite.u_core.u_sram.mem write port 8.
  Analyzing NanoCGRA_Lite.u_core.u_sram.mem write port 9.
  Analyzing NanoCGRA_Lite.u_core.u_sram.mem write port 10.
  Analyzing NanoCGRA_Lite.u_core.u_sram.mem write port 11.
  Analyzing NanoCGRA_Lite.u_core.u_sram.mem write port 12.
  Analyzing NanoCGRA_Lite.u_core.u_sram.mem write port 13.
  Analyzing NanoCGRA_Lite.u_core.u_sram.mem write port 14.
  Analyzing NanoCGRA_Lite.u_core.u_sram.mem write port 15.
  Analyzing NanoCGRA_Lite.u_core.u_sram.mem write port 16.
  Analyzing NanoCGRA_Lite.u_core.u_sram.mem write port 17.
  Analyzing NanoCGRA_Lite.u_core.u_sram.mem write port 18.
  Analyzing NanoCGRA_Lite.u_core.u_sram.mem write port 19.
  Analyzing NanoCGRA_Lite.u_core.u_sram.mem write port 20.
  Analyzing NanoCGRA_Lite.u_core.u_sram.mem write port 21.
  Analyzing NanoCGRA_Lite.u_core.u_sram.mem write port 22.
  Analyzing NanoCGRA_Lite.u_core.u_sram.mem write port 23.
  Analyzing NanoCGRA_Lite.u_core.u_sram.mem write port 24.
  Analyzing NanoCGRA_Lite.u_core.u_sram.mem write port 25.
  Analyzing NanoCGRA_Lite.u_core.u_sram.mem write port 26.
  Analyzing NanoCGRA_Lite.u_core.u_sram.mem write port 27.
  Analyzing NanoCGRA_Lite.u_core.u_sram.mem write port 28.
  Analyzing NanoCGRA_Lite.u_core.u_sram.mem write port 29.
  Analyzing NanoCGRA_Lite.u_core.u_sram.mem write port 30.
  Analyzing NanoCGRA_Lite.u_core.u_sram.mem write port 31.
  Analyzing NanoCGRA_Lite.u_core.u_sram.mem write port 32.

11.16.4. Executing MEMORY_BMUX2ROM pass (converting muxes to ROMs).

11.16.5. Executing MEMORY_DFF pass (merging $dff cells to $memrd).
Checking read port `\u_core.u_sram.mem'[0] in module `\NanoCGRA_Lite': merging output FF to cell.
    Write port 0: don't care on collision.
    Write port 1: don't care on collision.
    Write port 2: don't care on collision.
    Write port 3: don't care on collision.
    Write port 4: don't care on collision.
    Write port 5: don't care on collision.
    Write port 6: don't care on collision.
    Write port 7: don't care on collision.
    Write port 8: don't care on collision.
    Write port 9: don't care on collision.
    Write port 10: don't care on collision.
    Write port 11: don't care on collision.
    Write port 12: don't care on collision.
    Write port 13: don't care on collision.
    Write port 14: don't care on collision.
    Write port 15: don't care on collision.
    Write port 16: don't care on collision.
    Write port 17: don't care on collision.
    Write port 18: don't care on collision.
    Write port 19: don't care on collision.
    Write port 20: don't care on collision.
    Write port 21: don't care on collision.
    Write port 22: don't care on collision.
    Write port 23: don't care on collision.
    Write port 24: don't care on collision.
    Write port 25: don't care on collision.
    Write port 26: don't care on collision.
    Write port 27: don't care on collision.
    Write port 28: don't care on collision.
    Write port 29: don't care on collision.
    Write port 30: don't care on collision.
    Write port 31: don't care on collision.
    Write port 32: non-transparent.

11.16.6. Executing OPT_CLEAN pass (remove unused cells and wires).
Finding unused cells or wires in module \NanoCGRA_Lite..
Removed 1 unused cells and 9 unused wires.
<suppressed ~2 debug messages>

11.16.7. Executing MEMORY_SHARE pass (consolidating $memrd/$memwr cells).
Consolidating write ports of memory NanoCGRA_Lite.u_core.u_sram.mem by address:
  Merging ports 0, 1 (address 5'00000).
  Merging ports 0, 2 (address 5'00000).
  Merging ports 0, 3 (address 5'00000).
  Merging ports 0, 4 (address 5'00000).
  Merging ports 0, 5 (address 5'00000).
  Merging ports 0, 6 (address 5'00000).
  Merging ports 0, 7 (address 5'00000).
  Merging ports 0, 8 (address 5'00000).
  Merging ports 0, 9 (address 5'00000).
  Merging ports 0, 10 (address 5'00000).
  Merging ports 0, 11 (address 5'00000).
  Merging ports 0, 12 (address 5'00000).
  Merging ports 0, 13 (address 5'00000).
  Merging ports 0, 14 (address 5'00000).
  Merging ports 0, 15 (address 5'00000).
  Merging ports 0, 16 (address 5'00000).
  Merging ports 18, 19 (address 5'10010).
  Merging ports 20, 21 (address 5'10100).
  Merging ports 20, 22 (address 5'10100).
  Merging ports 20, 23 (address 5'10100).
  Merging ports 24, 25 (address 5'11000).
  Merging ports 24, 26 (address 5'11000).
  Merging ports 24, 27 (address 5'11000).
  Merging ports 24, 28 (address 5'11000).
  Merging ports 24, 29 (address 5'11000).
  Merging ports 24, 30 (address 5'11000).
  Merging ports 24, 31 (address 5'11000).
Consolidating write ports of memory NanoCGRA_Lite.u_core.u_sram.mem by address:
  Merging ports 1, 2 (address 5'10001).
  Merging ports 1, 3 (address 5'10000).
  Merging ports 1, 4 (address 5'10000).
Consolidating write ports of memory NanoCGRA_Lite.u_core.u_sram.mem by address:
Consolidating write ports of memory NanoCGRA_Lite.u_core.u_sram.mem using sat-based resource sharing:

11.16.8. Executing OPT_MEM_WIDEN pass (optimize memories where all ports are wide).
Performed a total of 0 transformations.

11.16.9. Executing OPT_CLEAN pass (remove unused cells and wires).
Finding unused cells or wires in module \NanoCGRA_Lite..

11.16.10. Executing MEMORY_COLLECT pass (generating $mem cells).

11.17. Executing OPT_CLEAN pass (remove unused cells and wires).
Finding unused cells or wires in module \NanoCGRA_Lite..

11.18. Executing OPT pass (performing simple optimizations).

11.18.1. Executing OPT_EXPR pass (perform const folding).
Optimizing module NanoCGRA_Lite.
<suppressed ~114 debug messages>

11.18.2. Executing OPT_MERGE pass (detect identical cells).
Finding identical cells in module `\NanoCGRA_Lite'.
<suppressed ~30 debug messages>
Removed a total of 10 cells.

11.18.3. Executing OPT_DFF pass (perform DFF optimizations).
Adding SRST signal on $auto$ff.cc:266:slice$1472 ($sdff) from module NanoCGRA_Lite (D = $flatten\u_core.\u_uart.$add$output/nanocgra_lite_3x3_opt/rtl/uart.v:68$201_Y, Q = \u_core.u_uart.tx_cnt, rval = 16'0000000000000000).

11.18.4. Executing OPT_CLEAN pass (remove unused cells and wires).
Finding unused cells or wires in module \NanoCGRA_Lite..
Removed 20 unused cells and 56 unused wires.
<suppressed ~21 debug messages>

11.18.5. Rerunning OPT passes. (Removed registers in this run.)

11.18.6. Executing OPT_EXPR pass (perform const folding).
Optimizing module NanoCGRA_Lite.

11.18.7. Executing OPT_MERGE pass (detect identical cells).
Finding identical cells in module `\NanoCGRA_Lite'.
<suppressed ~3 debug messages>
Removed a total of 1 cells.

11.18.8. Executing OPT_DFF pass (perform DFF optimizations).

11.18.9. Executing OPT_CLEAN pass (remove unused cells and wires).
Finding unused cells or wires in module \NanoCGRA_Lite..
Removed 0 unused cells and 1 unused wires.
<suppressed ~1 debug messages>

11.18.10. Finished fast OPT passes.

11.19. Executing MEMORY_MAP pass (converting memories to logic and flip-flops).
Mapping memory \u_core.u_sram.mem in module \NanoCGRA_Lite:
  created 32 $dff cells and 0 static cells of width 8.
Extracted data FF from read port 0 of NanoCGRA_Lite.u_core.u_sram.mem: $\u_core.u_sram.mem$rdreg[0]
  read interface: 1 $dff and 31 $mux cells.
  write interface: 96 write mux blocks.

11.20. Executing OPT pass (performing simple optimizations).

11.20.1. Executing OPT_EXPR pass (perform const folding).
Optimizing module NanoCGRA_Lite.
<suppressed ~207 debug messages>

11.20.2. Executing OPT_MERGE pass (detect identical cells).
Finding identical cells in module `\NanoCGRA_Lite'.
<suppressed ~48 debug messages>
Removed a total of 16 cells.

11.20.3. Executing OPT_MUXTREE pass (detect dead branches in mux trees).
Running muxtree optimizer on module \NanoCGRA_Lite..
  Creating internal representation of mux trees.
  Evaluating internal representation of mux trees.
  Analyzing evaluation results.
Removed 0 multiplexer ports.
<suppressed ~68 debug messages>

11.20.4. Executing OPT_REDUCE pass (consolidate $*mux and $reduce_* inputs).
  Optimizing cells in module \NanoCGRA_Lite.
Performed a total of 0 changes.

11.20.5. Executing OPT_MERGE pass (detect identical cells).
Finding identical cells in module `\NanoCGRA_Lite'.
Removed a total of 0 cells.

11.20.6. Executing OPT_SHARE pass.
    Found cells that share an operand and can be merged by moving the $pmux $flatten\u_core.\u_cgra.\pe00.$procmux$1088 in front of them:
        $auto$alumacc.cc:485:replace_alu$1768
        $auto$alumacc.cc:485:replace_alu$1765

    Found cells that share an operand and can be merged by moving the $pmux $flatten\u_core.\u_cgra.\pe01.$procmux$1088 in front of them:
        $auto$alumacc.cc:485:replace_alu$1777
        $auto$alumacc.cc:485:replace_alu$1774

    Found cells that share an operand and can be merged by moving the $pmux $flatten\u_core.\u_cgra.\pe02.$procmux$1088 in front of them:
        $auto$alumacc.cc:485:replace_alu$1786
        $auto$alumacc.cc:485:replace_alu$1783

    Found cells that share an operand and can be merged by moving the $pmux $flatten\u_core.\u_cgra.\pe10.$procmux$1088 in front of them:
        $auto$alumacc.cc:485:replace_alu$1795
        $auto$alumacc.cc:485:replace_alu$1792

    Found cells that share an operand and can be merged by moving the $pmux $flatten\u_core.\u_cgra.\pe11.$procmux$1088 in front of them:
        $auto$alumacc.cc:485:replace_alu$1804
        $auto$alumacc.cc:485:replace_alu$1801

    Found cells that share an operand and can be merged by moving the $pmux $flatten\u_core.\u_cgra.\pe12.$procmux$1088 in front of them:
        $auto$alumacc.cc:485:replace_alu$1813
        $auto$alumacc.cc:485:replace_alu$1810

    Found cells that share an operand and can be merged by moving the $pmux $flatten\u_core.\u_cgra.\pe20.$procmux$1088 in front of them:
        $auto$alumacc.cc:485:replace_alu$1822
        $auto$alumacc.cc:485:replace_alu$1819

    Found cells that share an operand and can be merged by moving the $pmux $flatten\u_core.\u_cgra.\pe21.$procmux$1088 in front of them:
        $auto$alumacc.cc:485:replace_alu$1831
        $auto$alumacc.cc:485:replace_alu$1828

    Found cells that share an operand and can be merged by moving the $pmux $flatten\u_core.\u_cgra.\pe22.$procmux$1088 in front of them:
        $auto$alumacc.cc:485:replace_alu$1840
        $auto$alumacc.cc:485:replace_alu$1837

11.20.7. Executing OPT_DFF pass (perform DFF optimizations).

11.20.8. Executing OPT_CLEAN pass (remove unused cells and wires).
Finding unused cells or wires in module \NanoCGRA_Lite..
Removed 65 unused cells and 367 unused wires.
<suppressed ~66 debug messages>

11.20.9. Executing OPT_EXPR pass (perform const folding).
Optimizing module NanoCGRA_Lite.

11.20.10. Rerunning OPT passes. (Maybe there is more to do..)

11.20.11. Executing OPT_MUXTREE pass (detect dead branches in mux trees).
Running muxtree optimizer on module \NanoCGRA_Lite..
  Creating internal representation of mux trees.
  Evaluating internal representation of mux trees.
  Analyzing evaluation results.
Removed 0 multiplexer ports.
<suppressed ~77 debug messages>

11.20.12. Executing OPT_REDUCE pass (consolidate $*mux and $reduce_* inputs).
  Optimizing cells in module \NanoCGRA_Lite.
    New ctrl vector for $pmux cell $flatten\u_core.\u_cgra.\pe00.$procmux$1088: { $flatten\u_core.\u_cgra.\pe00.$procmux$1094_CMP $flatten\u_core.\u_cgra.\pe00.$procmux$1093_CMP $flatten\u_core.\u_cgra.\pe00.$procmux$1092_CMP $flatten\u_core.\u_cgra.\pe00.$procmux$1091_CMP $flatten\u_core.\u_cgra.\pe00.$procmux$1089_CMP }
    New ctrl vector for $pmux cell $flatten\u_core.\u_cgra.\pe01.$procmux$1088: { $flatten\u_core.\u_cgra.\pe01.$procmux$1094_CMP $flatten\u_core.\u_cgra.\pe01.$procmux$1093_CMP $flatten\u_core.\u_cgra.\pe01.$procmux$1092_CMP $flatten\u_core.\u_cgra.\pe01.$procmux$1091_CMP $flatten\u_core.\u_cgra.\pe01.$procmux$1089_CMP }
    New ctrl vector for $pmux cell $flatten\u_core.\u_cgra.\pe02.$procmux$1088: { $flatten\u_core.\u_cgra.\pe02.$procmux$1094_CMP $flatten\u_core.\u_cgra.\pe02.$procmux$1093_CMP $flatten\u_core.\u_cgra.\pe02.$procmux$1092_CMP $flatten\u_core.\u_cgra.\pe02.$procmux$1091_CMP $flatten\u_core.\u_cgra.\pe02.$procmux$1089_CMP }
    New ctrl vector for $pmux cell $flatten\u_core.\u_cgra.\pe10.$procmux$1088: { $flatten\u_core.\u_cgra.\pe10.$procmux$1094_CMP $flatten\u_core.\u_cgra.\pe10.$procmux$1093_CMP $flatten\u_core.\u_cgra.\pe10.$procmux$1092_CMP $flatten\u_core.\u_cgra.\pe10.$procmux$1091_CMP $flatten\u_core.\u_cgra.\pe10.$procmux$1089_CMP }
    New ctrl vector for $pmux cell $flatten\u_core.\u_cgra.\pe11.$procmux$1088: { $flatten\u_core.\u_cgra.\pe11.$procmux$1094_CMP $flatten\u_core.\u_cgra.\pe11.$procmux$1093_CMP $flatten\u_core.\u_cgra.\pe11.$procmux$1092_CMP $flatten\u_core.\u_cgra.\pe11.$procmux$1091_CMP $flatten\u_core.\u_cgra.\pe11.$procmux$1089_CMP }
    New ctrl vector for $pmux cell $flatten\u_core.\u_cgra.\pe12.$procmux$1088: { $flatten\u_core.\u_cgra.\pe12.$procmux$1094_CMP $flatten\u_core.\u_cgra.\pe12.$procmux$1093_CMP $flatten\u_core.\u_cgra.\pe12.$procmux$1092_CMP $flatten\u_core.\u_cgra.\pe12.$procmux$1091_CMP $flatten\u_core.\u_cgra.\pe12.$procmux$1089_CMP }
    New ctrl vector for $pmux cell $flatten\u_core.\u_cgra.\pe20.$procmux$1088: { $flatten\u_core.\u_cgra.\pe20.$procmux$1094_CMP $flatten\u_core.\u_cgra.\pe20.$procmux$1093_CMP $flatten\u_core.\u_cgra.\pe20.$procmux$1092_CMP $flatten\u_core.\u_cgra.\pe20.$procmux$1091_CMP $flatten\u_core.\u_cgra.\pe20.$procmux$1089_CMP }
    New ctrl vector for $pmux cell $flatten\u_core.\u_cgra.\pe21.$procmux$1088: { $flatten\u_core.\u_cgra.\pe21.$procmux$1094_CMP $flatten\u_core.\u_cgra.\pe21.$procmux$1093_CMP $flatten\u_core.\u_cgra.\pe21.$procmux$1092_CMP $flatten\u_core.\u_cgra.\pe21.$procmux$1091_CMP $flatten\u_core.\u_cgra.\pe21.$procmux$1089_CMP }
    New ctrl vector for $pmux cell $flatten\u_core.\u_cgra.\pe22.$procmux$1088: { $flatten\u_core.\u_cgra.\pe22.$procmux$1094_CMP $flatten\u_core.\u_cgra.\pe22.$procmux$1093_CMP $flatten\u_core.\u_cgra.\pe22.$procmux$1092_CMP $flatten\u_core.\u_cgra.\pe22.$procmux$1091_CMP $flatten\u_core.\u_cgra.\pe22.$procmux$1089_CMP }
  Optimizing cells in module \NanoCGRA_Lite.
Performed a total of 9 changes.

11.20.13. Executing OPT_MERGE pass (detect identical cells).
Finding identical cells in module `\NanoCGRA_Lite'.
Removed a total of 0 cells.

11.20.14. Executing OPT_SHARE pass.

11.20.15. Executing OPT_DFF pass (perform DFF optimizations).
Adding EN signal on $memory\u_core.u_sram.mem[9]$1923 ($dff) from module NanoCGRA_Lite (D = $memory\u_core.u_sram.mem$wrmux[9][2][0]$y$2385, Q = \u_core.u_sram.mem[9]).
Adding EN signal on $memory\u_core.u_sram.mem[8]$1921 ($dff) from module NanoCGRA_Lite (D = $memory\u_core.u_sram.mem$wrmux[8][2][0]$y$2371, Q = \u_core.u_sram.mem[8]).
Adding EN signal on $memory\u_core.u_sram.mem[7]$1919 ($dff) from module NanoCGRA_Lite (D = $memory\u_core.u_sram.mem$wrmux[7][2][0]$y$2351, Q = \u_core.u_sram.mem[7]).
Adding EN signal on $memory\u_core.u_sram.mem[6]$1917 ($dff) from module NanoCGRA_Lite (D = $memory\u_core.u_sram.mem$wrmux[6][2][0]$y$2337, Q = \u_core.u_sram.mem[6]).
Adding EN signal on $memory\u_core.u_sram.mem[5]$1915 ($dff) from module NanoCGRA_Lite (D = $memory\u_core.u_sram.mem$wrmux[5][2][0]$y$2323, Q = \u_core.u_sram.mem[5]).
Adding EN signal on $memory\u_core.u_sram.mem[4]$1913 ($dff) from module NanoCGRA_Lite (D = $memory\u_core.u_sram.mem$wrmux[4][2][0]$y$2309, Q = \u_core.u_sram.mem[4]).
Adding EN signal on $memory\u_core.u_sram.mem[3]$1911 ($dff) from module NanoCGRA_Lite (D = $memory\u_core.u_sram.mem$wrmux[3][2][0]$y$2291, Q = \u_core.u_sram.mem[3]).
Adding EN signal on $memory\u_core.u_sram.mem[31]$1967 ($dff) from module NanoCGRA_Lite (D = $memory\u_core.u_sram.mem$wrmux[31][2][0]$y$2711, Q = \u_core.u_sram.mem[31]).
Adding EN signal on $memory\u_core.u_sram.mem[30]$1965 ($dff) from module NanoCGRA_Lite (D = $memory\u_core.u_sram.mem$wrmux[30][2][0]$y$2697, Q = \u_core.u_sram.mem[30]).
Adding EN signal on $memory\u_core.u_sram.mem[2]$1909 ($dff) from module NanoCGRA_Lite (D = $memory\u_core.u_sram.mem$wrmux[2][2][0]$y$2275, Q = \u_core.u_sram.mem[2]).
Adding EN signal on $memory\u_core.u_sram.mem[29]$1963 ($dff) from module NanoCGRA_Lite (D = $memory\u_core.u_sram.mem$wrmux[29][2][0]$y$2683, Q = \u_core.u_sram.mem[29]).
Adding EN signal on $memory\u_core.u_sram.mem[28]$1961 ($dff) from module NanoCGRA_Lite (D = $memory\u_core.u_sram.mem$wrmux[28][2][0]$y$2669, Q = \u_core.u_sram.mem[28]).
Adding EN signal on $memory\u_core.u_sram.mem[27]$1959 ($dff) from module NanoCGRA_Lite (D = $memory\u_core.u_sram.mem$wrmux[27][2][0]$y$2653, Q = \u_core.u_sram.mem[27]).
Adding EN signal on $memory\u_core.u_sram.mem[26]$1957 ($dff) from module NanoCGRA_Lite (D = $memory\u_core.u_sram.mem$wrmux[26][2][0]$y$2639, Q = \u_core.u_sram.mem[26]).
Adding EN signal on $memory\u_core.u_sram.mem[25]$1955 ($dff) from module NanoCGRA_Lite (D = $memory\u_core.u_sram.mem$wrmux[25][2][0]$y$2625, Q = \u_core.u_sram.mem[25]).
Adding EN signal on $memory\u_core.u_sram.mem[24]$1953 ($dff) from module NanoCGRA_Lite (D = $memory\u_core.u_sram.mem$wrmux[24][2][0]$y$2611, Q = \u_core.u_sram.mem[24]).
Adding EN signal on $memory\u_core.u_sram.mem[23]$1951 ($dff) from module NanoCGRA_Lite (D = $memory\u_core.u_sram.mem$wrmux[23][2][0]$y$2593, Q = \u_core.u_sram.mem[23]).
Adding EN signal on $memory\u_core.u_sram.mem[22]$1949 ($dff) from module NanoCGRA_Lite (D = $memory\u_core.u_sram.mem$wrmux[22][2][0]$y$2579, Q = \u_core.u_sram.mem[22]).
Adding EN signal on $memory\u_core.u_sram.mem[21]$1947 ($dff) from module NanoCGRA_Lite (D = $memory\u_core.u_sram.mem$wrmux[21][2][0]$y$2565, Q = \u_core.u_sram.mem[21]).
Adding EN signal on $memory\u_core.u_sram.mem[20]$1945 ($dff) from module NanoCGRA_Lite (D = $memory\u_core.u_sram.mem$wrmux[20][2][0]$y$2551, Q = \u_core.u_sram.mem[20]).
Adding EN signal on $memory\u_core.u_sram.mem[1]$1907 ($dff) from module NanoCGRA_Lite (D = $memory\u_core.u_sram.mem$wrmux[1][2][0]$y$2257, Q = \u_core.u_sram.mem[1]).
Adding EN signal on $memory\u_core.u_sram.mem[19]$1943 ($dff) from module NanoCGRA_Lite (D = $memory\u_core.u_sram.mem$wrmux[19][2][0]$y$2535, Q = \u_core.u_sram.mem[19]).
Adding EN signal on $memory\u_core.u_sram.mem[18]$1941 ($dff) from module NanoCGRA_Lite (D = $memory\u_core.u_sram.mem$wrmux[18][2][0]$y$2521, Q = \u_core.u_sram.mem[18]).
Adding EN signal on $memory\u_core.u_sram.mem[17]$1939 ($dff) from module NanoCGRA_Lite (D = $memory\u_core.u_sram.mem$wrmux[17][2][0]$y$2507, Q = \u_core.u_sram.mem[17]).
Adding EN signal on $memory\u_core.u_sram.mem[16]$1937 ($dff) from module NanoCGRA_Lite (D = $memory\u_core.u_sram.mem$wrmux[16][2][0]$y$2493, Q = \u_core.u_sram.mem[16]).
Adding EN signal on $memory\u_core.u_sram.mem[15]$1935 ($dff) from module NanoCGRA_Lite (D = $memory\u_core.u_sram.mem$wrmux[15][2][0]$y$2471, Q = \u_core.u_sram.mem[15]).
Adding EN signal on $memory\u_core.u_sram.mem[14]$1933 ($dff) from module NanoCGRA_Lite (D = $memory\u_core.u_sram.mem$wrmux[14][2][0]$y$2457, Q = \u_core.u_sram.mem[14]).
Adding EN signal on $memory\u_core.u_sram.mem[13]$1931 ($dff) from module NanoCGRA_Lite (D = $memory\u_core.u_sram.mem$wrmux[13][2][0]$y$2443, Q = \u_core.u_sram.mem[13]).
Adding EN signal on $memory\u_core.u_sram.mem[12]$1929 ($dff) from module NanoCGRA_Lite (D = $memory\u_core.u_sram.mem$wrmux[12][2][0]$y$2429, Q = \u_core.u_sram.mem[12]).
Adding EN signal on $memory\u_core.u_sram.mem[11]$1927 ($dff) from module NanoCGRA_Lite (D = $memory\u_core.u_sram.mem$wrmux[11][2][0]$y$2413, Q = \u_core.u_sram.mem[11]).
Adding EN signal on $memory\u_core.u_sram.mem[10]$1925 ($dff) from module NanoCGRA_Lite (D = $memory\u_core.u_sram.mem$wrmux[10][2][0]$y$2399, Q = \u_core.u_sram.mem[10]).
Adding EN signal on $memory\u_core.u_sram.mem[0]$1905 ($dff) from module NanoCGRA_Lite (D = $memory\u_core.u_sram.mem$wrmux[0][2][0]$y$2239, Q = \u_core.u_sram.mem[0]).

11.20.16. Executing OPT_CLEAN pass (remove unused cells and wires).
Finding unused cells or wires in module \NanoCGRA_Lite..

11.20.17. Executing OPT_EXPR pass (perform const folding).
Optimizing module NanoCGRA_Lite.
<suppressed ~32 debug messages>

11.20.18. Rerunning OPT passes. (Maybe there is more to do..)

11.20.19. Executing OPT_MUXTREE pass (detect dead branches in mux trees).
Running muxtree optimizer on module \NanoCGRA_Lite..
  Creating internal representation of mux trees.
  Evaluating internal representation of mux trees.
  Analyzing evaluation results.
Removed 0 multiplexer ports.
<suppressed ~77 debug messages>

11.20.20. Executing OPT_REDUCE pass (consolidate $*mux and $reduce_* inputs).
  Optimizing cells in module \NanoCGRA_Lite.
Performed a total of 0 changes.

11.20.21. Executing OPT_MERGE pass (detect identical cells).
Finding identical cells in module `\NanoCGRA_Lite'.
Removed a total of 0 cells.

11.20.22. Executing OPT_SHARE pass.

11.20.23. Executing OPT_DFF pass (perform DFF optimizations).
Adding SRST signal on $auto$ff.cc:266:slice$2868 ($dffe) from module NanoCGRA_Lite (D = \u_core.u_sram.din, Q = \u_core.u_sram.mem[0], rval = 8'00000000).
Adding SRST signal on $auto$ff.cc:266:slice$2865 ($dffe) from module NanoCGRA_Lite (D = \u_core.u_sram.din, Q = \u_core.u_sram.mem[10], rval = 8'00000000).
Adding SRST signal on $auto$ff.cc:266:slice$2862 ($dffe) from module NanoCGRA_Lite (D = \u_core.u_sram.din, Q = \u_core.u_sram.mem[11], rval = 8'00000000).
Adding SRST signal on $auto$ff.cc:266:slice$2859 ($dffe) from module NanoCGRA_Lite (D = \u_core.u_sram.din, Q = \u_core.u_sram.mem[12], rval = 8'00000000).
Adding SRST signal on $auto$ff.cc:266:slice$2856 ($dffe) from module NanoCGRA_Lite (D = \u_core.u_sram.din, Q = \u_core.u_sram.mem[13], rval = 8'00000000).
Adding SRST signal on $auto$ff.cc:266:slice$2853 ($dffe) from module NanoCGRA_Lite (D = \u_core.u_sram.din, Q = \u_core.u_sram.mem[14], rval = 8'00000000).
Adding SRST signal on $auto$ff.cc:266:slice$2850 ($dffe) from module NanoCGRA_Lite (D = \u_core.u_sram.din, Q = \u_core.u_sram.mem[15], rval = 8'00000000).
Adding SRST signal on $auto$ff.cc:266:slice$2847 ($dffe) from module NanoCGRA_Lite (D = \u_core.u_sram.din, Q = \u_core.u_sram.mem[16], rval = 8'00000000).
Adding SRST signal on $auto$ff.cc:266:slice$2844 ($dffe) from module NanoCGRA_Lite (D = \u_core.u_sram.din, Q = \u_core.u_sram.mem[17], rval = 8'00000000).
Adding SRST signal on $auto$ff.cc:266:slice$2841 ($dffe) from module NanoCGRA_Lite (D = \u_core.u_sram.din, Q = \u_core.u_sram.mem[18], rval = 8'00000000).
Adding SRST signal on $auto$ff.cc:266:slice$2838 ($dffe) from module NanoCGRA_Lite (D = \u_core.u_sram.din, Q = \u_core.u_sram.mem[19], rval = 8'00000000).
Adding SRST signal on $auto$ff.cc:266:slice$2835 ($dffe) from module NanoCGRA_Lite (D = \u_core.u_sram.din, Q = \u_core.u_sram.mem[1], rval = 8'00000000).
Adding SRST signal on $auto$ff.cc:266:slice$2832 ($dffe) from module NanoCGRA_Lite (D = \u_core.u_sram.din, Q = \u_core.u_sram.mem[20], rval = 8'00000000).
Adding SRST signal on $auto$ff.cc:266:slice$2829 ($dffe) from module NanoCGRA_Lite (D = \u_core.u_sram.din, Q = \u_core.u_sram.mem[21], rval = 8'00000000).
Adding SRST signal on $auto$ff.cc:266:slice$2826 ($dffe) from module NanoCGRA_Lite (D = \u_core.u_sram.din, Q = \u_core.u_sram.mem[22], rval = 8'00000000).
Adding SRST signal on $auto$ff.cc:266:slice$2823 ($dffe) from module NanoCGRA_Lite (D = \u_core.u_sram.din, Q = \u_core.u_sram.mem[23], rval = 8'00000000).
Adding SRST signal on $auto$ff.cc:266:slice$2820 ($dffe) from module NanoCGRA_Lite (D = \u_core.u_sram.din, Q = \u_core.u_sram.mem[24], rval = 8'00000000).
Adding SRST signal on $auto$ff.cc:266:slice$2817 ($dffe) from module NanoCGRA_Lite (D = \u_core.u_sram.din, Q = \u_core.u_sram.mem[25], rval = 8'00000000).
Adding SRST signal on $auto$ff.cc:266:slice$2814 ($dffe) from module NanoCGRA_Lite (D = \u_core.u_sram.din, Q = \u_core.u_sram.mem[26], rval = 8'00000000).
Adding SRST signal on $auto$ff.cc:266:slice$2811 ($dffe) from module NanoCGRA_Lite (D = \u_core.u_sram.din, Q = \u_core.u_sram.mem[27], rval = 8'00000000).
Adding SRST signal on $auto$ff.cc:266:slice$2808 ($dffe) from module NanoCGRA_Lite (D = \u_core.u_sram.din, Q = \u_core.u_sram.mem[28], rval = 8'00000000).
Adding SRST signal on $auto$ff.cc:266:slice$2805 ($dffe) from module NanoCGRA_Lite (D = \u_core.u_sram.din, Q = \u_core.u_sram.mem[29], rval = 8'00000000).
Adding SRST signal on $auto$ff.cc:266:slice$2802 ($dffe) from module NanoCGRA_Lite (D = \u_core.u_sram.din, Q = \u_core.u_sram.mem[2], rval = 8'00000000).
Adding SRST signal on $auto$ff.cc:266:slice$2799 ($dffe) from module NanoCGRA_Lite (D = \u_core.u_sram.din, Q = \u_core.u_sram.mem[30], rval = 8'00000000).
Adding SRST signal on $auto$ff.cc:266:slice$2796 ($dffe) from module NanoCGRA_Lite (D = \u_core.u_sram.din, Q = \u_core.u_sram.mem[31], rval = 8'00000000).
Adding SRST signal on $auto$ff.cc:266:slice$2793 ($dffe) from module NanoCGRA_Lite (D = \u_core.u_sram.din, Q = \u_core.u_sram.mem[3], rval = 8'00000000).
Adding SRST signal on $auto$ff.cc:266:slice$2790 ($dffe) from module NanoCGRA_Lite (D = \u_core.u_sram.din, Q = \u_core.u_sram.mem[4], rval = 8'00000000).
Adding SRST signal on $auto$ff.cc:266:slice$2787 ($dffe) from module NanoCGRA_Lite (D = \u_core.u_sram.din, Q = \u_core.u_sram.mem[5], rval = 8'00000000).
Adding SRST signal on $auto$ff.cc:266:slice$2784 ($dffe) from module NanoCGRA_Lite (D = \u_core.u_sram.din, Q = \u_core.u_sram.mem[6], rval = 8'00000000).
Adding SRST signal on $auto$ff.cc:266:slice$2781 ($dffe) from module NanoCGRA_Lite (D = \u_core.u_sram.din, Q = \u_core.u_sram.mem[7], rval = 8'00000000).
Adding SRST signal on $auto$ff.cc:266:slice$2778 ($dffe) from module NanoCGRA_Lite (D = \u_core.u_sram.din, Q = \u_core.u_sram.mem[8], rval = 8'00000000).
Adding SRST signal on $auto$ff.cc:266:slice$2775 ($dffe) from module NanoCGRA_Lite (D = \u_core.u_sram.din, Q = \u_core.u_sram.mem[9], rval = 8'00000000).

11.20.24. Executing OPT_CLEAN pass (remove unused cells and wires).
Finding unused cells or wires in module \NanoCGRA_Lite..
Removed 32 unused cells and 64 unused wires.
<suppressed ~33 debug messages>

11.20.25. Executing OPT_EXPR pass (perform const folding).
Optimizing module NanoCGRA_Lite.

11.20.26. Rerunning OPT passes. (Maybe there is more to do..)

11.20.27. Executing OPT_MUXTREE pass (detect dead branches in mux trees).
Running muxtree optimizer on module \NanoCGRA_Lite..
  Creating internal representation of mux trees.
  Evaluating internal representation of mux trees.
  Analyzing evaluation results.
Removed 0 multiplexer ports.
<suppressed ~45 debug messages>

11.20.28. Executing OPT_REDUCE pass (consolidate $*mux and $reduce_* inputs).
  Optimizing cells in module \NanoCGRA_Lite.
Performed a total of 0 changes.

11.20.29. Executing OPT_MERGE pass (detect identical cells).
Finding identical cells in module `\NanoCGRA_Lite'.
Removed a total of 0 cells.

11.20.30. Executing OPT_SHARE pass.

11.20.31. Executing OPT_DFF pass (perform DFF optimizations).

11.20.32. Executing OPT_CLEAN pass (remove unused cells and wires).
Finding unused cells or wires in module \NanoCGRA_Lite..

11.20.33. Executing OPT_EXPR pass (perform const folding).
Optimizing module NanoCGRA_Lite.

11.20.34. Finished OPT passes. (There is nothing left to do.)

11.21. Executing TECHMAP pass (map to technology primitives).

11.21.1. Executing Verilog-2005 frontend: /usr/bin/../share/yosys/techmap.v
Parsing Verilog input from `/usr/bin/../share/yosys/techmap.v' to AST representation.
Generating RTLIL representation for module `\_90_simplemap_bool_ops'.
Generating RTLIL representation for module `\_90_simplemap_reduce_ops'.
Generating RTLIL representation for module `\_90_simplemap_logic_ops'.
Generating RTLIL representation for module `\_90_simplemap_compare_ops'.
Generating RTLIL representation for module `\_90_simplemap_various'.
Generating RTLIL representation for module `\_90_simplemap_registers'.
Generating RTLIL representation for module `\_90_shift_ops_shr_shl_sshl_sshr'.
Generating RTLIL representation for module `\_90_shift_shiftx'.
Generating RTLIL representation for module `\_90_fa'.
Generating RTLIL representation for module `\_90_lcu'.
Generating RTLIL representation for module `\_90_alu'.
Generating RTLIL representation for module `\_90_macc'.
Generating RTLIL representation for module `\_90_alumacc'.
Generating RTLIL representation for module `\$__div_mod_u'.
Generating RTLIL representation for module `\$__div_mod_trunc'.
Generating RTLIL representation for module `\_90_div'.
Generating RTLIL representation for module `\_90_mod'.
Generating RTLIL representation for module `\$__div_mod_floor'.
Generating RTLIL representation for module `\_90_divfloor'.
Generating RTLIL representation for module `\_90_modfloor'.
Generating RTLIL representation for module `\_90_pow'.
Generating RTLIL representation for module `\_90_pmux'.
Generating RTLIL representation for module `\_90_demux'.
Generating RTLIL representation for module `\_90_lut'.
Successfully finished Verilog frontend.

11.21.2. Continuing TECHMAP pass.
Using extmapper simplemap for cells of type $ne.
Using extmapper simplemap for cells of type $and.
Using extmapper simplemap for cells of type $sdffce.
Using extmapper simplemap for cells of type $dff.
Using extmapper simplemap for cells of type $reduce_or.
Using extmapper simplemap for cells of type $mux.
Using extmapper simplemap for cells of type $eq.
Using extmapper simplemap for cells of type $reduce_and.
Using extmapper simplemap for cells of type $or.
Using extmapper simplemap for cells of type $not.
Running "alumacc" on wrapper $extern:wrap:$neg:A_SIGNED=0:A_WIDTH=8:Y_WIDTH=8:394426c56d1a028ba8fdd5469b163e04011def47.
Using template $extern:wrap:$neg:A_SIGNED=0:A_WIDTH=8:Y_WIDTH=8:394426c56d1a028ba8fdd5469b163e04011def47 for cells of type $extern:wrap:$neg:A_SIGNED=0:A_WIDTH=8:Y_WIDTH=8:394426c56d1a028ba8fdd5469b163e04011def47.
Using extmapper simplemap for cells of type $reduce_bool.
Using extmapper maccmap for cells of type $macc.
  add \u_core.u_cgra.pe22.local_reg * \u_core.u_cgra.pe12.opb (8x8 bits, unsigned)
Using extmapper simplemap for cells of type $sdff.
  add \u_core.u_cgra.pe22.local_reg * \u_core.u_cgra.pe22.opb (8x8 bits, unsigned)
  add \u_core.u_cgra.pe22.local_reg * \u_core.u_cgra.pe11.opb (8x8 bits, unsigned)
  add \u_core.u_cgra.pe22.local_reg * \u_core.u_cgra.pe10.opb (8x8 bits, unsigned)
  add \u_core.u_cgra.pe22.local_reg * \u_core.u_cgra.pe01.opb (8x8 bits, unsigned)
  add \u_core.u_cgra.pe22.local_reg * \u_core.u_cgra.pe21.opb (8x8 bits, unsigned)
  add \u_core.u_cgra.pe22.local_reg * \u_core.u_cgra.pe00.opb (8x8 bits, unsigned)
  add \u_core.u_cgra.pe22.local_reg * \u_core.u_cgra.pe20.opb (8x8 bits, unsigned)
Using extmapper simplemap for cells of type $sdffe.
Using template $paramod$645fe0cc96ae5edb83bff90cc2c78f4a20ca3e3c\_90_pmux for cells of type $pmux.
Using template $paramod$a1bc51c02ce12ac21eb18988e83292af48ed7d72\_90_alu for cells of type $alu.
Using template $paramod$f42569e367821ad1b7d52f2d157a44ce80c766dc\_90_pmux for cells of type $pmux.
Using extmapper simplemap for cells of type $xor.
Using template $paramod$6df0329addda9228fcc2546de2aaf14ad26c98e1\_90_alu for cells of type $alu.
Using template $paramod$fc16b9f758000d363d24f130038bd99b46b4fa1b\_90_pmux for cells of type $pmux.
Using template $paramod$2af30114e9bd4ccb04dad757b3f0a8f6bf0615b0\_90_alu for cells of type $alu.
Using template $paramod$3ef7d3dd227da7627a99c5e5a6a4deb817573e39\_90_alu for cells of type $alu.
Using extmapper simplemap for cells of type $logic_not.
Using extmapper simplemap for cells of type $logic_and.
Using template $paramod$0d149ffe75563ef6fcc1a3dddc59d00af28651a7\_90_pmux for cells of type $pmux.
Using template $paramod$c5c783b17ab1d780abfad8cfe6563a0a7b47a3b0\_90_pmux for cells of type $pmux.
Using template $paramod$57f63e8a3282e053be0430389b09fa050ac7dca0\_90_pmux for cells of type $pmux.
Using template $paramod$70d30c21ff772b34d0d1da2801fbd781dc3c70e4\_90_pmux for cells of type $pmux.
Using template $paramod$175e67c02b86e96b1288b9dc100122520d7240d8\_90_alu for cells of type $alu.
Using template $paramod$7af24cf7f572852703f08ef7a936c59efa2c57af\_90_alu for cells of type $alu.
Using template $paramod$fc972a7a46956c1788f3cb5257b53c8f1df2d0cc\_90_alu for cells of type $alu.
Using template $paramod$ee721315a7b0169d82611b9aea01747035b97792\_90_pmux for cells of type $pmux.
  add \u_core.u_cgra.pe22.local_reg * \u_core.u_cgra.pe02.opb (8x8 bits, unsigned)
Using template $paramod$740b056ede97228d3eae64ea2fdc81f0a33e0fe7\_90_alu for cells of type $alu.
Using extmapper simplemap for cells of type $pos.
Using template $paramod\_90_lcu\WIDTH=32'00000000000000000000000000000011 for cells of type $lcu.
Using template $paramod$fd7bfb1a4f3a7c2ac1a35670d0fa64ccc7b91841\_90_alu for cells of type $alu.
Using template $paramod\_90_lcu\WIDTH=32'00000000000000000000000000010000 for cells of type $lcu.
Using template $paramod\_90_lcu\WIDTH=32'00000000000000000000000000001000 for cells of type $lcu.
Using template $paramod\_90_fa\WIDTH=32'00000000000000000000000000010000 for cells of type $fa.
Using template $paramod\_90_lcu\WIDTH=32'00000000000000000000000000000010 for cells of type $lcu.
Using template $paramod\_90_lcu\WIDTH=32'00000000000000000000000000000001 for cells of type $lcu.
Using template $paramod\_90_lcu\WIDTH=32'00000000000000000000000000000100 for cells of type $lcu.
No more expansions possible.
<suppressed ~4697 debug messages>

11.22. Executing OPT pass (performing simple optimizations).

11.22.1. Executing OPT_EXPR pass (perform const folding).
Optimizing module NanoCGRA_Lite.
<suppressed ~5478 debug messages>

11.22.2. Executing OPT_MERGE pass (detect identical cells).
Finding identical cells in module `\NanoCGRA_Lite'.
<suppressed ~1290 debug messages>
Removed a total of 430 cells.

11.22.3. Executing OPT_DFF pass (perform DFF optimizations).

11.22.4. Executing OPT_CLEAN pass (remove unused cells and wires).
Finding unused cells or wires in module \NanoCGRA_Lite..
Removed 3268 unused cells and 4494 unused wires.
<suppressed ~3271 debug messages>

11.22.5. Finished fast OPT passes.

11.23. Executing ABC pass (technology mapping using ABC).

11.23.1. Extracting gate netlist of module `\NanoCGRA_Lite' to `<abc-temp-dir>/input.blif'..
Extracted 5106 gates and 5671 wires to a netlist network with 563 inputs and 293 outputs.

11.23.1.1. Executing ABC.
Running ABC command: "berkeley-abc" -s -f <abc-temp-dir>/abc.script 2>&1
ABC: ABC command line: "source <abc-temp-dir>/abc.script".
ABC: 
ABC: + read_blif <abc-temp-dir>/input.blif 
ABC: + read_library <abc-temp-dir>/stdcells.genlib 
ABC: Entered genlib library with 13 gates from file "<abc-temp-dir>/stdcells.genlib".
ABC: + strash 
ABC: + dretime 
ABC: + map 
ABC: + write_blif <abc-temp-dir>/output.blif 

11.23.1.2. Re-integrating ABC results.
ABC RESULTS:               NOT cells:      176
ABC RESULTS:              XNOR cells:      133
ABC RESULTS:             ORNOT cells:      136
ABC RESULTS:               NOR cells:      222
ABC RESULTS:               MUX cells:      589
ABC RESULTS:               XOR cells:      789
ABC RESULTS:                OR cells:      832
ABC RESULTS:              NAND cells:      167
ABC RESULTS:            ANDNOT cells:     1655
ABC RESULTS:               AND cells:      143
ABC RESULTS:        internal signals:     4815
ABC RESULTS:           input signals:      563
ABC RESULTS:          output signals:      293
Removing temp directory.

11.24. Executing OPT pass (performing simple optimizations).

11.24.1. Executing OPT_EXPR pass (perform const folding).
Optimizing module NanoCGRA_Lite.
<suppressed ~274 debug messages>

11.24.2. Executing OPT_MERGE pass (detect identical cells).
Finding identical cells in module `\NanoCGRA_Lite'.
Removed a total of 0 cells.

11.24.3. Executing OPT_DFF pass (perform DFF optimizations).

11.24.4. Executing OPT_CLEAN pass (remove unused cells and wires).
Finding unused cells or wires in module \NanoCGRA_Lite..
Removed 5 unused cells and 2443 unused wires.
<suppressed ~91 debug messages>

11.24.5. Finished fast OPT passes.

11.25. Executing HIERARCHY pass (managing design hierarchy).

11.25.1. Analyzing design hierarchy..
Top module:  \NanoCGRA_Lite

11.25.2. Analyzing design hierarchy..
Top module:  \NanoCGRA_Lite
Removed 0 unused modules.

11.26. Printing statistics.

=== NanoCGRA_Lite ===

   Number of wires:               5059
   Number of wire bits:           6611
   Number of public wires:         288
   Number of public wire bits:    1775
   Number of memories:               0
   Number of memory bits:            0
   Number of processes:              0
   Number of cells:               5454
     $_ANDNOT_                    1655
     $_AND_                        143
     $_DFF_P_                       24
     $_MUX_                        589
     $_NAND_                       167
     $_NOR_                        222
     $_NOT_                        171
     $_ORNOT_                      136
     $_OR_                         832
     $_SDFFCE_PN0P_                256
     $_SDFFE_PN0P_                 217
     $_SDFFE_PN1P_                   2
     $_SDFFE_PP0P_                  72
     $_SDFF_PN0_                    27
     $_SDFF_PN1_                     3
     $_SDFF_PP0_                    16
     $_XNOR_                       133
     $_XOR_                        789

11.27. Executing CHECK pass (checking for obvious problems).
Checking module NanoCGRA_Lite...
Found and reported 0 problems.

12. Executing DFFLIBMAP pass (mapping DFF cells to sequential cells from liberty file).
  cell gf180mcu_fd_sc_mcu7t5v0__dffnq_1 (noninv, pins=3, area=65.86) is a direct match for cell type $_DFF_N_.
Warning: Found unsupported expression 'D&!SE|SE&SI' in pin attribute of cell 'gf180mcu_fd_sc_mcu7t5v0__sdffq_1' - skipping.
Warning: Found unsupported expression 'D&!SE|SE&SI' in pin attribute of cell 'gf180mcu_fd_sc_mcu7t5v0__sdffq_2' - skipping.
Warning: Found unsupported expression 'D&!SE|SE&SI' in pin attribute of cell 'gf180mcu_fd_sc_mcu7t5v0__sdffq_4' - skipping.
Warning: Found unsupported expression 'D&!SE|SE&SI' in pin attribute of cell 'gf180mcu_fd_sc_mcu7t5v0__sdffrnq_1' - skipping.
Warning: Found unsupported expression 'D&!SE|SE&SI' in pin attribute of cell 'gf180mcu_fd_sc_mcu7t5v0__sdffrnq_2' - skipping.
Warning: Found unsupported expression 'D&!SE|SE&SI' in pin attribute of cell 'gf180mcu_fd_sc_mcu7t5v0__sdffrnq_4' - skipping.
Warning: Found unsupported expression 'D&!SE|SE&SI' in pin attribute of cell 'gf180mcu_fd_sc_mcu7t5v0__sdffrsnq_1' - skipping.
Warning: Found unsupported expression 'D&!SE|SE&SI' in pin attribute of cell 'gf180mcu_fd_sc_mcu7t5v0__sdffrsnq_2' - skipping.
Warning: Found unsupported expression 'D&!SE|SE&SI' in pin attribute of cell 'gf180mcu_fd_sc_mcu7t5v0__sdffrsnq_4' - skipping.
Warning: Found unsupported expression 'D&!SE|SE&SI' in pin attribute of cell 'gf180mcu_fd_sc_mcu7t5v0__sdffsnq_1' - skipping.
Warning: Found unsupported expression 'D&!SE|SE&SI' in pin attribute of cell 'gf180mcu_fd_sc_mcu7t5v0__sdffsnq_2' - skipping.
Warning: Found unsupported expression 'D&!SE|SE&SI' in pin attribute of cell 'gf180mcu_fd_sc_mcu7t5v0__sdffsnq_4' - skipping.
  cell gf180mcu_fd_sc_mcu7t5v0__dffq_1 (noninv, pins=3, area=63.66) is a direct match for cell type $_DFF_P_.
  cell gf180mcu_fd_sc_mcu7t5v0__dffnrnq_1 (noninv, pins=4, area=74.64) is a direct match for cell type $_DFF_NN0_.
  cell gf180mcu_fd_sc_mcu7t5v0__dffnsnq_1 (noninv, pins=4, area=79.03) is a direct match for cell type $_DFF_NN1_.
Warning: Found unsupported expression 'D&!SE|SE&SI' in pin attribute of cell 'gf180mcu_fd_sc_mcu7t5v0__sdffq_1' - skipping.
Warning: Found unsupported expression 'D&!SE|SE&SI' in pin attribute of cell 'gf180mcu_fd_sc_mcu7t5v0__sdffq_2' - skipping.
Warning: Found unsupported expression 'D&!SE|SE&SI' in pin attribute of cell 'gf180mcu_fd_sc_mcu7t5v0__sdffq_4' - skipping.
Warning: Found unsupported expression 'D&!SE|SE&SI' in pin attribute of cell 'gf180mcu_fd_sc_mcu7t5v0__sdffrnq_1' - skipping.
Warning: Found unsupported expression 'D&!SE|SE&SI' in pin attribute of cell 'gf180mcu_fd_sc_mcu7t5v0__sdffrnq_2' - skipping.
Warning: Found unsupported expression 'D&!SE|SE&SI' in pin attribute of cell 'gf180mcu_fd_sc_mcu7t5v0__sdffrnq_4' - skipping.
Warning: Found unsupported expression 'D&!SE|SE&SI' in pin attribute of cell 'gf180mcu_fd_sc_mcu7t5v0__sdffrsnq_1' - skipping.
Warning: Found unsupported expression 'D&!SE|SE&SI' in pin attribute of cell 'gf180mcu_fd_sc_mcu7t5v0__sdffrsnq_2' - skipping.
Warning: Found unsupported expression 'D&!SE|SE&SI' in pin attribute of cell 'gf180mcu_fd_sc_mcu7t5v0__sdffrsnq_4' - skipping.
Warning: Found unsupported expression 'D&!SE|SE&SI' in pin attribute of cell 'gf180mcu_fd_sc_mcu7t5v0__sdffsnq_1' - skipping.
Warning: Found unsupported expression 'D&!SE|SE&SI' in pin attribute of cell 'gf180mcu_fd_sc_mcu7t5v0__sdffsnq_2' - skipping.
Warning: Found unsupported expression 'D&!SE|SE&SI' in pin attribute of cell 'gf180mcu_fd_sc_mcu7t5v0__sdffsnq_4' - skipping.
  cell gf180mcu_fd_sc_mcu7t5v0__dffrnq_1 (noninv, pins=4, area=74.64) is a direct match for cell type $_DFF_PN0_.
Warning: Found unsupported expression 'D&!SE|SE&SI' in pin attribute of cell 'gf180mcu_fd_sc_mcu7t5v0__sdffq_1' - skipping.
Warning: Found unsupported expression 'D&!SE|SE&SI' in pin attribute of cell 'gf180mcu_fd_sc_mcu7t5v0__sdffq_2' - skipping.
Warning: Found unsupported expression 'D&!SE|SE&SI' in pin attribute of cell 'gf180mcu_fd_sc_mcu7t5v0__sdffq_4' - skipping.
Warning: Found unsupported expression 'D&!SE|SE&SI' in pin attribute of cell 'gf180mcu_fd_sc_mcu7t5v0__sdffrnq_1' - skipping.
Warning: Found unsupported expression 'D&!SE|SE&SI' in pin attribute of cell 'gf180mcu_fd_sc_mcu7t5v0__sdffrnq_2' - skipping.
Warning: Found unsupported expression 'D&!SE|SE&SI' in pin attribute of cell 'gf180mcu_fd_sc_mcu7t5v0__sdffrnq_4' - skipping.
Warning: Found unsupported expression 'D&!SE|SE&SI' in pin attribute of cell 'gf180mcu_fd_sc_mcu7t5v0__sdffrsnq_1' - skipping.
Warning: Found unsupported expression 'D&!SE|SE&SI' in pin attribute of cell 'gf180mcu_fd_sc_mcu7t5v0__sdffrsnq_2' - skipping.
Warning: Found unsupported expression 'D&!SE|SE&SI' in pin attribute of cell 'gf180mcu_fd_sc_mcu7t5v0__sdffrsnq_4' - skipping.
Warning: Found unsupported expression 'D&!SE|SE&SI' in pin attribute of cell 'gf180mcu_fd_sc_mcu7t5v0__sdffsnq_1' - skipping.
Warning: Found unsupported expression 'D&!SE|SE&SI' in pin attribute of cell 'gf180mcu_fd_sc_mcu7t5v0__sdffsnq_2' - skipping.
Warning: Found unsupported expression 'D&!SE|SE&SI' in pin attribute of cell 'gf180mcu_fd_sc_mcu7t5v0__sdffsnq_4' - skipping.
  cell gf180mcu_fd_sc_mcu7t5v0__dffsnq_1 (noninv, pins=4, area=79.03) is a direct match for cell type $_DFF_PN1_.
Warning: Found unsupported expression 'D&!SE|SE&SI' in pin attribute of cell 'gf180mcu_fd_sc_mcu7t5v0__sdffq_1' - skipping.
Warning: Found unsupported expression 'D&!SE|SE&SI' in pin attribute of cell 'gf180mcu_fd_sc_mcu7t5v0__sdffq_2' - skipping.
Warning: Found unsupported expression 'D&!SE|SE&SI' in pin attribute of cell 'gf180mcu_fd_sc_mcu7t5v0__sdffq_4' - skipping.
Warning: Found unsupported expression 'D&!SE|SE&SI' in pin attribute of cell 'gf180mcu_fd_sc_mcu7t5v0__sdffrnq_1' - skipping.
Warning: Found unsupported expression 'D&!SE|SE&SI' in pin attribute of cell 'gf180mcu_fd_sc_mcu7t5v0__sdffrnq_2' - skipping.
Warning: Found unsupported expression 'D&!SE|SE&SI' in pin attribute of cell 'gf180mcu_fd_sc_mcu7t5v0__sdffrnq_4' - skipping.
Warning: Found unsupported expression 'D&!SE|SE&SI' in pin attribute of cell 'gf180mcu_fd_sc_mcu7t5v0__sdffrsnq_1' - skipping.
Warning: Found unsupported expression 'D&!SE|SE&SI' in pin attribute of cell 'gf180mcu_fd_sc_mcu7t5v0__sdffrsnq_2' - skipping.
Warning: Found unsupported expression 'D&!SE|SE&SI' in pin attribute of cell 'gf180mcu_fd_sc_mcu7t5v0__sdffrsnq_4' - skipping.
Warning: Found unsupported expression 'D&!SE|SE&SI' in pin attribute of cell 'gf180mcu_fd_sc_mcu7t5v0__sdffsnq_1' - skipping.
Warning: Found unsupported expression 'D&!SE|SE&SI' in pin attribute of cell 'gf180mcu_fd_sc_mcu7t5v0__sdffsnq_2' - skipping.
Warning: Found unsupported expression 'D&!SE|SE&SI' in pin attribute of cell 'gf180mcu_fd_sc_mcu7t5v0__sdffsnq_4' - skipping.
Warning: Found unsupported expression 'D&!SE|SE&SI' in pin attribute of cell 'gf180mcu_fd_sc_mcu7t5v0__sdffq_1' - skipping.
Warning: Found unsupported expression 'D&!SE|SE&SI' in pin attribute of cell 'gf180mcu_fd_sc_mcu7t5v0__sdffq_2' - skipping.
Warning: Found unsupported expression 'D&!SE|SE&SI' in pin attribute of cell 'gf180mcu_fd_sc_mcu7t5v0__sdffq_4' - skipping.
Warning: Found unsupported expression 'D&!SE|SE&SI' in pin attribute of cell 'gf180mcu_fd_sc_mcu7t5v0__sdffrnq_1' - skipping.
Warning: Found unsupported expression 'D&!SE|SE&SI' in pin attribute of cell 'gf180mcu_fd_sc_mcu7t5v0__sdffrnq_2' - skipping.
Warning: Found unsupported expression 'D&!SE|SE&SI' in pin attribute of cell 'gf180mcu_fd_sc_mcu7t5v0__sdffrnq_4' - skipping.
Warning: Found unsupported expression 'D&!SE|SE&SI' in pin attribute of cell 'gf180mcu_fd_sc_mcu7t5v0__sdffrsnq_1' - skipping.
Warning: Found unsupported expression 'D&!SE|SE&SI' in pin attribute of cell 'gf180mcu_fd_sc_mcu7t5v0__sdffrsnq_2' - skipping.
Warning: Found unsupported expression 'D&!SE|SE&SI' in pin attribute of cell 'gf180mcu_fd_sc_mcu7t5v0__sdffrsnq_4' - skipping.
Warning: Found unsupported expression 'D&!SE|SE&SI' in pin attribute of cell 'gf180mcu_fd_sc_mcu7t5v0__sdffsnq_1' - skipping.
Warning: Found unsupported expression 'D&!SE|SE&SI' in pin attribute of cell 'gf180mcu_fd_sc_mcu7t5v0__sdffsnq_2' - skipping.
Warning: Found unsupported expression 'D&!SE|SE&SI' in pin attribute of cell 'gf180mcu_fd_sc_mcu7t5v0__sdffsnq_4' - skipping.
  cell gf180mcu_fd_sc_mcu7t5v0__dffnrsnq_1 (noninv, pins=5, area=94.39) is a direct match for cell type $_DFFSR_NNN_.
Warning: Found unsupported expression 'D&!SE|SE&SI' in pin attribute of cell 'gf180mcu_fd_sc_mcu7t5v0__sdffq_1' - skipping.
Warning: Found unsupported expression 'D&!SE|SE&SI' in pin attribute of cell 'gf180mcu_fd_sc_mcu7t5v0__sdffq_2' - skipping.
Warning: Found unsupported expression 'D&!SE|SE&SI' in pin attribute of cell 'gf180mcu_fd_sc_mcu7t5v0__sdffq_4' - skipping.
Warning: Found unsupported expression 'D&!SE|SE&SI' in pin attribute of cell 'gf180mcu_fd_sc_mcu7t5v0__sdffrnq_1' - skipping.
Warning: Found unsupported expression 'D&!SE|SE&SI' in pin attribute of cell 'gf180mcu_fd_sc_mcu7t5v0__sdffrnq_2' - skipping.
Warning: Found unsupported expression 'D&!SE|SE&SI' in pin attribute of cell 'gf180mcu_fd_sc_mcu7t5v0__sdffrnq_4' - skipping.
Warning: Found unsupported expression 'D&!SE|SE&SI' in pin attribute of cell 'gf180mcu_fd_sc_mcu7t5v0__sdffrsnq_1' - skipping.
Warning: Found unsupported expression 'D&!SE|SE&SI' in pin attribute of cell 'gf180mcu_fd_sc_mcu7t5v0__sdffrsnq_2' - skipping.
Warning: Found unsupported expression 'D&!SE|SE&SI' in pin attribute of cell 'gf180mcu_fd_sc_mcu7t5v0__sdffrsnq_4' - skipping.
Warning: Found unsupported expression 'D&!SE|SE&SI' in pin attribute of cell 'gf180mcu_fd_sc_mcu7t5v0__sdffsnq_1' - skipping.
Warning: Found unsupported expression 'D&!SE|SE&SI' in pin attribute of cell 'gf180mcu_fd_sc_mcu7t5v0__sdffsnq_2' - skipping.
Warning: Found unsupported expression 'D&!SE|SE&SI' in pin attribute of cell 'gf180mcu_fd_sc_mcu7t5v0__sdffsnq_4' - skipping.
  cell gf180mcu_fd_sc_mcu7t5v0__dffrsnq_1 (noninv, pins=5, area=85.61) is a direct match for cell type $_DFFSR_PNN_.
Warning: Found unsupported expression 'D&!SE|SE&SI' in pin attribute of cell 'gf180mcu_fd_sc_mcu7t5v0__sdffq_1' - skipping.
Warning: Found unsupported expression 'D&!SE|SE&SI' in pin attribute of cell 'gf180mcu_fd_sc_mcu7t5v0__sdffq_2' - skipping.
Warning: Found unsupported expression 'D&!SE|SE&SI' in pin attribute of cell 'gf180mcu_fd_sc_mcu7t5v0__sdffq_4' - skipping.
Warning: Found unsupported expression 'D&!SE|SE&SI' in pin attribute of cell 'gf180mcu_fd_sc_mcu7t5v0__sdffrnq_1' - skipping.
Warning: Found unsupported expression 'D&!SE|SE&SI' in pin attribute of cell 'gf180mcu_fd_sc_mcu7t5v0__sdffrnq_2' - skipping.
Warning: Found unsupported expression 'D&!SE|SE&SI' in pin attribute of cell 'gf180mcu_fd_sc_mcu7t5v0__sdffrnq_4' - skipping.
Warning: Found unsupported expression 'D&!SE|SE&SI' in pin attribute of cell 'gf180mcu_fd_sc_mcu7t5v0__sdffrsnq_1' - skipping.
Warning: Found unsupported expression 'D&!SE|SE&SI' in pin attribute of cell 'gf180mcu_fd_sc_mcu7t5v0__sdffrsnq_2' - skipping.
Warning: Found unsupported expression 'D&!SE|SE&SI' in pin attribute of cell 'gf180mcu_fd_sc_mcu7t5v0__sdffrsnq_4' - skipping.
Warning: Found unsupported expression 'D&!SE|SE&SI' in pin attribute of cell 'gf180mcu_fd_sc_mcu7t5v0__sdffsnq_1' - skipping.
Warning: Found unsupported expression 'D&!SE|SE&SI' in pin attribute of cell 'gf180mcu_fd_sc_mcu7t5v0__sdffsnq_2' - skipping.
Warning: Found unsupported expression 'D&!SE|SE&SI' in pin attribute of cell 'gf180mcu_fd_sc_mcu7t5v0__sdffsnq_4' - skipping.
Warning: Found unsupported expression 'D&!SE|SE&SI' in pin attribute of cell 'gf180mcu_fd_sc_mcu7t5v0__sdffq_1' - skipping.
Warning: Found unsupported expression 'D&!SE|SE&SI' in pin attribute of cell 'gf180mcu_fd_sc_mcu7t5v0__sdffq_2' - skipping.
Warning: Found unsupported expression 'D&!SE|SE&SI' in pin attribute of cell 'gf180mcu_fd_sc_mcu7t5v0__sdffq_4' - skipping.
Warning: Found unsupported expression 'D&!SE|SE&SI' in pin attribute of cell 'gf180mcu_fd_sc_mcu7t5v0__sdffrnq_1' - skipping.
Warning: Found unsupported expression 'D&!SE|SE&SI' in pin attribute of cell 'gf180mcu_fd_sc_mcu7t5v0__sdffrnq_2' - skipping.
Warning: Found unsupported expression 'D&!SE|SE&SI' in pin attribute of cell 'gf180mcu_fd_sc_mcu7t5v0__sdffrnq_4' - skipping.
Warning: Found unsupported expression 'D&!SE|SE&SI' in pin attribute of cell 'gf180mcu_fd_sc_mcu7t5v0__sdffrsnq_1' - skipping.
Warning: Found unsupported expression 'D&!SE|SE&SI' in pin attribute of cell 'gf180mcu_fd_sc_mcu7t5v0__sdffrsnq_2' - skipping.
Warning: Found unsupported expression 'D&!SE|SE&SI' in pin attribute of cell 'gf180mcu_fd_sc_mcu7t5v0__sdffrsnq_4' - skipping.
Warning: Found unsupported expression 'D&!SE|SE&SI' in pin attribute of cell 'gf180mcu_fd_sc_mcu7t5v0__sdffsnq_1' - skipping.
Warning: Found unsupported expression 'D&!SE|SE&SI' in pin attribute of cell 'gf180mcu_fd_sc_mcu7t5v0__sdffsnq_2' - skipping.
Warning: Found unsupported expression 'D&!SE|SE&SI' in pin attribute of cell 'gf180mcu_fd_sc_mcu7t5v0__sdffsnq_4' - skipping.
Warning: Found unsupported expression 'D&!SE|SE&SI' in pin attribute of cell 'gf180mcu_fd_sc_mcu7t5v0__sdffq_1' - skipping.
Warning: Found unsupported expression 'D&!SE|SE&SI' in pin attribute of cell 'gf180mcu_fd_sc_mcu7t5v0__sdffq_2' - skipping.
Warning: Found unsupported expression 'D&!SE|SE&SI' in pin attribute of cell 'gf180mcu_fd_sc_mcu7t5v0__sdffq_4' - skipping.
Warning: Found unsupported expression 'D&!SE|SE&SI' in pin attribute of cell 'gf180mcu_fd_sc_mcu7t5v0__sdffrnq_1' - skipping.
Warning: Found unsupported expression 'D&!SE|SE&SI' in pin attribute of cell 'gf180mcu_fd_sc_mcu7t5v0__sdffrnq_2' - skipping.
Warning: Found unsupported expression 'D&!SE|SE&SI' in pin attribute of cell 'gf180mcu_fd_sc_mcu7t5v0__sdffrnq_4' - skipping.
Warning: Found unsupported expression 'D&!SE|SE&SI' in pin attribute of cell 'gf180mcu_fd_sc_mcu7t5v0__sdffrsnq_1' - skipping.
Warning: Found unsupported expression 'D&!SE|SE&SI' in pin attribute of cell 'gf180mcu_fd_sc_mcu7t5v0__sdffrsnq_2' - skipping.
Warning: Found unsupported expression 'D&!SE|SE&SI' in pin attribute of cell 'gf180mcu_fd_sc_mcu7t5v0__sdffrsnq_4' - skipping.
Warning: Found unsupported expression 'D&!SE|SE&SI' in pin attribute of cell 'gf180mcu_fd_sc_mcu7t5v0__sdffsnq_1' - skipping.
Warning: Found unsupported expression 'D&!SE|SE&SI' in pin attribute of cell 'gf180mcu_fd_sc_mcu7t5v0__sdffsnq_2' - skipping.
Warning: Found unsupported expression 'D&!SE|SE&SI' in pin attribute of cell 'gf180mcu_fd_sc_mcu7t5v0__sdffsnq_4' - skipping.
  final dff cell mappings:
    \gf180mcu_fd_sc_mcu7t5v0__dffnq_1 _DFF_N_ (.CLKN( C), .D( D), .Q( Q));
    \gf180mcu_fd_sc_mcu7t5v0__dffq_1 _DFF_P_ (.CLK( C), .D( D), .Q( Q));
    \gf180mcu_fd_sc_mcu7t5v0__dffnrnq_1 _DFF_NN0_ (.CLKN( C), .D( D), .Q( Q), .RN( R));
    \gf180mcu_fd_sc_mcu7t5v0__dffnsnq_1 _DFF_NN1_ (.CLKN( C), .D( D), .Q( Q), .SETN( R));
    unmapped dff cell: $_DFF_NP0_
    unmapped dff cell: $_DFF_NP1_
    \gf180mcu_fd_sc_mcu7t5v0__dffrnq_1 _DFF_PN0_ (.CLK( C), .D( D), .Q( Q), .RN( R));
    \gf180mcu_fd_sc_mcu7t5v0__dffsnq_1 _DFF_PN1_ (.CLK( C), .D( D), .Q( Q), .SETN( R));
    unmapped dff cell: $_DFF_PP0_
    unmapped dff cell: $_DFF_PP1_
    \gf180mcu_fd_sc_mcu7t5v0__dffnrsnq_1 _DFFSR_NNN_ (.CLKN( C), .D( D), .Q( Q), .RN( R), .SETN( S));
    unmapped dff cell: $_DFFSR_NNP_
    unmapped dff cell: $_DFFSR_NPN_
    unmapped dff cell: $_DFFSR_NPP_
    \gf180mcu_fd_sc_mcu7t5v0__dffrsnq_1 _DFFSR_PNN_ (.CLK( C), .D( D), .Q( Q), .RN( R), .SETN( S));
    unmapped dff cell: $_DFFSR_PNP_
    unmapped dff cell: $_DFFSR_PPN_
    unmapped dff cell: $_DFFSR_PPP_

12.1. Executing DFFLEGALIZE pass (convert FFs to types supported by the target).
Mapping DFF cells in module `\NanoCGRA_Lite':
  mapped 617 $_DFF_P_ cells to \gf180mcu_fd_sc_mcu7t5v0__dffq_1 cells.

13. Executing ABC pass (technology mapping using ABC).

13.1. Extracting gate netlist of module `\NanoCGRA_Lite' to `<abc-temp-dir>/input.blif'..
Extracted 5977 gates and 6597 wires to a netlist network with 618 inputs and 617 outputs.

13.1.1. Executing ABC.
Running ABC command: "berkeley-abc" -s -f <abc-temp-dir>/abc.script 2>&1
ABC: ABC command line: "source <abc-temp-dir>/abc.script".
ABC: 
ABC: + read_blif <abc-temp-dir>/input.blif 
ABC: + read_lib -w /workspace/iris_c3a247b9-0025-43e1-bae8-42a940fa0b63/.pdk/gf180mcuD/libs.ref/gf180mcu_fd_sc_mcu7t5v0/lib/gf180mcu_fd_sc_mcu7t5v0__tt_025C_5v00.lib 
ABC: Parsing finished successfully.  Parsing time =     0.12 sec
ABC: Scl_LibertyReadGenlib() skipped cell "gf180mcu_fd_sc_mcu7t5v0__antenna" without logic function.
ABC: Scl_LibertyReadGenlib() skipped three-state cell "gf180mcu_fd_sc_mcu7t5v0__bufz_1".
ABC: Scl_LibertyReadGenlib() skipped three-state cell "gf180mcu_fd_sc_mcu7t5v0__bufz_2".
ABC: Scl_LibertyReadGenlib() skipped three-state cell "gf180mcu_fd_sc_mcu7t5v0__bufz_3".
ABC: Scl_LibertyReadGenlib() skipped three-state cell "gf180mcu_fd_sc_mcu7t5v0__bufz_4".
ABC: Scl_LibertyReadGenlib() skipped three-state cell "gf180mcu_fd_sc_mcu7t5v0__bufz_8".
ABC: Scl_LibertyReadGenlib() skipped three-state cell "gf180mcu_fd_sc_mcu7t5v0__bufz_12".
ABC: Scl_LibertyReadGenlib() skipped three-state cell "gf180mcu_fd_sc_mcu7t5v0__bufz_16".
ABC: Scl_LibertyReadGenlib() skipped sequential cell "gf180mcu_fd_sc_mcu7t5v0__dffnq_1".
ABC: Scl_LibertyReadGenlib() skipped sequential cell "gf180mcu_fd_sc_mcu7t5v0__dffnq_2".
ABC: Scl_LibertyReadGenlib() skipped sequential cell "gf180mcu_fd_sc_mcu7t5v0__dffnq_4".
ABC: Scl_LibertyReadGenlib() skipped sequential cell "gf180mcu_fd_sc_mcu7t5v0__dffnrnq_1".
ABC: Scl_LibertyReadGenlib() skipped sequential cell "gf180mcu_fd_sc_mcu7t5v0__dffnrnq_2".
ABC: Scl_LibertyReadGenlib() skipped sequential cell "gf180mcu_fd_sc_mcu7t5v0__dffnrnq_4".
ABC: Scl_LibertyReadGenlib() skipped sequential cell "gf180mcu_fd_sc_mcu7t5v0__dffnrsnq_1".
ABC: Scl_LibertyReadGenlib() skipped sequential cell "gf180mcu_fd_sc_mcu7t5v0__dffnrsnq_2".
ABC: Scl_LibertyReadGenlib() skipped sequential cell "gf180mcu_fd_sc_mcu7t5v0__dffnrsnq_4".
ABC: Scl_LibertyReadGenlib() skipped sequential cell "gf180mcu_fd_sc_mcu7t5v0__dffnsnq_1".
ABC: Scl_LibertyReadGenlib() skipped sequential cell "gf180mcu_fd_sc_mcu7t5v0__dffnsnq_2".
ABC: Scl_LibertyReadGenlib() skipped sequential cell "gf180mcu_fd_sc_mcu7t5v0__dffnsnq_4".
ABC: Scl_LibertyReadGenlib() skipped sequential cell "gf180mcu_fd_sc_mcu7t5v0__dffq_1".
ABC: Scl_LibertyReadGenlib() skipped sequential cell "gf180mcu_fd_sc_mcu7t5v0__dffq_2".
ABC: Scl_LibertyReadGenlib() skipped sequential cell "gf180mcu_fd_sc_mcu7t5v0__dffq_4".
ABC: Scl_LibertyReadGenlib() skipped sequential cell "gf180mcu_fd_sc_mcu7t5v0__dffrnq_1".
ABC: Scl_LibertyReadGenlib() skipped sequential cell "gf180mcu_fd_sc_mcu7t5v0__dffrnq_2".
ABC: Scl_LibertyReadGenlib() skipped sequential cell "gf180mcu_fd_sc_mcu7t5v0__dffrnq_4".
ABC: Scl_LibertyReadGenlib() skipped sequential cell "gf180mcu_fd_sc_mcu7t5v0__dffrsnq_1".
ABC: Scl_LibertyReadGenlib() skipped sequential cell "gf180mcu_fd_sc_mcu7t5v0__dffrsnq_2".
ABC: Scl_LibertyReadGenlib() skipped sequential cell "gf180mcu_fd_sc_mcu7t5v0__dffrsnq_4".
ABC: Scl_LibertyReadGenlib() skipped sequential cell "gf180mcu_fd_sc_mcu7t5v0__dffsnq_1".
ABC: Scl_LibertyReadGenlib() skipped sequential cell "gf180mcu_fd_sc_mcu7t5v0__dffsnq_2".
ABC: Scl_LibertyReadGenlib() skipped sequential cell "gf180mcu_fd_sc_mcu7t5v0__dffsnq_4".
ABC: Scl_LibertyReadGenlib() skipped cell "gf180mcu_fd_sc_mcu7t5v0__endcap" without logic function.
ABC: Scl_LibertyReadGenlib() skipped cell "gf180mcu_fd_sc_mcu7t5v0__fill_1" without logic function.
ABC: Scl_LibertyReadGenlib() skipped cell "gf180mcu_fd_sc_mcu7t5v0__fill_2" without logic function.
ABC: Scl_LibertyReadGenlib() skipped cell "gf180mcu_fd_sc_mcu7t5v0__fill_4" without logic function.
ABC: Scl_LibertyReadGenlib() skipped cell "gf180mcu_fd_sc_mcu7t5v0__fill_8" without logic function.
ABC: Scl_LibertyReadGenlib() skipped cell "gf180mcu_fd_sc_mcu7t5v0__fill_16" without logic function.
ABC: Scl_LibertyReadGenlib() skipped cell "gf180mcu_fd_sc_mcu7t5v0__fill_32" without logic function.
ABC: Scl_LibertyReadGenlib() skipped cell "gf180mcu_fd_sc_mcu7t5v0__fill_64" without logic function.
ABC: Scl_LibertyReadGenlib() skipped cell "gf180mcu_fd_sc_mcu7t5v0__fillcap_4" without logic function.
ABC: Scl_LibertyReadGenlib() skipped cell "gf180mcu_fd_sc_mcu7t5v0__fillcap_8" without logic function.
ABC: Scl_LibertyReadGenlib() skipped cell "gf180mcu_fd_sc_mcu7t5v0__fillcap_16" without logic function.
ABC: Scl_LibertyReadGenlib() skipped cell "gf180mcu_fd_sc_mcu7t5v0__fillcap_32" without logic function.
ABC: Scl_LibertyReadGenlib() skipped cell "gf180mcu_fd_sc_mcu7t5v0__fillcap_64" without logic function.
ABC: Scl_LibertyReadGenlib() skipped cell "gf180mcu_fd_sc_mcu7t5v0__filltie" without logic function.
ABC: Scl_LibertyReadGenlib() skipped three-state cell "gf180mcu_fd_sc_mcu7t5v0__hold".
ABC: Scl_LibertyReadGenlib() skipped cell "gf180mcu_fd_sc_mcu7t5v0__icgtn_1" without logic function.
ABC: Scl_LibertyReadGenlib() skipped cell "gf180mcu_fd_sc_mcu7t5v0__icgtn_2" without logic function.
ABC: Scl_LibertyReadGenlib() skipped cell "gf180mcu_fd_sc_mcu7t5v0__icgtn_4" without logic function.
ABC: Scl_LibertyReadGenlib() skipped cell "gf180mcu_fd_sc_mcu7t5v0__icgtp_1" without logic function.
ABC: Scl_LibertyReadGenlib() skipped cell "gf180mcu_fd_sc_mcu7t5v0__icgtp_2" without logic function.
ABC: Scl_LibertyReadGenlib() skipped cell "gf180mcu_fd_sc_mcu7t5v0__icgtp_4" without logic function.
ABC: Scl_LibertyReadGenlib() skipped three-state cell "gf180mcu_fd_sc_mcu7t5v0__invz_1".
ABC: Scl_LibertyReadGenlib() skipped three-state cell "gf180mcu_fd_sc_mcu7t5v0__invz_2".
ABC: Scl_LibertyReadGenlib() skipped three-state cell "gf180mcu_fd_sc_mcu7t5v0__invz_3".
ABC: Scl_LibertyReadGenlib() skipped three-state cell "gf180mcu_fd_sc_mcu7t5v0__invz_4".
ABC: Scl_LibertyReadGenlib() skipped three-state cell "gf180mcu_fd_sc_mcu7t5v0__invz_8".
ABC: Scl_LibertyReadGenlib() skipped three-state cell "gf180mcu_fd_sc_mcu7t5v0__invz_12".
ABC: Scl_LibertyReadGenlib() skipped three-state cell "gf180mcu_fd_sc_mcu7t5v0__invz_16".
ABC: Scl_LibertyReadGenlib() skipped sequential cell "gf180mcu_fd_sc_mcu7t5v0__latq_1".
ABC: Scl_LibertyReadGenlib() skipped sequential cell "gf180mcu_fd_sc_mcu7t5v0__latq_2".
ABC: Scl_LibertyReadGenlib() skipped sequential cell "gf180mcu_fd_sc_mcu7t5v0__latq_4".
ABC: Scl_LibertyReadGenlib() skipped sequential cell "gf180mcu_fd_sc_mcu7t5v0__latrnq_1".
ABC: Scl_LibertyReadGenlib() skipped sequential cell "gf180mcu_fd_sc_mcu7t5v0__latrnq_2".
ABC: Scl_LibertyReadGenlib() skipped sequential cell "gf180mcu_fd_sc_mcu7t5v0__latrnq_4".
ABC: Scl_LibertyReadGenlib() skipped sequential cell "gf180mcu_fd_sc_mcu7t5v0__latrsnq_1".
ABC: Scl_LibertyReadGenlib() skipped sequential cell "gf180mcu_fd_sc_mcu7t5v0__latrsnq_2".
ABC: Scl_LibertyReadGenlib() skipped sequential cell "gf180mcu_fd_sc_mcu7t5v0__latrsnq_4".
ABC: Scl_LibertyReadGenlib() skipped sequential cell "gf180mcu_fd_sc_mcu7t5v0__latsnq_1".
ABC: Scl_LibertyReadGenlib() skipped sequential cell "gf180mcu_fd_sc_mcu7t5v0__latsnq_2".
ABC: Scl_LibertyReadGenlib() skipped sequential cell "gf180mcu_fd_sc_mcu7t5v0__latsnq_4".
ABC: Scl_LibertyReadGenlib() skipped sequential cell "gf180mcu_fd_sc_mcu7t5v0__sdffq_1".
ABC: Scl_LibertyReadGenlib() skipped sequential cell "gf180mcu_fd_sc_mcu7t5v0__sdffq_2".
ABC: Scl_LibertyReadGenlib() skipped sequential cell "gf180mcu_fd_sc_mcu7t5v0__sdffq_4".
ABC: Scl_LibertyReadGenlib() skipped sequential cell "gf180mcu_fd_sc_mcu7t5v0__sdffrnq_1".
ABC: Scl_LibertyReadGenlib() skipped sequential cell "gf180mcu_fd_sc_mcu7t5v0__sdffrnq_2".
ABC: Scl_LibertyReadGenlib() skipped sequential cell "gf180mcu_fd_sc_mcu7t5v0__sdffrnq_4".
ABC: Scl_LibertyReadGenlib() skipped sequential cell "gf180mcu_fd_sc_mcu7t5v0__sdffrsnq_1".
ABC: Scl_LibertyReadGenlib() skipped sequential cell "gf180mcu_fd_sc_mcu7t5v0__sdffrsnq_2".
ABC: Scl_LibertyReadGenlib() skipped sequential cell "gf180mcu_fd_sc_mcu7t5v0__sdffrsnq_4".
ABC: Scl_LibertyReadGenlib() skipped sequential cell "gf180mcu_fd_sc_mcu7t5v0__sdffsnq_1".
ABC: Scl_LibertyReadGenlib() skipped sequential cell "gf180mcu_fd_sc_mcu7t5v0__sdffsnq_2".
ABC: Scl_LibertyReadGenlib() skipped sequential cell "gf180mcu_fd_sc_mcu7t5v0__sdffsnq_4".
ABC: Library "gf180mcu_fd_sc_mcu7t5v0__tt_025C_5v00" from "/workspace/iris_c3a247b9-0025-43e1-bae8-42a940fa0b63/.pdk/gf180mcuD/libs.ref/gf180mcu_fd_sc_mcu7t5v0/lib/gf180mcu_fd_sc_mcu7t5v0__tt_025C_5v00.lib" has 145 cells (84 skipped: 48 seq; 15 tri-state; 21 no func; 0 dont_use).  Time =     0.18 sec
ABC: Memory =   24.58 MB. Time =     0.18 sec
ABC: Warning: Detected 6 multi-output gates (for example, "gf180mcu_fd_sc_mcu7t5v0__addf_1").
ABC: + strash 
ABC: + &get -n 
ABC: + &fraig -x 
ABC: + &put 
ABC: + scorr 
ABC: Warning: The network is combinational (run "fraig" or "fraig_sweep").
ABC: + dc2 
ABC: + dretime 
ABC: + retime -o -D 100000 
ABC: + strash 
ABC: + &get -n 
ABC: + &dch -f 
ABC: + &nf -D 100000 
ABC: + &put 
ABC: + write_blif <abc-temp-dir>/output.blif 

13.1.2. Re-integrating ABC results.
ABC RESULTS:   gf180mcu_fd_sc_mcu7t5v0__mux4_1 cells:       22
ABC RESULTS:   gf180mcu_fd_sc_mcu7t5v0__aoi222_1 cells:       23
ABC RESULTS:   gf180mcu_fd_sc_mcu7t5v0__oai221_1 cells:       17
ABC RESULTS:   gf180mcu_fd_sc_mcu7t5v0__and4_1 cells:        5
ABC RESULTS:   gf180mcu_fd_sc_mcu7t5v0__or4_1 cells:        4
ABC RESULTS:   gf180mcu_fd_sc_mcu7t5v0__oai32_1 cells:       17
ABC RESULTS:   gf180mcu_fd_sc_mcu7t5v0__oai33_1 cells:        5
ABC RESULTS:   gf180mcu_fd_sc_mcu7t5v0__xnor2_1 cells:       89
ABC RESULTS:   gf180mcu_fd_sc_mcu7t5v0__mux2_1 cells:       20
ABC RESULTS:   gf180mcu_fd_sc_mcu7t5v0__xnor3_1 cells:       52
ABC RESULTS:   gf180mcu_fd_sc_mcu7t5v0__xor3_1 cells:      182
ABC RESULTS:   gf180mcu_fd_sc_mcu7t5v0__oai31_1 cells:       31
ABC RESULTS:   gf180mcu_fd_sc_mcu7t5v0__xor2_1 cells:      236
ABC RESULTS:   gf180mcu_fd_sc_mcu7t5v0__and2_1 cells:      176
ABC RESULTS:   gf180mcu_fd_sc_mcu7t5v0__or3_1 cells:       36
ABC RESULTS:   gf180mcu_fd_sc_mcu7t5v0__nor4_1 cells:       16
ABC RESULTS:   gf180mcu_fd_sc_mcu7t5v0__aoi221_1 cells:       78
ABC RESULTS:   gf180mcu_fd_sc_mcu7t5v0__nor3_1 cells:       84
ABC RESULTS:   gf180mcu_fd_sc_mcu7t5v0__clkinv_1 cells:      475
ABC RESULTS:   gf180mcu_fd_sc_mcu7t5v0__aoi22_1 cells:      210
ABC RESULTS:   gf180mcu_fd_sc_mcu7t5v0__oai21_1 cells:      374
ABC RESULTS:   gf180mcu_fd_sc_mcu7t5v0__aoi21_1 cells:      424
ABC RESULTS:   gf180mcu_fd_sc_mcu7t5v0__nand3_1 cells:      163
ABC RESULTS:   gf180mcu_fd_sc_mcu7t5v0__oai211_1 cells:       75
ABC RESULTS:   gf180mcu_fd_sc_mcu7t5v0__nand4_1 cells:       35
ABC RESULTS:   gf180mcu_fd_sc_mcu7t5v0__or2_1 cells:       65
ABC RESULTS:   gf180mcu_fd_sc_mcu7t5v0__and3_1 cells:       29
ABC RESULTS:   gf180mcu_fd_sc_mcu7t5v0__nor2_1 cells:      519
ABC RESULTS:   gf180mcu_fd_sc_mcu7t5v0__aoi211_1 cells:       92
ABC RESULTS:   gf180mcu_fd_sc_mcu7t5v0__nand2_1 cells:      855
ABC RESULTS:   gf180mcu_fd_sc_mcu7t5v0__oai22_1 cells:      296
ABC RESULTS:        internal signals:     5362
ABC RESULTS:           input signals:      618
ABC RESULTS:          output signals:      617
Removing temp directory.

14. Executing SETUNDEF pass (replace undef values with defined constants).

15. Executing HILOMAP pass (mapping to constant drivers).

16. Executing SPLITNETS pass (splitting up multi-bit signals).

17. Executing OPT_CLEAN pass (remove unused cells and wires).
Finding unused cells or wires in module \NanoCGRA_Lite..
Removed 177 unused cells and 7078 unused wires.
<suppressed ~471 debug messages>

18. Executing Verilog backend.

18.1. Executing BMUXMAP pass.

18.2. Executing DEMUXMAP pass.
Dumping module `\NanoCGRA_Lite'.

19. Printing statistics.

=== NanoCGRA_Lite ===

   Number of wires:               6187
   Number of wire bits:           6187
   Number of public wires:        1482
   Number of public wire bits:    1482
   Number of memories:               0
   Number of memory bits:            0
   Number of processes:              0
   Number of cells:               5336
     gf180mcu_fd_sc_mcu7t5v0__and2_1    176
     gf180mcu_fd_sc_mcu7t5v0__and3_1     29
     gf180mcu_fd_sc_mcu7t5v0__and4_1      5
     gf180mcu_fd_sc_mcu7t5v0__aoi211_1     92
     gf180mcu_fd_sc_mcu7t5v0__aoi21_1    424
     gf180mcu_fd_sc_mcu7t5v0__aoi221_1     78
     gf180mcu_fd_sc_mcu7t5v0__aoi222_1     23
     gf180mcu_fd_sc_mcu7t5v0__aoi22_1    210
     gf180mcu_fd_sc_mcu7t5v0__clkinv_1    475
     gf180mcu_fd_sc_mcu7t5v0__dffq_1    617
     gf180mcu_fd_sc_mcu7t5v0__mux2_1     20
     gf180mcu_fd_sc_mcu7t5v0__mux4_1     22
     gf180mcu_fd_sc_mcu7t5v0__nand2_1    855
     gf180mcu_fd_sc_mcu7t5v0__nand3_1    163
     gf180mcu_fd_sc_mcu7t5v0__nand4_1     35
     gf180mcu_fd_sc_mcu7t5v0__nor2_1    519
     gf180mcu_fd_sc_mcu7t5v0__nor3_1     84
     gf180mcu_fd_sc_mcu7t5v0__nor4_1     16
     gf180mcu_fd_sc_mcu7t5v0__oai211_1     75
     gf180mcu_fd_sc_mcu7t5v0__oai21_1    374
     gf180mcu_fd_sc_mcu7t5v0__oai221_1     17
     gf180mcu_fd_sc_mcu7t5v0__oai22_1    296
     gf180mcu_fd_sc_mcu7t5v0__oai31_1     31
     gf180mcu_fd_sc_mcu7t5v0__oai32_1     17
     gf180mcu_fd_sc_mcu7t5v0__oai33_1      5
     gf180mcu_fd_sc_mcu7t5v0__or2_1     65
     gf180mcu_fd_sc_mcu7t5v0__or3_1     36
     gf180mcu_fd_sc_mcu7t5v0__or4_1      4
     gf180mcu_fd_sc_mcu7t5v0__tieh      1
     gf180mcu_fd_sc_mcu7t5v0__tiel     13
     gf180mcu_fd_sc_mcu7t5v0__xnor2_1     89
     gf180mcu_fd_sc_mcu7t5v0__xnor3_1     52
     gf180mcu_fd_sc_mcu7t5v0__xor2_1    236
     gf180mcu_fd_sc_mcu7t5v0__xor3_1    182

   Chip area for module '\NanoCGRA_Lite': 126228.390400

Warnings: 12 unique messages, 108 total
End of script. Logfile hash: 147a456371, CPU: user 3.54s system 0.04s, MEM: 76.66 MB peak
Yosys 0.23 (git sha1 7ce5011c24b)
Time spent: 29% 2x abc (1 sec), 14% 34x opt_expr (0 sec), ...
