Netgen 1.5.272 compiled on Tue Mar  5 23:16:53 UTC 2024
Warning: netgen command 'format' use fully-qualified name '::netgen::format'
Warning: netgen command 'global' use fully-qualified name '::netgen::global'
Call to undefined subcircuit gf180mcu_fd_sc_mcu7t5v0__inv_4
Creating placeholder cell definition.
Call to undefined subcircuit gf180mcu_fd_sc_mcu7t5v0__clkinv_8
Creating placeholder cell definition.
Call to undefined subcircuit gf180mcu_fd_sc_mcu7t5v0__clkinv_1
Creating placeholder cell definition.
Call to undefined subcircuit gf180mcu_fd_sc_mcu7t5v0__inv_1
Creating placeholder cell definition.
Call to undefined subcircuit gf180mcu_fd_sc_mcu7t5v0__clkinv_3
Creating placeholder cell definition.
Call to undefined subcircuit gf180mcu_fd_sc_mcu7t5v0__clkinv_2
Creating placeholder cell definition.
Call to undefined subcircuit gf180mcu_fd_sc_mcu7t5v0__inv_2
Creating placeholder cell definition.
Call to undefined subcircuit gf180mcu_fd_sc_mcu7t5v0__inv_8
Creating placeholder cell definition.
Call to undefined subcircuit gf180mcu_fd_sc_mcu7t5v0__inv_12
Creating placeholder cell definition.
Call to undefined subcircuit gf180mcu_fd_sc_mcu7t5v0__inv_3
Creating placeholder cell definition.
Call to undefined subcircuit gf180mcu_fd_sc_mcu7t5v0__clkinv_4
Creating placeholder cell definition.
Call to undefined subcircuit gf180mcu_fd_sc_mcu7t5v0__inv_20
Creating placeholder cell definition.
Call to undefined subcircuit gf180mcu_fd_sc_mcu7t5v0__nor2_1
Creating placeholder cell definition.
Call to undefined subcircuit gf180mcu_fd_sc_mcu7t5v0__or2_4
Creating placeholder cell definition.
Call to undefined subcircuit gf180mcu_fd_sc_mcu7t5v0__nor2_4
Creating placeholder cell definition.
Call to undefined subcircuit gf180mcu_fd_sc_mcu7t5v0__nand3_1
Creating placeholder cell definition.
Call to undefined subcircuit gf180mcu_fd_sc_mcu7t5v0__nand2_1
Creating placeholder cell definition.
Call to undefined subcircuit gf180mcu_fd_sc_mcu7t5v0__nor2_2
Creating placeholder cell definition.
Call to undefined subcircuit gf180mcu_fd_sc_mcu7t5v0__nor4_4
Creating placeholder cell definition.
Call to undefined subcircuit gf180mcu_fd_sc_mcu7t5v0__nand4_4
Creating placeholder cell definition.
Call to undefined subcircuit gf180mcu_fd_sc_mcu7t5v0__or4_1
Creating placeholder cell definition.
Call to undefined subcircuit gf180mcu_fd_sc_mcu7t5v0__nor3_1
Creating placeholder cell definition.
Call to undefined subcircuit gf180mcu_fd_sc_mcu7t5v0__nor4_1
Creating placeholder cell definition.
Call to undefined subcircuit gf180mcu_fd_sc_mcu7t5v0__and4_2
Creating placeholder cell definition.
Call to undefined subcircuit gf180mcu_fd_sc_mcu7t5v0__nand4_2
Creating placeholder cell definition.
Call to undefined subcircuit gf180mcu_fd_sc_mcu7t5v0__oai31_1
Creating placeholder cell definition.
Call to undefined subcircuit gf180mcu_fd_sc_mcu7t5v0__and2_1
Creating placeholder cell definition.
Call to undefined subcircuit gf180mcu_fd_sc_mcu7t5v0__aoi222_1
Creating placeholder cell definition.
Call to undefined subcircuit gf180mcu_fd_sc_mcu7t5v0__nor3_2
Creating placeholder cell definition.
Call to undefined subcircuit gf180mcu_fd_sc_mcu7t5v0__or3_4
Creating placeholder cell definition.
Call to undefined subcircuit gf180mcu_fd_sc_mcu7t5v0__nor3_4
Creating placeholder cell definition.
Call to undefined subcircuit gf180mcu_fd_sc_mcu7t5v0__aoi222_4
Creating placeholder cell definition.
Call to undefined subcircuit gf180mcu_fd_sc_mcu7t5v0__oai21_1
Creating placeholder cell definition.
Call to undefined subcircuit gf180mcu_fd_sc_mcu7t5v0__and3_1
Creating placeholder cell definition.
Call to undefined subcircuit gf180mcu_fd_sc_mcu7t5v0__nand4_1
Creating placeholder cell definition.
Call to undefined subcircuit gf180mcu_fd_sc_mcu7t5v0__or3_1
Creating placeholder cell definition.
Call to undefined subcircuit gf180mcu_fd_sc_mcu7t5v0__oai22_1
Creating placeholder cell definition.
Call to undefined subcircuit gf180mcu_fd_sc_mcu7t5v0__nand2_4
Creating placeholder cell definition.
Call to undefined subcircuit gf180mcu_fd_sc_mcu7t5v0__aoi22_1
Creating placeholder cell definition.
Call to undefined subcircuit gf180mcu_fd_sc_mcu7t5v0__nor4_2
Creating placeholder cell definition.
Call to undefined subcircuit gf180mcu_fd_sc_mcu7t5v0__aoi21_1
Creating placeholder cell definition.
Call to undefined subcircuit gf180mcu_fd_sc_mcu7t5v0__mux2_2
Creating placeholder cell definition.
Call to undefined subcircuit gf180mcu_fd_sc_mcu7t5v0__mux2_4
Creating placeholder cell definition.
Call to undefined subcircuit gf180mcu_fd_sc_mcu7t5v0__aoi21_4
Creating placeholder cell definition.
Call to undefined subcircuit gf180mcu_fd_sc_mcu7t5v0__nand2_2
Creating placeholder cell definition.
Call to undefined subcircuit gf180mcu_fd_sc_mcu7t5v0__oai21_4
Creating placeholder cell definition.
Call to undefined subcircuit gf180mcu_fd_sc_mcu7t5v0__or2_2
Creating placeholder cell definition.
Call to undefined subcircuit gf180mcu_fd_sc_mcu7t5v0__aoi222_2
Creating placeholder cell definition.
Call to undefined subcircuit gf180mcu_fd_sc_mcu7t5v0__oai32_4
Creating placeholder cell definition.
Call to undefined subcircuit gf180mcu_fd_sc_mcu7t5v0__nand3_4
Creating placeholder cell definition.
Call to undefined subcircuit gf180mcu_fd_sc_mcu7t5v0__nand3_2
Creating placeholder cell definition.
Call to undefined subcircuit gf180mcu_fd_sc_mcu7t5v0__aoi221_1
Creating placeholder cell definition.
Call to undefined subcircuit gf180mcu_fd_sc_mcu7t5v0__xor2_1
Creating placeholder cell definition.
Call to undefined subcircuit gf180mcu_fd_sc_mcu7t5v0__aoi211_1
Creating placeholder cell definition.
Call to undefined subcircuit gf180mcu_fd_sc_mcu7t5v0__and2_4
Creating placeholder cell definition.
Call to undefined subcircuit gf180mcu_fd_sc_mcu7t5v0__mux4_4
Creating placeholder cell definition.
Call to undefined subcircuit gf180mcu_fd_sc_mcu7t5v0__xnor2_1
Creating placeholder cell definition.
Call to undefined subcircuit gf180mcu_fd_sc_mcu7t5v0__xnor3_1
Creating placeholder cell definition.
Call to undefined subcircuit gf180mcu_fd_sc_mcu7t5v0__xor3_1
Creating placeholder cell definition.
Call to undefined subcircuit gf180mcu_fd_sc_mcu7t5v0__oai211_1
Creating placeholder cell definition.
Call to undefined subcircuit gf180mcu_fd_sc_mcu7t5v0__oai221_1
Creating placeholder cell definition.
Call to undefined subcircuit gf180mcu_fd_sc_mcu7t5v0__oai31_4
Creating placeholder cell definition.
Call to undefined subcircuit gf180mcu_fd_sc_mcu7t5v0__oai211_2
Creating placeholder cell definition.
Call to undefined subcircuit gf180mcu_fd_sc_mcu7t5v0__or2_1
Creating placeholder cell definition.
Call to undefined subcircuit gf180mcu_fd_sc_mcu7t5v0__oai32_1
Creating placeholder cell definition.
Call to undefined subcircuit gf180mcu_fd_sc_mcu7t5v0__and4_1
Creating placeholder cell definition.
Call to undefined subcircuit gf180mcu_fd_sc_mcu7t5v0__aoi21_2
Creating placeholder cell definition.
Call to undefined subcircuit gf180mcu_fd_sc_mcu7t5v0__xor2_2
Creating placeholder cell definition.
Call to undefined subcircuit gf180mcu_fd_sc_mcu7t5v0__mux4_2
Creating placeholder cell definition.
Call to undefined subcircuit gf180mcu_fd_sc_mcu7t5v0__mux2_1
Creating placeholder cell definition.
Call to undefined subcircuit gf180mcu_fd_sc_mcu7t5v0__aoi22_2
Creating placeholder cell definition.
Call to undefined subcircuit gf180mcu_fd_sc_mcu7t5v0__xor3_2
Creating placeholder cell definition.
Call to undefined subcircuit gf180mcu_fd_sc_mcu7t5v0__oai21_2
Creating placeholder cell definition.
Call to undefined subcircuit gf180mcu_fd_sc_mcu7t5v0__oai33_2
Creating placeholder cell definition.
Call to undefined subcircuit gf180mcu_fd_sc_mcu7t5v0__oai32_2
Creating placeholder cell definition.
Call to undefined subcircuit gf180mcu_fd_sc_mcu7t5v0__aoi22_4
Creating placeholder cell definition.
Call to undefined subcircuit gf180mcu_fd_sc_mcu7t5v0__aoi221_4
Creating placeholder cell definition.
Call to undefined subcircuit gf180mcu_fd_sc_mcu7t5v0__aoi211_4
Creating placeholder cell definition.
Call to undefined subcircuit gf180mcu_fd_sc_mcu7t5v0__or3_2
Creating placeholder cell definition.
Call to undefined subcircuit gf180mcu_fd_sc_mcu7t5v0__oai211_4
Creating placeholder cell definition.
Call to undefined subcircuit gf180mcu_fd_sc_mcu7t5v0__and2_2
Creating placeholder cell definition.
Call to undefined subcircuit gf180mcu_fd_sc_mcu7t5v0__and3_2
Creating placeholder cell definition.
Call to undefined subcircuit gf180mcu_fd_sc_mcu7t5v0__oai31_2
Creating placeholder cell definition.
Call to undefined subcircuit gf180mcu_fd_sc_mcu7t5v0__aoi221_2
Creating placeholder cell definition.
Call to undefined subcircuit gf180mcu_fd_sc_mcu7t5v0__oai22_4
Creating placeholder cell definition.
Call to undefined subcircuit gf180mcu_fd_sc_mcu7t5v0__oai22_2
Creating placeholder cell definition.
Call to undefined subcircuit gf180mcu_fd_sc_mcu7t5v0__oai221_2
Creating placeholder cell definition.
Call to undefined subcircuit gf180mcu_fd_sc_mcu7t5v0__dffq_1
Creating placeholder cell definition.
Call to undefined subcircuit gf180mcu_fd_sc_mcu7t5v0__dffq_4
Creating placeholder cell definition.
Call to undefined subcircuit gf180mcu_fd_sc_mcu7t5v0__dffq_2
Creating placeholder cell definition.
Call to undefined subcircuit gf180mcu_fd_sc_mcu7t5v0__tieh
Creating placeholder cell definition.
Call to undefined subcircuit gf180mcu_fd_sc_mcu7t5v0__tiel
Creating placeholder cell definition.
Call to undefined subcircuit gf180mcu_fd_sc_mcu7t5v0__endcap
Creating placeholder cell definition.
Call to undefined subcircuit gf180mcu_fd_sc_mcu7t5v0__filltie
Creating placeholder cell definition.
Call to undefined subcircuit gf180mcu_fd_sc_mcu7t5v0__buf_20
Creating placeholder cell definition.
Call to undefined subcircuit gf180mcu_fd_sc_mcu7t5v0__buf_8
Creating placeholder cell definition.
Call to undefined subcircuit gf180mcu_fd_sc_mcu7t5v0__buf_12
Creating placeholder cell definition.
Call to undefined subcircuit gf180mcu_fd_sc_mcu7t5v0__clkbuf_16
Creating placeholder cell definition.
Call to undefined subcircuit gf180mcu_fd_sc_mcu7t5v0__fill_16
Creating placeholder cell definition.
Call to undefined subcircuit gf180mcu_fd_sc_mcu7t5v0__fill_1
Creating placeholder cell definition.
Call to undefined subcircuit gf180mcu_fd_sc_mcu7t5v0__fill_4
Creating placeholder cell definition.
Call to undefined subcircuit gf180mcu_fd_sc_mcu7t5v0__fill_2
Creating placeholder cell definition.
Call to undefined subcircuit gf180mcu_fd_sc_mcu7t5v0__fill_8
Creating placeholder cell definition.

Reading setup file /workspace/iris_c3a247b9-0025-43e1-bae8-42a940fa0b63/.pdk/gf180mcuD/libs.tech/netgen/gf180mcuD_setup.tcl

No property as found for device pfet_05v0
No property ad found for device pfet_05v0
No property ps found for device pfet_05v0
No property pd found for device pfet_05v0
No property as found for device nfet_05v0
No property ad found for device nfet_05v0
No property ps found for device nfet_05v0
No property pd found for device nfet_05v0
No such pin 1 in model nfet_05v0
Unable to permute model nfet_05v0 pins 1, 3.
No property par1 found for device nfet_05v0
No property NRD found for device nfet_05v0
No property NRS found for device nfet_05v0
No property par found for device nfet_05v0
No property sa found for device nfet_05v0
No property sb found for device nfet_05v0
No property sd found for device nfet_05v0
No property par found for device nfet_05v0
No property dtemp found for device nfet_05v0
No property nf found for device nfet_05v0
No property as found for device nfet_05v0
No property ad found for device nfet_05v0
No property ps found for device nfet_05v0
No property pd found for device nfet_05v0
No such pin 1 in model nfet_05v0
Unable to permute model nfet_05v0 pins 1, 3.
No property par1 found for device nfet_05v0
No property NRD found for device nfet_05v0
No property NRS found for device nfet_05v0
No property par found for device nfet_05v0
No property sa found for device nfet_05v0
No property sb found for device nfet_05v0
No property sd found for device nfet_05v0
No property par found for device nfet_05v0
No property dtemp found for device nfet_05v0
No property nf found for device nfet_05v0
No property as found for device nfet_05v0
No property ad found for device nfet_05v0
No property ps found for device nfet_05v0
No property pd found for device nfet_05v0
No such pin 1 in model pfet_05v0
Unable to permute model pfet_05v0 pins 1, 3.
No property par1 found for device pfet_05v0
No property NRD found for device pfet_05v0
No property NRS found for device pfet_05v0
No property par found for device pfet_05v0
No property sa found for device pfet_05v0
No property sb found for device pfet_05v0
No property sd found for device pfet_05v0
No property par found for device pfet_05v0
No property dtemp found for device pfet_05v0
No property nf found for device pfet_05v0
No property as found for device pfet_05v0
No property ad found for device pfet_05v0
No property ps found for device pfet_05v0
No property pd found for device pfet_05v0
No such pin 1 in model pfet_05v0
Unable to permute model pfet_05v0 pins 1, 3.
No property par1 found for device pfet_05v0
No property NRD found for device pfet_05v0
No property NRS found for device pfet_05v0
No property par found for device pfet_05v0
No property sa found for device pfet_05v0
No property sb found for device pfet_05v0
No property sd found for device pfet_05v0
No property par found for device pfet_05v0
No property dtemp found for device pfet_05v0
No property nf found for device pfet_05v0
No property as found for device pfet_05v0
No property ad found for device pfet_05v0
No property ps found for device pfet_05v0
No property pd found for device pfet_05v0
No property area found for device diode_nd2ps_06v0
No property area found for device diode_nd2ps_06v0
No property par1 found for device diode_nd2ps_06v0
No property pj found for device diode_nd2ps_06v0
No property area found for device diode_pd2nw_06v0
No property area found for device diode_pd2nw_06v0
No property par1 found for device diode_pd2nw_06v0
No property pj found for device diode_pd2nw_06v0
Comparison output logged to file /workspace/iris_c3a247b9-0025-43e1-bae8-42a940fa0b63/Chip-Orchestra/output/nanocgra_lite_3x3_opt/reports/lvs/comp_final.out
Logging to file "/workspace/iris_c3a247b9-0025-43e1-bae8-42a940fa0b63/Chip-Orchestra/output/nanocgra_lite_3x3_opt/reports/lvs/comp_final.out" enabled

Contents of circuit 1:  Circuit: 'gf180mcu_fd_sc_mcu7t5v0__clkinv_1'
Circuit gf180mcu_fd_sc_mcu7t5v0__clkinv_1 contains 2 device instances.
  Class: pfet_05v0             instances:   1
  Class: nfet_05v0             instances:   1
Circuit contains 6 nets.
Contents of circuit 2:  Circuit: 'gf180mcu_fd_sc_mcu7t5v0__clkinv_1'
Circuit gf180mcu_fd_sc_mcu7t5v0__clkinv_1 contains 2 device instances.
  Class: pfet_05v0             instances:   1
  Class: nfet_05v0             instances:   1
Circuit contains 6 nets.

Circuit 1 contains 2 devices, Circuit 2 contains 2 devices.
Circuit 1 contains 6 nets,    Circuit 2 contains 6 nets.


Contents of circuit 1:  Circuit: 'gf180mcu_fd_sc_mcu7t5v0__nand2_4'
Circuit gf180mcu_fd_sc_mcu7t5v0__nand2_4 contains 16 device instances.
  Class: pfet_05v0             instances:   8
  Class: nfet_05v0             instances:   8
Circuit contains 11 nets.
Contents of circuit 2:  Circuit: 'gf180mcu_fd_sc_mcu7t5v0__nand2_4'
Circuit gf180mcu_fd_sc_mcu7t5v0__nand2_4 contains 16 device instances.
  Class: pfet_05v0             instances:   8
  Class: nfet_05v0             instances:   8
Circuit contains 11 nets.

Circuit was modified by parallel/series device merging.
New circuit summary:

Contents of circuit 1:  Circuit: 'gf180mcu_fd_sc_mcu7t5v0__nand2_4'
Circuit gf180mcu_fd_sc_mcu7t5v0__nand2_4 contains 10 device instances.
  Class: pfet_05v0             instances:   2
  Class: nfet_05v0             instances:   8
Circuit contains 11 nets.
Contents of circuit 2:  Circuit: 'gf180mcu_fd_sc_mcu7t5v0__nand2_4'
Circuit gf180mcu_fd_sc_mcu7t5v0__nand2_4 contains 10 device instances.
  Class: pfet_05v0             instances:   2
  Class: nfet_05v0             instances:   8
Circuit contains 11 nets.

Circuit 1 contains 10 devices, Circuit 2 contains 10 devices.
Circuit 1 contains 11 nets,    Circuit 2 contains 11 nets.


Contents of circuit 1:  Circuit: 'gf180mcu_fd_sc_mcu7t5v0__clkinv_3'
Circuit gf180mcu_fd_sc_mcu7t5v0__clkinv_3 contains 6 device instances.
  Class: pfet_05v0             instances:   3
  Class: nfet_05v0             instances:   3
Circuit contains 6 nets.
Contents of circuit 2:  Circuit: 'gf180mcu_fd_sc_mcu7t5v0__clkinv_3'
Circuit gf180mcu_fd_sc_mcu7t5v0__clkinv_3 contains 6 device instances.
  Class: pfet_05v0             instances:   3
  Class: nfet_05v0             instances:   3
Circuit contains 6 nets.

Circuit was modified by parallel/series device merging.
New circuit summary:

Contents of circuit 1:  Circuit: 'gf180mcu_fd_sc_mcu7t5v0__clkinv_3'
Circuit gf180mcu_fd_sc_mcu7t5v0__clkinv_3 contains 2 device instances.
  Class: pfet_05v0             instances:   1
  Class: nfet_05v0             instances:   1
Circuit contains 6 nets.
Contents of circuit 2:  Circuit: 'gf180mcu_fd_sc_mcu7t5v0__clkinv_3'
Circuit gf180mcu_fd_sc_mcu7t5v0__clkinv_3 contains 2 device instances.
  Class: pfet_05v0             instances:   1
  Class: nfet_05v0             instances:   1
Circuit contains 6 nets.

Circuit 1 contains 2 devices, Circuit 2 contains 2 devices.
Circuit 1 contains 6 nets,    Circuit 2 contains 6 nets.


Contents of circuit 1:  Circuit: 'gf180mcu_fd_sc_mcu7t5v0__dffq_4'
Circuit gf180mcu_fd_sc_mcu7t5v0__dffq_4 contains 32 device instances.
  Class: pfet_05v0             instances:  16
  Class: nfet_05v0             instances:  16
Circuit contains 19 nets.
Contents of circuit 2:  Circuit: 'gf180mcu_fd_sc_mcu7t5v0__dffq_4'
Circuit gf180mcu_fd_sc_mcu7t5v0__dffq_4 contains 32 device instances.
  Class: pfet_05v0             instances:  16
  Class: nfet_05v0             instances:  16
Circuit contains 19 nets.

Circuit was modified by parallel/series device merging.
New circuit summary:

Contents of circuit 1:  Circuit: 'gf180mcu_fd_sc_mcu7t5v0__dffq_4'
Circuit gf180mcu_fd_sc_mcu7t5v0__dffq_4 contains 24 device instances.
  Class: pfet_05v0             instances:  12
  Class: nfet_05v0             instances:  12
Circuit contains 19 nets.
Contents of circuit 2:  Circuit: 'gf180mcu_fd_sc_mcu7t5v0__dffq_4'
Circuit gf180mcu_fd_sc_mcu7t5v0__dffq_4 contains 24 device instances.
  Class: pfet_05v0             instances:  12
  Class: nfet_05v0             instances:  12
Circuit contains 19 nets.

Circuit 1 contains 24 devices, Circuit 2 contains 24 devices.
Circuit 1 contains 19 nets,    Circuit 2 contains 19 nets.


Contents of circuit 1:  Circuit: 'gf180mcu_fd_sc_mcu7t5v0__nand2_1'
Circuit gf180mcu_fd_sc_mcu7t5v0__nand2_1 contains 4 device instances.
  Class: pfet_05v0             instances:   2
  Class: nfet_05v0             instances:   2
Circuit contains 8 nets.
Contents of circuit 2:  Circuit: 'gf180mcu_fd_sc_mcu7t5v0__nand2_1'
Circuit gf180mcu_fd_sc_mcu7t5v0__nand2_1 contains 4 device instances.
  Class: pfet_05v0             instances:   2
  Class: nfet_05v0             instances:   2
Circuit contains 8 nets.

Circuit 1 contains 4 devices, Circuit 2 contains 4 devices.
Circuit 1 contains 8 nets,    Circuit 2 contains 8 nets.


Contents of circuit 1:  Circuit: 'gf180mcu_fd_sc_mcu7t5v0__aoi221_1'
Circuit gf180mcu_fd_sc_mcu7t5v0__aoi221_1 contains 10 device instances.
  Class: pfet_05v0             instances:   5
  Class: nfet_05v0             instances:   5
Circuit contains 14 nets.
Contents of circuit 2:  Circuit: 'gf180mcu_fd_sc_mcu7t5v0__aoi221_1'
Circuit gf180mcu_fd_sc_mcu7t5v0__aoi221_1 contains 10 device instances.
  Class: pfet_05v0             instances:   5
  Class: nfet_05v0             instances:   5
Circuit contains 14 nets.

Circuit 1 contains 10 devices, Circuit 2 contains 10 devices.
Circuit 1 contains 14 nets,    Circuit 2 contains 14 nets.


Contents of circuit 1:  Circuit: 'gf180mcu_fd_sc_mcu7t5v0__clkinv_4'
Circuit gf180mcu_fd_sc_mcu7t5v0__clkinv_4 contains 8 device instances.
  Class: pfet_05v0             instances:   4
  Class: nfet_05v0             instances:   4
Circuit contains 6 nets.
Contents of circuit 2:  Circuit: 'gf180mcu_fd_sc_mcu7t5v0__clkinv_4'
Circuit gf180mcu_fd_sc_mcu7t5v0__clkinv_4 contains 8 device instances.
  Class: pfet_05v0             instances:   4
  Class: nfet_05v0             instances:   4
Circuit contains 6 nets.

Circuit was modified by parallel/series device merging.
New circuit summary:

Contents of circuit 1:  Circuit: 'gf180mcu_fd_sc_mcu7t5v0__clkinv_4'
Circuit gf180mcu_fd_sc_mcu7t5v0__clkinv_4 contains 2 device instances.
  Class: pfet_05v0             instances:   1
  Class: nfet_05v0             instances:   1
Circuit contains 6 nets.
Contents of circuit 2:  Circuit: 'gf180mcu_fd_sc_mcu7t5v0__clkinv_4'
Circuit gf180mcu_fd_sc_mcu7t5v0__clkinv_4 contains 2 device instances.
  Class: pfet_05v0             instances:   1
  Class: nfet_05v0             instances:   1
Circuit contains 6 nets.

Circuit 1 contains 2 devices, Circuit 2 contains 2 devices.
Circuit 1 contains 6 nets,    Circuit 2 contains 6 nets.


Contents of circuit 1:  Circuit: 'gf180mcu_fd_sc_mcu7t5v0__dffq_1'
Circuit gf180mcu_fd_sc_mcu7t5v0__dffq_1 contains 24 device instances.
  Class: pfet_05v0             instances:  12
  Class: nfet_05v0             instances:  12
Circuit contains 19 nets.
Contents of circuit 2:  Circuit: 'gf180mcu_fd_sc_mcu7t5v0__dffq_1'
Circuit gf180mcu_fd_sc_mcu7t5v0__dffq_1 contains 24 device instances.
  Class: pfet_05v0             instances:  12
  Class: nfet_05v0             instances:  12
Circuit contains 19 nets.

Circuit 1 contains 24 devices, Circuit 2 contains 24 devices.
Circuit 1 contains 19 nets,    Circuit 2 contains 19 nets.


Contents of circuit 1:  Circuit: 'gf180mcu_fd_sc_mcu7t5v0__nand3_2'
Circuit gf180mcu_fd_sc_mcu7t5v0__nand3_2 contains 12 device instances.
  Class: pfet_05v0             instances:   6
  Class: nfet_05v0             instances:   6
Circuit contains 12 nets.
Contents of circuit 2:  Circuit: 'gf180mcu_fd_sc_mcu7t5v0__nand3_2'
Circuit gf180mcu_fd_sc_mcu7t5v0__nand3_2 contains 12 device instances.
  Class: pfet_05v0             instances:   6
  Class: nfet_05v0             instances:   6
Circuit contains 12 nets.

Circuit was modified by parallel/series device merging.
New circuit summary:

Contents of circuit 1:  Circuit: 'gf180mcu_fd_sc_mcu7t5v0__nand3_2'
Circuit gf180mcu_fd_sc_mcu7t5v0__nand3_2 contains 9 device instances.
  Class: pfet_05v0             instances:   3
  Class: nfet_05v0             instances:   6
Circuit contains 12 nets.
Contents of circuit 2:  Circuit: 'gf180mcu_fd_sc_mcu7t5v0__nand3_2'
Circuit gf180mcu_fd_sc_mcu7t5v0__nand3_2 contains 9 device instances.
  Class: pfet_05v0             instances:   3
  Class: nfet_05v0             instances:   6
Circuit contains 12 nets.

Circuit 1 contains 9 devices, Circuit 2 contains 9 devices.
Circuit 1 contains 12 nets,    Circuit 2 contains 12 nets.


Contents of circuit 1:  Circuit: 'gf180mcu_fd_sc_mcu7t5v0__xor2_1'
Circuit gf180mcu_fd_sc_mcu7t5v0__xor2_1 contains 10 device instances.
  Class: pfet_05v0             instances:   5
  Class: nfet_05v0             instances:   5
Circuit contains 11 nets.
Contents of circuit 2:  Circuit: 'gf180mcu_fd_sc_mcu7t5v0__xor2_1'
Circuit gf180mcu_fd_sc_mcu7t5v0__xor2_1 contains 10 device instances.
  Class: pfet_05v0             instances:   5
  Class: nfet_05v0             instances:   5
Circuit contains 11 nets.

Circuit 1 contains 10 devices, Circuit 2 contains 10 devices.
Circuit 1 contains 11 nets,    Circuit 2 contains 11 nets.


Contents of circuit 1:  Circuit: 'gf180mcu_fd_sc_mcu7t5v0__nor3_1'
Circuit gf180mcu_fd_sc_mcu7t5v0__nor3_1 contains 6 device instances.
  Class: pfet_05v0             instances:   3
  Class: nfet_05v0             instances:   3
Circuit contains 10 nets.
Contents of circuit 2:  Circuit: 'gf180mcu_fd_sc_mcu7t5v0__nor3_1'
Circuit gf180mcu_fd_sc_mcu7t5v0__nor3_1 contains 6 device instances.
  Class: pfet_05v0             instances:   3
  Class: nfet_05v0             instances:   3
Circuit contains 10 nets.

Circuit 1 contains 6 devices, Circuit 2 contains 6 devices.
Circuit 1 contains 10 nets,    Circuit 2 contains 10 nets.


Contents of circuit 1:  Circuit: 'gf180mcu_fd_sc_mcu7t5v0__nand3_1'
Circuit gf180mcu_fd_sc_mcu7t5v0__nand3_1 contains 6 device instances.
  Class: pfet_05v0             instances:   3
  Class: nfet_05v0             instances:   3
Circuit contains 10 nets.
Contents of circuit 2:  Circuit: 'gf180mcu_fd_sc_mcu7t5v0__nand3_1'
Circuit gf180mcu_fd_sc_mcu7t5v0__nand3_1 contains 6 device instances.
  Class: pfet_05v0             instances:   3
  Class: nfet_05v0             instances:   3
Circuit contains 10 nets.

Circuit 1 contains 6 devices, Circuit 2 contains 6 devices.
Circuit 1 contains 10 nets,    Circuit 2 contains 10 nets.


Contents of circuit 1:  Circuit: 'gf180mcu_fd_sc_mcu7t5v0__inv_3'
Circuit gf180mcu_fd_sc_mcu7t5v0__inv_3 contains 6 device instances.
  Class: pfet_05v0             instances:   3
  Class: nfet_05v0             instances:   3
Circuit contains 6 nets.
Contents of circuit 2:  Circuit: 'gf180mcu_fd_sc_mcu7t5v0__inv_3'
Circuit gf180mcu_fd_sc_mcu7t5v0__inv_3 contains 6 device instances.
  Class: pfet_05v0             instances:   3
  Class: nfet_05v0             instances:   3
Circuit contains 6 nets.

Circuit was modified by parallel/series device merging.
New circuit summary:

Contents of circuit 1:  Circuit: 'gf180mcu_fd_sc_mcu7t5v0__inv_3'
Circuit gf180mcu_fd_sc_mcu7t5v0__inv_3 contains 2 device instances.
  Class: pfet_05v0             instances:   1
  Class: nfet_05v0             instances:   1
Circuit contains 6 nets.
Contents of circuit 2:  Circuit: 'gf180mcu_fd_sc_mcu7t5v0__inv_3'
Circuit gf180mcu_fd_sc_mcu7t5v0__inv_3 contains 2 device instances.
  Class: pfet_05v0             instances:   1
  Class: nfet_05v0             instances:   1
Circuit contains 6 nets.

Circuit 1 contains 2 devices, Circuit 2 contains 2 devices.
Circuit 1 contains 6 nets,    Circuit 2 contains 6 nets.


Contents of circuit 1:  Circuit: 'gf180mcu_fd_sc_mcu7t5v0__oai32_1'
Circuit gf180mcu_fd_sc_mcu7t5v0__oai32_1 contains 10 device instances.
  Class: pfet_05v0             instances:   5
  Class: nfet_05v0             instances:   5
Circuit contains 14 nets.
Contents of circuit 2:  Circuit: 'gf180mcu_fd_sc_mcu7t5v0__oai32_1'
Circuit gf180mcu_fd_sc_mcu7t5v0__oai32_1 contains 10 device instances.
  Class: pfet_05v0             instances:   5
  Class: nfet_05v0             instances:   5
Circuit contains 14 nets.

Circuit 1 contains 10 devices, Circuit 2 contains 10 devices.
Circuit 1 contains 14 nets,    Circuit 2 contains 14 nets.


Contents of circuit 1:  Circuit: 'gf180mcu_fd_sc_mcu7t5v0__xnor3_1'
Circuit gf180mcu_fd_sc_mcu7t5v0__xnor3_1 contains 20 device instances.
  Class: pfet_05v0             instances:  10
  Class: nfet_05v0             instances:  10
Circuit contains 17 nets.
Contents of circuit 2:  Circuit: 'gf180mcu_fd_sc_mcu7t5v0__xnor3_1'
Circuit gf180mcu_fd_sc_mcu7t5v0__xnor3_1 contains 20 device instances.
  Class: pfet_05v0             instances:  10
  Class: nfet_05v0             instances:  10
Circuit contains 17 nets.

Circuit 1 contains 20 devices, Circuit 2 contains 20 devices.
Circuit 1 contains 17 nets,    Circuit 2 contains 17 nets.


Contents of circuit 1:  Circuit: 'gf180mcu_fd_sc_mcu7t5v0__nor3_4'
Circuit gf180mcu_fd_sc_mcu7t5v0__nor3_4 contains 24 device instances.
  Class: pfet_05v0             instances:  12
  Class: nfet_05v0             instances:  12
Circuit contains 14 nets.
Contents of circuit 2:  Circuit: 'gf180mcu_fd_sc_mcu7t5v0__nor3_4'
Circuit gf180mcu_fd_sc_mcu7t5v0__nor3_4 contains 24 device instances.
  Class: pfet_05v0             instances:  12
  Class: nfet_05v0             instances:  12
Circuit contains 14 nets.

Circuit was modified by parallel/series device merging.
New circuit summary:

Contents of circuit 1:  Circuit: 'gf180mcu_fd_sc_mcu7t5v0__nor3_4'
Circuit gf180mcu_fd_sc_mcu7t5v0__nor3_4 contains 13 device instances.
  Class: pfet_05v0             instances:  10
  Class: nfet_05v0             instances:   3
Circuit contains 14 nets.
Contents of circuit 2:  Circuit: 'gf180mcu_fd_sc_mcu7t5v0__nor3_4'
Circuit gf180mcu_fd_sc_mcu7t5v0__nor3_4 contains 13 device instances.
  Class: pfet_05v0             instances:  10
  Class: nfet_05v0             instances:   3
Circuit contains 14 nets.

Circuit 1 contains 13 devices, Circuit 2 contains 13 devices.
Circuit 1 contains 14 nets,    Circuit 2 contains 14 nets.


Contents of circuit 1:  Circuit: 'gf180mcu_fd_sc_mcu7t5v0__oai21_4'
Circuit gf180mcu_fd_sc_mcu7t5v0__oai21_4 contains 24 device instances.
  Class: pfet_05v0             instances:  12
  Class: nfet_05v0             instances:  12
Circuit contains 13 nets.
Contents of circuit 2:  Circuit: 'gf180mcu_fd_sc_mcu7t5v0__oai21_4'
Circuit gf180mcu_fd_sc_mcu7t5v0__oai21_4 contains 24 device instances.
  Class: pfet_05v0             instances:  12
  Class: nfet_05v0             instances:  12
Circuit contains 13 nets.

Circuit was modified by parallel/series device merging.
New circuit summary:

Contents of circuit 1:  Circuit: 'gf180mcu_fd_sc_mcu7t5v0__oai21_4'
Circuit gf180mcu_fd_sc_mcu7t5v0__oai21_4 contains 12 device instances.
  Class: pfet_05v0             instances:   9
  Class: nfet_05v0             instances:   3
Circuit contains 13 nets.
Contents of circuit 2:  Circuit: 'gf180mcu_fd_sc_mcu7t5v0__oai21_4'
Circuit gf180mcu_fd_sc_mcu7t5v0__oai21_4 contains 12 device instances.
  Class: pfet_05v0             instances:   9
  Class: nfet_05v0             instances:   3
Circuit contains 13 nets.

Circuit 1 contains 12 devices, Circuit 2 contains 12 devices.
Circuit 1 contains 13 nets,    Circuit 2 contains 13 nets.


Contents of circuit 1:  Circuit: 'gf180mcu_fd_sc_mcu7t5v0__oai31_1'
Circuit gf180mcu_fd_sc_mcu7t5v0__oai31_1 contains 8 device instances.
  Class: pfet_05v0             instances:   4
  Class: nfet_05v0             instances:   4
Circuit contains 12 nets.
Contents of circuit 2:  Circuit: 'gf180mcu_fd_sc_mcu7t5v0__oai31_1'
Circuit gf180mcu_fd_sc_mcu7t5v0__oai31_1 contains 8 device instances.
  Class: pfet_05v0             instances:   4
  Class: nfet_05v0             instances:   4
Circuit contains 12 nets.

Circuit 1 contains 8 devices, Circuit 2 contains 8 devices.
Circuit 1 contains 12 nets,    Circuit 2 contains 12 nets.


Contents of circuit 1:  Circuit: 'gf180mcu_fd_sc_mcu7t5v0__aoi222_2'
Circuit gf180mcu_fd_sc_mcu7t5v0__aoi222_2 contains 24 device instances.
  Class: pfet_05v0             instances:  12
  Class: nfet_05v0             instances:  12
Circuit contains 19 nets.
Contents of circuit 2:  Circuit: 'gf180mcu_fd_sc_mcu7t5v0__aoi222_2'
Circuit gf180mcu_fd_sc_mcu7t5v0__aoi222_2 contains 24 device instances.
  Class: pfet_05v0             instances:  12
  Class: nfet_05v0             instances:  12
Circuit contains 19 nets.

Circuit was modified by parallel/series device merging.
New circuit summary:

Contents of circuit 1:  Circuit: 'gf180mcu_fd_sc_mcu7t5v0__aoi222_2'
Circuit gf180mcu_fd_sc_mcu7t5v0__aoi222_2 contains 18 device instances.
  Class: pfet_05v0             instances:   6
  Class: nfet_05v0             instances:  12
Circuit contains 19 nets.
Contents of circuit 2:  Circuit: 'gf180mcu_fd_sc_mcu7t5v0__aoi222_2'
Circuit gf180mcu_fd_sc_mcu7t5v0__aoi222_2 contains 18 device instances.
  Class: pfet_05v0             instances:   6
  Class: nfet_05v0             instances:  12
Circuit contains 19 nets.

Circuit 1 contains 18 devices, Circuit 2 contains 18 devices.
Circuit 1 contains 19 nets,    Circuit 2 contains 19 nets.


Contents of circuit 1:  Circuit: 'gf180mcu_fd_sc_mcu7t5v0__nor3_2'
Circuit gf180mcu_fd_sc_mcu7t5v0__nor3_2 contains 12 device instances.
  Class: pfet_05v0             instances:   6
  Class: nfet_05v0             instances:   6
Circuit contains 12 nets.
Contents of circuit 2:  Circuit: 'gf180mcu_fd_sc_mcu7t5v0__nor3_2'
Circuit gf180mcu_fd_sc_mcu7t5v0__nor3_2 contains 12 device instances.
  Class: pfet_05v0             instances:   6
  Class: nfet_05v0             instances:   6
Circuit contains 12 nets.

Circuit was modified by parallel/series device merging.
New circuit summary:

Contents of circuit 1:  Circuit: 'gf180mcu_fd_sc_mcu7t5v0__nor3_2'
Circuit gf180mcu_fd_sc_mcu7t5v0__nor3_2 contains 9 device instances.
  Class: pfet_05v0             instances:   6
  Class: nfet_05v0             instances:   3
Circuit contains 12 nets.
Contents of circuit 2:  Circuit: 'gf180mcu_fd_sc_mcu7t5v0__nor3_2'
Circuit gf180mcu_fd_sc_mcu7t5v0__nor3_2 contains 9 device instances.
  Class: pfet_05v0             instances:   6
  Class: nfet_05v0             instances:   3
Circuit contains 12 nets.

Circuit 1 contains 9 devices, Circuit 2 contains 9 devices.
Circuit 1 contains 12 nets,    Circuit 2 contains 12 nets.


Contents of circuit 1:  Circuit: 'gf180mcu_fd_sc_mcu7t5v0__aoi21_4'
Circuit gf180mcu_fd_sc_mcu7t5v0__aoi21_4 contains 24 device instances.
  Class: pfet_05v0             instances:  12
  Class: nfet_05v0             instances:  12
Circuit contains 13 nets.
Contents of circuit 2:  Circuit: 'gf180mcu_fd_sc_mcu7t5v0__aoi21_4'
Circuit gf180mcu_fd_sc_mcu7t5v0__aoi21_4 contains 24 device instances.
  Class: pfet_05v0             instances:  12
  Class: nfet_05v0             instances:  12
Circuit contains 13 nets.

Circuit was modified by parallel/series device merging.
New circuit summary:

Contents of circuit 1:  Circuit: 'gf180mcu_fd_sc_mcu7t5v0__aoi21_4'
Circuit gf180mcu_fd_sc_mcu7t5v0__aoi21_4 contains 12 device instances.
  Class: pfet_05v0             instances:   3
  Class: nfet_05v0             instances:   9
Circuit contains 13 nets.
Contents of circuit 2:  Circuit: 'gf180mcu_fd_sc_mcu7t5v0__aoi21_4'
Circuit gf180mcu_fd_sc_mcu7t5v0__aoi21_4 contains 12 device instances.
  Class: pfet_05v0             instances:   3
  Class: nfet_05v0             instances:   9
Circuit contains 13 nets.

Circuit 1 contains 12 devices, Circuit 2 contains 12 devices.
Circuit 1 contains 13 nets,    Circuit 2 contains 13 nets.


Contents of circuit 1:  Circuit: 'gf180mcu_fd_sc_mcu7t5v0__and2_1'
Circuit gf180mcu_fd_sc_mcu7t5v0__and2_1 contains 6 device instances.
  Class: pfet_05v0             instances:   3
  Class: nfet_05v0             instances:   3
Circuit contains 9 nets.
Contents of circuit 2:  Circuit: 'gf180mcu_fd_sc_mcu7t5v0__and2_1'
Circuit gf180mcu_fd_sc_mcu7t5v0__and2_1 contains 6 device instances.
  Class: pfet_05v0             instances:   3
  Class: nfet_05v0             instances:   3
Circuit contains 9 nets.

Circuit 1 contains 6 devices, Circuit 2 contains 6 devices.
Circuit 1 contains 9 nets,    Circuit 2 contains 9 nets.


Contents of circuit 1:  Circuit: 'gf180mcu_fd_sc_mcu7t5v0__aoi211_1'
Circuit gf180mcu_fd_sc_mcu7t5v0__aoi211_1 contains 8 device instances.
  Class: pfet_05v0             instances:   4
  Class: nfet_05v0             instances:   4
Circuit contains 12 nets.
Contents of circuit 2:  Circuit: 'gf180mcu_fd_sc_mcu7t5v0__aoi211_1'
Circuit gf180mcu_fd_sc_mcu7t5v0__aoi211_1 contains 8 device instances.
  Class: pfet_05v0             instances:   4
  Class: nfet_05v0             instances:   4
Circuit contains 12 nets.

Circuit 1 contains 8 devices, Circuit 2 contains 8 devices.
Circuit 1 contains 12 nets,    Circuit 2 contains 12 nets.


Contents of circuit 1:  Circuit: 'gf180mcu_fd_sc_mcu7t5v0__aoi21_1'
Circuit gf180mcu_fd_sc_mcu7t5v0__aoi21_1 contains 6 device instances.
  Class: pfet_05v0             instances:   3
  Class: nfet_05v0             instances:   3
Circuit contains 10 nets.
Contents of circuit 2:  Circuit: 'gf180mcu_fd_sc_mcu7t5v0__aoi21_1'
Circuit gf180mcu_fd_sc_mcu7t5v0__aoi21_1 contains 6 device instances.
  Class: pfet_05v0             instances:   3
  Class: nfet_05v0             instances:   3
Circuit contains 10 nets.

Circuit 1 contains 6 devices, Circuit 2 contains 6 devices.
Circuit 1 contains 10 nets,    Circuit 2 contains 10 nets.


Contents of circuit 1:  Circuit: 'gf180mcu_fd_sc_mcu7t5v0__oai33_2'
Circuit gf180mcu_fd_sc_mcu7t5v0__oai33_2 contains 24 device instances.
  Class: pfet_05v0             instances:  12
  Class: nfet_05v0             instances:  12
Circuit contains 20 nets.
Contents of circuit 2:  Circuit: 'gf180mcu_fd_sc_mcu7t5v0__oai33_2'
Circuit gf180mcu_fd_sc_mcu7t5v0__oai33_2 contains 24 device instances.
  Class: pfet_05v0             instances:  12
  Class: nfet_05v0             instances:  12
Circuit contains 20 nets.

Circuit was modified by parallel/series device merging.
New circuit summary:

Contents of circuit 1:  Circuit: 'gf180mcu_fd_sc_mcu7t5v0__oai33_2'
Circuit gf180mcu_fd_sc_mcu7t5v0__oai33_2 contains 18 device instances.
  Class: pfet_05v0             instances:  12
  Class: nfet_05v0             instances:   6
Circuit contains 20 nets.
Contents of circuit 2:  Circuit: 'gf180mcu_fd_sc_mcu7t5v0__oai33_2'
Circuit gf180mcu_fd_sc_mcu7t5v0__oai33_2 contains 18 device instances.
  Class: pfet_05v0             instances:  12
  Class: nfet_05v0             instances:   6
Circuit contains 20 nets.

Circuit 1 contains 18 devices, Circuit 2 contains 18 devices.
Circuit 1 contains 20 nets,    Circuit 2 contains 20 nets.


Contents of circuit 1:  Circuit: 'gf180mcu_fd_sc_mcu7t5v0__oai21_1'
Circuit gf180mcu_fd_sc_mcu7t5v0__oai21_1 contains 6 device instances.
  Class: pfet_05v0             instances:   3
  Class: nfet_05v0             instances:   3
Circuit contains 10 nets.
Contents of circuit 2:  Circuit: 'gf180mcu_fd_sc_mcu7t5v0__oai21_1'
Circuit gf180mcu_fd_sc_mcu7t5v0__oai21_1 contains 6 device instances.
  Class: pfet_05v0             instances:   3
  Class: nfet_05v0             instances:   3
Circuit contains 10 nets.

Circuit 1 contains 6 devices, Circuit 2 contains 6 devices.
Circuit 1 contains 10 nets,    Circuit 2 contains 10 nets.


Contents of circuit 1:  Circuit: 'gf180mcu_fd_sc_mcu7t5v0__nor2_1'
Circuit gf180mcu_fd_sc_mcu7t5v0__nor2_1 contains 4 device instances.
  Class: pfet_05v0             instances:   2
  Class: nfet_05v0             instances:   2
Circuit contains 8 nets.
Contents of circuit 2:  Circuit: 'gf180mcu_fd_sc_mcu7t5v0__nor2_1'
Circuit gf180mcu_fd_sc_mcu7t5v0__nor2_1 contains 4 device instances.
  Class: pfet_05v0             instances:   2
  Class: nfet_05v0             instances:   2
Circuit contains 8 nets.

Circuit 1 contains 4 devices, Circuit 2 contains 4 devices.
Circuit 1 contains 8 nets,    Circuit 2 contains 8 nets.


Contents of circuit 1:  Circuit: 'gf180mcu_fd_sc_mcu7t5v0__aoi21_2'
Circuit gf180mcu_fd_sc_mcu7t5v0__aoi21_2 contains 12 device instances.
  Class: pfet_05v0             instances:   6
  Class: nfet_05v0             instances:   6
Circuit contains 11 nets.
Contents of circuit 2:  Circuit: 'gf180mcu_fd_sc_mcu7t5v0__aoi21_2'
Circuit gf180mcu_fd_sc_mcu7t5v0__aoi21_2 contains 12 device instances.
  Class: pfet_05v0             instances:   6
  Class: nfet_05v0             instances:   6
Circuit contains 11 nets.

Circuit was modified by parallel/series device merging.
New circuit summary:

Contents of circuit 1:  Circuit: 'gf180mcu_fd_sc_mcu7t5v0__aoi21_2'
Circuit gf180mcu_fd_sc_mcu7t5v0__aoi21_2 contains 8 device instances.
  Class: pfet_05v0             instances:   3
  Class: nfet_05v0             instances:   5
Circuit contains 11 nets.
Contents of circuit 2:  Circuit: 'gf180mcu_fd_sc_mcu7t5v0__aoi21_2'
Circuit gf180mcu_fd_sc_mcu7t5v0__aoi21_2 contains 8 device instances.
  Class: pfet_05v0             instances:   3
  Class: nfet_05v0             instances:   5
Circuit contains 11 nets.

Circuit 1 contains 8 devices, Circuit 2 contains 8 devices.
Circuit 1 contains 11 nets,    Circuit 2 contains 11 nets.


Contents of circuit 1:  Circuit: 'gf180mcu_fd_sc_mcu7t5v0__xor2_2'
Circuit gf180mcu_fd_sc_mcu7t5v0__xor2_2 contains 14 device instances.
  Class: pfet_05v0             instances:   7
  Class: nfet_05v0             instances:   7
Circuit contains 12 nets.
Contents of circuit 2:  Circuit: 'gf180mcu_fd_sc_mcu7t5v0__xor2_2'
Circuit gf180mcu_fd_sc_mcu7t5v0__xor2_2 contains 14 device instances.
  Class: pfet_05v0             instances:   7
  Class: nfet_05v0             instances:   7
Circuit contains 12 nets.

Circuit was modified by parallel/series device merging.
New circuit summary:

Contents of circuit 1:  Circuit: 'gf180mcu_fd_sc_mcu7t5v0__xor2_2'
Circuit gf180mcu_fd_sc_mcu7t5v0__xor2_2 contains 12 device instances.
  Class: pfet_05v0             instances:   6
  Class: nfet_05v0             instances:   6
Circuit contains 12 nets.
Contents of circuit 2:  Circuit: 'gf180mcu_fd_sc_mcu7t5v0__xor2_2'
Circuit gf180mcu_fd_sc_mcu7t5v0__xor2_2 contains 12 device instances.
  Class: pfet_05v0             instances:   6
  Class: nfet_05v0             instances:   6
Circuit contains 12 nets.

Circuit 1 contains 12 devices, Circuit 2 contains 12 devices.
Circuit 1 contains 12 nets,    Circuit 2 contains 12 nets.


Contents of circuit 1:  Circuit: 'gf180mcu_fd_sc_mcu7t5v0__oai211_2'
Circuit gf180mcu_fd_sc_mcu7t5v0__oai211_2 contains 16 device instances.
  Class: pfet_05v0             instances:   8
  Class: nfet_05v0             instances:   8
Circuit contains 14 nets.
Contents of circuit 2:  Circuit: 'gf180mcu_fd_sc_mcu7t5v0__oai211_2'
Circuit gf180mcu_fd_sc_mcu7t5v0__oai211_2 contains 16 device instances.
  Class: pfet_05v0             instances:   8
  Class: nfet_05v0             instances:   8
Circuit contains 14 nets.

Circuit was modified by parallel/series device merging.
New circuit summary:

Contents of circuit 1:  Circuit: 'gf180mcu_fd_sc_mcu7t5v0__oai211_2'
Circuit gf180mcu_fd_sc_mcu7t5v0__oai211_2 contains 12 device instances.
  Class: pfet_05v0             instances:   6
  Class: nfet_05v0             instances:   6
Circuit contains 14 nets.
Contents of circuit 2:  Circuit: 'gf180mcu_fd_sc_mcu7t5v0__oai211_2'
Circuit gf180mcu_fd_sc_mcu7t5v0__oai211_2 contains 12 device instances.
  Class: pfet_05v0             instances:   6
  Class: nfet_05v0             instances:   6
Circuit contains 14 nets.

Circuit 1 contains 12 devices, Circuit 2 contains 12 devices.
Circuit 1 contains 14 nets,    Circuit 2 contains 14 nets.


Contents of circuit 1:  Circuit: 'gf180mcu_fd_sc_mcu7t5v0__mux4_4'
Circuit gf180mcu_fd_sc_mcu7t5v0__mux4_4 contains 32 device instances.
  Class: pfet_05v0             instances:  16
  Class: nfet_05v0             instances:  16
Circuit contains 20 nets.
Contents of circuit 2:  Circuit: 'gf180mcu_fd_sc_mcu7t5v0__mux4_4'
Circuit gf180mcu_fd_sc_mcu7t5v0__mux4_4 contains 32 device instances.
  Class: pfet_05v0             instances:  16
  Class: nfet_05v0             instances:  16
Circuit contains 20 nets.

Circuit was modified by parallel/series device merging.
New circuit summary:

Contents of circuit 1:  Circuit: 'gf180mcu_fd_sc_mcu7t5v0__mux4_4'
Circuit gf180mcu_fd_sc_mcu7t5v0__mux4_4 contains 26 device instances.
  Class: pfet_05v0             instances:  13
  Class: nfet_05v0             instances:  13
Circuit contains 20 nets.
Contents of circuit 2:  Circuit: 'gf180mcu_fd_sc_mcu7t5v0__mux4_4'
Circuit gf180mcu_fd_sc_mcu7t5v0__mux4_4 contains 26 device instances.
  Class: pfet_05v0             instances:  13
  Class: nfet_05v0             instances:  13
Circuit contains 20 nets.

Circuit 1 contains 26 devices, Circuit 2 contains 26 devices.
Circuit 1 contains 20 nets,    Circuit 2 contains 20 nets.


Contents of circuit 1:  Circuit: 'gf180mcu_fd_sc_mcu7t5v0__oai21_2'
Circuit gf180mcu_fd_sc_mcu7t5v0__oai21_2 contains 12 device instances.
  Class: pfet_05v0             instances:   6
  Class: nfet_05v0             instances:   6
Circuit contains 11 nets.
Contents of circuit 2:  Circuit: 'gf180mcu_fd_sc_mcu7t5v0__oai21_2'
Circuit gf180mcu_fd_sc_mcu7t5v0__oai21_2 contains 12 device instances.
  Class: pfet_05v0             instances:   6
  Class: nfet_05v0             instances:   6
Circuit contains 11 nets.

Circuit was modified by parallel/series device merging.
New circuit summary:

Contents of circuit 1:  Circuit: 'gf180mcu_fd_sc_mcu7t5v0__oai21_2'
Circuit gf180mcu_fd_sc_mcu7t5v0__oai21_2 contains 8 device instances.
  Class: pfet_05v0             instances:   5
  Class: nfet_05v0             instances:   3
Circuit contains 11 nets.
Contents of circuit 2:  Circuit: 'gf180mcu_fd_sc_mcu7t5v0__oai21_2'
Circuit gf180mcu_fd_sc_mcu7t5v0__oai21_2 contains 8 device instances.
  Class: pfet_05v0             instances:   5
  Class: nfet_05v0             instances:   3
Circuit contains 11 nets.

Circuit 1 contains 8 devices, Circuit 2 contains 8 devices.
Circuit 1 contains 11 nets,    Circuit 2 contains 11 nets.


Contents of circuit 1:  Circuit: 'gf180mcu_fd_sc_mcu7t5v0__or3_1'
Circuit gf180mcu_fd_sc_mcu7t5v0__or3_1 contains 8 device instances.
  Class: pfet_05v0             instances:   4
  Class: nfet_05v0             instances:   4
Circuit contains 11 nets.
Contents of circuit 2:  Circuit: 'gf180mcu_fd_sc_mcu7t5v0__or3_1'
Circuit gf180mcu_fd_sc_mcu7t5v0__or3_1 contains 8 device instances.
  Class: pfet_05v0             instances:   4
  Class: nfet_05v0             instances:   4
Circuit contains 11 nets.

Circuit 1 contains 8 devices, Circuit 2 contains 8 devices.
Circuit 1 contains 11 nets,    Circuit 2 contains 11 nets.


Contents of circuit 1:  Circuit: 'gf180mcu_fd_sc_mcu7t5v0__tiel'
Circuit gf180mcu_fd_sc_mcu7t5v0__tiel contains 2 device instances.
  Class: pfet_05v0             instances:   1
  Class: nfet_05v0             instances:   1
Circuit contains 6 nets.
Contents of circuit 2:  Circuit: 'gf180mcu_fd_sc_mcu7t5v0__tiel'
Circuit gf180mcu_fd_sc_mcu7t5v0__tiel contains 2 device instances.
  Class: pfet_05v0             instances:   1
  Class: nfet_05v0             instances:   1
Circuit contains 6 nets.

Circuit 1 contains 2 devices, Circuit 2 contains 2 devices.
Circuit 1 contains 6 nets,    Circuit 2 contains 6 nets.


Contents of circuit 1:  Circuit: 'gf180mcu_fd_sc_mcu7t5v0__xor3_1'
Circuit gf180mcu_fd_sc_mcu7t5v0__xor3_1 contains 20 device instances.
  Class: pfet_05v0             instances:  10
  Class: nfet_05v0             instances:  10
Circuit contains 17 nets.
Contents of circuit 2:  Circuit: 'gf180mcu_fd_sc_mcu7t5v0__xor3_1'
Circuit gf180mcu_fd_sc_mcu7t5v0__xor3_1 contains 20 device instances.
  Class: pfet_05v0             instances:  10
  Class: nfet_05v0             instances:  10
Circuit contains 17 nets.

Circuit 1 contains 20 devices, Circuit 2 contains 20 devices.
Circuit 1 contains 17 nets,    Circuit 2 contains 17 nets.


Contents of circuit 1:  Circuit: 'gf180mcu_fd_sc_mcu7t5v0__nand3_4'
Circuit gf180mcu_fd_sc_mcu7t5v0__nand3_4 contains 24 device instances.
  Class: pfet_05v0             instances:  12
  Class: nfet_05v0             instances:  12
Circuit contains 14 nets.
Contents of circuit 2:  Circuit: 'gf180mcu_fd_sc_mcu7t5v0__nand3_4'
Circuit gf180mcu_fd_sc_mcu7t5v0__nand3_4 contains 24 device instances.
  Class: pfet_05v0             instances:  12
  Class: nfet_05v0             instances:  12
Circuit contains 14 nets.

Circuit was modified by parallel/series device merging.
New circuit summary:

Contents of circuit 1:  Circuit: 'gf180mcu_fd_sc_mcu7t5v0__nand3_4'
Circuit gf180mcu_fd_sc_mcu7t5v0__nand3_4 contains 13 device instances.
  Class: pfet_05v0             instances:   3
  Class: nfet_05v0             instances:  10
Circuit contains 14 nets.
Contents of circuit 2:  Circuit: 'gf180mcu_fd_sc_mcu7t5v0__nand3_4'
Circuit gf180mcu_fd_sc_mcu7t5v0__nand3_4 contains 13 device instances.
  Class: pfet_05v0             instances:   3
  Class: nfet_05v0             instances:  10
Circuit contains 14 nets.

Circuit 1 contains 13 devices, Circuit 2 contains 13 devices.
Circuit 1 contains 14 nets,    Circuit 2 contains 14 nets.


Contents of circuit 1:  Circuit: 'gf180mcu_fd_sc_mcu7t5v0__oai22_1'
Circuit gf180mcu_fd_sc_mcu7t5v0__oai22_1 contains 8 device instances.
  Class: pfet_05v0             instances:   4
  Class: nfet_05v0             instances:   4
Circuit contains 12 nets.
Contents of circuit 2:  Circuit: 'gf180mcu_fd_sc_mcu7t5v0__oai22_1'
Circuit gf180mcu_fd_sc_mcu7t5v0__oai22_1 contains 8 device instances.
  Class: pfet_05v0             instances:   4
  Class: nfet_05v0             instances:   4
Circuit contains 12 nets.

Circuit 1 contains 8 devices, Circuit 2 contains 8 devices.
Circuit 1 contains 12 nets,    Circuit 2 contains 12 nets.


Contents of circuit 1:  Circuit: 'gf180mcu_fd_sc_mcu7t5v0__aoi22_1'
Circuit gf180mcu_fd_sc_mcu7t5v0__aoi22_1 contains 8 device instances.
  Class: pfet_05v0             instances:   4
  Class: nfet_05v0             instances:   4
Circuit contains 12 nets.
Contents of circuit 2:  Circuit: 'gf180mcu_fd_sc_mcu7t5v0__aoi22_1'
Circuit gf180mcu_fd_sc_mcu7t5v0__aoi22_1 contains 8 device instances.
  Class: pfet_05v0             instances:   4
  Class: nfet_05v0             instances:   4
Circuit contains 12 nets.

Circuit 1 contains 8 devices, Circuit 2 contains 8 devices.
Circuit 1 contains 12 nets,    Circuit 2 contains 12 nets.


Contents of circuit 1:  Circuit: 'gf180mcu_fd_sc_mcu7t5v0__tieh'
Circuit gf180mcu_fd_sc_mcu7t5v0__tieh contains 2 device instances.
  Class: pfet_05v0             instances:   1
  Class: nfet_05v0             instances:   1
Circuit contains 6 nets.
Contents of circuit 2:  Circuit: 'gf180mcu_fd_sc_mcu7t5v0__tieh'
Circuit gf180mcu_fd_sc_mcu7t5v0__tieh contains 2 device instances.
  Class: pfet_05v0             instances:   1
  Class: nfet_05v0             instances:   1
Circuit contains 6 nets.

Circuit 1 contains 2 devices, Circuit 2 contains 2 devices.
Circuit 1 contains 6 nets,    Circuit 2 contains 6 nets.


Contents of circuit 1:  Circuit: 'gf180mcu_fd_sc_mcu7t5v0__dffq_2'
Circuit gf180mcu_fd_sc_mcu7t5v0__dffq_2 contains 26 device instances.
  Class: pfet_05v0             instances:  13
  Class: nfet_05v0             instances:  13
Circuit contains 19 nets.
Contents of circuit 2:  Circuit: 'gf180mcu_fd_sc_mcu7t5v0__dffq_2'
Circuit gf180mcu_fd_sc_mcu7t5v0__dffq_2 contains 26 device instances.
  Class: pfet_05v0             instances:  13
  Class: nfet_05v0             instances:  13
Circuit contains 19 nets.

Circuit was modified by parallel/series device merging.
New circuit summary:

Contents of circuit 1:  Circuit: 'gf180mcu_fd_sc_mcu7t5v0__dffq_2'
Circuit gf180mcu_fd_sc_mcu7t5v0__dffq_2 contains 24 device instances.
  Class: pfet_05v0             instances:  12
  Class: nfet_05v0             instances:  12
Circuit contains 19 nets.
Contents of circuit 2:  Circuit: 'gf180mcu_fd_sc_mcu7t5v0__dffq_2'
Circuit gf180mcu_fd_sc_mcu7t5v0__dffq_2 contains 24 device instances.
  Class: pfet_05v0             instances:  12
  Class: nfet_05v0             instances:  12
Circuit contains 19 nets.

Circuit 1 contains 24 devices, Circuit 2 contains 24 devices.
Circuit 1 contains 19 nets,    Circuit 2 contains 19 nets.


Contents of circuit 1:  Circuit: 'gf180mcu_fd_sc_mcu7t5v0__inv_20'
Circuit gf180mcu_fd_sc_mcu7t5v0__inv_20 contains 40 device instances.
  Class: pfet_05v0             instances:  20
  Class: nfet_05v0             instances:  20
Circuit contains 6 nets.
Contents of circuit 2:  Circuit: 'gf180mcu_fd_sc_mcu7t5v0__inv_20'
Circuit gf180mcu_fd_sc_mcu7t5v0__inv_20 contains 40 device instances.
  Class: pfet_05v0             instances:  20
  Class: nfet_05v0             instances:  20
Circuit contains 6 nets.

Circuit was modified by parallel/series device merging.
New circuit summary:

Contents of circuit 1:  Circuit: 'gf180mcu_fd_sc_mcu7t5v0__inv_20'
Circuit gf180mcu_fd_sc_mcu7t5v0__inv_20 contains 2 device instances.
  Class: pfet_05v0             instances:   1
  Class: nfet_05v0             instances:   1
Circuit contains 6 nets.
Contents of circuit 2:  Circuit: 'gf180mcu_fd_sc_mcu7t5v0__inv_20'
Circuit gf180mcu_fd_sc_mcu7t5v0__inv_20 contains 2 device instances.
  Class: pfet_05v0             instances:   1
  Class: nfet_05v0             instances:   1
Circuit contains 6 nets.

Circuit 1 contains 2 devices, Circuit 2 contains 2 devices.
Circuit 1 contains 6 nets,    Circuit 2 contains 6 nets.


Contents of circuit 1:  Circuit: 'gf180mcu_fd_sc_mcu7t5v0__nor2_4'
Circuit gf180mcu_fd_sc_mcu7t5v0__nor2_4 contains 16 device instances.
  Class: pfet_05v0             instances:   8
  Class: nfet_05v0             instances:   8
Circuit contains 11 nets.
Contents of circuit 2:  Circuit: 'gf180mcu_fd_sc_mcu7t5v0__nor2_4'
Circuit gf180mcu_fd_sc_mcu7t5v0__nor2_4 contains 16 device instances.
  Class: pfet_05v0             instances:   8
  Class: nfet_05v0             instances:   8
Circuit contains 11 nets.

Circuit was modified by parallel/series device merging.
New circuit summary:

Contents of circuit 1:  Circuit: 'gf180mcu_fd_sc_mcu7t5v0__nor2_4'
Circuit gf180mcu_fd_sc_mcu7t5v0__nor2_4 contains 10 device instances.
  Class: pfet_05v0             instances:   8
  Class: nfet_05v0             instances:   2
Circuit contains 11 nets.
Contents of circuit 2:  Circuit: 'gf180mcu_fd_sc_mcu7t5v0__nor2_4'
Circuit gf180mcu_fd_sc_mcu7t5v0__nor2_4 contains 10 device instances.
  Class: pfet_05v0             instances:   8
  Class: nfet_05v0             instances:   2
Circuit contains 11 nets.

Circuit 1 contains 10 devices, Circuit 2 contains 10 devices.
Circuit 1 contains 11 nets,    Circuit 2 contains 11 nets.


Contents of circuit 1:  Circuit: 'gf180mcu_fd_sc_mcu7t5v0__inv_1'
Circuit gf180mcu_fd_sc_mcu7t5v0__inv_1 contains 2 device instances.
  Class: pfet_05v0             instances:   1
  Class: nfet_05v0             instances:   1
Circuit contains 6 nets.
Contents of circuit 2:  Circuit: 'gf180mcu_fd_sc_mcu7t5v0__inv_1'
Circuit gf180mcu_fd_sc_mcu7t5v0__inv_1 contains 2 device instances.
  Class: pfet_05v0             instances:   1
  Class: nfet_05v0             instances:   1
Circuit contains 6 nets.

Circuit 1 contains 2 devices, Circuit 2 contains 2 devices.
Circuit 1 contains 6 nets,    Circuit 2 contains 6 nets.


Contents of circuit 1:  Circuit: 'gf180mcu_fd_sc_mcu7t5v0__buf_12'
Circuit gf180mcu_fd_sc_mcu7t5v0__buf_12 contains 36 device instances.
  Class: pfet_05v0             instances:  18
  Class: nfet_05v0             instances:  18
Circuit contains 7 nets.
Contents of circuit 2:  Circuit: 'gf180mcu_fd_sc_mcu7t5v0__buf_12'
Circuit gf180mcu_fd_sc_mcu7t5v0__buf_12 contains 36 device instances.
  Class: pfet_05v0             instances:  18
  Class: nfet_05v0             instances:  18
Circuit contains 7 nets.

Circuit was modified by parallel/series device merging.
New circuit summary:

Contents of circuit 1:  Circuit: 'gf180mcu_fd_sc_mcu7t5v0__buf_12'
Circuit gf180mcu_fd_sc_mcu7t5v0__buf_12 contains 4 device instances.
  Class: pfet_05v0             instances:   2
  Class: nfet_05v0             instances:   2
Circuit contains 7 nets.
Contents of circuit 2:  Circuit: 'gf180mcu_fd_sc_mcu7t5v0__buf_12'
Circuit gf180mcu_fd_sc_mcu7t5v0__buf_12 contains 4 device instances.
  Class: pfet_05v0             instances:   2
  Class: nfet_05v0             instances:   2
Circuit contains 7 nets.

Circuit 1 contains 4 devices, Circuit 2 contains 4 devices.
Circuit 1 contains 7 nets,    Circuit 2 contains 7 nets.


Contents of circuit 1:  Circuit: 'gf180mcu_fd_sc_mcu7t5v0__nor4_1'
Circuit gf180mcu_fd_sc_mcu7t5v0__nor4_1 contains 8 device instances.
  Class: pfet_05v0             instances:   4
  Class: nfet_05v0             instances:   4
Circuit contains 12 nets.
Contents of circuit 2:  Circuit: 'gf180mcu_fd_sc_mcu7t5v0__nor4_1'
Circuit gf180mcu_fd_sc_mcu7t5v0__nor4_1 contains 8 device instances.
  Class: pfet_05v0             instances:   4
  Class: nfet_05v0             instances:   4
Circuit contains 12 nets.

Circuit 1 contains 8 devices, Circuit 2 contains 8 devices.
Circuit 1 contains 12 nets,    Circuit 2 contains 12 nets.


Contents of circuit 1:  Circuit: 'gf180mcu_fd_sc_mcu7t5v0__clkinv_2'
Circuit gf180mcu_fd_sc_mcu7t5v0__clkinv_2 contains 4 device instances.
  Class: pfet_05v0             instances:   2
  Class: nfet_05v0             instances:   2
Circuit contains 6 nets.
Contents of circuit 2:  Circuit: 'gf180mcu_fd_sc_mcu7t5v0__clkinv_2'
Circuit gf180mcu_fd_sc_mcu7t5v0__clkinv_2 contains 4 device instances.
  Class: pfet_05v0             instances:   2
  Class: nfet_05v0             instances:   2
Circuit contains 6 nets.

Circuit was modified by parallel/series device merging.
New circuit summary:

Contents of circuit 1:  Circuit: 'gf180mcu_fd_sc_mcu7t5v0__clkinv_2'
Circuit gf180mcu_fd_sc_mcu7t5v0__clkinv_2 contains 2 device instances.
  Class: pfet_05v0             instances:   1
  Class: nfet_05v0             instances:   1
Circuit contains 6 nets.
Contents of circuit 2:  Circuit: 'gf180mcu_fd_sc_mcu7t5v0__clkinv_2'
Circuit gf180mcu_fd_sc_mcu7t5v0__clkinv_2 contains 2 device instances.
  Class: pfet_05v0             instances:   1
  Class: nfet_05v0             instances:   1
Circuit contains 6 nets.

Circuit 1 contains 2 devices, Circuit 2 contains 2 devices.
Circuit 1 contains 6 nets,    Circuit 2 contains 6 nets.


Contents of circuit 1:  Circuit: 'gf180mcu_fd_sc_mcu7t5v0__and2_4'
Circuit gf180mcu_fd_sc_mcu7t5v0__and2_4 contains 16 device instances.
  Class: pfet_05v0             instances:   8
  Class: nfet_05v0             instances:   8
Circuit contains 10 nets.
Contents of circuit 2:  Circuit: 'gf180mcu_fd_sc_mcu7t5v0__and2_4'
Circuit gf180mcu_fd_sc_mcu7t5v0__and2_4 contains 16 device instances.
  Class: pfet_05v0             instances:   8
  Class: nfet_05v0             instances:   8
Circuit contains 10 nets.

Circuit was modified by parallel/series device merging.
New circuit summary:

Contents of circuit 1:  Circuit: 'gf180mcu_fd_sc_mcu7t5v0__and2_4'
Circuit gf180mcu_fd_sc_mcu7t5v0__and2_4 contains 8 device instances.
  Class: pfet_05v0             instances:   3
  Class: nfet_05v0             instances:   5
Circuit contains 10 nets.
Contents of circuit 2:  Circuit: 'gf180mcu_fd_sc_mcu7t5v0__and2_4'
Circuit gf180mcu_fd_sc_mcu7t5v0__and2_4 contains 8 device instances.
  Class: pfet_05v0             instances:   3
  Class: nfet_05v0             instances:   5
Circuit contains 10 nets.

Circuit 1 contains 8 devices, Circuit 2 contains 8 devices.
Circuit 1 contains 10 nets,    Circuit 2 contains 10 nets.


Contents of circuit 1:  Circuit: 'gf180mcu_fd_sc_mcu7t5v0__nand4_1'
Circuit gf180mcu_fd_sc_mcu7t5v0__nand4_1 contains 8 device instances.
  Class: pfet_05v0             instances:   4
  Class: nfet_05v0             instances:   4
Circuit contains 12 nets.
Contents of circuit 2:  Circuit: 'gf180mcu_fd_sc_mcu7t5v0__nand4_1'
Circuit gf180mcu_fd_sc_mcu7t5v0__nand4_1 contains 8 device instances.
  Class: pfet_05v0             instances:   4
  Class: nfet_05v0             instances:   4
Circuit contains 12 nets.

Circuit 1 contains 8 devices, Circuit 2 contains 8 devices.
Circuit 1 contains 12 nets,    Circuit 2 contains 12 nets.


Contents of circuit 1:  Circuit: 'gf180mcu_fd_sc_mcu7t5v0__aoi221_4'
Circuit gf180mcu_fd_sc_mcu7t5v0__aoi221_4 contains 40 device instances.
  Class: pfet_05v0             instances:  20
  Class: nfet_05v0             instances:  20
Circuit contains 20 nets.
Contents of circuit 2:  Circuit: 'gf180mcu_fd_sc_mcu7t5v0__aoi221_4'
Circuit gf180mcu_fd_sc_mcu7t5v0__aoi221_4 contains 40 device instances.
  Class: pfet_05v0             instances:  20
  Class: nfet_05v0             instances:  20
Circuit contains 20 nets.

Circuit was modified by parallel/series device merging.
New circuit summary:

Contents of circuit 1:  Circuit: 'gf180mcu_fd_sc_mcu7t5v0__aoi221_4'
Circuit gf180mcu_fd_sc_mcu7t5v0__aoi221_4 contains 22 device instances.
  Class: pfet_05v0             instances:   5
  Class: nfet_05v0             instances:  17
Circuit contains 20 nets.
Contents of circuit 2:  Circuit: 'gf180mcu_fd_sc_mcu7t5v0__aoi221_4'
Circuit gf180mcu_fd_sc_mcu7t5v0__aoi221_4 contains 22 device instances.
  Class: pfet_05v0             instances:   5
  Class: nfet_05v0             instances:  17
Circuit contains 20 nets.

Circuit 1 contains 22 devices, Circuit 2 contains 22 devices.
Circuit 1 contains 20 nets,    Circuit 2 contains 20 nets.


Contents of circuit 1:  Circuit: 'gf180mcu_fd_sc_mcu7t5v0__and4_1'
Circuit gf180mcu_fd_sc_mcu7t5v0__and4_1 contains 10 device instances.
  Class: pfet_05v0             instances:   5
  Class: nfet_05v0             instances:   5
Circuit contains 13 nets.
Contents of circuit 2:  Circuit: 'gf180mcu_fd_sc_mcu7t5v0__and4_1'
Circuit gf180mcu_fd_sc_mcu7t5v0__and4_1 contains 10 device instances.
  Class: pfet_05v0             instances:   5
  Class: nfet_05v0             instances:   5
Circuit contains 13 nets.

Circuit 1 contains 10 devices, Circuit 2 contains 10 devices.
Circuit 1 contains 13 nets,    Circuit 2 contains 13 nets.


Contents of circuit 1:  Circuit: 'gf180mcu_fd_sc_mcu7t5v0__xnor2_1'
Circuit gf180mcu_fd_sc_mcu7t5v0__xnor2_1 contains 10 device instances.
  Class: pfet_05v0             instances:   5
  Class: nfet_05v0             instances:   5
Circuit contains 11 nets.
Contents of circuit 2:  Circuit: 'gf180mcu_fd_sc_mcu7t5v0__xnor2_1'
Circuit gf180mcu_fd_sc_mcu7t5v0__xnor2_1 contains 10 device instances.
  Class: pfet_05v0             instances:   5
  Class: nfet_05v0             instances:   5
Circuit contains 11 nets.

Circuit 1 contains 10 devices, Circuit 2 contains 10 devices.
Circuit 1 contains 11 nets,    Circuit 2 contains 11 nets.


Contents of circuit 1:  Circuit: 'gf180mcu_fd_sc_mcu7t5v0__oai32_4'
Circuit gf180mcu_fd_sc_mcu7t5v0__oai32_4 contains 40 device instances.
  Class: pfet_05v0             instances:  20
  Class: nfet_05v0             instances:  20
Circuit contains 21 nets.
Contents of circuit 2:  Circuit: 'gf180mcu_fd_sc_mcu7t5v0__oai32_4'
Circuit gf180mcu_fd_sc_mcu7t5v0__oai32_4 contains 40 device instances.
  Class: pfet_05v0             instances:  20
  Class: nfet_05v0             instances:  20
Circuit contains 21 nets.

Circuit was modified by parallel/series device merging.
New circuit summary:

Contents of circuit 1:  Circuit: 'gf180mcu_fd_sc_mcu7t5v0__oai32_4'
Circuit gf180mcu_fd_sc_mcu7t5v0__oai32_4 contains 23 device instances.
  Class: pfet_05v0             instances:  18
  Class: nfet_05v0             instances:   5
Circuit contains 21 nets.
Contents of circuit 2:  Circuit: 'gf180mcu_fd_sc_mcu7t5v0__oai32_4'
Circuit gf180mcu_fd_sc_mcu7t5v0__oai32_4 contains 23 device instances.
  Class: pfet_05v0             instances:  18
  Class: nfet_05v0             instances:   5
Circuit contains 21 nets.

Circuit 1 contains 23 devices, Circuit 2 contains 23 devices.
Circuit 1 contains 21 nets,    Circuit 2 contains 21 nets.


Contents of circuit 1:  Circuit: 'gf180mcu_fd_sc_mcu7t5v0__oai221_1'
Circuit gf180mcu_fd_sc_mcu7t5v0__oai221_1 contains 10 device instances.
  Class: pfet_05v0             instances:   5
  Class: nfet_05v0             instances:   5
Circuit contains 14 nets.
Contents of circuit 2:  Circuit: 'gf180mcu_fd_sc_mcu7t5v0__oai221_1'
Circuit gf180mcu_fd_sc_mcu7t5v0__oai221_1 contains 10 device instances.
  Class: pfet_05v0             instances:   5
  Class: nfet_05v0             instances:   5
Circuit contains 14 nets.

Circuit 1 contains 10 devices, Circuit 2 contains 10 devices.
Circuit 1 contains 14 nets,    Circuit 2 contains 14 nets.


Contents of circuit 1:  Circuit: 'gf180mcu_fd_sc_mcu7t5v0__nor2_2'
Circuit gf180mcu_fd_sc_mcu7t5v0__nor2_2 contains 8 device instances.
  Class: pfet_05v0             instances:   4
  Class: nfet_05v0             instances:   4
Circuit contains 9 nets.
Contents of circuit 2:  Circuit: 'gf180mcu_fd_sc_mcu7t5v0__nor2_2'
Circuit gf180mcu_fd_sc_mcu7t5v0__nor2_2 contains 8 device instances.
  Class: pfet_05v0             instances:   4
  Class: nfet_05v0             instances:   4
Circuit contains 9 nets.

Circuit was modified by parallel/series device merging.
New circuit summary:

Contents of circuit 1:  Circuit: 'gf180mcu_fd_sc_mcu7t5v0__nor2_2'
Circuit gf180mcu_fd_sc_mcu7t5v0__nor2_2 contains 6 device instances.
  Class: pfet_05v0             instances:   4
  Class: nfet_05v0             instances:   2
Circuit contains 9 nets.
Contents of circuit 2:  Circuit: 'gf180mcu_fd_sc_mcu7t5v0__nor2_2'
Circuit gf180mcu_fd_sc_mcu7t5v0__nor2_2 contains 6 device instances.
  Class: pfet_05v0             instances:   4
  Class: nfet_05v0             instances:   2
Circuit contains 9 nets.

Circuit 1 contains 6 devices, Circuit 2 contains 6 devices.
Circuit 1 contains 9 nets,    Circuit 2 contains 9 nets.


Contents of circuit 1:  Circuit: 'gf180mcu_fd_sc_mcu7t5v0__nand2_2'
Circuit gf180mcu_fd_sc_mcu7t5v0__nand2_2 contains 8 device instances.
  Class: pfet_05v0             instances:   4
  Class: nfet_05v0             instances:   4
Circuit contains 9 nets.
Contents of circuit 2:  Circuit: 'gf180mcu_fd_sc_mcu7t5v0__nand2_2'
Circuit gf180mcu_fd_sc_mcu7t5v0__nand2_2 contains 8 device instances.
  Class: pfet_05v0             instances:   4
  Class: nfet_05v0             instances:   4
Circuit contains 9 nets.

Circuit was modified by parallel/series device merging.
New circuit summary:

Contents of circuit 1:  Circuit: 'gf180mcu_fd_sc_mcu7t5v0__nand2_2'
Circuit gf180mcu_fd_sc_mcu7t5v0__nand2_2 contains 6 device instances.
  Class: pfet_05v0             instances:   2
  Class: nfet_05v0             instances:   4
Circuit contains 9 nets.
Contents of circuit 2:  Circuit: 'gf180mcu_fd_sc_mcu7t5v0__nand2_2'
Circuit gf180mcu_fd_sc_mcu7t5v0__nand2_2 contains 6 device instances.
  Class: pfet_05v0             instances:   2
  Class: nfet_05v0             instances:   4
Circuit contains 9 nets.

Circuit 1 contains 6 devices, Circuit 2 contains 6 devices.
Circuit 1 contains 9 nets,    Circuit 2 contains 9 nets.


Contents of circuit 1:  Circuit: 'gf180mcu_fd_sc_mcu7t5v0__and2_2'
Circuit gf180mcu_fd_sc_mcu7t5v0__and2_2 contains 8 device instances.
  Class: pfet_05v0             instances:   4
  Class: nfet_05v0             instances:   4
Circuit contains 9 nets.
Contents of circuit 2:  Circuit: 'gf180mcu_fd_sc_mcu7t5v0__and2_2'
Circuit gf180mcu_fd_sc_mcu7t5v0__and2_2 contains 8 device instances.
  Class: pfet_05v0             instances:   4
  Class: nfet_05v0             instances:   4
Circuit contains 9 nets.

Circuit was modified by parallel/series device merging.
New circuit summary:

Contents of circuit 1:  Circuit: 'gf180mcu_fd_sc_mcu7t5v0__and2_2'
Circuit gf180mcu_fd_sc_mcu7t5v0__and2_2 contains 6 device instances.
  Class: pfet_05v0             instances:   3
  Class: nfet_05v0             instances:   3
Circuit contains 9 nets.
Contents of circuit 2:  Circuit: 'gf180mcu_fd_sc_mcu7t5v0__and2_2'
Circuit gf180mcu_fd_sc_mcu7t5v0__and2_2 contains 6 device instances.
  Class: pfet_05v0             instances:   3
  Class: nfet_05v0             instances:   3
Circuit contains 9 nets.

Circuit 1 contains 6 devices, Circuit 2 contains 6 devices.
Circuit 1 contains 9 nets,    Circuit 2 contains 9 nets.


Contents of circuit 1:  Circuit: 'gf180mcu_fd_sc_mcu7t5v0__aoi221_2'
Circuit gf180mcu_fd_sc_mcu7t5v0__aoi221_2 contains 20 device instances.
  Class: pfet_05v0             instances:  10
  Class: nfet_05v0             instances:  10
Circuit contains 16 nets.
Contents of circuit 2:  Circuit: 'gf180mcu_fd_sc_mcu7t5v0__aoi221_2'
Circuit gf180mcu_fd_sc_mcu7t5v0__aoi221_2 contains 20 device instances.
  Class: pfet_05v0             instances:  10
  Class: nfet_05v0             instances:  10
Circuit contains 16 nets.

Circuit was modified by parallel/series device merging.
New circuit summary:

Contents of circuit 1:  Circuit: 'gf180mcu_fd_sc_mcu7t5v0__aoi221_2'
Circuit gf180mcu_fd_sc_mcu7t5v0__aoi221_2 contains 14 device instances.
  Class: pfet_05v0             instances:   5
  Class: nfet_05v0             instances:   9
Circuit contains 16 nets.
Contents of circuit 2:  Circuit: 'gf180mcu_fd_sc_mcu7t5v0__aoi221_2'
Circuit gf180mcu_fd_sc_mcu7t5v0__aoi221_2 contains 14 device instances.
  Class: pfet_05v0             instances:   5
  Class: nfet_05v0             instances:   9
Circuit contains 16 nets.

Circuit 1 contains 14 devices, Circuit 2 contains 14 devices.
Circuit 1 contains 16 nets,    Circuit 2 contains 16 nets.


Contents of circuit 1:  Circuit: 'gf180mcu_fd_sc_mcu7t5v0__oai32_2'
Circuit gf180mcu_fd_sc_mcu7t5v0__oai32_2 contains 20 device instances.
  Class: pfet_05v0             instances:  10
  Class: nfet_05v0             instances:  10
Circuit contains 17 nets.
Contents of circuit 2:  Circuit: 'gf180mcu_fd_sc_mcu7t5v0__oai32_2'
Circuit gf180mcu_fd_sc_mcu7t5v0__oai32_2 contains 20 device instances.
  Class: pfet_05v0             instances:  10
  Class: nfet_05v0             instances:  10
Circuit contains 17 nets.

Circuit was modified by parallel/series device merging.
New circuit summary:

Contents of circuit 1:  Circuit: 'gf180mcu_fd_sc_mcu7t5v0__oai32_2'
Circuit gf180mcu_fd_sc_mcu7t5v0__oai32_2 contains 15 device instances.
  Class: pfet_05v0             instances:  10
  Class: nfet_05v0             instances:   5
Circuit contains 17 nets.
Contents of circuit 2:  Circuit: 'gf180mcu_fd_sc_mcu7t5v0__oai32_2'
Circuit gf180mcu_fd_sc_mcu7t5v0__oai32_2 contains 15 device instances.
  Class: pfet_05v0             instances:  10
  Class: nfet_05v0             instances:   5
Circuit contains 17 nets.

Circuit 1 contains 15 devices, Circuit 2 contains 15 devices.
Circuit 1 contains 17 nets,    Circuit 2 contains 17 nets.


Contents of circuit 1:  Circuit: 'gf180mcu_fd_sc_mcu7t5v0__or2_1'
Circuit gf180mcu_fd_sc_mcu7t5v0__or2_1 contains 6 device instances.
  Class: pfet_05v0             instances:   3
  Class: nfet_05v0             instances:   3
Circuit contains 9 nets.
Contents of circuit 2:  Circuit: 'gf180mcu_fd_sc_mcu7t5v0__or2_1'
Circuit gf180mcu_fd_sc_mcu7t5v0__or2_1 contains 6 device instances.
  Class: pfet_05v0             instances:   3
  Class: nfet_05v0             instances:   3
Circuit contains 9 nets.

Circuit 1 contains 6 devices, Circuit 2 contains 6 devices.
Circuit 1 contains 9 nets,    Circuit 2 contains 9 nets.


Contents of circuit 1:  Circuit: 'gf180mcu_fd_sc_mcu7t5v0__buf_8'
Circuit gf180mcu_fd_sc_mcu7t5v0__buf_8 contains 24 device instances.
  Class: pfet_05v0             instances:  12
  Class: nfet_05v0             instances:  12
Circuit contains 7 nets.
Contents of circuit 2:  Circuit: 'gf180mcu_fd_sc_mcu7t5v0__buf_8'
Circuit gf180mcu_fd_sc_mcu7t5v0__buf_8 contains 24 device instances.
  Class: pfet_05v0             instances:  12
  Class: nfet_05v0             instances:  12
Circuit contains 7 nets.

Circuit was modified by parallel/series device merging.
New circuit summary:

Contents of circuit 1:  Circuit: 'gf180mcu_fd_sc_mcu7t5v0__buf_8'
Circuit gf180mcu_fd_sc_mcu7t5v0__buf_8 contains 4 device instances.
  Class: pfet_05v0             instances:   2
  Class: nfet_05v0             instances:   2
Circuit contains 7 nets.
Contents of circuit 2:  Circuit: 'gf180mcu_fd_sc_mcu7t5v0__buf_8'
Circuit gf180mcu_fd_sc_mcu7t5v0__buf_8 contains 4 device instances.
  Class: pfet_05v0             instances:   2
  Class: nfet_05v0             instances:   2
Circuit contains 7 nets.

Circuit 1 contains 4 devices, Circuit 2 contains 4 devices.
Circuit 1 contains 7 nets,    Circuit 2 contains 7 nets.


Contents of circuit 1:  Circuit: 'gf180mcu_fd_sc_mcu7t5v0__inv_8'
Circuit gf180mcu_fd_sc_mcu7t5v0__inv_8 contains 16 device instances.
  Class: pfet_05v0             instances:   8
  Class: nfet_05v0             instances:   8
Circuit contains 6 nets.
Contents of circuit 2:  Circuit: 'gf180mcu_fd_sc_mcu7t5v0__inv_8'
Circuit gf180mcu_fd_sc_mcu7t5v0__inv_8 contains 16 device instances.
  Class: pfet_05v0             instances:   8
  Class: nfet_05v0             instances:   8
Circuit contains 6 nets.

Circuit was modified by parallel/series device merging.
New circuit summary:

Contents of circuit 1:  Circuit: 'gf180mcu_fd_sc_mcu7t5v0__inv_8'
Circuit gf180mcu_fd_sc_mcu7t5v0__inv_8 contains 2 device instances.
  Class: pfet_05v0             instances:   1
  Class: nfet_05v0             instances:   1
Circuit contains 6 nets.
Contents of circuit 2:  Circuit: 'gf180mcu_fd_sc_mcu7t5v0__inv_8'
Circuit gf180mcu_fd_sc_mcu7t5v0__inv_8 contains 2 device instances.
  Class: pfet_05v0             instances:   1
  Class: nfet_05v0             instances:   1
Circuit contains 6 nets.

Circuit 1 contains 2 devices, Circuit 2 contains 2 devices.
Circuit 1 contains 6 nets,    Circuit 2 contains 6 nets.


Contents of circuit 1:  Circuit: 'gf180mcu_fd_sc_mcu7t5v0__aoi22_4'
Circuit gf180mcu_fd_sc_mcu7t5v0__aoi22_4 contains 32 device instances.
  Class: pfet_05v0             instances:  16
  Class: nfet_05v0             instances:  16
Circuit contains 18 nets.
Contents of circuit 2:  Circuit: 'gf180mcu_fd_sc_mcu7t5v0__aoi22_4'
Circuit gf180mcu_fd_sc_mcu7t5v0__aoi22_4 contains 32 device instances.
  Class: pfet_05v0             instances:  16
  Class: nfet_05v0             instances:  16
Circuit contains 18 nets.

Circuit was modified by parallel/series device merging.
New circuit summary:

Contents of circuit 1:  Circuit: 'gf180mcu_fd_sc_mcu7t5v0__aoi22_4'
Circuit gf180mcu_fd_sc_mcu7t5v0__aoi22_4 contains 20 device instances.
  Class: pfet_05v0             instances:   4
  Class: nfet_05v0             instances:  16
Circuit contains 18 nets.
Contents of circuit 2:  Circuit: 'gf180mcu_fd_sc_mcu7t5v0__aoi22_4'
Circuit gf180mcu_fd_sc_mcu7t5v0__aoi22_4 contains 20 device instances.
  Class: pfet_05v0             instances:   4
  Class: nfet_05v0             instances:  16
Circuit contains 18 nets.

Circuit 1 contains 20 devices, Circuit 2 contains 20 devices.
Circuit 1 contains 18 nets,    Circuit 2 contains 18 nets.


Contents of circuit 1:  Circuit: 'gf180mcu_fd_sc_mcu7t5v0__mux4_2'
Circuit gf180mcu_fd_sc_mcu7t5v0__mux4_2 contains 28 device instances.
  Class: pfet_05v0             instances:  14
  Class: nfet_05v0             instances:  14
Circuit contains 20 nets.
Contents of circuit 2:  Circuit: 'gf180mcu_fd_sc_mcu7t5v0__mux4_2'
Circuit gf180mcu_fd_sc_mcu7t5v0__mux4_2 contains 28 device instances.
  Class: pfet_05v0             instances:  14
  Class: nfet_05v0             instances:  14
Circuit contains 20 nets.

Circuit was modified by parallel/series device merging.
New circuit summary:

Contents of circuit 1:  Circuit: 'gf180mcu_fd_sc_mcu7t5v0__mux4_2'
Circuit gf180mcu_fd_sc_mcu7t5v0__mux4_2 contains 26 device instances.
  Class: pfet_05v0             instances:  13
  Class: nfet_05v0             instances:  13
Circuit contains 20 nets.
Contents of circuit 2:  Circuit: 'gf180mcu_fd_sc_mcu7t5v0__mux4_2'
Circuit gf180mcu_fd_sc_mcu7t5v0__mux4_2 contains 26 device instances.
  Class: pfet_05v0             instances:  13
  Class: nfet_05v0             instances:  13
Circuit contains 20 nets.

Circuit 1 contains 26 devices, Circuit 2 contains 26 devices.
Circuit 1 contains 20 nets,    Circuit 2 contains 20 nets.


Contents of circuit 1:  Circuit: 'gf180mcu_fd_sc_mcu7t5v0__mux2_1'
Circuit gf180mcu_fd_sc_mcu7t5v0__mux2_1 contains 12 device instances.
  Class: pfet_05v0             instances:   6
  Class: nfet_05v0             instances:   6
Circuit contains 14 nets.
Contents of circuit 2:  Circuit: 'gf180mcu_fd_sc_mcu7t5v0__mux2_1'
Circuit gf180mcu_fd_sc_mcu7t5v0__mux2_1 contains 12 device instances.
  Class: pfet_05v0             instances:   6
  Class: nfet_05v0             instances:   6
Circuit contains 14 nets.

Circuit 1 contains 12 devices, Circuit 2 contains 12 devices.
Circuit 1 contains 14 nets,    Circuit 2 contains 14 nets.


Contents of circuit 1:  Circuit: 'gf180mcu_fd_sc_mcu7t5v0__and3_1'
Circuit gf180mcu_fd_sc_mcu7t5v0__and3_1 contains 8 device instances.
  Class: pfet_05v0             instances:   4
  Class: nfet_05v0             instances:   4
Circuit contains 11 nets.
Contents of circuit 2:  Circuit: 'gf180mcu_fd_sc_mcu7t5v0__and3_1'
Circuit gf180mcu_fd_sc_mcu7t5v0__and3_1 contains 8 device instances.
  Class: pfet_05v0             instances:   4
  Class: nfet_05v0             instances:   4
Circuit contains 11 nets.

Circuit 1 contains 8 devices, Circuit 2 contains 8 devices.
Circuit 1 contains 11 nets,    Circuit 2 contains 11 nets.


Contents of circuit 1:  Circuit: 'gf180mcu_fd_sc_mcu7t5v0__aoi211_4'
Circuit gf180mcu_fd_sc_mcu7t5v0__aoi211_4 contains 32 device instances.
  Class: pfet_05v0             instances:  16
  Class: nfet_05v0             instances:  16
Circuit contains 18 nets.
Contents of circuit 2:  Circuit: 'gf180mcu_fd_sc_mcu7t5v0__aoi211_4'
Circuit gf180mcu_fd_sc_mcu7t5v0__aoi211_4 contains 32 device instances.
  Class: pfet_05v0             instances:  16
  Class: nfet_05v0             instances:  16
Circuit contains 18 nets.

Circuit was modified by parallel/series device merging.
New circuit summary:

Contents of circuit 1:  Circuit: 'gf180mcu_fd_sc_mcu7t5v0__aoi211_4'
Circuit gf180mcu_fd_sc_mcu7t5v0__aoi211_4 contains 20 device instances.
  Class: pfet_05v0             instances:  10
  Class: nfet_05v0             instances:  10
Circuit contains 18 nets.
Contents of circuit 2:  Circuit: 'gf180mcu_fd_sc_mcu7t5v0__aoi211_4'
Circuit gf180mcu_fd_sc_mcu7t5v0__aoi211_4 contains 20 device instances.
  Class: pfet_05v0             instances:  10
  Class: nfet_05v0             instances:  10
Circuit contains 18 nets.

Circuit 1 contains 20 devices, Circuit 2 contains 20 devices.
Circuit 1 contains 18 nets,    Circuit 2 contains 18 nets.


Contents of circuit 1:  Circuit: 'gf180mcu_fd_sc_mcu7t5v0__oai31_4'
Circuit gf180mcu_fd_sc_mcu7t5v0__oai31_4 contains 32 device instances.
  Class: pfet_05v0             instances:  16
  Class: nfet_05v0             instances:  16
Circuit contains 16 nets.
Contents of circuit 2:  Circuit: 'gf180mcu_fd_sc_mcu7t5v0__oai31_4'
Circuit gf180mcu_fd_sc_mcu7t5v0__oai31_4 contains 32 device instances.
  Class: pfet_05v0             instances:  16
  Class: nfet_05v0             instances:  16
Circuit contains 16 nets.

Circuit was modified by parallel/series device merging.
New circuit summary:

Contents of circuit 1:  Circuit: 'gf180mcu_fd_sc_mcu7t5v0__oai31_4'
Circuit gf180mcu_fd_sc_mcu7t5v0__oai31_4 contains 15 device instances.
  Class: pfet_05v0             instances:  11
  Class: nfet_05v0             instances:   4
Circuit contains 16 nets.
Contents of circuit 2:  Circuit: 'gf180mcu_fd_sc_mcu7t5v0__oai31_4'
Circuit gf180mcu_fd_sc_mcu7t5v0__oai31_4 contains 15 device instances.
  Class: pfet_05v0             instances:  11
  Class: nfet_05v0             instances:   4
Circuit contains 16 nets.

Circuit 1 contains 15 devices, Circuit 2 contains 15 devices.
Circuit 1 contains 16 nets,    Circuit 2 contains 16 nets.


Contents of circuit 1:  Circuit: 'gf180mcu_fd_sc_mcu7t5v0__oai22_4'
Circuit gf180mcu_fd_sc_mcu7t5v0__oai22_4 contains 32 device instances.
  Class: pfet_05v0             instances:  16
  Class: nfet_05v0             instances:  16
Circuit contains 18 nets.
Contents of circuit 2:  Circuit: 'gf180mcu_fd_sc_mcu7t5v0__oai22_4'
Circuit gf180mcu_fd_sc_mcu7t5v0__oai22_4 contains 32 device instances.
  Class: pfet_05v0             instances:  16
  Class: nfet_05v0             instances:  16
Circuit contains 18 nets.

Circuit was modified by parallel/series device merging.
New circuit summary:

Contents of circuit 1:  Circuit: 'gf180mcu_fd_sc_mcu7t5v0__oai22_4'
Circuit gf180mcu_fd_sc_mcu7t5v0__oai22_4 contains 20 device instances.
  Class: pfet_05v0             instances:  16
  Class: nfet_05v0             instances:   4
Circuit contains 18 nets.
Contents of circuit 2:  Circuit: 'gf180mcu_fd_sc_mcu7t5v0__oai22_4'
Circuit gf180mcu_fd_sc_mcu7t5v0__oai22_4 contains 20 device instances.
  Class: pfet_05v0             instances:  16
  Class: nfet_05v0             instances:   4
Circuit contains 18 nets.

Circuit 1 contains 20 devices, Circuit 2 contains 20 devices.
Circuit 1 contains 18 nets,    Circuit 2 contains 18 nets.


Contents of circuit 1:  Circuit: 'gf180mcu_fd_sc_mcu7t5v0__inv_4'
Circuit gf180mcu_fd_sc_mcu7t5v0__inv_4 contains 8 device instances.
  Class: pfet_05v0             instances:   4
  Class: nfet_05v0             instances:   4
Circuit contains 6 nets.
Contents of circuit 2:  Circuit: 'gf180mcu_fd_sc_mcu7t5v0__inv_4'
Circuit gf180mcu_fd_sc_mcu7t5v0__inv_4 contains 8 device instances.
  Class: pfet_05v0             instances:   4
  Class: nfet_05v0             instances:   4
Circuit contains 6 nets.

Circuit was modified by parallel/series device merging.
New circuit summary:

Contents of circuit 1:  Circuit: 'gf180mcu_fd_sc_mcu7t5v0__inv_4'
Circuit gf180mcu_fd_sc_mcu7t5v0__inv_4 contains 2 device instances.
  Class: pfet_05v0             instances:   1
  Class: nfet_05v0             instances:   1
Circuit contains 6 nets.
Contents of circuit 2:  Circuit: 'gf180mcu_fd_sc_mcu7t5v0__inv_4'
Circuit gf180mcu_fd_sc_mcu7t5v0__inv_4 contains 2 device instances.
  Class: pfet_05v0             instances:   1
  Class: nfet_05v0             instances:   1
Circuit contains 6 nets.

Circuit 1 contains 2 devices, Circuit 2 contains 2 devices.
Circuit 1 contains 6 nets,    Circuit 2 contains 6 nets.


Contents of circuit 1:  Circuit: 'gf180mcu_fd_sc_mcu7t5v0__aoi222_1'
Circuit gf180mcu_fd_sc_mcu7t5v0__aoi222_1 contains 12 device instances.
  Class: pfet_05v0             instances:   6
  Class: nfet_05v0             instances:   6
Circuit contains 16 nets.
Contents of circuit 2:  Circuit: 'gf180mcu_fd_sc_mcu7t5v0__aoi222_1'
Circuit gf180mcu_fd_sc_mcu7t5v0__aoi222_1 contains 12 device instances.
  Class: pfet_05v0             instances:   6
  Class: nfet_05v0             instances:   6
Circuit contains 16 nets.

Circuit 1 contains 12 devices, Circuit 2 contains 12 devices.
Circuit 1 contains 16 nets,    Circuit 2 contains 16 nets.


Contents of circuit 1:  Circuit: 'gf180mcu_fd_sc_mcu7t5v0__nor4_4'
Circuit gf180mcu_fd_sc_mcu7t5v0__nor4_4 contains 32 device instances.
  Class: pfet_05v0             instances:  16
  Class: nfet_05v0             instances:  16
Circuit contains 19 nets.
Contents of circuit 2:  Circuit: 'gf180mcu_fd_sc_mcu7t5v0__nor4_4'
Circuit gf180mcu_fd_sc_mcu7t5v0__nor4_4 contains 32 device instances.
  Class: pfet_05v0             instances:  16
  Class: nfet_05v0             instances:  16
Circuit contains 19 nets.

Circuit was modified by parallel/series device merging.
New circuit summary:

Contents of circuit 1:  Circuit: 'gf180mcu_fd_sc_mcu7t5v0__nor4_4'
Circuit gf180mcu_fd_sc_mcu7t5v0__nor4_4 contains 20 device instances.
  Class: pfet_05v0             instances:  16
  Class: nfet_05v0             instances:   4
Circuit contains 19 nets.
Contents of circuit 2:  Circuit: 'gf180mcu_fd_sc_mcu7t5v0__nor4_4'
Circuit gf180mcu_fd_sc_mcu7t5v0__nor4_4 contains 20 device instances.
  Class: pfet_05v0             instances:  16
  Class: nfet_05v0             instances:   4
Circuit contains 19 nets.

Circuit 1 contains 20 devices, Circuit 2 contains 20 devices.
Circuit 1 contains 19 nets,    Circuit 2 contains 19 nets.


Contents of circuit 1:  Circuit: 'gf180mcu_fd_sc_mcu7t5v0__oai211_1'
Circuit gf180mcu_fd_sc_mcu7t5v0__oai211_1 contains 8 device instances.
  Class: pfet_05v0             instances:   4
  Class: nfet_05v0             instances:   4
Circuit contains 12 nets.
Contents of circuit 2:  Circuit: 'gf180mcu_fd_sc_mcu7t5v0__oai211_1'
Circuit gf180mcu_fd_sc_mcu7t5v0__oai211_1 contains 8 device instances.
  Class: pfet_05v0             instances:   4
  Class: nfet_05v0             instances:   4
Circuit contains 12 nets.

Circuit 1 contains 8 devices, Circuit 2 contains 8 devices.
Circuit 1 contains 12 nets,    Circuit 2 contains 12 nets.


Contents of circuit 1:  Circuit: 'gf180mcu_fd_sc_mcu7t5v0__nand4_4'
Circuit gf180mcu_fd_sc_mcu7t5v0__nand4_4 contains 32 device instances.
  Class: pfet_05v0             instances:  16
  Class: nfet_05v0             instances:  16
Circuit contains 19 nets.
Contents of circuit 2:  Circuit: 'gf180mcu_fd_sc_mcu7t5v0__nand4_4'
Circuit gf180mcu_fd_sc_mcu7t5v0__nand4_4 contains 32 device instances.
  Class: pfet_05v0             instances:  16
  Class: nfet_05v0             instances:  16
Circuit contains 19 nets.

Circuit was modified by parallel/series device merging.
New circuit summary:

Contents of circuit 1:  Circuit: 'gf180mcu_fd_sc_mcu7t5v0__nand4_4'
Circuit gf180mcu_fd_sc_mcu7t5v0__nand4_4 contains 20 device instances.
  Class: pfet_05v0             instances:   4
  Class: nfet_05v0             instances:  16
Circuit contains 19 nets.
Contents of circuit 2:  Circuit: 'gf180mcu_fd_sc_mcu7t5v0__nand4_4'
Circuit gf180mcu_fd_sc_mcu7t5v0__nand4_4 contains 20 device instances.
  Class: pfet_05v0             instances:   4
  Class: nfet_05v0             instances:  16
Circuit contains 19 nets.

Circuit 1 contains 20 devices, Circuit 2 contains 20 devices.
Circuit 1 contains 19 nets,    Circuit 2 contains 19 nets.


Contents of circuit 1:  Circuit: 'gf180mcu_fd_sc_mcu7t5v0__buf_20'
Circuit gf180mcu_fd_sc_mcu7t5v0__buf_20 contains 60 device instances.
  Class: pfet_05v0             instances:  30
  Class: nfet_05v0             instances:  30
Circuit contains 7 nets.
Contents of circuit 2:  Circuit: 'gf180mcu_fd_sc_mcu7t5v0__buf_20'
Circuit gf180mcu_fd_sc_mcu7t5v0__buf_20 contains 60 device instances.
  Class: pfet_05v0             instances:  30
  Class: nfet_05v0             instances:  30
Circuit contains 7 nets.

Circuit was modified by parallel/series device merging.
New circuit summary:

Contents of circuit 1:  Circuit: 'gf180mcu_fd_sc_mcu7t5v0__buf_20'
Circuit gf180mcu_fd_sc_mcu7t5v0__buf_20 contains 4 device instances.
  Class: pfet_05v0             instances:   2
  Class: nfet_05v0             instances:   2
Circuit contains 7 nets.
Contents of circuit 2:  Circuit: 'gf180mcu_fd_sc_mcu7t5v0__buf_20'
Circuit gf180mcu_fd_sc_mcu7t5v0__buf_20 contains 4 device instances.
  Class: pfet_05v0             instances:   2
  Class: nfet_05v0             instances:   2
Circuit contains 7 nets.

Circuit 1 contains 4 devices, Circuit 2 contains 4 devices.
Circuit 1 contains 7 nets,    Circuit 2 contains 7 nets.


Contents of circuit 1:  Circuit: 'gf180mcu_fd_sc_mcu7t5v0__oai31_2'
Circuit gf180mcu_fd_sc_mcu7t5v0__oai31_2 contains 16 device instances.
  Class: pfet_05v0             instances:   8
  Class: nfet_05v0             instances:   8
Circuit contains 14 nets.
Contents of circuit 2:  Circuit: 'gf180mcu_fd_sc_mcu7t5v0__oai31_2'
Circuit gf180mcu_fd_sc_mcu7t5v0__oai31_2 contains 16 device instances.
  Class: pfet_05v0             instances:   8
  Class: nfet_05v0             instances:   8
Circuit contains 14 nets.

Circuit was modified by parallel/series device merging.
New circuit summary:

Contents of circuit 1:  Circuit: 'gf180mcu_fd_sc_mcu7t5v0__oai31_2'
Circuit gf180mcu_fd_sc_mcu7t5v0__oai31_2 contains 11 device instances.
  Class: pfet_05v0             instances:   7
  Class: nfet_05v0             instances:   4
Circuit contains 14 nets.
Contents of circuit 2:  Circuit: 'gf180mcu_fd_sc_mcu7t5v0__oai31_2'
Circuit gf180mcu_fd_sc_mcu7t5v0__oai31_2 contains 11 device instances.
  Class: pfet_05v0             instances:   7
  Class: nfet_05v0             instances:   4
Circuit contains 14 nets.

Circuit 1 contains 11 devices, Circuit 2 contains 11 devices.
Circuit 1 contains 14 nets,    Circuit 2 contains 14 nets.


Contents of circuit 1:  Circuit: 'gf180mcu_fd_sc_mcu7t5v0__oai22_2'
Circuit gf180mcu_fd_sc_mcu7t5v0__oai22_2 contains 16 device instances.
  Class: pfet_05v0             instances:   8
  Class: nfet_05v0             instances:   8
Circuit contains 14 nets.
Contents of circuit 2:  Circuit: 'gf180mcu_fd_sc_mcu7t5v0__oai22_2'
Circuit gf180mcu_fd_sc_mcu7t5v0__oai22_2 contains 16 device instances.
  Class: pfet_05v0             instances:   8
  Class: nfet_05v0             instances:   8
Circuit contains 14 nets.

Circuit was modified by parallel/series device merging.
New circuit summary:

Contents of circuit 1:  Circuit: 'gf180mcu_fd_sc_mcu7t5v0__oai22_2'
Circuit gf180mcu_fd_sc_mcu7t5v0__oai22_2 contains 12 device instances.
  Class: pfet_05v0             instances:   8
  Class: nfet_05v0             instances:   4
Circuit contains 14 nets.
Contents of circuit 2:  Circuit: 'gf180mcu_fd_sc_mcu7t5v0__oai22_2'
Circuit gf180mcu_fd_sc_mcu7t5v0__oai22_2 contains 12 device instances.
  Class: pfet_05v0             instances:   8
  Class: nfet_05v0             instances:   4
Circuit contains 14 nets.

Circuit 1 contains 12 devices, Circuit 2 contains 12 devices.
Circuit 1 contains 14 nets,    Circuit 2 contains 14 nets.


Contents of circuit 1:  Circuit: 'gf180mcu_fd_sc_mcu7t5v0__inv_2'
Circuit gf180mcu_fd_sc_mcu7t5v0__inv_2 contains 4 device instances.
  Class: pfet_05v0             instances:   2
  Class: nfet_05v0             instances:   2
Circuit contains 6 nets.
Contents of circuit 2:  Circuit: 'gf180mcu_fd_sc_mcu7t5v0__inv_2'
Circuit gf180mcu_fd_sc_mcu7t5v0__inv_2 contains 4 device instances.
  Class: pfet_05v0             instances:   2
  Class: nfet_05v0             instances:   2
Circuit contains 6 nets.

Circuit was modified by parallel/series device merging.
New circuit summary:

Contents of circuit 1:  Circuit: 'gf180mcu_fd_sc_mcu7t5v0__inv_2'
Circuit gf180mcu_fd_sc_mcu7t5v0__inv_2 contains 2 device instances.
  Class: pfet_05v0             instances:   1
  Class: nfet_05v0             instances:   1
Circuit contains 6 nets.
Contents of circuit 2:  Circuit: 'gf180mcu_fd_sc_mcu7t5v0__inv_2'
Circuit gf180mcu_fd_sc_mcu7t5v0__inv_2 contains 2 device instances.
  Class: pfet_05v0             instances:   1
  Class: nfet_05v0             instances:   1
Circuit contains 6 nets.

Circuit 1 contains 2 devices, Circuit 2 contains 2 devices.
Circuit 1 contains 6 nets,    Circuit 2 contains 6 nets.


Contents of circuit 1:  Circuit: 'gf180mcu_fd_sc_mcu7t5v0__nor4_2'
Circuit gf180mcu_fd_sc_mcu7t5v0__nor4_2 contains 16 device instances.
  Class: pfet_05v0             instances:   8
  Class: nfet_05v0             instances:   8
Circuit contains 15 nets.
Contents of circuit 2:  Circuit: 'gf180mcu_fd_sc_mcu7t5v0__nor4_2'
Circuit gf180mcu_fd_sc_mcu7t5v0__nor4_2 contains 16 device instances.
  Class: pfet_05v0             instances:   8
  Class: nfet_05v0             instances:   8
Circuit contains 15 nets.

Circuit was modified by parallel/series device merging.
New circuit summary:

Contents of circuit 1:  Circuit: 'gf180mcu_fd_sc_mcu7t5v0__nor4_2'
Circuit gf180mcu_fd_sc_mcu7t5v0__nor4_2 contains 12 device instances.
  Class: pfet_05v0             instances:   8
  Class: nfet_05v0             instances:   4
Circuit contains 15 nets.
Contents of circuit 2:  Circuit: 'gf180mcu_fd_sc_mcu7t5v0__nor4_2'
Circuit gf180mcu_fd_sc_mcu7t5v0__nor4_2 contains 12 device instances.
  Class: pfet_05v0             instances:   8
  Class: nfet_05v0             instances:   4
Circuit contains 15 nets.

Circuit 1 contains 12 devices, Circuit 2 contains 12 devices.
Circuit 1 contains 15 nets,    Circuit 2 contains 15 nets.


Contents of circuit 1:  Circuit: 'gf180mcu_fd_sc_mcu7t5v0__or3_4'
Circuit gf180mcu_fd_sc_mcu7t5v0__or3_4 contains 20 device instances.
  Class: pfet_05v0             instances:  10
  Class: nfet_05v0             instances:  10
Circuit contains 13 nets.
Contents of circuit 2:  Circuit: 'gf180mcu_fd_sc_mcu7t5v0__or3_4'
Circuit gf180mcu_fd_sc_mcu7t5v0__or3_4 contains 20 device instances.
  Class: pfet_05v0             instances:  10
  Class: nfet_05v0             instances:  10
Circuit contains 13 nets.

Circuit was modified by parallel/series device merging.
New circuit summary:

Contents of circuit 1:  Circuit: 'gf180mcu_fd_sc_mcu7t5v0__or3_4'
Circuit gf180mcu_fd_sc_mcu7t5v0__or3_4 contains 11 device instances.
  Class: pfet_05v0             instances:   7
  Class: nfet_05v0             instances:   4
Circuit contains 13 nets.
Contents of circuit 2:  Circuit: 'gf180mcu_fd_sc_mcu7t5v0__or3_4'
Circuit gf180mcu_fd_sc_mcu7t5v0__or3_4 contains 11 device instances.
  Class: pfet_05v0             instances:   7
  Class: nfet_05v0             instances:   4
Circuit contains 13 nets.

Circuit 1 contains 11 devices, Circuit 2 contains 11 devices.
Circuit 1 contains 13 nets,    Circuit 2 contains 13 nets.


Contents of circuit 1:  Circuit: 'gf180mcu_fd_sc_mcu7t5v0__nand4_2'
Circuit gf180mcu_fd_sc_mcu7t5v0__nand4_2 contains 16 device instances.
  Class: pfet_05v0             instances:   8
  Class: nfet_05v0             instances:   8
Circuit contains 15 nets.
Contents of circuit 2:  Circuit: 'gf180mcu_fd_sc_mcu7t5v0__nand4_2'
Circuit gf180mcu_fd_sc_mcu7t5v0__nand4_2 contains 16 device instances.
  Class: pfet_05v0             instances:   8
  Class: nfet_05v0             instances:   8
Circuit contains 15 nets.

Circuit was modified by parallel/series device merging.
New circuit summary:

Contents of circuit 1:  Circuit: 'gf180mcu_fd_sc_mcu7t5v0__nand4_2'
Circuit gf180mcu_fd_sc_mcu7t5v0__nand4_2 contains 12 device instances.
  Class: pfet_05v0             instances:   4
  Class: nfet_05v0             instances:   8
Circuit contains 15 nets.
Contents of circuit 2:  Circuit: 'gf180mcu_fd_sc_mcu7t5v0__nand4_2'
Circuit gf180mcu_fd_sc_mcu7t5v0__nand4_2 contains 12 device instances.
  Class: pfet_05v0             instances:   4
  Class: nfet_05v0             instances:   8
Circuit contains 15 nets.

Circuit 1 contains 12 devices, Circuit 2 contains 12 devices.
Circuit 1 contains 15 nets,    Circuit 2 contains 15 nets.


Contents of circuit 1:  Circuit: 'gf180mcu_fd_sc_mcu7t5v0__and4_2'
Circuit gf180mcu_fd_sc_mcu7t5v0__and4_2 contains 12 device instances.
  Class: pfet_05v0             instances:   6
  Class: nfet_05v0             instances:   6
Circuit contains 13 nets.
Contents of circuit 2:  Circuit: 'gf180mcu_fd_sc_mcu7t5v0__and4_2'
Circuit gf180mcu_fd_sc_mcu7t5v0__and4_2 contains 12 device instances.
  Class: pfet_05v0             instances:   6
  Class: nfet_05v0             instances:   6
Circuit contains 13 nets.

Circuit was modified by parallel/series device merging.
New circuit summary:

Contents of circuit 1:  Circuit: 'gf180mcu_fd_sc_mcu7t5v0__and4_2'
Circuit gf180mcu_fd_sc_mcu7t5v0__and4_2 contains 10 device instances.
  Class: pfet_05v0             instances:   5
  Class: nfet_05v0             instances:   5
Circuit contains 13 nets.
Contents of circuit 2:  Circuit: 'gf180mcu_fd_sc_mcu7t5v0__and4_2'
Circuit gf180mcu_fd_sc_mcu7t5v0__and4_2 contains 10 device instances.
  Class: pfet_05v0             instances:   5
  Class: nfet_05v0             instances:   5
Circuit contains 13 nets.

Circuit 1 contains 10 devices, Circuit 2 contains 10 devices.
Circuit 1 contains 13 nets,    Circuit 2 contains 13 nets.


Contents of circuit 1:  Circuit: 'gf180mcu_fd_sc_mcu7t5v0__aoi22_2'
Circuit gf180mcu_fd_sc_mcu7t5v0__aoi22_2 contains 16 device instances.
  Class: pfet_05v0             instances:   8
  Class: nfet_05v0             instances:   8
Circuit contains 14 nets.
Contents of circuit 2:  Circuit: 'gf180mcu_fd_sc_mcu7t5v0__aoi22_2'
Circuit gf180mcu_fd_sc_mcu7t5v0__aoi22_2 contains 16 device instances.
  Class: pfet_05v0             instances:   8
  Class: nfet_05v0             instances:   8
Circuit contains 14 nets.

Circuit was modified by parallel/series device merging.
New circuit summary:

Contents of circuit 1:  Circuit: 'gf180mcu_fd_sc_mcu7t5v0__aoi22_2'
Circuit gf180mcu_fd_sc_mcu7t5v0__aoi22_2 contains 12 device instances.
  Class: pfet_05v0             instances:   4
  Class: nfet_05v0             instances:   8
Circuit contains 14 nets.
Contents of circuit 2:  Circuit: 'gf180mcu_fd_sc_mcu7t5v0__aoi22_2'
Circuit gf180mcu_fd_sc_mcu7t5v0__aoi22_2 contains 12 device instances.
  Class: pfet_05v0             instances:   4
  Class: nfet_05v0             instances:   8
Circuit contains 14 nets.

Circuit 1 contains 12 devices, Circuit 2 contains 12 devices.
Circuit 1 contains 14 nets,    Circuit 2 contains 14 nets.


Contents of circuit 1:  Circuit: 'gf180mcu_fd_sc_mcu7t5v0__oai221_2'
Circuit gf180mcu_fd_sc_mcu7t5v0__oai221_2 contains 20 device instances.
  Class: pfet_05v0             instances:  10
  Class: nfet_05v0             instances:  10
Circuit contains 16 nets.
Contents of circuit 2:  Circuit: 'gf180mcu_fd_sc_mcu7t5v0__oai221_2'
Circuit gf180mcu_fd_sc_mcu7t5v0__oai221_2 contains 20 device instances.
  Class: pfet_05v0             instances:  10
  Class: nfet_05v0             instances:  10
Circuit contains 16 nets.

Circuit was modified by parallel/series device merging.
New circuit summary:

Contents of circuit 1:  Circuit: 'gf180mcu_fd_sc_mcu7t5v0__oai221_2'
Circuit gf180mcu_fd_sc_mcu7t5v0__oai221_2 contains 14 device instances.
  Class: pfet_05v0             instances:   9
  Class: nfet_05v0             instances:   5
Circuit contains 16 nets.
Contents of circuit 2:  Circuit: 'gf180mcu_fd_sc_mcu7t5v0__oai221_2'
Circuit gf180mcu_fd_sc_mcu7t5v0__oai221_2 contains 14 device instances.
  Class: pfet_05v0             instances:   9
  Class: nfet_05v0             instances:   5
Circuit contains 16 nets.

Circuit 1 contains 14 devices, Circuit 2 contains 14 devices.
Circuit 1 contains 16 nets,    Circuit 2 contains 16 nets.


Contents of circuit 1:  Circuit: 'gf180mcu_fd_sc_mcu7t5v0__xor3_2'
Circuit gf180mcu_fd_sc_mcu7t5v0__xor3_2 contains 24 device instances.
  Class: pfet_05v0             instances:  12
  Class: nfet_05v0             instances:  12
Circuit contains 18 nets.
Contents of circuit 2:  Circuit: 'gf180mcu_fd_sc_mcu7t5v0__xor3_2'
Circuit gf180mcu_fd_sc_mcu7t5v0__xor3_2 contains 24 device instances.
  Class: pfet_05v0             instances:  12
  Class: nfet_05v0             instances:  12
Circuit contains 18 nets.

Circuit was modified by parallel/series device merging.
New circuit summary:

Contents of circuit 1:  Circuit: 'gf180mcu_fd_sc_mcu7t5v0__xor3_2'
Circuit gf180mcu_fd_sc_mcu7t5v0__xor3_2 contains 22 device instances.
  Class: pfet_05v0             instances:  11
  Class: nfet_05v0             instances:  11
Circuit contains 18 nets.
Contents of circuit 2:  Circuit: 'gf180mcu_fd_sc_mcu7t5v0__xor3_2'
Circuit gf180mcu_fd_sc_mcu7t5v0__xor3_2 contains 22 device instances.
  Class: pfet_05v0             instances:  11
  Class: nfet_05v0             instances:  11
Circuit contains 18 nets.

Circuit 1 contains 22 devices, Circuit 2 contains 22 devices.
Circuit 1 contains 18 nets,    Circuit 2 contains 18 nets.


Contents of circuit 1:  Circuit: 'gf180mcu_fd_sc_mcu7t5v0__or3_2'
Circuit gf180mcu_fd_sc_mcu7t5v0__or3_2 contains 10 device instances.
  Class: pfet_05v0             instances:   5
  Class: nfet_05v0             instances:   5
Circuit contains 11 nets.
Contents of circuit 2:  Circuit: 'gf180mcu_fd_sc_mcu7t5v0__or3_2'
Circuit gf180mcu_fd_sc_mcu7t5v0__or3_2 contains 10 device instances.
  Class: pfet_05v0             instances:   5
  Class: nfet_05v0             instances:   5
Circuit contains 11 nets.

Circuit was modified by parallel/series device merging.
New circuit summary:

Contents of circuit 1:  Circuit: 'gf180mcu_fd_sc_mcu7t5v0__or3_2'
Circuit gf180mcu_fd_sc_mcu7t5v0__or3_2 contains 8 device instances.
  Class: pfet_05v0             instances:   4
  Class: nfet_05v0             instances:   4
Circuit contains 11 nets.
Contents of circuit 2:  Circuit: 'gf180mcu_fd_sc_mcu7t5v0__or3_2'
Circuit gf180mcu_fd_sc_mcu7t5v0__or3_2 contains 8 device instances.
  Class: pfet_05v0             instances:   4
  Class: nfet_05v0             instances:   4
Circuit contains 11 nets.

Circuit 1 contains 8 devices, Circuit 2 contains 8 devices.
Circuit 1 contains 11 nets,    Circuit 2 contains 11 nets.


Contents of circuit 1:  Circuit: 'gf180mcu_fd_sc_mcu7t5v0__inv_12'
Circuit gf180mcu_fd_sc_mcu7t5v0__inv_12 contains 24 device instances.
  Class: pfet_05v0             instances:  12
  Class: nfet_05v0             instances:  12
Circuit contains 6 nets.
Contents of circuit 2:  Circuit: 'gf180mcu_fd_sc_mcu7t5v0__inv_12'
Circuit gf180mcu_fd_sc_mcu7t5v0__inv_12 contains 24 device instances.
  Class: pfet_05v0             instances:  12
  Class: nfet_05v0             instances:  12
Circuit contains 6 nets.

Circuit was modified by parallel/series device merging.
New circuit summary:

Contents of circuit 1:  Circuit: 'gf180mcu_fd_sc_mcu7t5v0__inv_12'
Circuit gf180mcu_fd_sc_mcu7t5v0__inv_12 contains 2 device instances.
  Class: pfet_05v0             instances:   1
  Class: nfet_05v0             instances:   1
Circuit contains 6 nets.
Contents of circuit 2:  Circuit: 'gf180mcu_fd_sc_mcu7t5v0__inv_12'
Circuit gf180mcu_fd_sc_mcu7t5v0__inv_12 contains 2 device instances.
  Class: pfet_05v0             instances:   1
  Class: nfet_05v0             instances:   1
Circuit contains 6 nets.

Circuit 1 contains 2 devices, Circuit 2 contains 2 devices.
Circuit 1 contains 6 nets,    Circuit 2 contains 6 nets.


Contents of circuit 1:  Circuit: 'gf180mcu_fd_sc_mcu7t5v0__clkbuf_16'
Circuit gf180mcu_fd_sc_mcu7t5v0__clkbuf_16 contains 46 device instances.
  Class: pfet_05v0             instances:  24
  Class: nfet_05v0             instances:  22
Circuit contains 7 nets.
Contents of circuit 2:  Circuit: 'gf180mcu_fd_sc_mcu7t5v0__clkbuf_16'
Circuit gf180mcu_fd_sc_mcu7t5v0__clkbuf_16 contains 46 device instances.
  Class: pfet_05v0             instances:  24
  Class: nfet_05v0             instances:  22
Circuit contains 7 nets.

Circuit was modified by parallel/series device merging.
New circuit summary:

Contents of circuit 1:  Circuit: 'gf180mcu_fd_sc_mcu7t5v0__clkbuf_16'
Circuit gf180mcu_fd_sc_mcu7t5v0__clkbuf_16 contains 4 device instances.
  Class: pfet_05v0             instances:   2
  Class: nfet_05v0             instances:   2
Circuit contains 7 nets.
Contents of circuit 2:  Circuit: 'gf180mcu_fd_sc_mcu7t5v0__clkbuf_16'
Circuit gf180mcu_fd_sc_mcu7t5v0__clkbuf_16 contains 4 device instances.
  Class: pfet_05v0             instances:   2
  Class: nfet_05v0             instances:   2
Circuit contains 7 nets.

Circuit 1 contains 4 devices, Circuit 2 contains 4 devices.
Circuit 1 contains 7 nets,    Circuit 2 contains 7 nets.


Contents of circuit 1:  Circuit: 'gf180mcu_fd_sc_mcu7t5v0__aoi222_4'
Circuit gf180mcu_fd_sc_mcu7t5v0__aoi222_4 contains 48 device instances.
  Class: pfet_05v0             instances:  24
  Class: nfet_05v0             instances:  24
Circuit contains 25 nets.
Contents of circuit 2:  Circuit: 'gf180mcu_fd_sc_mcu7t5v0__aoi222_4'
Circuit gf180mcu_fd_sc_mcu7t5v0__aoi222_4 contains 48 device instances.
  Class: pfet_05v0             instances:  24
  Class: nfet_05v0             instances:  24
Circuit contains 25 nets.

Circuit was modified by parallel/series device merging.
New circuit summary:

Contents of circuit 1:  Circuit: 'gf180mcu_fd_sc_mcu7t5v0__aoi222_4'
Circuit gf180mcu_fd_sc_mcu7t5v0__aoi222_4 contains 30 device instances.
  Class: pfet_05v0             instances:   6
  Class: nfet_05v0             instances:  24
Circuit contains 25 nets.
Contents of circuit 2:  Circuit: 'gf180mcu_fd_sc_mcu7t5v0__aoi222_4'
Circuit gf180mcu_fd_sc_mcu7t5v0__aoi222_4 contains 30 device instances.
  Class: pfet_05v0             instances:   6
  Class: nfet_05v0             instances:  24
Circuit contains 25 nets.

Circuit 1 contains 30 devices, Circuit 2 contains 30 devices.
Circuit 1 contains 25 nets,    Circuit 2 contains 25 nets.


Contents of circuit 1:  Circuit: 'gf180mcu_fd_sc_mcu7t5v0__oai211_4'
Circuit gf180mcu_fd_sc_mcu7t5v0__oai211_4 contains 32 device instances.
  Class: pfet_05v0             instances:  16
  Class: nfet_05v0             instances:  16
Circuit contains 18 nets.
Contents of circuit 2:  Circuit: 'gf180mcu_fd_sc_mcu7t5v0__oai211_4'
Circuit gf180mcu_fd_sc_mcu7t5v0__oai211_4 contains 32 device instances.
  Class: pfet_05v0             instances:  16
  Class: nfet_05v0             instances:  16
Circuit contains 18 nets.

Circuit was modified by parallel/series device merging.
New circuit summary:

Contents of circuit 1:  Circuit: 'gf180mcu_fd_sc_mcu7t5v0__oai211_4'
Circuit gf180mcu_fd_sc_mcu7t5v0__oai211_4 contains 20 device instances.
  Class: pfet_05v0             instances:  10
  Class: nfet_05v0             instances:  10
Circuit contains 18 nets.
Contents of circuit 2:  Circuit: 'gf180mcu_fd_sc_mcu7t5v0__oai211_4'
Circuit gf180mcu_fd_sc_mcu7t5v0__oai211_4 contains 20 device instances.
  Class: pfet_05v0             instances:  10
  Class: nfet_05v0             instances:  10
Circuit contains 18 nets.

Circuit 1 contains 20 devices, Circuit 2 contains 20 devices.
Circuit 1 contains 18 nets,    Circuit 2 contains 18 nets.


Contents of circuit 1:  Circuit: 'gf180mcu_fd_sc_mcu7t5v0__mux2_4'
Circuit gf180mcu_fd_sc_mcu7t5v0__mux2_4 contains 18 device instances.
  Class: pfet_05v0             instances:   9
  Class: nfet_05v0             instances:   9
Circuit contains 14 nets.
Contents of circuit 2:  Circuit: 'gf180mcu_fd_sc_mcu7t5v0__mux2_4'
Circuit gf180mcu_fd_sc_mcu7t5v0__mux2_4 contains 18 device instances.
  Class: pfet_05v0             instances:   9
  Class: nfet_05v0             instances:   9
Circuit contains 14 nets.

Circuit was modified by parallel/series device merging.
New circuit summary:

Contents of circuit 1:  Circuit: 'gf180mcu_fd_sc_mcu7t5v0__mux2_4'
Circuit gf180mcu_fd_sc_mcu7t5v0__mux2_4 contains 12 device instances.
  Class: pfet_05v0             instances:   6
  Class: nfet_05v0             instances:   6
Circuit contains 14 nets.
Contents of circuit 2:  Circuit: 'gf180mcu_fd_sc_mcu7t5v0__mux2_4'
Circuit gf180mcu_fd_sc_mcu7t5v0__mux2_4 contains 12 device instances.
  Class: pfet_05v0             instances:   6
  Class: nfet_05v0             instances:   6
Circuit contains 14 nets.

Circuit 1 contains 12 devices, Circuit 2 contains 12 devices.
Circuit 1 contains 14 nets,    Circuit 2 contains 14 nets.


Contents of circuit 1:  Circuit: 'gf180mcu_fd_sc_mcu7t5v0__clkinv_8'
Circuit gf180mcu_fd_sc_mcu7t5v0__clkinv_8 contains 16 device instances.
  Class: pfet_05v0             instances:   8
  Class: nfet_05v0             instances:   8
Circuit contains 6 nets.
Contents of circuit 2:  Circuit: 'gf180mcu_fd_sc_mcu7t5v0__clkinv_8'
Circuit gf180mcu_fd_sc_mcu7t5v0__clkinv_8 contains 16 device instances.
  Class: pfet_05v0             instances:   8
  Class: nfet_05v0             instances:   8
Circuit contains 6 nets.

Circuit was modified by parallel/series device merging.
New circuit summary:

Contents of circuit 1:  Circuit: 'gf180mcu_fd_sc_mcu7t5v0__clkinv_8'
Circuit gf180mcu_fd_sc_mcu7t5v0__clkinv_8 contains 2 device instances.
  Class: pfet_05v0             instances:   1
  Class: nfet_05v0             instances:   1
Circuit contains 6 nets.
Contents of circuit 2:  Circuit: 'gf180mcu_fd_sc_mcu7t5v0__clkinv_8'
Circuit gf180mcu_fd_sc_mcu7t5v0__clkinv_8 contains 2 device instances.
  Class: pfet_05v0             instances:   1
  Class: nfet_05v0             instances:   1
Circuit contains 6 nets.

Circuit 1 contains 2 devices, Circuit 2 contains 2 devices.
Circuit 1 contains 6 nets,    Circuit 2 contains 6 nets.


Contents of circuit 1:  Circuit: 'gf180mcu_fd_sc_mcu7t5v0__or2_4'
Circuit gf180mcu_fd_sc_mcu7t5v0__or2_4 contains 16 device instances.
  Class: pfet_05v0             instances:   8
  Class: nfet_05v0             instances:   8
Circuit contains 10 nets.
Contents of circuit 2:  Circuit: 'gf180mcu_fd_sc_mcu7t5v0__or2_4'
Circuit gf180mcu_fd_sc_mcu7t5v0__or2_4 contains 16 device instances.
  Class: pfet_05v0             instances:   8
  Class: nfet_05v0             instances:   8
Circuit contains 10 nets.

Circuit was modified by parallel/series device merging.
New circuit summary:

Contents of circuit 1:  Circuit: 'gf180mcu_fd_sc_mcu7t5v0__or2_4'
Circuit gf180mcu_fd_sc_mcu7t5v0__or2_4 contains 8 device instances.
  Class: pfet_05v0             instances:   5
  Class: nfet_05v0             instances:   3
Circuit contains 10 nets.
Contents of circuit 2:  Circuit: 'gf180mcu_fd_sc_mcu7t5v0__or2_4'
Circuit gf180mcu_fd_sc_mcu7t5v0__or2_4 contains 8 device instances.
  Class: pfet_05v0             instances:   5
  Class: nfet_05v0             instances:   3
Circuit contains 10 nets.

Circuit 1 contains 8 devices, Circuit 2 contains 8 devices.
Circuit 1 contains 10 nets,    Circuit 2 contains 10 nets.


Contents of circuit 1:  Circuit: 'gf180mcu_fd_sc_mcu7t5v0__or4_1'
Circuit gf180mcu_fd_sc_mcu7t5v0__or4_1 contains 10 device instances.
  Class: pfet_05v0             instances:   5
  Class: nfet_05v0             instances:   5
Circuit contains 13 nets.
Contents of circuit 2:  Circuit: 'gf180mcu_fd_sc_mcu7t5v0__or4_1'
Circuit gf180mcu_fd_sc_mcu7t5v0__or4_1 contains 10 device instances.
  Class: pfet_05v0             instances:   5
  Class: nfet_05v0             instances:   5
Circuit contains 13 nets.

Circuit 1 contains 10 devices, Circuit 2 contains 10 devices.
Circuit 1 contains 13 nets,    Circuit 2 contains 13 nets.


Contents of circuit 1:  Circuit: 'gf180mcu_fd_sc_mcu7t5v0__and3_2'
Circuit gf180mcu_fd_sc_mcu7t5v0__and3_2 contains 10 device instances.
  Class: pfet_05v0             instances:   5
  Class: nfet_05v0             instances:   5
Circuit contains 11 nets.
Contents of circuit 2:  Circuit: 'gf180mcu_fd_sc_mcu7t5v0__and3_2'
Circuit gf180mcu_fd_sc_mcu7t5v0__and3_2 contains 10 device instances.
  Class: pfet_05v0             instances:   5
  Class: nfet_05v0             instances:   5
Circuit contains 11 nets.

Circuit was modified by parallel/series device merging.
New circuit summary:

Contents of circuit 1:  Circuit: 'gf180mcu_fd_sc_mcu7t5v0__and3_2'
Circuit gf180mcu_fd_sc_mcu7t5v0__and3_2 contains 8 device instances.
  Class: pfet_05v0             instances:   4
  Class: nfet_05v0             instances:   4
Circuit contains 11 nets.
Contents of circuit 2:  Circuit: 'gf180mcu_fd_sc_mcu7t5v0__and3_2'
Circuit gf180mcu_fd_sc_mcu7t5v0__and3_2 contains 8 device instances.
  Class: pfet_05v0             instances:   4
  Class: nfet_05v0             instances:   4
Circuit contains 11 nets.

Circuit 1 contains 8 devices, Circuit 2 contains 8 devices.
Circuit 1 contains 11 nets,    Circuit 2 contains 11 nets.


Contents of circuit 1:  Circuit: 'gf180mcu_fd_sc_mcu7t5v0__mux2_2'
Circuit gf180mcu_fd_sc_mcu7t5v0__mux2_2 contains 14 device instances.
  Class: pfet_05v0             instances:   7
  Class: nfet_05v0             instances:   7
Circuit contains 14 nets.
Contents of circuit 2:  Circuit: 'gf180mcu_fd_sc_mcu7t5v0__mux2_2'
Circuit gf180mcu_fd_sc_mcu7t5v0__mux2_2 contains 14 device instances.
  Class: pfet_05v0             instances:   7
  Class: nfet_05v0             instances:   7
Circuit contains 14 nets.

Circuit was modified by parallel/series device merging.
New circuit summary:

Contents of circuit 1:  Circuit: 'gf180mcu_fd_sc_mcu7t5v0__mux2_2'
Circuit gf180mcu_fd_sc_mcu7t5v0__mux2_2 contains 12 device instances.
  Class: pfet_05v0             instances:   6
  Class: nfet_05v0             instances:   6
Circuit contains 14 nets.
Contents of circuit 2:  Circuit: 'gf180mcu_fd_sc_mcu7t5v0__mux2_2'
Circuit gf180mcu_fd_sc_mcu7t5v0__mux2_2 contains 12 device instances.
  Class: pfet_05v0             instances:   6
  Class: nfet_05v0             instances:   6
Circuit contains 14 nets.

Circuit 1 contains 12 devices, Circuit 2 contains 12 devices.
Circuit 1 contains 14 nets,    Circuit 2 contains 14 nets.


Contents of circuit 1:  Circuit: 'gf180mcu_fd_sc_mcu7t5v0__or2_2'
Circuit gf180mcu_fd_sc_mcu7t5v0__or2_2 contains 8 device instances.
  Class: pfet_05v0             instances:   4
  Class: nfet_05v0             instances:   4
Circuit contains 9 nets.
Contents of circuit 2:  Circuit: 'gf180mcu_fd_sc_mcu7t5v0__or2_2'
Circuit gf180mcu_fd_sc_mcu7t5v0__or2_2 contains 8 device instances.
  Class: pfet_05v0             instances:   4
  Class: nfet_05v0             instances:   4
Circuit contains 9 nets.

Circuit was modified by parallel/series device merging.
New circuit summary:

Contents of circuit 1:  Circuit: 'gf180mcu_fd_sc_mcu7t5v0__or2_2'
Circuit gf180mcu_fd_sc_mcu7t5v0__or2_2 contains 6 device instances.
  Class: pfet_05v0             instances:   3
  Class: nfet_05v0             instances:   3
Circuit contains 9 nets.
Contents of circuit 2:  Circuit: 'gf180mcu_fd_sc_mcu7t5v0__or2_2'
Circuit gf180mcu_fd_sc_mcu7t5v0__or2_2 contains 6 device instances.
  Class: pfet_05v0             instances:   3
  Class: nfet_05v0             instances:   3
Circuit contains 9 nets.

Circuit 1 contains 6 devices, Circuit 2 contains 6 devices.
Circuit 1 contains 9 nets,    Circuit 2 contains 9 nets.


Contents of circuit 1:  Circuit: 'NanoCGRA_Lite'
Circuit NanoCGRA_Lite contains 5362 device instances.
  Class: gf180mcu_fd_sc_mcu7t5v0__nand3_1 instances: 104
  Class: gf180mcu_fd_sc_mcu7t5v0__nand3_2 instances:  33
  Class: gf180mcu_fd_sc_mcu7t5v0__nand3_4 instances:  26
  Class: gf180mcu_fd_sc_mcu7t5v0__inv_20 instances:   1
  Class: gf180mcu_fd_sc_mcu7t5v0__dffq_1 instances: 459
  Class: gf180mcu_fd_sc_mcu7t5v0__dffq_2 instances: 112
  Class: gf180mcu_fd_sc_mcu7t5v0__dffq_4 instances:  46
  Class: gf180mcu_fd_sc_mcu7t5v0__oai33_2 instances:   5
  Class: gf180mcu_fd_sc_mcu7t5v0__oai221_1 instances:  16
  Class: gf180mcu_fd_sc_mcu7t5v0__oai221_2 instances:   1
  Class: gf180mcu_fd_sc_mcu7t5v0__aoi222_1 instances:  12
  Class: gf180mcu_fd_sc_mcu7t5v0__aoi222_2 instances:   9
  Class: gf180mcu_fd_sc_mcu7t5v0__aoi222_4 instances:   2
  Class: gf180mcu_fd_sc_mcu7t5v0__buf_12 instances:   1
  Class: gf180mcu_fd_sc_mcu7t5v0__and3_1 instances:  25
  Class: gf180mcu_fd_sc_mcu7t5v0__and3_2 instances:   4
  Class: gf180mcu_fd_sc_mcu7t5v0__nand2_1 instances: 729
  Class: gf180mcu_fd_sc_mcu7t5v0__nand2_2 instances:  79
  Class: gf180mcu_fd_sc_mcu7t5v0__nand2_4 instances:  47
  Class: gf180mcu_fd_sc_mcu7t5v0__oai32_1 instances:  11
  Class: gf180mcu_fd_sc_mcu7t5v0__oai32_2 instances:   3
  Class: gf180mcu_fd_sc_mcu7t5v0__oai32_4 instances:   3
  Class: gf180mcu_fd_sc_mcu7t5v0__oai211_1 instances:  58
  Class: gf180mcu_fd_sc_mcu7t5v0__oai211_2 instances:  13
  Class: gf180mcu_fd_sc_mcu7t5v0__oai211_4 instances:   4
  Class: gf180mcu_fd_sc_mcu7t5v0__aoi22_1 instances: 184
  Class: gf180mcu_fd_sc_mcu7t5v0__aoi22_2 instances:  13
  Class: gf180mcu_fd_sc_mcu7t5v0__aoi221_1 instances:  67
  Class: gf180mcu_fd_sc_mcu7t5v0__aoi221_2 instances:   8
  Class: gf180mcu_fd_sc_mcu7t5v0__aoi22_4 instances:  13
  Class: gf180mcu_fd_sc_mcu7t5v0__aoi221_4 instances:   3
  Class: gf180mcu_fd_sc_mcu7t5v0__mux2_1 instances:  15
  Class: gf180mcu_fd_sc_mcu7t5v0__mux2_2 instances:   1
  Class: gf180mcu_fd_sc_mcu7t5v0__mux2_4 instances:   4
  Class: gf180mcu_fd_sc_mcu7t5v0__and2_1 instances: 159
  Class: gf180mcu_fd_sc_mcu7t5v0__and2_2 instances:  13
  Class: gf180mcu_fd_sc_mcu7t5v0__and2_4 instances:   4
  Class: gf180mcu_fd_sc_mcu7t5v0__nor4_1 instances:   5
  Class: gf180mcu_fd_sc_mcu7t5v0__nor4_2 instances:   6
  Class: gf180mcu_fd_sc_mcu7t5v0__nor4_4 instances:   5
  Class: gf180mcu_fd_sc_mcu7t5v0__inv_12 instances:   2
  Class: gf180mcu_fd_sc_mcu7t5v0__or4_1 instances:   4
  Class: gf180mcu_fd_sc_mcu7t5v0__oai31_1 instances:  22
  Class: gf180mcu_fd_sc_mcu7t5v0__clkinv_1 instances: 368
  Class: gf180mcu_fd_sc_mcu7t5v0__oai31_2 instances:   3
  Class: gf180mcu_fd_sc_mcu7t5v0__clkinv_2 instances:  17
  Class: gf180mcu_fd_sc_mcu7t5v0__oai22_1 instances: 290
  Class: gf180mcu_fd_sc_mcu7t5v0__clkinv_3 instances:  24
  Class: gf180mcu_fd_sc_mcu7t5v0__oai22_2 instances:   2
  Class: gf180mcu_fd_sc_mcu7t5v0__oai31_4 instances:   6
  Class: gf180mcu_fd_sc_mcu7t5v0__clkinv_4 instances:   4
  Class: gf180mcu_fd_sc_mcu7t5v0__oai22_4 instances:   4
  Class: gf180mcu_fd_sc_mcu7t5v0__clkinv_8 instances:   4
  Class: gf180mcu_fd_sc_mcu7t5v0__buf_8 instances:   9
  Class: gf180mcu_fd_sc_mcu7t5v0__clkbuf_16 instances:  15
  Class: gf180mcu_fd_sc_mcu7t5v0__aoi21_1 instances: 384
  Class: gf180mcu_fd_sc_mcu7t5v0__aoi21_2 instances:  25
  Class: gf180mcu_fd_sc_mcu7t5v0__tieh instances:   1
  Class: gf180mcu_fd_sc_mcu7t5v0__aoi211_1 instances:  89
  Class: gf180mcu_fd_sc_mcu7t5v0__aoi21_4 instances:  15
  Class: gf180mcu_fd_sc_mcu7t5v0__aoi211_4 instances:   3
  Class: gf180mcu_fd_sc_mcu7t5v0__tiel instances:  13
  Class: gf180mcu_fd_sc_mcu7t5v0__inv_1 instances:  25
  Class: gf180mcu_fd_sc_mcu7t5v0__inv_2 instances:  14
  Class: gf180mcu_fd_sc_mcu7t5v0__inv_3 instances:   5
  Class: gf180mcu_fd_sc_mcu7t5v0__inv_4 instances:   8
  Class: gf180mcu_fd_sc_mcu7t5v0__inv_8 instances:   3
  Class: gf180mcu_fd_sc_mcu7t5v0__xnor3_1 instances:  52
  Class: gf180mcu_fd_sc_mcu7t5v0__nor3_1 instances:  45
  Class: gf180mcu_fd_sc_mcu7t5v0__nor3_2 instances:  15
  Class: gf180mcu_fd_sc_mcu7t5v0__nor3_4 instances:  24
  Class: gf180mcu_fd_sc_mcu7t5v0__or3_1 instances:  30
  Class: gf180mcu_fd_sc_mcu7t5v0__or3_2 instances:   5
  Class: gf180mcu_fd_sc_mcu7t5v0__or3_4 instances:   1
  Class: gf180mcu_fd_sc_mcu7t5v0__oai21_1 instances: 341
  Class: gf180mcu_fd_sc_mcu7t5v0__oai21_2 instances:  17
  Class: gf180mcu_fd_sc_mcu7t5v0__oai21_4 instances:  16
  Class: gf180mcu_fd_sc_mcu7t5v0__xor3_1 instances: 179
  Class: gf180mcu_fd_sc_mcu7t5v0__xor3_2 instances:   3
  Class: gf180mcu_fd_sc_mcu7t5v0__buf_20 instances:   1
  Class: gf180mcu_fd_sc_mcu7t5v0__xnor2_1 instances:  89
  Class: gf180mcu_fd_sc_mcu7t5v0__nor2_1 instances: 413
  Class: gf180mcu_fd_sc_mcu7t5v0__nor2_2 instances:  60
  Class: gf180mcu_fd_sc_mcu7t5v0__nor2_4 instances:  46
  Class: gf180mcu_fd_sc_mcu7t5v0__nand4_1 instances:  26
  Class: gf180mcu_fd_sc_mcu7t5v0__nand4_2 instances:   6
  Class: gf180mcu_fd_sc_mcu7t5v0__nand4_4 instances:   3
  Class: gf180mcu_fd_sc_mcu7t5v0__or2_1 instances:  58
  Class: gf180mcu_fd_sc_mcu7t5v0__or2_2 instances:   2
  Class: gf180mcu_fd_sc_mcu7t5v0__or2_4 instances:   5
  Class: gf180mcu_fd_sc_mcu7t5v0__xor2_1 instances: 231
  Class: gf180mcu_fd_sc_mcu7t5v0__xor2_2 instances:   5
  Class: gf180mcu_fd_sc_mcu7t5v0__mux4_2 instances:   2
  Class: gf180mcu_fd_sc_mcu7t5v0__mux4_4 instances:  20
  Class: gf180mcu_fd_sc_mcu7t5v0__and4_1 instances:   4
  Class: gf180mcu_fd_sc_mcu7t5v0__and4_2 instances:   1
Circuit contains 5367 nets, and 1 disconnected pin.
Contents of circuit 2:  Circuit: 'NanoCGRA_Lite'
Circuit NanoCGRA_Lite contains 5362 device instances.
  Class: gf180mcu_fd_sc_mcu7t5v0__nand3_1 instances: 104
  Class: gf180mcu_fd_sc_mcu7t5v0__nand3_2 instances:  33
  Class: gf180mcu_fd_sc_mcu7t5v0__nand3_4 instances:  26
  Class: gf180mcu_fd_sc_mcu7t5v0__inv_20 instances:   1
  Class: gf180mcu_fd_sc_mcu7t5v0__dffq_1 instances: 459
  Class: gf180mcu_fd_sc_mcu7t5v0__dffq_2 instances: 112
  Class: gf180mcu_fd_sc_mcu7t5v0__dffq_4 instances:  46
  Class: gf180mcu_fd_sc_mcu7t5v0__oai33_2 instances:   5
  Class: gf180mcu_fd_sc_mcu7t5v0__oai221_1 instances:  16
  Class: gf180mcu_fd_sc_mcu7t5v0__oai221_2 instances:   1
  Class: gf180mcu_fd_sc_mcu7t5v0__aoi222_1 instances:  12
  Class: gf180mcu_fd_sc_mcu7t5v0__aoi222_2 instances:   9
  Class: gf180mcu_fd_sc_mcu7t5v0__aoi222_4 instances:   2
  Class: gf180mcu_fd_sc_mcu7t5v0__buf_12 instances:   1
  Class: gf180mcu_fd_sc_mcu7t5v0__and3_1 instances:  25
  Class: gf180mcu_fd_sc_mcu7t5v0__and3_2 instances:   4
  Class: gf180mcu_fd_sc_mcu7t5v0__nand2_1 instances: 729
  Class: gf180mcu_fd_sc_mcu7t5v0__nand2_2 instances:  79
  Class: gf180mcu_fd_sc_mcu7t5v0__nand2_4 instances:  47
  Class: gf180mcu_fd_sc_mcu7t5v0__oai32_1 instances:  11
  Class: gf180mcu_fd_sc_mcu7t5v0__oai32_2 instances:   3
  Class: gf180mcu_fd_sc_mcu7t5v0__oai32_4 instances:   3
  Class: gf180mcu_fd_sc_mcu7t5v0__oai211_1 instances:  58
  Class: gf180mcu_fd_sc_mcu7t5v0__oai211_2 instances:  13
  Class: gf180mcu_fd_sc_mcu7t5v0__oai211_4 instances:   4
  Class: gf180mcu_fd_sc_mcu7t5v0__aoi22_1 instances: 184
  Class: gf180mcu_fd_sc_mcu7t5v0__aoi221_1 instances:  67
  Class: gf180mcu_fd_sc_mcu7t5v0__aoi22_2 instances:  13
  Class: gf180mcu_fd_sc_mcu7t5v0__aoi221_2 instances:   8
  Class: gf180mcu_fd_sc_mcu7t5v0__aoi22_4 instances:  13
  Class: gf180mcu_fd_sc_mcu7t5v0__aoi221_4 instances:   3
  Class: gf180mcu_fd_sc_mcu7t5v0__mux2_1 instances:  15
  Class: gf180mcu_fd_sc_mcu7t5v0__mux2_2 instances:   1
  Class: gf180mcu_fd_sc_mcu7t5v0__mux2_4 instances:   4
  Class: gf180mcu_fd_sc_mcu7t5v0__and2_1 instances: 159
  Class: gf180mcu_fd_sc_mcu7t5v0__and2_2 instances:  13
  Class: gf180mcu_fd_sc_mcu7t5v0__and2_4 instances:   4
  Class: gf180mcu_fd_sc_mcu7t5v0__nor4_1 instances:   5
  Class: gf180mcu_fd_sc_mcu7t5v0__nor4_2 instances:   6
  Class: gf180mcu_fd_sc_mcu7t5v0__nor4_4 instances:   5
  Class: gf180mcu_fd_sc_mcu7t5v0__inv_12 instances:   2
  Class: gf180mcu_fd_sc_mcu7t5v0__or4_1 instances:   4
  Class: gf180mcu_fd_sc_mcu7t5v0__oai31_1 instances:  22
  Class: gf180mcu_fd_sc_mcu7t5v0__clkinv_1 instances: 368
  Class: gf180mcu_fd_sc_mcu7t5v0__oai31_2 instances:   3
  Class: gf180mcu_fd_sc_mcu7t5v0__clkinv_2 instances:  17
  Class: gf180mcu_fd_sc_mcu7t5v0__oai22_1 instances: 290
  Class: gf180mcu_fd_sc_mcu7t5v0__clkinv_3 instances:  24
  Class: gf180mcu_fd_sc_mcu7t5v0__oai31_4 instances:   6
  Class: gf180mcu_fd_sc_mcu7t5v0__oai22_2 instances:   2
  Class: gf180mcu_fd_sc_mcu7t5v0__clkinv_4 instances:   4
  Class: gf180mcu_fd_sc_mcu7t5v0__oai22_4 instances:   4
  Class: gf180mcu_fd_sc_mcu7t5v0__clkinv_8 instances:   4
  Class: gf180mcu_fd_sc_mcu7t5v0__buf_8 instances:   9
  Class: gf180mcu_fd_sc_mcu7t5v0__clkbuf_16 instances:  15
  Class: gf180mcu_fd_sc_mcu7t5v0__aoi21_1 instances: 384
  Class: gf180mcu_fd_sc_mcu7t5v0__aoi21_2 instances:  25
  Class: gf180mcu_fd_sc_mcu7t5v0__tieh instances:   1
  Class: gf180mcu_fd_sc_mcu7t5v0__aoi211_1 instances:  89
  Class: gf180mcu_fd_sc_mcu7t5v0__aoi21_4 instances:  15
  Class: gf180mcu_fd_sc_mcu7t5v0__tiel instances:  13
  Class: gf180mcu_fd_sc_mcu7t5v0__aoi211_4 instances:   3
  Class: gf180mcu_fd_sc_mcu7t5v0__inv_1 instances:  25
  Class: gf180mcu_fd_sc_mcu7t5v0__inv_2 instances:  14
  Class: gf180mcu_fd_sc_mcu7t5v0__inv_3 instances:   5
  Class: gf180mcu_fd_sc_mcu7t5v0__inv_4 instances:   8
  Class: gf180mcu_fd_sc_mcu7t5v0__inv_8 instances:   3
  Class: gf180mcu_fd_sc_mcu7t5v0__xnor3_1 instances:  52
  Class: gf180mcu_fd_sc_mcu7t5v0__nor3_1 instances:  45
  Class: gf180mcu_fd_sc_mcu7t5v0__nor3_2 instances:  15
  Class: gf180mcu_fd_sc_mcu7t5v0__nor3_4 instances:  24
  Class: gf180mcu_fd_sc_mcu7t5v0__or3_1 instances:  30
  Class: gf180mcu_fd_sc_mcu7t5v0__or3_2 instances:   5
  Class: gf180mcu_fd_sc_mcu7t5v0__or3_4 instances:   1
  Class: gf180mcu_fd_sc_mcu7t5v0__oai21_1 instances: 341
  Class: gf180mcu_fd_sc_mcu7t5v0__oai21_2 instances:  17
  Class: gf180mcu_fd_sc_mcu7t5v0__oai21_4 instances:  16
  Class: gf180mcu_fd_sc_mcu7t5v0__xor3_1 instances: 179
  Class: gf180mcu_fd_sc_mcu7t5v0__xor3_2 instances:   3
  Class: gf180mcu_fd_sc_mcu7t5v0__buf_20 instances:   1
  Class: gf180mcu_fd_sc_mcu7t5v0__xnor2_1 instances:  89
  Class: gf180mcu_fd_sc_mcu7t5v0__nor2_1 instances: 413
  Class: gf180mcu_fd_sc_mcu7t5v0__nor2_2 instances:  60
  Class: gf180mcu_fd_sc_mcu7t5v0__nor2_4 instances:  46
  Class: gf180mcu_fd_sc_mcu7t5v0__nand4_1 instances:  26
  Class: gf180mcu_fd_sc_mcu7t5v0__nand4_2 instances:   6
  Class: gf180mcu_fd_sc_mcu7t5v0__nand4_4 instances:   3
  Class: gf180mcu_fd_sc_mcu7t5v0__or2_1 instances:  58
  Class: gf180mcu_fd_sc_mcu7t5v0__or2_2 instances:   2
  Class: gf180mcu_fd_sc_mcu7t5v0__or2_4 instances:   5
  Class: gf180mcu_fd_sc_mcu7t5v0__xor2_1 instances: 231
  Class: gf180mcu_fd_sc_mcu7t5v0__xor2_2 instances:   5
  Class: gf180mcu_fd_sc_mcu7t5v0__mux4_2 instances:   2
  Class: gf180mcu_fd_sc_mcu7t5v0__mux4_4 instances:  20
  Class: gf180mcu_fd_sc_mcu7t5v0__and4_1 instances:   4
  Class: gf180mcu_fd_sc_mcu7t5v0__and4_2 instances:   1
Circuit contains 5367 nets, and 1 disconnected pin.

Circuit 1 contains 5362 devices, Circuit 2 contains 5362 devices.
Circuit 1 contains 5367 nets,    Circuit 2 contains 5367 nets.


Final result: 
Circuits match uniquely.
.
Logging to file "/workspace/iris_c3a247b9-0025-43e1-bae8-42a940fa0b63/Chip-Orchestra/output/nanocgra_lite_3x3_opt/reports/lvs/comp_final.out" disabled
LVS Done.
NETGEN_LVS_PASSED
