$date
	Sun Aug 16 08:59:49 2026
$end
$version
	Icarus Verilog
$end
$timescale
	1ps
$end
$scope module nano_cgra_3x3_sobel_accelerator_v4_hwsw_tb $end
$var reg 1 ! rst_async_n $end
$upscope $end
$scope module nano_cgra_3x3_sobel_accelerator_v4_hwsw_tb $end
$var reg 1 " data_i $end
$upscope $end
$scope module nano_cgra_3x3_sobel_accelerator_v4_hwsw_tb $end
$var wire 1 # data_o $end
$upscope $end
$enddefinitions $end
$comment Show the parameter values. $end
$dumpall
$end
#0
$dumpvars
1#
1"
0!
$end
#95000
1!
#145000
0"
#17505000
1"
#43545000
0"
#56565000
1"
#86945000
0"
#91285000
1"
#104305000
0"
#108645000
1"
#130345000
0"
#134685000
1"
#147705000
0"
#152045000
1"
#173745000
0"
#178085000
1"
#186765000
0"
#191105000
1"
#217145000
0"
#225825000
1"
#230165000
0"
#234505000
1"
#260545000
0"
#264885000
1"
#273565000
0"
#277905000
1"
#303945000
0"
#312625000
1"
#316965000
0"
#321305000
1"
#347345000
0"
#356025000
1"
#360365000
0"
#364705000
1"
#390745000
0"
#399425000
1"
#403765000
0"
#408105000
1"
#434145000
0"
#442825000
1"
#447165000
0"
#451505000
1"
#477545000
0"
#486225000
1"
#490565000
0"
#494905000
1"
#520945000
0"
#525285000
1"
#529625000
0"
#538305000
1"
#564345000
0"
#568685000
1"
#573025000
0"
#581705000
1"
#607745000
0"
#612085000
1"
#616425000
0"
#625105000
1"
#651145000
0"
#668505000
1"
#694545000
0"
#711905000
1"
#737945000
0"
#755305000
1"
#781345000
0"
#785685000
1"
#798705000
0"
#803045000
1"
#824745000
0"
#833425000
1"
#842105000
0"
#846445000
1"
#868145000
0"
#876825000
1"
#885505000
0"
#889845000
1"
#911545000
0"
#928905000
1"
#954945000
0"
#959285000
1"
#963625000
0"
#967965000
1"
#972305000
0"
#976645000
1"
#998345000
0"
#1015705000
1"
#1041745000
0"
#1050425000
1"
#1054765000
0"
#1059105000
1"
#1085145000
0"
#1093825000
1"
#1098165000
0"
#1111185000
1"
#1128545000
0"
#1137225000
1"
#1154585000
0"
#1158925000
1"
#1171945000
0"
#1176285000
1"
#1180625000
0"
#1184965000
1"
#1189305000
0"
#1193645000
1"
#1197985000
0"
#1202325000
1"
#1215345000
0"
#1219685000
1"
#1224025000
0"
#1237045000
1"
#1241385000
0"
#1245725000
1"
#1258745000
0"
#1267425000
1"
#1271765000
0"
#1289125000
1"
#1302145000
0"
#1323845000
1"
#1328185000
0"
#1336865000
1"
#1345545000
0"
#1349885000
1"
#1354225000
0"
#1358565000
1"
#1362905000
0"
#1367245000
1"
#1380265000
0"
#1384605000
1"
#1388945000
0"
#1393285000
1"
#1397625000
0"
#1401965000
1"
#1406305000
0"
#1410645000
1"
#1432345000
0"
#1454045000
1"
#1475745000
0"
#1488765000
1"
#1493105000
0"
#1497445000
1"
#1519145000
0"
#1523485000
1"
#1527825000
0"
#1536505000
1"
#1562545000
0"
#1571225000
1"
#1575565000
0"
#1579905000
1"
#1605945000
0"
#1610285000
1"
#1614625000
0"
#1623305000
1"
#1649345000
0"
#1653685000
1"
#1658025000
0"
#1666705000
1"
#1692745000
0"
#1697085000
1"
#1701425000
0"
#1710105000
1"
#1736145000
0"
#1753505000
1"
#1779545000
0"
#1796905000
1"
#1822945000
0"
#1840305000
1"
#1866345000
0"
#1870685000
1"
#1883705000
0"
#1888045000
1"
#1909745000
0"
#1914085000
1"
#1927105000
0"
#1931445000
1"
#1953145000
0"
#1957485000
1"
#1970505000
0"
#1974845000
1"
#1996545000
0"
#2005225000
1"
#2013905000
0"
#2018245000
1"
#2039945000
0"
#2048625000
1"
#2057305000
0"
#2061645000
1"
#2083345000
0"
#2087685000
1"
#2092025000
0"
#2096365000
1"
#2100705000
0"
#2105045000
1"
#2126745000
0"
#2131085000
1"
#2135425000
0"
#2139765000
1"
#2144105000
0"
#2148445000
1"
#2170145000
0"
#2183165000
1"
#2187505000
0"
#2191845000
1"
#2213545000
0"
#2226565000
1"
#2230905000
0"
#2235245000
1"
#2256945000
0"
#2269965000
1"
#2274305000
0"
#2278645000
1"
#2300345000
0"
#2313365000
1"
#2322045000
0"
#2326385000
1"
#2343745000
0"
#2348085000
1"
#2352425000
0"
#2356765000
1"
#2374125000
0"
#2378465000
1"
#2387145000
0"
#2400165000
1"
#2408845000
0"
#2413185000
1"
#2417525000
0"
#2421865000
1"
#2430545000
0"
#2443565000
1"
#2447905000
0"
#2452245000
1"
#2460925000
0"
#2465265000
1"
#2473945000
0"
#2478285000
1"
#2486965000
0"
#2508665000
1"
#2517345000
0"
#2552065000
1"
#2560745000
0"
#2578105000
1"
#2582445000
0"
#2595465000
1"
#2604145000
0"
#2617165000
1"
#2621505000
0"
#2630185000
1"
#2638865000
0"
#2643205000
1"
#2647545000
0"
#2651885000
1"
#2656225000
0"
#2664905000
1"
#2673585000
0"
#2677925000
1"
#2682265000
0"
#2686605000
1"
#2690945000
0"
#2695285000
1"
#2703965000
0"
#2712645000
1"
#2716985000
0"
#2721325000
1"
#2725665000
0"
#2730005000
1"
#2734345000
0"
#2747365000
1"
#2760385000
0"
#2764725000
1"
#2769065000
0"
#2773405000
1"
#2777745000
0"
#2782085000
1"
#2786425000
0"
#2795105000
1"
#2821145000
0"
#2825485000
1"
#2829825000
0"
#2842845000
1"
#2864545000
0"
#2873225000
1"
#2881905000
0"
#2886245000
1"
#2907915000
0#
#2907945000
0"
#2912285000
1"
#2920935000
1#
#2925305000
0"
#2929645000
1"
#2933955000
0#
#2946975000
1#
#2951315000
0#
#2951345000
0"
#2960025000
1"
#2968705000
0"
#2973045000
1"
#2977355000
1#
#2981695000
0#
#2990375000
1#
#2994715000
0#
#2994745000
0"
#2999085000
1"
#3003395000
1#
#3003425000
0"
#3007765000
1"
#3012075000
0#
#3012105000
0"
#3016415000
1#
#3016445000
1"
#3020755000
0#
#3033775000
1#
#3038115000
0#
#3038145000
0"
#3051165000
1"
#3055505000
0"
#3059815000
1#
#3059845000
1"
#3064155000
0#
#3077175000
1#
#3081515000
0#
#3081545000
0"
#3085885000
1"
#3090195000
1#
#3090225000
0"
#3094535000
0#
#3094565000
1"
#3098875000
1#
#3098905000
0"
#3103245000
1"
#3107555000
0#
#3120575000
1#
#3124915000
0#
#3124945000
0"
#3137965000
1"
#3142275000
1#
#3142305000
0"
#3146645000
1"
#3150955000
0#
#3163975000
1#
#3168315000
0#
#3168345000
0"
#3176995000
1#
#3181335000
0#
#3181365000
1"
#3185675000
1#
#3185705000
0"
#3190045000
1"
#3194355000
0#
#3207375000
1#
#3211715000
0#
#3211745000
0"
#3220395000
1#
#3224735000
0#
#3224765000
1"
#3229075000
1#
#3229105000
0"
#3233445000
1"
#3237755000
0#
#3250775000
1#
#3255115000
0#
#3255145000
0"
#3259485000
1"
#3268165000
0"
#3272475000
1#
#3276845000
1"
#3281155000
0#
#3294175000
1#
#3298515000
0#
#3298545000
0"
#3302885000
1"
#3311535000
1#
#3311565000
0"
#3320245000
1"
#3324555000
0#
#3337575000
1#
#3341915000
0#
#3341945000
0"
#3350595000
1#
#3350625000
1"
#3354965000
0"
#3363645000
1"
#3367955000
0#
#3380975000
1#
#3385315000
0#
#3385345000
0"
#3389685000
1"
#3398335000
1#
#3398365000
0"
#3407045000
1"
#3411355000
0#
#3424375000
1#
#3428715000
0#
#3428745000
0"
#3437425000
1"
#3441735000
1#
#3441765000
0"
#3450445000
1"
#3454755000
0#
#3467775000
1#
#3472115000
0#
#3472145000
0"
#3476485000
1"
#3480825000
0"
#3485135000
1#
#3493845000
1"
#3498155000
0#
#3511175000
1#
#3515515000
0#
#3515545000
0"
#3524195000
1#
#3537245000
1"
#3541555000
0#
#3554575000
1#
#3558915000
0#
#3558945000
0"
#3567625000
1"
#3580645000
0"
#3584955000
1#
#3584985000
1"
#3589295000
0#
#3597975000
1#
#3602315000
0#
#3602345000
0"
#3610995000
1#
#3611025000
1"
#3615365000
0"
#3619675000
0#
#3624045000
1"
#3628355000
1#
#3632695000
0#
#3641375000
1#
#3645715000
0#
#3645745000
0"
#3650085000
1"
#3663105000
0"
#3671755000
1#
#3676095000
0#
#3676125000
1"
#3684775000
1#
#3689115000
0#
#3689145000
0"
#3693485000
1"
#3697825000
0"
#3706475000
1#
#3710815000
0#
#3715155000
1#
#3723835000
0#
#3723865000
1"
#3728175000
1#
#3732515000
0#
#3732545000
0"
#3736855000
1#
#3736885000
1"
#3745565000
0"
#3749905000
1"
#3767265000
0"
#3771605000
1"
#3775915000
0#
#3775945000
0"
#3780255000
1#
#3784625000
1"
#3793305000
0"
#3797645000
1"
#3810665000
0"
#3815005000
1"
#3819315000
0#
#3819345000
0"
#3823655000
1#
#3828025000
1"
#3832365000
0"
#3854065000
1"
#3862715000
0#
#3862745000
0"
#3867055000
1#
#3871425000
1"
#3897465000
0"
#3901805000
1"
#3906115000
0#
#3906145000
0"
#3910455000
1#
#3914825000
1"
#3923505000
0"
#3932185000
1"
#3940865000
0"
#3945205000
1"
#3949515000
0#
#3949545000
0"
#3953855000
1#
#3958225000
1"
#3975585000
0"
#3979925000
1"
#3984265000
0"
#3988605000
1"
#3992915000
0#
#3992945000
0"
#3997255000
1#
#4001625000
1"
#4014645000
0"
#4023325000
1"
#4027665000
0"
#4032005000
1"
#4036315000
0#
#4036345000
0"
#4040655000
1#
#4040685000
1"
#4049365000
0"
#4053705000
1"
#4058045000
0"
#4066725000
1"
#4071065000
0"
#4075405000
1"
#4079715000
0#
#4079745000
0"
#4084055000
1#
#4084085000
1"
#4101445000
0"
#4110125000
1"
#4114465000
0"
#4118805000
1"
#4123115000
0#
#4123145000
0"
#4127455000
1#
#4127485000
1"
#4140505000
0"
#4144845000
1"
#4149185000
0"
#4153525000
1"
#4157865000
0"
#4162205000
1"
#4166515000
0#
#4166545000
0"
#4170855000
1#
#4179565000
1"
#4183905000
0"
#4188245000
1"
#4209945000
0"
#4214285000
1"
#4231645000
0"
#4235985000
1"
#4253345000
0"
#4262025000
1"
#4266365000
0"
#4275045000
1"
#4296715000
0#
#4296745000
0"
#4305395000
1#
#4305425000
1"
#4309765000
0"
#4318415000
0#
#4318445000
1"
#4335775000
1#
#4340115000
0#
#4340145000
0"
#4348825000
1"
#4353135000
1#
#4357475000
0#
#4361845000
0"
#4366155000
1#
#4366185000
1"
#4370495000
0#
#4379175000
1#
#4383515000
0#
#4383545000
0"
#4387885000
1"
#4392195000
1#
#4392225000
0"
#4396565000
1"
#4405245000
0"
#4409555000
0#
#4409585000
1"
#4422575000
1#
#4426915000
0#
#4426945000
0"
#4431285000
1"
#4435625000
0"
#4439935000
1#
#4444275000
0#
#4448615000
1#
#4448645000
1"
#4457295000
0#
#4465975000
1#
#4470315000
0#
#4470345000
0"
#4474685000
1"
#4478995000
1#
#4479025000
0"
#4492015000
0#
#4492045000
1"
#4496355000
1#
#4500695000
0#
#4509375000
1#
#4513715000
0#
#4513745000
0"
#4518085000
1"
#4522425000
0"
#4531075000
1#
#4535415000
0#
#4535445000
1"
#4539755000
1#
#4544095000
0#
#4552775000
1#
#4557115000
0#
#4557145000
0"
#4578845000
1"
#4583155000
1#
#4587495000
0#
#4596175000
1#
#4600515000
0#
#4600545000
0"
#4609195000
1#
#4613535000
0#
#4622245000
1"
#4626555000
1#
#4630895000
0#
#4639575000
1#
#4643915000
0#
#4643945000
0"
#4665645000
1"
#4669955000
1#
#4674295000
0#
#4682975000
1#
#4687315000
0#
#4687345000
0"
#4691685000
1"
#4695995000
1#
#4700335000
0#
#4709045000
0"
#4713355000
1#
#4713385000
1"
#4717695000
0#
#4726375000
1#
#4730715000
0#
#4730745000
0"
#4735085000
1"
#4739395000
1#
#4743735000
0#
#4752445000
0"
#4756755000
1#
#4756785000
1"
#4761095000
0#
#4769775000
1#
#4774115000
0#
#4774145000
0"
#4778485000
1"
#4782795000
1#
#4787135000
0#
#4795845000
0"
#4800155000
1#
#4800185000
1"
#4804495000
0#
#4813175000
1#
#4817515000
0#
#4817545000
0"
#4826225000
1"
#4839245000
0"
#4843555000
1#
#4843585000
1"
#4847895000
0#
#4856575000
1#
#4860915000
0#
#4860945000
0"
#4882645000
1"
#4886955000
1#
#4891295000
0#
#4899975000
1#
#4904315000
0#
#4904345000
0"
#4926045000
1"
#4930355000
1#
#4934695000
0#
#4943375000
1#
#4947715000
0#
#4947745000
0"
#4956395000
1#
#4960735000
0#
#4960765000
1"
#4965075000
1#
#4965105000
0"
#4969445000
1"
#4973755000
0#
#4986775000
1#
#4991115000
0#
#4991145000
0"
#4995485000
1"
#4999795000
1#
#4999825000
0"
#5004135000
0#
#5004165000
1"
#5012815000
1#
#5017155000
0#
#5021525000
0"
#5025865000
1"
#5030175000
1#
#5034515000
0#
#5034545000
0"
#5047535000
1#
#5051905000
1"
#5056215000
0#
#5060555000
1#
#5069235000
0#
#5069265000
0"
#5073575000
1#
#5073605000
1"
#5077915000
0#
#5077945000
0"
#5082255000
1#
#5082285000
1"
#5090965000
0"
#5095305000
1"
#5103985000
0"
#5108325000
1"
#5112665000
0"
#5117005000
1"
#5121315000
0#
#5121345000
0"
#5125655000
1#
#5130025000
1"
#5138705000
0"
#5147385000
1"
#5156065000
0"
#5160405000
1"
#5164715000
0#
#5164745000
0"
#5169055000
1#
#5169085000
1"
#5173425000
0"
#5177765000
1"
#5182105000
0"
#5190785000
1"
#5199465000
0"
#5203805000
1"
#5208115000
0#
#5208145000
0"
#5212455000
1#
#5212485000
1"
#5216825000
0"
#5225505000
1"
#5234185000
0"
#5238525000
1"
#5242865000
0"
#5247205000
1"
#5251515000
0#
#5251545000
0"
#5255855000
1#
#5255885000
1"
#5264565000
0"
#5268905000
1"
#5277585000
0"
#5281925000
1"
#5286265000
0"
#5290605000
1"
#5294915000
0#
#5294945000
0"
#5299255000
1#
#5303625000
1"
#5320985000
0"
#5325325000
1"
#5329665000
0"
#5334005000
1"
#5338315000
0#
#5338345000
0"
#5342655000
1#
#5347025000
1"
#5355705000
0"
#5360045000
1"
#5364385000
0"
#5368725000
1"
#5373065000
0"
#5377405000
1"
#5381715000
0#
#5381745000
0"
#5390395000
1#
#5390425000
1"
#5399105000
0"
#5403445000
1"
#5407755000
0#
#5407785000
0"
#5412095000
1#
#5412125000
1"
#5416465000
0"
#5420805000
1"
#5425115000
0#
#5425145000
0"
#5429485000
1"
#5433825000
0"
#5442475000
1#
#5446815000
0#
#5446845000
1"
#5451155000
1#
#5451185000
0"
#5455525000
1"
#5459865000
0"
#5464205000
1"
#5468515000
0#
#5468545000
0"
#5477225000
1"
#5481565000
0"
#5485905000
1"
#5490215000
1#
#5490245000
0"
#5498895000
0#
#5498925000
1"
#5503235000
1#
#5503265000
0"
#5507605000
1"
#5511915000
0#
#5511945000
0"
#5516285000
1"
#5520595000
1#
#5520625000
0"
#5524935000
0#
#5529305000
1"
#5533645000
0"
#5542295000
1#
#5542325000
1"
#5546635000
0#
#5546665000
0"
#5550975000
1#
#5551005000
1"
#5555315000
0#
#5555345000
0"
#5577045000
1"
#5585695000
1#
#5590035000
0#
#5594375000
1#
#5598745000
0"
#5607425000
1"
#5611765000
0"
#5616105000
1"
#5620445000
0"
#5624785000
1"
#5642145000
0"
#5646485000
1"
#5650825000
0"
#5655165000
1"
#5663845000
0"
#5668185000
1"
#5685515000
0#
#5685545000
0"
#5689885000
1"
#5694195000
1#
#5698535000
0#
#5702875000
1#
#5707215000
0#
#5707245000
0"
#5711555000
1#
#5711585000
1"
#5715895000
0#
#5724575000
1#
#5728915000
0#
#5728945000
0"
#5737595000
1#
#5741935000
0#
#5741965000
1"
#5750615000
1#
#5750645000
0"
#5754985000
1"
#5759295000
0#
#5767975000
1#
#5772315000
0#
#5772345000
0"
#5785335000
1#
#5785365000
1"
#5794015000
0#
#5794045000
0"
#5798355000
1#
#5798385000
1"
#5802695000
0#
#5811375000
1#
#5815715000
0#
#5815745000
0"
#5828735000
1#
#5828765000
1"
#5833075000
0#
#5837415000
1#
#5837445000
0"
#5841785000
1"
#5846095000
0#
#5854775000
1#
#5859115000
0#
#5859145000
0"
#5863485000
1"
#5872165000
0"
#5876475000
1#
#5876505000
1"
#5880815000
0#
#5880845000
0"
#5885155000
1#
#5885185000
1"
#5889495000
0#
#5898175000
1#
#5902515000
0#
#5902545000
0"
#5906885000
1"
#5911195000
1#
#5911225000
0"
#5915535000
0#
#5915565000
1"
#5919875000
1#
#5924215000
0#
#5924245000
0"
#5928555000
1#
#5928585000
1"
#5932895000
0#
#5941575000
1#
#5945915000
0#
#5945945000
0"
#5950285000
1"
#5954625000
0"
#5958935000
1#
#5958965000
1"
#5963275000
0#
#5967645000
0"
#5971955000
1#
#5971985000
1"
#5976295000
0#
#5984975000
1#
#5989315000
0#
#5989345000
0"
#6002365000
1"
#6011045000
0"
#6015355000
1#
#6015385000
1"
#6019695000
0#
#6028375000
1#
#6032715000
0#
#6032745000
0"
#6045765000
1"
#6054445000
0"
#6058755000
1#
#6058785000
1"
#6063095000
0#
#6071775000
1#
#6076115000
0#
#6076145000
0"
#6089165000
1"
#6097845000
0"
#6102155000
1#
#6102185000
1"
#6106495000
0#
#6115175000
1#
#6119515000
0#
#6119545000
0"
#6123885000
1"
#6132565000
0"
#6136905000
1"
#6141245000
0"
#6145555000
1#
#6145585000
1"
#6149895000
0#
#6158575000
1#
#6162915000
0#
#6162945000
0"
#6171625000
1"
#6175965000
0"
#6180305000
1"
#6184645000
0"
#6188955000
1#
#6188985000
1"
#6193295000
0#
#6201975000
1#
#6206315000
0#
#6206345000
0"
#6215025000
1"
#6228045000
0"
#6232355000
1#
#6232385000
1"
#6236695000
0#
#6245375000
1#
#6249715000
0#
#6249745000
0"
#6258395000
1#
#6275755000
0#
#6275785000
1"
#6288775000
1#
#6293115000
0#
#6293145000
0"
#6306135000
1#
#6310505000
1"
#6314815000
0#
#6319155000
1#
#6319185000
0"
#6323495000
0#
#6323525000
1"
#6332175000
1#
#6336515000
0#
#6336545000
0"
#6340885000
1"
#6345195000
1#
#6349535000
0#
#6358215000
1#
#6358245000
0"
#6362555000
0#
#6366895000
1#
#6366925000
1"
#6371235000
0#
#6375575000
1#
#6379915000
0#
#6379945000
0"
#6384285000
1"
#6392935000
1#
#6401615000
0#
#6405955000
1#
#6405985000
0"
#6414635000
0#
#6414665000
1"
#6418975000
1#
#6423315000
0#
#6423345000
0"
#6427655000
1#
#6427685000
1"
#6432025000
0"
#6449385000
1"
#6458065000
0"
#6462405000
1"
#6466715000
0#
#6466745000
0"
#6471055000
1#
#6479765000
1"
#6484105000
0"
#6488445000
1"
#6492785000
0"
#6497125000
1"
#6501465000
0"
#6505805000
1"
#6510115000
0#
#6510145000
0"
#6514455000
1#
#6514485000
1"
#6523165000
0"
#6527505000
1"
#6531845000
0"
#6540525000
1"
#6544865000
0"
#6549205000
1"
#6553515000
0#
#6553545000
0"
#6557855000
1#
#6570905000
1"
#6575245000
0"
#6583925000
1"
#6588265000
0"
#6592605000
1"
#6596915000
0#
#6596945000
0"
#6605595000
1#
#6605625000
1"
#6609965000
0"
#6618645000
1"
#6622985000
0"
#6627295000
0#
#6627325000
1"
#6631635000
1#
#6631665000
0"
#6636005000
1"
#6640315000
0#
#6640345000
0"
#6649025000
1"
#6657675000
1#
#6657705000
0"
#6662015000
0#
#6662045000
1"
#6666385000
0"
#6670695000
1#
#6670725000
1"
#6675065000
0"
#6679405000
1"
#6683715000
0#
#6683745000
0"
#6688085000
1"
#6692425000
0"
#6696765000
1"
#6701075000
1#
#6705445000
0"
#6714095000
0#
#6714125000
1"
#6718435000
1#
#6718465000
0"
#6722805000
1"
#6727115000
0#
#6727145000
0"
#6748815000
1#
#6757495000
0#
#6757525000
1"
#6761835000
1#
#6761865000
0"
#6766205000
1"
#6770515000
0#
#6770545000
0"
#6774885000
1"
#6787875000
1#
#6800895000
0#
#6800925000
0"
#6805235000
1#
#6809605000
1"
#6813915000
0#
#6813945000
0"
#6818285000
1"
#6822595000
1#
#6822625000
0"
#6826935000
0#
#6826965000
1"
#6831275000
1#
#6835645000
0"
#6839955000
0#
#6844325000
1"
#6848635000
1#
#6848665000
0"
#6853005000
1"
#6857315000
0#
#6857345000
0"
#6865995000
1#
#6866025000
1"
#6870335000
0#
#6870365000
0"
#6874675000
1#
#6874705000
1"
#6879015000
0#
#6879045000
0"
#6887695000
1#
#6887725000
1"
#6892035000
0#
#6892065000
0"
#6896375000
1#
#6896405000
1"
#6900715000
0#
#6900745000
0"
#6909425000
1"
#6913735000
1#
#6913765000
0"
#6926755000
0#
#6931125000
1"
#6935465000
0"
#6939775000
1#
#6939805000
1"
#6944115000
0#
#6944145000
0"
#6952825000
1"
#6957135000
1#
#6957165000
0"
#6961505000
1"
#6965815000
0#
#6965845000
0"
#6970155000
1#
#6970185000
1"
#6974495000
0#
#6983175000
1#
#6987545000
0"
#6991885000
1"
#6996225000
0"
#7000565000
1"
#7004905000
0"
#7013585000
1"
#7030945000
0"
#7048305000
1"
#7052645000
0"
#7056985000
1"
#7074315000
0#
#7074345000
0"
#7082995000
1#
#7087335000
0#
#7087365000
1"
#7096015000
1#
#7096045000
0"
#7100385000
1"
#7104695000
0#
#7113375000
1#
#7117715000
0#
#7117745000
0"
#7122085000
1"
#7130765000
0"
#7135075000
1#
#7135105000
1"
#7139445000
0"
#7143785000
1"
#7148095000
0#
#7156775000
1#
#7161115000
0#
#7161145000
0"
#7174135000
1#
#7178505000
1"
#7182845000
0"
#7187155000
0#
#7187185000
1"
#7200175000
1#
#7204515000
0#
#7204545000
0"
#7208885000
1"
#7213225000
0"
#7221905000
1"
#7226245000
0"
#7230555000
1#
#7230585000
1"
#7234895000
0#
#7243575000
1#
#7247915000
0#
#7247945000
0"
#7256595000
1#
#7256625000
1"
#7265275000
0#
#7265305000
0"
#7269615000
1#
#7273955000
0#
#7273985000
1"
#7286975000
1#
#7291315000
0#
#7291345000
0"
#7300025000
1"
#7308705000
0"
#7317355000
1#
#7317385000
1"
#7321695000
0#
#7330375000
1#
#7334715000
0#
#7334745000
0"
#7339085000
1"
#7343395000
1#
#7347735000
0#
#7352075000
1#
#7352105000
0"
#7356415000
0#
#7360755000
1#
#7360785000
1"
#7365095000
0#
#7373775000
1#
#7378115000
0#
#7378145000
0"
#7386795000
1#
#7395505000
1"
#7399815000
0#
#7399845000
0"
#7404155000
1#
#7404185000
1"
#7408495000
0#
#7417175000
1#
#7421515000
0#
#7421545000
0"
#7430195000
1#
#7438875000
0#
#7438905000
1"
#7443245000
0"
#7447555000
1#
#7447585000
1"
#7451895000
0#
#7460575000
1#
#7464915000
0#
#7464945000
0"
#7469285000
1"
#7473595000
1#
#7477935000
0#
#7482305000
0"
#7490955000
1#
#7490985000
1"
#7495295000
0#
#7503975000
1#
#7508315000
0#
#7508345000
0"
#7516995000
1#
#7517025000
1"
#7521335000
0#
#7525705000
0"
#7534355000
1#
#7534385000
1"
#7538695000
0#
#7547375000
1#
#7551715000
0#
#7551745000
0"
#7560395000
1#
#7564765000
1"
#7569075000
0#
#7573445000
0"
#7577755000
1#
#7577785000
1"
#7582095000
0#
#7590775000
1#
#7595115000
0#
#7595145000
0"
#7599485000
1"
#7603795000
1#
#7608165000
0"
#7616845000
1"
#7621155000
0#
#7621185000
0"
#7625525000
1"
#7634175000
1#
#7638515000
0#
#7638545000
0"
#7655875000
1#
#7660245000
1"
#7668895000
0#
#7673265000
0"
#7677575000
1#
#7677605000
1"
#7681915000
0#
#7681945000
0"
#7686255000
1#
#7690625000
1"
#7694965000
0"
#7703645000
1"
#7716665000
0"
#7721005000
1"
#7725315000
0#
#7725345000
0"
#7729655000
1#
#7729685000
1"
#7738365000
0"
#7742705000
1"
#7747045000
0"
#7751385000
1"
#7760065000
0"
#7764405000
1"
#7768715000
0#
#7768745000
0"
#7773055000
1#
#7773085000
1"
#7777425000
0"
#7786105000
1"
#7794785000
0"
#7799125000
1"
#7803465000
0"
#7807805000
1"
#7812115000
0#
#7812145000
0"
#7816455000
1#
#7829505000
1"
#7838185000
0"
#7842525000
1"
#7846865000
0"
#7851205000
1"
#7855515000
0#
#7855545000
0"
#7859855000
1#
#7868565000
1"
#7872905000
0"
#7877245000
1"
#7881585000
0"
#7885925000
1"
#7890265000
0"
#7894605000
1"
#7898915000
0#
#7898945000
0"
#7903255000
1#
#7920645000
1"
#7924985000
0"
#7929325000
1"
#7933665000
0"
#7938005000
1"
#7942315000
0#
#7942345000
0"
#7950995000
1#
#7951025000
1"
#7955335000
0#
#7959675000
1#
#7959705000
0"
#7964015000
0#
#7964045000
1"
#7968385000
0"
#7972725000
1"
#7977035000
1#
#7977065000
0"
#7981405000
1"
#7985715000
0#
#7985745000
0"
#7994395000
1#
#7998765000
1"
#8003105000
0"
#8007415000
0#
#8007445000
1"
#8011785000
0"
#8016095000
1#
#8016125000
1"
#8020435000
0#
#8020465000
0"
#8024775000
1#
#8024805000
1"
#8029115000
0#
#8029145000
0"
#8037795000
1#
#8050845000
1"
#8055185000
0"
#8059495000
0#
#8059525000
1"
#8063865000
0"
#8068175000
1#
#8068205000
1"
#8072515000
0#
#8072545000
0"
#8085565000
1"
#8089905000
0"
#8094215000
1#
#8102895000
0#
#8102925000
1"
#8107265000
0"
#8111575000
1#
#8111605000
1"
#8115915000
0#
#8115945000
0"
#8124595000
1#
#8128935000
0#
#8128965000
1"
#8133275000
1#
#8137615000
0#
#8146295000
1#
#8146325000
0"
#8150635000
0#
#8154975000
1#
#8155005000
1"
#8159315000
0#
#8159345000
0"
#8167995000
1#
#8172365000
1"
#8185355000
0#
#8189725000
0"
#8194035000
1#
#8198405000
1"
#8202715000
0#
#8202745000
0"
#8215735000
1#
#8215765000
1"
#8220075000
0#
#8224415000
1#
#8228755000
0#
#8233125000
0"
#8237435000
1#
#8241805000
1"
#8246115000
0#
#8246145000
0"
#8254825000
1"
#8259165000
0"
#8263475000
1#
#8263505000
1"
#8276525000
0"
#8280835000
0#
#8285175000
1#
#8285205000
1"
#8289515000
0#
#8289545000
0"
#8293885000
1"
#8302535000
1#
#8306905000
0"
#8311245000
1"
#8315555000
0#
#8319895000
1#
#8319925000
0"
#8324235000
0#
#8328575000
1#
#8328605000
1"
#8332915000
0#
#8332945000
0"
#8341595000
1#
#8341625000
1"
#8345935000
0#
#8345965000
0"
#8350275000
1#
#8350305000
1"
#8354615000
0#
#8354645000
0"
#8358955000
1#
#8358985000
1"
#8367635000
0#
#8371975000
1#
#8376345000
0"
#8385025000
1"
#8393705000
0"
#8402385000
1"
#8419745000
0"
#8424085000
1"
#8432765000
0"
#8437105000
1"
#8441445000
0"
#8445785000
1"
#8463115000
0#
#8463145000
0"
#8471795000
1#
#8471825000
1"
#8476165000
0"
#8480475000
0#
#8484815000
1#
#8489155000
0#
#8489185000
1"
#8502175000
1#
#8506515000
0#
#8506545000
0"
#8515225000
1"
#8519535000
1#
#8519565000
0"
#8523875000
0#
#8523905000
1"
#8532555000
1#
#8532585000
0"
#8536895000
0#
#8536925000
1"
#8545575000
1#
#8549915000
0#
#8549945000
0"
#8554285000
1"
#8558595000
1#
#8558625000
0"
#8562935000
0#
#8562965000
1"
#8567275000
1#
#8567305000
0"
#8575985000
1"
#8580295000
0#
#8588975000
1#
#8593315000
0#
#8593345000
0"
#8602025000
1"
#8606365000
0"
#8619385000
1"
#8623695000
1#
#8628035000
0#
#8632375000
1#
#8636715000
0#
#8636745000
0"
#8645395000
1#
#8645425000
1"
#8649765000
0"
#8658415000
0#
#8662755000
1#
#8662785000
1"
#8667095000
0#
#8675775000
1#
#8680115000
0#
#8680145000
0"
#8684485000
1"
#8688825000
0"
#8693135000
1#
#8701815000
0#
#8706155000
1#
#8706185000
1"
#8710495000
0#
#8719175000
1#
#8723515000
0#
#8723545000
0"
#8727885000
1"
#8732195000
1#
#8745215000
0#
#8749555000
1#
#8749585000
0"
#8753895000
0#
#8753925000
1"
#8762575000
1#
#8766915000
0#
#8766945000
0"
#8771285000
1"
#8788615000
1#
#8792985000
0"
#8797295000
0#
#8797325000
1"
#8805975000
1#
#8810315000
0#
#8810345000
0"
#8814685000
1"
#8818995000
1#
#8819025000
0"
#8827675000
0#
#8832015000
1#
#8836385000
1"
#8840695000
0#
#8849375000
1#
#8853715000
0#
#8853745000
0"
#8858085000
1"
#8862395000
1#
#8862425000
0"
#8871075000
0#
#8875415000
1#
#8879785000
1"
#8884095000
0#
#8892775000
1#
#8897115000
0#
#8897145000
0"
#8905795000
1#
#8905825000
1"
#8910165000
0"
#8918815000
0#
#8923155000
1#
#8923185000
1"
#8927495000
0#
#8936175000
1#
#8940515000
0#
#8940545000
0"
#8949195000
1#
#8962215000
0#
#8966555000
1#
#8966585000
1"
#8970895000
0#
#8979575000
1#
#8983915000
0#
#8983945000
0"
#8992595000
1#
#8996965000
1"
#9005615000
0#
#9009955000
1#
#9014295000
0#
#9018665000
0"
#9022975000
1#
#9023005000
1"
#9027315000
0#
#9027345000
0"
#9031655000
1#
#9031685000
1"
#9036025000
0"
#9040365000
1"
#9049045000
0"
#9057725000
1"
#9062065000
0"
#9066405000
1"
#9070715000
0#
#9070745000
0"
#9075055000
1#
#9083765000
1"
#9096785000
0"
#9101125000
1"
#9105465000
0"
#9109805000
1"
#9114115000
0#
#9114145000
0"
#9118455000
1#
#9118485000
1"
#9122825000
0"
#9135845000
1"
#9140185000
0"
#9144525000
1"
#9148865000
0"
#9153205000
1"
#9157515000
0#
#9157545000
0"
#9161855000
1#
#9166225000
1"
#9174905000
0"
#9187925000
1"
#9192265000
0"
#9196605000
1"
#9200915000
0#
#9200945000
0"
#9205255000
1#
#9205285000
1"
#9209625000
0"
#9213965000
1"
#9218305000
0"
#9231325000
1"
#9235665000
0"
#9240005000
1"
#9244315000
0#
#9244345000
0"
#9248655000
1#
#9253025000
1"
#9261705000
0"
#9274725000
1"
#9279065000
0"
#9283405000
1"
#9287715000
0#
#9287745000
0"
#9292085000
1"
#9296425000
0"
#9300735000
1#
#9300765000
1"
#9305075000
0#
#9309415000
1#
#9318125000
0"
#9326805000
1"
#9331115000
0#
#9331145000
0"
#9335485000
1"
#9339825000
0"
#9344135000
1#
#9348475000
0#
#9352815000
1#
#9361525000
1"
#9365835000
0#
#9365865000
0"
#9370175000
1#
#9370205000
1"
#9374515000
0#
#9374545000
0"
#9383195000
1#
#9387565000
1"
#9391905000
0"
#9404895000
0#
#9404925000
1"
#9409265000
0"
#9413575000
1#
#9413605000
1"
#9417915000
0#
#9417945000
0"
#9448295000
1#
#9448325000
1"
#9452635000
0#
#9452665000
0"
#9456975000
1#
#9457005000
1"
#9461315000
0#
#9461345000
0"
#9469995000
1#
#9474335000
0#
#9474365000
1"
#9478675000
1#
#9491695000
0#
#9491725000
0"
#9500375000
1#
#9500405000
1"
#9504715000
0#
#9504745000
0"
#9509085000
1"
#9517765000
0"
#9522075000
1#
#9522105000
1"
#9535125000
0"
#9539435000
0#
#9543775000
1#
#9543805000
1"
#9548115000
0#
#9548145000
0"
#9552485000
1"
#9561165000
0"
#9565505000
1"
#9578525000
0"
#9582835000
1#
#9587205000
1"
#9591515000
0#
#9591545000
0"
#9600195000
1#
#9608905000
1"
#9621895000
0#
#9621925000
0"
#9630575000
1#
#9630605000
1"
#9634915000
0#
#9634945000
0"
#9647935000
1#
#9647965000
1"
#9656615000
0#
#9660955000
1#
#9665295000
0#
#9665325000
0"
#9673975000
1#
#9674005000
1"
#9678315000
0#
#9678345000
0"
#9682685000
1"
#9691335000
1#
#9695675000
0#
#9708695000
1#
#9708725000
0"
#9713035000
0#
#9717375000
1#
#9717405000
1"
#9721715000
0#
#9721745000
0"
#9730395000
1#
#9734735000
0#
#9734765000
1"
#9743445000
0"
#9752095000
1#
#9752125000
1"
#9756435000
0#
#9760775000
1#
#9765145000
0"
#9773825000
1"
#9795525000
0"
#9799865000
1"
#9808545000
0"
#9817225000
1"
#9821565000
0"
#9830245000
1"
#9838925000
0"
#9843265000
1"
#9851915000
0#
#9851945000
0"
#9856285000
1"
#9864935000
1#
#9869305000
0"
#9882295000
0#
#9886635000
1#
#9886665000
1"
#9895315000
0#
#9895345000
0"
#9899655000
1#
#9904025000
1"
#9930065000
0"
#9934405000
1"
#9938715000
0#
#9938745000
0"
#9943055000
1#
#9951765000
1"
#9956105000
0"
#9960445000
1"
#9969125000
0"
#9973465000
1"
#9982115000
0#
#9982145000
0"
#9986455000
1#
#9986485000
1"
#9999505000
0"
#10008185000
1"
#10025515000
0#
#10025545000
0"
#10029855000
1#
#10029885000
1"
#10038565000
0"
#10042905000
1"
#10051585000
0"
#10055925000
1"
#10068915000
0#
#10068945000
0"
#10077595000
1#
#10081935000
0#
#10094955000
1#
#10094985000
1"
#10103635000
0#
#10107975000
1#
#10112315000
0#
#10112345000
0"
#10116685000
1"
#10120995000
1#
#10125335000
0#
#10125365000
0"
#10129675000
1#
#10134015000
0#
#10138355000
1#
#10138385000
1"
#10142695000
0#
#10151375000
1#
#10155715000
0#
#10155745000
0"
#10164395000
1#
#10181755000
0#
#10181785000
1"
#10194775000
1#
#10199115000
0#
#10199145000
0"
#10207825000
1"
#10216475000
1#
#10225155000
0#
#10225185000
0"
#10229525000
1"
#10238175000
1#
#10242515000
0#
#10242545000
0"
#10251195000
1#
#10268555000
0#
#10268585000
1"
#10281575000
1#
#10285915000
0#
#10285945000
0"
#10294595000
1#
#10298965000
1"
#10303275000
0#
#10303305000
0"
#10311955000
1#
#10311985000
1"
#10316295000
0#
#10324975000
1#
#10329315000
0#
#10329345000
0"
#10342365000
1"
#10346705000
0"
#10351045000
1"
#10355355000
1#
#10355385000
0"
#10359695000
0#
#10359725000
1"
#10368375000
1#
#10372715000
0#
#10372745000
0"
#10385735000
1#
#10394415000
0#
#10398755000
1#
#10398785000
1"
#10403095000
0#
#10407465000
0"
#10411775000
1#
#10411805000
1"
#10416115000
0#
#10416145000
0"
#10420455000
1#
#10424825000
1"
#10442185000
0"
#10446525000
1"
#10450865000
0"
#10455205000
1"
#10459515000
0#
#10459545000
0"
#10463855000
1#
#10468225000
1"
#10476905000
0"
#10481245000
1"
#10485585000
0"
#10494265000
1"
#10502915000
0#
#10502945000
0"
#10507285000
1"
#10511595000
1#
#10511625000
0"
#10524645000
1"
#10528955000
0#
#10528985000
0"
#10533295000
1#
#10537665000
1"
#10546315000
0#
#10546345000
0"
#10550685000
1"
#10554995000
1#
#10559335000
0#
#10563705000
0"
#10568015000
1#
#10568045000
1"
#10572355000
0#
#10572385000
0"
#10581035000
1#
#10581065000
1"
#10589715000
0#
#10589745000
0"
#10598395000
1#
#10598425000
1"
#10602735000
0#
#10607105000
0"
#10611415000
1#
#10611445000
1"
#10615785000
0"
#10624465000
1"
#10633115000
0#
#10633145000
0"
#10637455000
1#
#10650505000
1"
#10659185000
0"
#10667865000
1"
#10676515000
0#
#10676545000
0"
#10680855000
1#
#10680885000
1"
#10693905000
0"
#10698245000
1"
#10702585000
0"
#10711265000
1"
#10719915000
0#
#10719945000
0"
#10724255000
1#
#10732965000
1"
#10737305000
0"
#10741645000
1"
#10745985000
0"
#10754665000
1"
#10763315000
0#
#10763345000
0"
#10767655000
1#
#10767685000
1"
#10772025000
0"
#10776365000
1"
#10780705000
0"
#10785045000
1"
#10789385000
0"
#10798065000
1"
#10806715000
0#
#10806745000
0"
#10811055000
1#
#10811085000
1"
#10819765000
0"
#10828445000
1"
#10832785000
0"
#10841465000
1"
#10850115000
0#
#10850145000
0"
#10854455000
1#
#10858825000
1"
#10863165000
0"
#10867505000
1"
#10871845000
0"
#10884865000
1"
#10893515000
0#
#10893545000
0"
#10897855000
1#
#10897885000
1"
#10928265000
0"
#10932605000
1"
#10936915000
0#
#10936945000
0"
#10941255000
1#
#10949965000
1"
#10954305000
0"
#10958645000
1"
#10971665000
0"
#10976005000
1"
#10980315000
0#
#10980345000
0"
#10984655000
1#
#11002045000
1"
#11015065000
0"
#11019405000
1"
#11023715000
0#
#11023745000
0"
#11036735000
1#
#11036765000
1"
#11041105000
0"
#11049785000
1"
#11058465000
0"
#11062805000
1"
#11067115000
0#
#11067145000
0"
#11071485000
1"
#11075795000
1#
#11075825000
0"
#11080135000
0#
#11084475000
1#
#11084505000
1"
#11088845000
0"
#11093155000
0#
#11097495000
1#
#11097525000
1"
#11101865000
0"
#11106205000
1"
#11110515000
0#
#11110545000
0"
#11114885000
1"
#11123565000
0"
#11127875000
1#
#11132245000
1"
#11140895000
0#
#11145235000
1#
#11145265000
0"
#11149605000
1"
#11153945000
0"
#11158285000
1"
#11171305000
0"
#11175645000
1"
#11188665000
0"
#11193005000
1"
#11197345000
0"
#11219045000
1"
#11232065000
0"
#11236405000
1"
#11240715000
0#
#11240745000
0"
#11245055000
1#
#11249425000
1"
#11253765000
0"
#11258105000
1"
#11275465000
0"
#11279805000
1"
#11284115000
0#
#11284145000
0"
#11288455000
1#
#11288485000
1"
#11297165000
0"
#11305845000
1"
#11318865000
0"
#11323205000
1"
#11327515000
0#
#11327545000
0"
#11331855000
1#
#11331885000
1"
#11362265000
0"
#11366605000
1"
#11370915000
0#
#11370945000
0"
#11375255000
1#
#11396985000
1"
#11401325000
0"
#11405665000
1"
#11414315000
0#
#11414345000
0"
#11418655000
1#
#11418685000
1"
#11423025000
0"
#11431705000
1"
#11436045000
0"
#11449065000
1"
#11457715000
0#
#11457745000
0"
#11462055000
1#
#11466425000
1"
#11475105000
0"
#11479445000
1"
#11483785000
0"
#11492465000
1"
#11501115000
0#
#11501145000
0"
#11505455000
1#
#11505485000
1"
#11509825000
0"
#11514165000
1"
#11527185000
0"
#11535865000
1"
#11544515000
0#
#11544545000
0"
#11548855000
1#
#11561905000
1"
#11574925000
0"
#11579265000
1"
#11587915000
0#
#11587945000
0"
#11592255000
1#
#11618325000
1"
#11631315000
0#
#11631345000
0"
#11635685000
1"
#11640025000
0"
#11644335000
1#
#11648705000
1"
#11653015000
0#
#11661695000
1#
#11661725000
0"
#11666065000
1"
#11674715000
0#
#11674745000
0"
#11679085000
1"
#11687735000
1#
#11692075000
0#
#11692105000
0"
#11696415000
1#
#11696445000
1"
#11700755000
0#
#11700785000
0"
#11709435000
1#
#11709465000
1"
#11718115000
0#
#11718145000
0"
#11722485000
1"
#11726825000
0"
#11731165000
1"
#11735475000
1#
#11735505000
0"
#11739845000
1"
#11744155000
0#
#11748495000
1#
#11752865000
0"
#11757205000
1"
#11761515000
0#
#11761545000
0"
#11765855000
1#
#11765885000
1"
#11778905000
0"
#11791925000
1"
#11796265000
0"
#11800605000
1"
#11804915000
0#
#11804945000
0"
#11809255000
1#
#11822305000
1"
#11839665000
0"
#11844005000
1"
#11848315000
0#
#11848345000
0"
#11852655000
1#
#11870045000
1"
#11874385000
0"
#11883065000
1"
#11891715000
0#
#11891745000
0"
#11896085000
1"
#11900395000
1#
#11904735000
0#
#11909075000
1#
#11909105000
0"
#11913415000
0#
#11917755000
1#
#11926465000
1"
#11935115000
0#
#11935145000
0"
#11939455000
1#
#11948165000
1"
#11952505000
0"
#11969865000
1"
#11978515000
0#
#11978545000
0"
#11987195000
1#
#11987225000
1"
#11991565000
0"
#12013265000
1"
#12021915000
0#
#12021945000
0"
#12026285000
1"
#12030595000
1#
#12039275000
0#
#12043615000
1#
#12056665000
0"
#12061005000
1"
#12065315000
0#
#12065345000
0"
#12078335000
1#
#12082675000
0#
#12087015000
1#
#12100065000
1"
#12108715000
0#
#12108745000
0"
#12117395000
1#
#12121735000
0#
#12126075000
1#
#12143465000
1"
#12152115000
0#
#12152145000
0"
#12156455000
1#
#12165165000
1"
#12169505000
0"
#12186865000
1"
#12195515000
0#
#12195545000
0"
#12199855000
1#
#12204225000
1"
#12212905000
0"
#12230265000
1"
#12238915000
0#
#12238945000
0"
#12243255000
1#
#12243285000
1"
#12256305000
0"
#12273665000
1"
#12282315000
0#
#12282345000
0"
#12286655000
1#
#12291025000
1"
#12295365000
0"
#12299705000
1"
#12304045000
0"
#12317065000
1"
#12325715000
0#
#12325745000
0"
#12330055000
1#
#12330085000
1"
#12347445000
0"
#12360465000
1"
#12369115000
0#
#12369145000
0"
#12373455000
1#
#12373485000
1"
#12377825000
0"
#12390845000
1"
#12395185000
0"
#12403865000
1"
#12412515000
0#
#12412545000
0"
#12416855000
1#
#12416885000
1"
#12425565000
0"
#12434245000
1"
#12438585000
0"
#12447265000
1"
#12455915000
0#
#12455945000
0"
#12460255000
1#
#12460285000
1"
#12468965000
0"
#12473305000
1"
#12477645000
0"
#12490665000
1"
#12499315000
0#
#12499345000
0"
#12503655000
1#
#12508025000
1"
#12512365000
0"
#12525385000
1"
#12534065000
0"
#12538405000
1"
#12542745000
0"
#12551425000
1"
#12555765000
0"
#12568785000
1"
#12577465000
0"
#12581805000
1"
#12586145000
0"
#12594825000
1"
#12603505000
0"
#12612185000
1"
#12620865000
0"
#12625205000
1"
#12629515000
0#
#12629545000
0"
#12633855000
1#
#12633885000
1"
#12651245000
0"
#12655585000
1"
#12664265000
0"
#12668605000
1"
#12672915000
0#
#12672945000
0"
#12677255000
1#
#12685965000
1"
#12690305000
0"
#12694645000
1"
#12707665000
0"
#12712005000
1"
#12716315000
0#
#12716345000
0"
#12724995000
1#
#12733675000
0#
#12733705000
1"
#12742355000
1#
#12746695000
0#
#12751035000
1#
#12751065000
0"
#12755405000
1"
#12759715000
0#
#12759745000
0"
#12764085000
1"
#12777075000
1#
#12777105000
0"
#12781415000
0#
#12781445000
1"
#12785755000
1#
#12790095000
0#
#12794435000
1#
#12794465000
0"
#12798805000
1"
#12803115000
0#
#12803145000
0"
#12807455000
1#
#12811825000
1"
#12837865000
0"
#12842205000
1"
#12846515000
0#
#12846545000
0"
#12850855000
1#
#12850885000
1"
#12855225000
0"
#12859565000
1"
#12863905000
0"
#12881265000
1"
#12889915000
0#
#12889945000
0"
#12894255000
1#
#12898625000
1"
#12911645000
0"
#12924665000
1"
#12933315000
0#
#12933345000
0"
#12937655000
1#
#12946365000
1"
#12950705000
0"
#12955045000
1"
#12959385000
0"
#12968065000
1"
#12976715000
0#
#12976745000
0"
#12981055000
1#
#12981085000
1"
#12985425000
0"
#12989765000
1"
#12994105000
0"
#12998445000
1"
#13002785000
0"
#13011465000
1"
#13020115000
0#
#13020145000
0"
#13024455000
1#
#13028825000
1"
#13054865000
0"
#13059205000
1"
#13063515000
0#
#13063545000
0"
#13067855000
1#
#13067885000
1"
#13080905000
0"
#13089585000
1"
#13098265000
0"
#13102605000
1"
#13106915000
0#
#13106945000
0"
#13111255000
1#
#13115625000
1"
#13119965000
0"
#13124305000
1"
#13128645000
0"
#13132985000
1"
#13141665000
0"
#13146005000
1"
#13150315000
0#
#13150345000
0"
#13154655000
1#
#13163365000
1"
#13172045000
0"
#13176385000
1"
#13185065000
0"
#13189405000
1"
#13193715000
0#
#13193745000
0"
#13198055000
1#
#13206765000
1"
#13215445000
0"
#13228465000
1"
#13237115000
0#
#13237145000
0"
#13241485000
1"
#13245795000
1#
#13250135000
0#
#13250165000
0"
#13254505000
1"
#13258815000
1#
#13258845000
0"
#13263185000
1"
#13271835000
0#
#13271865000
0"
#13276175000
1#
#13276205000
1"
#13280515000
0#
#13280545000
0"
#13284855000
1#
#13289225000
1"
#13293565000
0"
#13302245000
1"
#13315265000
0"
#13319605000
1"
#13323915000
0#
#13323945000
0"
#13332595000
1#
#13332625000
1"
#13345645000
0"
#13349985000
1"
#13358635000
0#
#13358665000
0"
#13362975000
1#
#13363005000
1"
#13367315000
0#
#13367345000
0"
#13371685000
1"
#13375995000
1#
#13376025000
0"
#13380365000
1"
#13384675000
0#
#13384705000
0"
#13389045000
1"
#13393355000
1#
#13397695000
0#
#13402035000
1#
#13402065000
0"
#13406405000
1"
#13410715000
0#
#13410745000
0"
#13415085000
1"
#13423735000
1#
#13423765000
0"
#13428075000
0#
#13432415000
1#
#13432445000
1"
#13436755000
0#
#13445435000
1#
#13445465000
0"
#13449805000
1"
#13454115000
0#
#13454145000
0"
#13458485000
1"
#13467135000
1#
#13467165000
0"
#13471475000
0#
#13475815000
1#
#13475845000
1"
#13480155000
0#
#13488835000
1#
#13488865000
0"
#13493205000
1"
#13497515000
0#
#13497545000
0"
#13501885000
1"
#13506225000
0"
#13510535000
1#
#13514875000
0#
#13519215000
1#
#13519245000
1"
#13523555000
0#
#13532235000
1#
#13532265000
0"
#13536605000
1"
#13540915000
0#
#13540945000
0"
#13545285000
1"
#13553935000
1#
#13553965000
0"
#13558275000
0#
#13562615000
1#
#13562645000
1"
#13566955000
0#
#13575635000
1#
#13575665000
0"
#13580005000
1"
#13584315000
0#
#13584345000
0"
#13592995000
1#
#13593025000
1"
#13597335000
0#
#13597365000
0"
#13606015000
1#
#13606045000
1"
#13610355000
0#
#13619035000
1#
#13619065000
0"
#13623405000
1"
#13627715000
0#
#13627745000
0"
#13640735000
1#
#13645075000
0#
#13645105000
1"
#13649415000
1#
#13649445000
0"
#13653755000
0#
#13653785000
1"
#13662435000
1#
#13662465000
0"
#13666805000
1"
#13671115000
0#
#13671145000
0"
#13679795000
1#
#13679825000
1"
#13684165000
0"
#13688475000
0#
#13688505000
1"
#13692815000
1#
#13692845000
0"
#13697155000
0#
#13697185000
1"
#13705835000
1#
#13705865000
0"
#13710205000
1"
#13714515000
0#
#13714545000
0"
#13718885000
1"
#13723195000
1#
#13723225000
0"
#13727565000
1"
#13736215000
0#
#13736245000
0"
#13740585000
1"
#13749235000
1#
#13749265000
0"
#13753605000
1"
#13757915000
0#
#13757945000
0"
#13770935000
1#
#13775275000
0#
#13779615000
1#
#13779645000
1"
#13783955000
0#
#13788295000
1#
#13792635000
0#
#13792665000
0"
#13796975000
1#
#13797005000
1"
#13801315000
0#
#13801345000
0"
#13805685000
1"
#13814365000
0"
#13818675000
1#
#13823015000
0#
#13823045000
1"
#13827355000
1#
#13831695000
0#
#13836065000
0"
#13840375000
1#
#13840405000
1"
#13844715000
0#
#13844745000
0"
#13849085000
1"
#13853395000
1#
#13853425000
0"
#13857735000
0#
#13862075000
1#
#13866415000
0#
#13879465000
1"
#13883775000
1#
#13888115000
0#
#13888145000
0"
#13896825000
1"
#13901165000
0"
#13905475000
1#
#13905505000
1"
#13909845000
0"
#13914185000
1"
#13918525000
0"
#13922835000
0#
#13922865000
1"
#13927175000
1#
#13931545000
0"
#13935885000
1"
#13944565000
0"
#13948905000
1"
#13953245000
0"
#13957585000
1"
#13961925000
0"
#13966265000
1"
#13974945000
0"
#13987965000
1"
#13996645000
0"
#14000985000
1"
#14005325000
0"
#14009665000
1"
#14018315000
0#
#14018345000
0"
#14026995000
1#
#14031335000
0#
#14031365000
1"
#14040045000
0"
#14044355000
1#
#14044385000
1"
#14048725000
0"
#14053065000
1"
#14061715000
0#
#14061745000
0"
#14070425000
1"
#14074735000
1#
#14083445000
0"
#14087785000
1"
#14092125000
0"
#14096465000
1"
#14105115000
0#
#14105145000
0"
#14109485000
1"
#14118135000
1#
#14126845000
0"
#14131185000
1"
#14135525000
0"
#14139865000
1"
#14148515000
0#
#14148545000
0"
#14157195000
1#
#14161535000
0#
#14170215000
1#
#14170245000
1"
#14178925000
0"
#14183265000
1"
#14191915000
0#
#14191945000
0"
#14196285000
1"
#14213645000
0"
#14217955000
1#
#14217985000
1"
#14222325000
0"
#14226665000
1"
#14235315000
0#
#14235345000
0"
#14244025000
1"
#14248335000
1#
#14257015000
0#
#14257045000
0"
#14261385000
1"
#14265725000
0"
#14270035000
1#
#14270065000
1"
#14278715000
0#
#14278745000
0"
#14283085000
1"
#14287425000
0"
#14291735000
1#
#14291765000
1"
#14296075000
0#
#14300445000
0"
#14304785000
1"
#14309125000
0"
#14313435000
1#
#14313465000
1"
#14322115000
0#
#14322145000
0"
#14330825000
1"
#14335165000
0"
#14339475000
1#
#14348155000
0#
#14348185000
1"
#14352525000
0"
#14356835000
1#
#14356865000
1"
#14365515000
0#
#14365545000
0"
#14374195000
1#
#14378565000
1"
#14382875000
0#
#14382905000
0"
#14387215000
1#
#14387245000
1"
#14391555000
0#
#14391585000
0"
#14395895000
1#
#14400235000
0#
#14400265000
1"
#14404575000
1#
#14408915000
0#
#14408945000
0"
#14413285000
1"
#14417625000
0"
#14426305000
1"
#14430645000
0"
#14434955000
1#
#14443635000
0#
#14443665000
1"
#14447975000
1#
#14452315000
0#
#14452345000
0"
#14456685000
1"
#14460995000
1#
#14461025000
0"
#14465335000
0#
#14465365000
1"
#14474045000
0"
#14478355000
1#
#14487065000
1"
#14495715000
0#
#14495745000
0"
#14500055000
1#
#14504425000
1"
#14513105000
0"
#14530465000
1"
#14539115000
0#
#14539145000
0"
#14547795000
1#
#14547825000
1"
#14552135000
0#
#14556505000
0"
#14565155000
1#
#14569495000
0#
#14573835000
1#
#14573865000
1"
#14582515000
0#
#14582545000
0"
#14595535000
1#
#14595565000
1"
#14599875000
0#
#14608555000
1#
#14612895000
0#
#14617235000
1#
#14617265000
0"
#14621605000
1"
#14625915000
0#
#14625945000
0"
#14630285000
1"
#14634625000
0"
#14647615000
1#
#14651955000
0#
#14651985000
1"
#14656295000
1#
#14660665000
0"
#14665005000
1"
#14669315000
0#
#14669345000
0"
#14673685000
1"
#14677995000
1#
#14678025000
0"
#14682335000
0#
#14682365000
1"
#14686675000
1#
#14686705000
0"
#14695385000
1"
#14699695000
0#
#14704065000
0"
#14708375000
1#
#14708405000
1"
#14712715000
0#
#14712745000
0"
#14717085000
1"
#14725765000
0"
#14730075000
1#
#14738785000
1"
#14743095000
0#
#14747435000
1#
#14747465000
0"
#14751805000
1"
#14756115000
0#
#14756145000
0"
#14764825000
1"
#14773475000
1#
#14777845000
0"
#14782155000
0#
#14782185000
1"
#14790835000
1#
#14790865000
0"
#14795205000
1"
#14799515000
0#
#14799545000
0"
#14803885000
1"
#14808195000
1#
#14812535000
0#
#14812565000
0"
#14816905000
1"
#14834235000
1#
#14834265000
0"
#14838605000
1"
#14842915000
0#
#14842945000
0"
#14847285000
1"
#14851595000
1#
#14855935000
0#
#14855965000
0"
#14860275000
1#
#14864615000
0#
#14864645000
1"
#14868955000
1#
#14877635000
0#
#14877665000
0"
#14881975000
1#
#14882005000
1"
#14886315000
0#
#14886345000
0"
#14894995000
1#
#14899335000
0#
#14903675000
1#
#14908015000
0#
#14908045000
1"
#14912355000
1#
#14916695000
0#
#14921065000
0"
#14925375000
1#
#14925405000
1"
#14929715000
0#
#14929745000
0"
#14934085000
1"
#14942735000
1#
#14942765000
0"
#14955785000
1"
#14960095000
0#
#14964465000
0"
#14968775000
1#
#14968805000
1"
#14973115000
0#
#14973145000
0"
#14981795000
1#
#14986135000
0#
#14986165000
1"
#14990475000
1#
#14999155000
0#
#14999185000
0"
#15003495000
1#
#15003525000
1"
#15007835000
0#
#15007865000
0"
#15012175000
1#
#15012205000
1"
#15016515000
0#
#15016545000
0"
#15020885000
1"
#15025225000
0"
#15033875000
1#
#15038215000
0#
#15042585000
1"
#15051235000
1#
#15051265000
0"
#15055605000
1"
#15059915000
0#
#15059945000
0"
#15064285000
1"
#15068625000
0"
#15081615000
1#
#15085985000
1"
#15090295000
0#
#15094635000
1#
#15094665000
0"
#15099005000
1"
#15103315000
0#
#15103345000
0"
#15107685000
1"
#15111995000
1#
#15116365000
0"
#15120675000
0#
#15129355000
1#
#15129385000
1"
#15133695000
0#
#15138035000
1#
#15138065000
0"
#15142405000
1"
#15146715000
0#
#15146745000
0"
#15164075000
1#
#15164105000
1"
#15168445000
0"
#15172785000
1"
#15177095000
0#
#15181435000
1#
#15181465000
0"
#15185805000
1"
#15190115000
0#
#15190145000
0"
#15203135000
1#
#15207475000
0#
#15211845000
1"
#15220495000
1#
#15224865000
0"
#15229205000
1"
#15233515000
0#
#15233545000
0"
#15237885000
1"
#15242195000
1#
#15242225000
0"
#15246565000
1"
#15255245000
0"
#15259585000
1"
#15263895000
0#
#15268235000
1#
#15268265000
0"
#15272605000
1"
#15276915000
0#
#15276945000
0"
#15285595000
1#
#15289965000
1"
#15298615000
0#
#15298645000
0"
#15302955000
1#
#15302985000
1"
#15307295000
0#
#15307325000
0"
#15311635000
1#
#15311665000
1"
#15320345000
0"
#15329025000
1"
#15333365000
0"
#15337705000
1"
#15342045000
0"
#15346385000
1"
#15350725000
0"
#15355065000
1"
#15363745000
0"
#15381105000
1"
#15385445000
0"
#15389785000
1"
#15394125000
0"
#15398465000
1"
#15407115000
0#
#15407145000
0"
#15411455000
1#
#15411485000
1"
#15415825000
0"
#15420165000
1"
#15424505000
0"
#15433185000
1"
#15437525000
0"
#15441865000
1"
#15450515000
0#
#15450545000
0"
#15454855000
1#
#15454885000
1"
#15459225000
0"
#15476585000
1"
#15480925000
0"
#15485265000
1"
#15493915000
0#
#15493945000
0"
#15498285000
1"
#15502595000
1#
#15511275000
0#
#15519955000
1#
#15519985000
0"
#15528665000
1"
#15537315000
0#
#15537345000
0"
#15541685000
1"
#15546025000
0"
#15550365000
1"
#15563385000
0"
#15567695000
1#
#15572065000
1"
#15580715000
0#
#15580745000
0"
#15585085000
1"
#15589425000
0"
#15593735000
1#
#15593765000
1"
#15598075000
0#
#15606755000
1#
#15606785000
0"
#15611095000
0#
#15615435000
1#
#15615465000
1"
#15624115000
0#
#15624145000
0"
#15628485000
1"
#15632795000
1#
#15637165000
0"
#15641475000
0#
#15641505000
1"
#15645815000
1#
#15650155000
0#
#15650185000
0"
#15658835000
1#
#15658865000
1"
#15667515000
0#
#15667545000
0"
#15671885000
1"
#15676195000
1#
#15676225000
0"
#15680535000
0#
#15684905000
1"
#15693585000
0"
#15702235000
1#
#15702265000
1"
#15710915000
0#
#15710945000
0"
#15715285000
1"
#15719595000
1#
#15723965000
0"
#15732645000
1"
#15736955000
0#
#15736985000
0"
#15741295000
1#
#15745635000
0#
#15745665000
1"
#15749975000
1#
#15754315000
0#
#15754345000
0"
#15767335000
1#
#15767365000
1"
#15771705000
0"
#15776045000
1"
#15780385000
0"
#15784695000
0#
#15789065000
1"
#15793375000
1#
#15797715000
0#
#15797745000
0"
#15802085000
1"
#15806425000
0"
#15815075000
1#
#15828095000
0#
#15832465000
1"
#15836775000
1#
#15841115000
0#
#15841145000
0"
#15849795000
1#
#15854135000
0#
#15858475000
1#
#15862845000
1"
#15867155000
0#
#15871495000
1#
#15875835000
0#
#15875865000
0"
#15880175000
1#
#15880205000
1"
#15884515000
0#
#15884545000
0"
#15888885000
1"
#15893195000
1#
#15893225000
0"
#15897565000
1"
#15906215000
0#
#15906245000
0"
#15910555000
1#
#15910585000
1"
#15919235000
0#
#15919265000
0"
#15923575000
1#
#15923605000
1"
#15927915000
0#
#15927945000
0"
#15936595000
1#
#15940965000
1"
#15945275000
0#
#15958295000
1#
#15962635000
0#
#15962665000
0"
#15966975000
1#
#15967005000
1"
#15971315000
0#
#15971345000
0"
#15975685000
1"
#15979995000
1#
#15980025000
0"
#15984335000
0#
#15997355000
1#
#15997385000
1"
#16001695000
0#
#16006065000
0"
#16010375000
1#
#16010405000
1"
#16014715000
0#
#16014745000
0"
#16019085000
1"
#16023395000
1#
#16023425000
0"
#16027735000
0#
#16027765000
1"
#16032075000
1#
#16036415000
0#
#16040785000
0"
#16045125000
1"
#16049465000
0"
#16053775000
1#
#16053805000
1"
#16058115000
0#
#16058145000
0"
#16066795000
1#
#16071165000
1"
#16084185000
0"
#16088495000
0#
#16088525000
1"
#16092835000
1#
#16092865000
0"
#16097205000
1"
#16101515000
0#
#16101545000
0"
#16105885000
1"
#16110195000
1#
#16110225000
0"
#16114535000
0#
#16114565000
1"
#16118875000
1#
#16123215000
0#
#16127555000
1#
#16127585000
0"
#16131895000
0#
#16131925000
1"
#16136235000
1#
#16136265000
0"
#16140605000
1"
#16144915000
0#
#16144945000
0"
#16153595000
1#
#16157935000
0#
#16157965000
1"
#16166615000
1#
#16170955000
0#
#16170985000
0"
#16175295000
1#
#16175325000
1"
#16179635000
0#
#16179665000
0"
#16183975000
1#
#16184005000
1"
#16188315000
0#
#16188345000
0"
#16192685000
1"
#16196995000
1#
#16197025000
0"
#16201365000
1"
#16205675000
0#
#16214355000
1#
#16214385000
0"
#16218725000
1"
#16223035000
0#
#16223065000
0"
#16227375000
1#
#16227405000
1"
#16231715000
0#
#16231745000
0"
#16240395000
1#
#16240425000
1"
#16253415000
0#
#16257785000
0"
#16262125000
1"
#16266435000
1#
#16266465000
0"
#16270805000
1"
#16275115000
0#
#16275145000
0"
#16279485000
1"
#16288135000
1#
#16288165000
0"
#16292475000
0#
#16292505000
1"
#16301155000
1#
#16301185000
0"
#16305525000
1"
#16309835000
0#
#16309865000
0"
#16314175000
1#
#16314205000
1"
#16318515000
0#
#16318545000
0"
#16322885000
1"
#16327225000
0"
#16335905000
1"
#16340215000
1#
#16344585000
0"
#16348925000
1"
#16353235000
0#
#16353265000
0"
#16357575000
1#
#16357605000
1"
#16361915000
0#
#16361945000
0"
#16370625000
1"
#16374965000
0"
#16379305000
1"
#16387985000
0"
#16392325000
1"
#16396635000
1#
#16396665000
0"
#16401005000
1"
#16405315000
0#
#16405345000
0"
#16413995000
1#
#16418335000
0#
#16418365000
1"
#16422675000
1#
#16427015000
0#
#16431385000
0"
#16435725000
1"
#16440035000
1#
#16440065000
0"
#16444405000
1"
#16448715000
0#
#16448745000
0"
#16453085000
1"
#16457395000
1#
#16457425000
0"
#16461735000
0#
#16461765000
1"
#16474755000
1#
#16474785000
0"
#16479125000
1"
#16483435000
0#
#16483465000
0"
#16487775000
1#
#16487805000
1"
#16492115000
0#
#16492145000
0"
#16496485000
1"
#16500795000
1#
#16500825000
0"
#16505135000
0#
#16505165000
1"
#16518185000
0"
#16522495000
1#
#16522525000
1"
#16526835000
0#
#16526865000
0"
#16531175000
1#
#16531205000
1"
#16535515000
0#
#16535545000
0"
#16561585000
1"
#16565895000
1#
#16570235000
0#
#16570265000
0"
#16574575000
1#
#16574605000
1"
#16578915000
0#
#16578945000
0"
#16583285000
1"
#16591935000
1#
#16591965000
0"
#16596275000
0#
#16596305000
1"
#16600615000
1#
#16600645000
0"
#16604955000
0#
#16604985000
1"
#16609295000
1#
#16613635000
0#
#16613665000
0"
#16617975000
1#
#16618005000
1"
#16622315000
0#
#16622345000
0"
#16626685000
1"
#16630995000
1#
#16639675000
0#
#16644045000
0"
#16648355000
1#
#16648385000
1"
#16657035000
0#
#16657065000
0"
#16661375000
1#
#16661405000
1"
#16665715000
0#
#16665745000
0"
#16678735000
1#
#16691755000
0#
#16691785000
1"
#16696095000
1#
#16696125000
0"
#16700435000
0#
#16700465000
1"
#16704775000
1#
#16709145000
0"
#16713485000
1"
#16717825000
0"
#16735185000
1"
#16739525000
0"
#16743865000
1"
#16752545000
0"
#16756885000
1"
#16765565000
0"
#16778585000
1"
#16782925000
0"
#16787265000
1"
#16795915000
0#
#16795945000
0"
#16800285000
1"
#16804595000
1#
#16804625000
0"
#16808935000
0#
#16808965000
1"
#16813275000
1#
#16813305000
0"
#16817615000
0#
#16821955000
1#
#16821985000
1"
#16826295000
0#
#16826325000
0"
#16830665000
1"
#16834975000
1#
#16839315000
0#
#16839345000
0"
#16852365000
1"
#16856675000
1#
#16856705000
0"
#16861015000
0#
#16865355000
1#
#16865385000
1"
#16869695000
0#
#16869725000
0"
#16874065000
1"
#16878375000
1#
#16882715000
0#
#16882745000
0"
#16887085000
1"
#16891425000
0"
#16895735000
1#
#16895765000
1"
#16904415000
0#
#16908755000
1#
#16908785000
0"
#16913095000
0#
#16917465000
1"
#16921775000
1#
#16926115000
0#
#16926145000
0"
#16934795000
1#
#16943505000
1"
#16952185000
0"
#16956495000
0#
#16960865000
1"
#16965175000
1#
#16969515000
0#
#16969545000
0"
#16973885000
1"
#16982565000
0"
#16986875000
1#
#16991245000
1"
#16995555000
0#
#16995585000
0"
#16999895000
1#
#17004235000
0#
#17004265000
1"
#17008575000
1#
#17012915000
0#
#17012945000
0"
#17025935000
1#
#17034615000
0#
#17034645000
1"
#17038955000
1#
#17038985000
0"
#17047635000
0#
#17047665000
1"
#17051975000
1#
#17056315000
0#
#17056345000
0"
#17060685000
1"
#17065025000
0"
#17069335000
1#
#17069365000
1"
#17078045000
0"
#17091035000
0#
#17091065000
1"
#17095375000
1#
#17099715000
0#
#17099745000
0"
#17104085000
1"
#17112765000
0"
#17117075000
1#
#17117105000
1"
#17121415000
0#
#17121445000
0"
#17134435000
1#
#17134465000
1"
#17143115000
0#
#17143145000
0"
#17147485000
1"
#17151795000
1#
#17151825000
0"
#17160475000
0#
#17164815000
1#
#17164845000
1"
#17169155000
0#
#17169185000
0"
#17177835000
1#
#17177865000
1"
#17186515000
0#
#17186545000
0"
#17195225000
1"
#17208215000
1#
#17208245000
0"
#17212585000
1"
#17221235000
0#
#17221265000
0"
#17225575000
1#
#17225605000
1"
#17229915000
0#
#17229945000
0"
#17234285000
1"
#17238595000
1#
#17238625000
0"
#17242935000
0#
#17247305000
1"
#17251615000
1#
#17255955000
0#
#17260325000
0"
#17264635000
1#
#17269005000
1"
#17273315000
0#
#17273345000
0"
#17277655000
1#
#17286365000
1"
#17290705000
0"
#17303725000
1"
#17308065000
0"
#17312405000
1"
#17316715000
0#
#17316745000
0"
#17321055000
1#
#17321085000
1"
#17325425000
0"
#17334105000
1"
#17338445000
0"
#17342785000
1"
#17351465000
0"
#17355805000
1"
#17360115000
0#
#17360145000
0"
#17364455000
1#
#17368825000
1"
#17381845000
0"
#17390525000
1"
#17394865000
0"
#17399205000
1"
#17403515000
0#
#17403545000
0"
#17412195000
1#
#17416535000
0#
#17416565000
1"
#17420905000
0"
#17425245000
1"
#17429585000
0"
#17433895000
1#
#17433925000
1"
#17438265000
0"
#17442605000
1"
#17446915000
0#
#17446945000
0"
#17455595000
1#
#17464305000
1"
#17472985000
0"
#17477325000
1"
#17481665000
0"
#17486005000
1"
#17490315000
0#
#17490345000
0"
#17499025000
1"
#17503335000
1#
#17503365000
0"
#17507705000
1"
#17512015000
0#
#17516355000
1#
#17516385000
0"
#17520725000
1"
#17525035000
0#
#17525065000
0"
#17529375000
1#
#17529405000
1"
#17533715000
0#
#17533745000
0"
#17538085000
1"
#17546765000
0"
#17551075000
1#
#17551105000
1"
#17559785000
0"
#17564095000
0#
#17564125000
1"
#17568465000
0"
#17572775000
1#
#17572805000
1"
#17577115000
0#
#17577145000
0"
#17581485000
1"
#17585795000
1#
#17585825000
0"
#17594505000
1"
#17603185000
0"
#17607495000
0#
#17607525000
1"
#17611865000
0"
#17616175000
1#
#17616205000
1"
#17620515000
0#
#17620545000
0"
#17624885000
1"
#17629225000
0"
#17633565000
1"
#17637875000
1#
#17642215000
0#
#17646555000
1#
#17646585000
0"
#17650925000
1"
#17655235000
0#
#17655265000
0"
#17659575000
1#
#17659605000
1"
#17663915000
0#
#17663945000
0"
#17681275000
1#
#17689985000
1"
#17698635000
0#
#17698665000
0"
#17702975000
1#
#17703005000
1"
#17707315000
0#
#17707345000
0"
#17711685000
1"
#17715995000
1#
#17716025000
0"
#17720365000
1"
#17724675000
0#
#17733355000
1#
#17733385000
0"
#17737725000
1"
#17742035000
0#
#17742065000
0"
#17746375000
1#
#17746405000
1"
#17750715000
0#
#17750745000
0"
#17759395000
1#
#17763765000
1"
#17768075000
0#
#17772415000
1#
#17776755000
0#
#17776785000
0"
#17781095000
1#
#17781125000
1"
#17785435000
0#
#17785465000
0"
#17789775000
1#
#17789805000
1"
#17794115000
0#
#17794145000
0"
#17802795000
1#
#17802825000
1"
#17811475000
0#
#17815815000
1#
#17820185000
0"
#17824495000
0#
#17824525000
1"
#17828865000
0"
#17833175000
1#
#17833205000
1"
#17837515000
0#
#17837545000
0"
#17846195000
1#
#17846225000
1"
#17859215000
0#
#17863585000
0"
#17867925000
1"
#17872265000
0"
#17876575000
1#
#17876605000
1"
#17880915000
0#
#17880945000
0"
#17889595000
1#
#17889625000
1"
#17898275000
0#
#17902615000
1#
#17906955000
0#
#17906985000
0"
#17911325000
1"
#17915665000
0"
#17919975000
1#
#17920005000
1"
#17924315000
0#
#17924345000
0"
#17928685000
1"
#17932995000
1#
#17933025000
0"
#17937335000
0#
#17937365000
1"
#17946015000
1#
#17950355000
0#
#17950385000
0"
#17954725000
1"
#17959065000
0"
#17963375000
1#
#17963405000
1"
#17967715000
0#
#17967745000
0"
#17976425000
1"
#17980735000
1#
#17985075000
0#
#17985105000
0"
#17993755000
1#
#17993785000
1"
#17998095000
0#
#18002465000
0"
#18006775000
1#
#18006805000
1"
#18011115000
0#
#18011145000
0"
#18019795000
1#
#18028475000
0#
#18032815000
1#
#18032845000
1"
#18037155000
0#
#18041495000
1#
#18045835000
0#
#18045865000
0"
#18050175000
1#
#18050205000
1"
#18054515000
0#
#18054545000
0"
#18063195000
1#
#18067535000
0#
#18067565000
1"
#18071905000
0"
#18076215000
1#
#18080555000
0#
#18080585000
1"
#18084895000
1#
#18084925000
0"
#18089235000
0#
#18089265000
1"
#18093575000
1#
#18097945000
0"
#18110965000
1"
#18115305000
0"
#18123985000
1"
#18128325000
0"
#18132665000
1"
#18141345000
0"
#18150025000
1"
#18154365000
0"
#18167385000
1"
#18171725000
0"
#18176065000
1"
#18184715000
0#
#18184745000
0"
#18193395000
1#
#18197735000
0#
#18202075000
1#
#18210755000
0#
#18210785000
1"
#18215125000
0"
#18219465000
1"
#18223775000
1#
#18228115000
0#
#18228145000
0"
#18232485000
1"
#18241165000
0"
#18245475000
1#
#18245505000
1"
#18254155000
0#
#18254185000
0"
#18262865000
1"
#18267175000
1#
#18271515000
0#
#18271545000
0"
#18280195000
1#
#18280225000
1"
#18284535000
0#
#18288905000
0"
#18293245000
1"
#18297555000
1#
#18297585000
0"
#18301895000
0#
#18306265000
1"
#18310575000
1#
#18314915000
0#
#18314945000
0"
#18323595000
1#
#18323625000
1"
#18327935000
0#
#18327965000
0"
#18332275000
1#
#18336645000
1"
#18340985000
0"
#18345295000
0#
#18349665000
1"
#18353975000
1#
#18358315000
0#
#18358345000
0"
#18362685000
1"
#18375675000
1#
#18380015000
0#
#18380045000
0"
#18388695000
1#
#18393035000
0#
#18393065000
1"
#18397375000
1#
#18401715000
0#
#18401745000
0"
#18410395000
1#
#18410425000
1"
#18414735000
0#
#18414765000
0"
#18419075000
1#
#18419105000
1"
#18423415000
0#
#18423445000
0"
#18432095000
1#
#18436435000
0#
#18436465000
1"
#18440775000
1#
#18445115000
0#
#18445145000
0"
#18449485000
1"
#18453795000
1#
#18458135000
0#
#18462505000
0"
#18466815000
1#
#18471155000
0#
#18475495000
1#
#18479835000
0#
#18479865000
1"
#18484175000
1#
#18488515000
0#
#18488545000
0"
#18492885000
1"
#18497195000
1#
#18501535000
0#
#18501565000
0"
#18505875000
1#
#18505905000
1"
#18510245000
0"
#18514555000
0#
#18518895000
1#
#18523235000
0#
#18523265000
1"
#18527575000
1#
#18531915000
0#
#18531945000
0"
#18536285000
1"
#18540595000
1#
#18540625000
0"
#18553615000
0#
#18553645000
1"
#18557985000
0"
#18562295000
1#
#18566635000
0#
#18566665000
1"
#18570975000
1#
#18575315000
0#
#18575345000
0"
#18579685000
1"
#18583995000
1#
#18584025000
0"
#18588335000
0#
#18588365000
1"
#18592705000
0"
#18597015000
1#
#18601385000
1"
#18605695000
0#
#18605725000
0"
#18610065000
1"
#18614375000
1#
#18618715000
0#
#18618745000
0"
#18627425000
1"
#18631765000
0"
#18636075000
1#
#18640415000
0#
#18649095000
1#
#18653435000
0#
#18653465000
1"
#18657775000
1#
#18662115000
0#
#18662145000
0"
#18666455000
1#
#18679505000
1"
#18683845000
0"
#18696865000
1"
#18705515000
0#
#18705545000
0"
#18709885000
1"
#18714225000
0"
#18718565000
1"
#18722875000
1#
#18722905000
0"
#18727215000
0#
#18731555000
1#
#18731585000
1"
#18740265000
0"
#18744605000
1"
#18748915000
0#
#18748945000
0"
#18753285000
1"
#18761965000
0"
#18774985000
1"
#18783635000
1#
#18783665000
0"
#18788005000
1"
#18792315000
0#
#18792345000
0"
#18796685000
1"
#18800995000
1#
#18814015000
0#
#18814045000
0"
#18818355000
1#
#18822695000
0#
#18822725000
1"
#18827065000
0"
#18831375000
1#
#18831405000
1"
#18835715000
0#
#18835745000
0"
#18840085000
1"
#18848765000
0"
#18857445000
1"
#18861785000
0"
#18866125000
1"
#18870435000
1#
#18870465000
0"
#18874805000
1"
#18879115000
0#
#18879145000
0"
#18887825000
1"
#18892135000
1#
#18892165000
0"
#18896475000
0#
#18900845000
1"
#18905155000
1#
#18905185000
0"
#18909495000
0#
#18909525000
1"
#18913865000
0"
#18918175000
1#
#18918205000
1"
#18922515000
0#
#18922545000
0"
#18931195000
1#
#18931225000
1"
#18935535000
0#
#18939875000
1#
#18944245000
0"
#18952895000
0#
#18952925000
1"
#18957265000
0"
#18961575000
1#
#18961605000
1"
#18965915000
0#
#18965945000
0"
#18974595000
1#
#18978965000
1"
#18987615000
0#
#18987645000
0"
#18991955000
1#
#18996295000
0#
#18996325000
1"
#19000665000
0"
#19004975000
1#
#19005005000
1"
#19009315000
0#
#19009345000
0"
#19013685000
1"
#19018025000
0"
#19026705000
1"
#19031045000
0"
#19039695000
1#
#19039725000
1"
#19044035000
0#
#19044065000
0"
#19048375000
1#
#19048405000
1"
#19052715000
0#
#19052745000
0"
#19061395000
1#
#19070075000
0#
#19070105000
1"
#19074445000
0"
#19083095000
1#
#19083125000
1"
#19087435000
0#
#19087465000
0"
#19091775000
1#
#19091805000
1"
#19096115000
0#
#19096145000
0"
#19100485000
1"
#19104795000
1#
#19104825000
0"
#19113475000
0#
#19113505000
1"
#19117815000
1#
#19117845000
0"
#19122155000
0#
#19126495000
1#
#19126525000
1"
#19130835000
0#
#19130865000
0"
#19135175000
1#
#19135205000
1"
#19139515000
0#
#19139545000
0"
#19143885000
1"
#19148225000
0"
#19156905000
1"
#19161215000
1#
#19161245000
0"
#19165555000
0#
#19169895000
1#
#19169925000
1"
#19174235000
0#
#19174265000
0"
#19178575000
1#
#19178605000
1"
#19182915000
0#
#19182945000
0"
#19187285000
1"
#19195935000
1#
#19195965000
0"
#19200305000
1"
#19204615000
0#
#19204645000
0"
#19213295000
1#
#19213325000
1"
#19217635000
0#
#19217665000
0"
#19221975000
1#
#19222005000
1"
#19226315000
0#
#19226345000
0"
#19234995000
1#
#19239335000
0#
#19239365000
1"
#19243675000
1#
#19248015000
0#
#19248045000
0"
#19256695000
1#
#19256725000
1"
#19261035000
0#
#19261065000
0"
#19265375000
1#
#19265405000
1"
#19269715000
0#
#19269745000
0"
#19278395000
1#
#19282765000
1"
#19291415000
0#
#19291445000
0"
#19300095000
1#
#19300125000
1"
#19304435000
0#
#19304465000
0"
#19308775000
1#
#19308805000
1"
#19313115000
0#
#19313145000
0"
#19321795000
1#
#19326165000
1"
#19330475000
0#
#19334845000
0"
#19343495000
1#
#19343525000
1"
#19347835000
0#
#19347865000
0"
#19352175000
1#
#19352205000
1"
#19356515000
0#
#19356545000
0"
#19365225000
1"
#19373875000
1#
#19378215000
0#
#19378245000
0"
#19386895000
1#
#19386925000
1"
#19391235000
0#
#19391265000
0"
#19395575000
1#
#19395605000
1"
#19399915000
0#
#19399945000
0"
#19408595000
1#
#19408625000
1"
#19412965000
0"
#19417275000
0#
#19421615000
1#
#19421645000
1"
#19425985000
0"
#19430325000
1"
#19434635000
0#
#19434665000
0"
#19438975000
1#
#19439005000
1"
#19443315000
0#
#19443345000
0"
#19447685000
1"
#19451995000
1#
#19452025000
0"
#19456365000
1"
#19460675000
0#
#19469355000
1#
#19469385000
0"
#19473695000
0#
#19478035000
1#
#19478065000
1"
#19486745000
0"
#19499765000
1"
#19512785000
0"
#19521465000
1"
#19530145000
0"
#19538825000
1"
#19543165000
0"
#19547505000
1"
#19556185000
0"
#19564865000
1"
#19573515000
0#
#19573545000
0"
#19582195000
1#
#19586535000
0#
#19590875000
1#
#19590905000
1"
#19599555000
0#
#19599585000
0"
#19608265000
1"
#19612575000
1#
#19616915000
0#
#19616945000
0"
#19621285000
1"
#19625625000
0"
#19629935000
1#
#19638615000
0#
#19638645000
1"
#19642955000
1#
#19642985000
0"
#19647295000
0#
#19651665000
1"
#19655975000
1#
#19660315000
0#
#19660345000
0"
#19664685000
1"
#19669025000
0"
#19673335000
1#
#19677705000
1"
#19682015000
0#
#19682045000
0"
#19690695000
1#
#19695035000
0#
#19695065000
1"
#19699375000
1#
#19703715000
0#
#19703745000
0"
#19708085000
1"
#19712395000
1#
#19716735000
0#
#19721105000
0"
#19725415000
1#
#19738435000
0#
#19738465000
1"
#19742775000
1#
#19747115000
0#
#19747145000
0"
#19760135000
1#
#19760165000
1"
#19764475000
0#
#19764505000
0"
#19768815000
1#
#19781835000
0#
#19781865000
1"
#19786175000
1#
#19790515000
0#
#19790545000
0"
#19794885000
1"
#19799195000
1#
#19803535000
0#
#19803565000
0"
#19816555000
1#
#19825235000
0#
#19825265000
1"
#19829575000
1#
#19833915000
0#
#19833945000
0"
#19838285000
1"
#19842625000
0"
#19851275000
1#
#19851305000
1"
#19855645000
0"
#19859955000
0#
#19864295000
1#
#19868635000
0#
#19868665000
1"
#19872975000
1#
#19877315000
0#
#19877345000
0"
#19885995000
1#
#19886025000
1"
#19894705000
0"
#19907695000
0#
#19912065000
1"
#19916375000
1#
#19920715000
0#
#19920745000
0"
#19925085000
1"
#19929395000
1#
#19933735000
0#
#19938075000
1#
#19938105000
0"
#19946755000
0#
#19946785000
1"
#19951125000
0"
#19955465000
1"
#19959775000
1#
#19964115000
0#
#19964145000
0"
#19972795000
1#
#19981505000
1"
#19990185000
0"
#19994495000
0#
#19998865000
1"
#20003175000
1#
#20007515000
0#
#20007545000
0"
#20011885000
1"
#20016195000
1#
#20016225000
0"
#20020535000
0#
#20024875000
1#
#20024905000
1"
#20029245000
0"
#20042235000
0#
#20042265000
1"
#20046575000
1#
#20050915000
0#
#20050945000
0"
#20055255000
1#
#20072645000
1"
#20085665000
0"
#20090005000
1"
#20094315000
0#
#20094345000
0"
#20098655000
1#
#20098685000
1"
#20116045000
0"
#20120385000
1"
#20129065000
0"
#20133405000
1"
#20137715000
0#
#20137745000
0"
#20146395000
1#
#20150735000
0#
#20159415000
1#
#20159445000
1"
#20163755000
0#
#20163785000
0"
#20168095000
1#
#20172465000
1"
#20181115000
0#
#20181145000
0"
#20185485000
1"
#20189795000
1#
#20194135000
0#
#20194165000
0"
#20198475000
1#
#20198505000
1"
#20202845000
0"
#20207155000
0#
#20215835000
1#
#20215865000
1"
#20224515000
0#
#20224545000
0"
#20228885000
1"
#20233195000
1#
#20233225000
0"
#20237565000
1"
#20241875000
0#
#20241905000
0"
#20246245000
1"
#20250555000
1#
#20250585000
0"
#20259265000
1"
#20267915000
0#
#20267945000
0"
#20272285000
1"
#20276595000
1#
#20280965000
0"
#20285305000
1"
#20289645000
0"
#20302665000
1"
#20311315000
0#
#20311345000
0"
#20315685000
1"
#20319995000
1#
#20324365000
0"
#20328705000
1"
#20333015000
0#
#20333045000
0"
#20337355000
1#
#20346065000
1"
#20354715000
0#
#20354745000
0"
#20359085000
1"
#20372105000
0"
#20380755000
1#
#20389465000
1"
#20398115000
0#
#20398145000
0"
#20402485000
1"
#20411165000
0"
#20419815000
1#
#20424155000
0#
#20428495000
1#
#20432865000
1"
#20441515000
0#
#20441545000
0"
#20445885000
1"
#20450195000
1#
#20450225000
0"
#20454535000
0#
#20471895000
1#
#20476265000
1"
#20484915000
0#
#20484945000
0"
#20493595000
1#
#20497935000
0#
#20510955000
1#
#20515295000
0#
#20519635000
1#
#20519665000
1"
#20528315000
0#
#20528345000
0"
#20536995000
1#
#20537025000
1"
#20550015000
0#
#20563035000
1#
#20563065000
0"
#20567405000
1"
#20571715000
0#
#20571745000
0"
#20580395000
1#
#20584765000
1"
#20593415000
0#
#20606435000
1#
#20606465000
0"
#20610805000
1"
#20615115000
0#
#20615145000
0"
#20623795000
1#
#20623825000
1"
#20628165000
0"
#20632475000
0#
#20632505000
1"
#20649835000
1#
#20649865000
0"
#20654205000
1"
#20658515000
0#
#20658545000
0"
#20662885000
1"
#20667195000
1#
#20675905000
0"
#20680245000
1"
#20693235000
0#
#20693265000
0"
#20697575000
1#
#20697605000
1"
#20701915000
0#
#20701945000
0"
#20710595000
1#
#20710625000
1"
#20714935000
0#
#20714965000
0"
#20723615000
1#
#20723645000
1"
#20736635000
0#
#20736665000
0"
#20740975000
1#
#20741005000
1"
#20745315000
0#
#20745345000
0"
#20754025000
1"
#20758335000
1#
#20767015000
0#
#20767045000
0"
#20771355000
1#
#20771385000
1"
#20780035000
0#
#20780065000
0"
#20784375000
1#
#20784405000
1"
#20788715000
0#
#20788745000
0"
#20797395000
1#
#20797425000
1"
#20801765000
0"
#20806105000
1"
#20810415000
0#
#20810445000
0"
#20814785000
1"
#20819095000
1#
#20823435000
0#
#20823465000
0"
#20827775000
1#
#20827805000
1"
#20832115000
0#
#20832145000
0"
#20836485000
1"
#20840795000
1#
#20849475000
0#
#20849505000
0"
#20853815000
1#
#20853845000
1"
#20858185000
0"
#20862495000
0#
#20866865000
1"
#20871175000
1#
#20875545000
0"
#20879885000
1"
#20884225000
0"
#20888565000
1"
#20892905000
0"
#20897245000
1"
#20901585000
0"
#20910265000
1"
#20918945000
0"
#20923285000
1"
#20927625000
0"
#20940645000
1"
#20944985000
0"
#20953665000
1"
#20962315000
0#
#20962345000
0"
#20970995000
1#
#20975335000
0#
#20979675000
1#
#20984015000
0#
#20984045000
1"
#20988385000
0"
#20992695000
1#
#20997035000
0#
#20997065000
1"
#21001375000
1#
#21005715000
0#
#21005745000
0"
#21010085000
1"
#21014395000
1#
#21014425000
0"
#21018735000
0#
#21018765000
1"
#21027415000
1#
#21027445000
0"
#21031755000
0#
#21036095000
1#
#21040435000
0#
#21040465000
1"
#21044775000
1#
#21049115000
0#
#21049145000
0"
#21053485000
1"
#21062135000
1#
#21066505000
0"
#21075155000
0#
#21079495000
1#
#21083835000
0#
#21083865000
1"
#21088175000
1#
#21092515000
0#
#21092545000
0"
#21096885000
1"
#21105535000
1#
#21105565000
0"
#21114215000
0#
#21118555000
1#
#21127235000
0#
#21127265000
1"
#21131575000
1#
#21135915000
0#
#21135945000
0"
#21140285000
1"
#21144595000
1#
#21144625000
0"
#21148935000
0#
#21161955000
1#
#21170635000
0#
#21170665000
1"
#21174975000
1#
#21179315000
0#
#21179345000
0"
#21183685000
1"
#21187995000
1#
#21188025000
0"
#21192335000
0#
#21192365000
1"
#21196705000
0"
#21201015000
1#
#21205355000
0#
#21209695000
1#
#21214035000
0#
#21214065000
1"
#21218375000
1#
#21222715000
0#
#21222745000
0"
#21227085000
1"
#21231395000
1#
#21240105000
0"
#21253095000
0#
#21257465000
1"
#21261775000
1#
#21266115000
0#
#21266145000
0"
#21274825000
1"
#21279165000
0"
#21287845000
1"
#21292155000
1#
#21292185000
0"
#21296495000
0#
#21300865000
1"
#21305175000
1#
#21309515000
0#
#21309545000
0"
#21318195000
1#
#21322565000
1"
#21326875000
0#
#21331215000
1#
#21331245000
0"
#21335555000
0#
#21335585000
1"
#21339925000
0"
#21344265000
1"
#21348575000
1#
#21352915000
0#
#21352945000
0"
#21365935000
1#
#21365965000
1"
#21370275000
0#
#21374615000
1#
#21378955000
0#
#21387635000
1#
#21387665000
0"
#21392005000
1"
#21396315000
0#
#21396345000
0"
#21409335000
1#
#21426695000
0#
#21431065000
1"
#21435375000
1#
#21439715000
0#
#21439745000
0"
#21448425000
1"
#21457105000
0"
#21461415000
1#
#21461445000
1"
#21470095000
0#
#21474435000
1#
#21474465000
0"
#21478805000
1"
#21483115000
0#
#21483145000
0"
#21491795000
1#
#21496135000
0#
#21496165000
1"
#21504815000
1#
#21504845000
0"
#21513495000
0#
#21517835000
1#
#21517865000
1"
#21526515000
0#
#21526545000
0"
#21530885000
1"
#21535195000
1#
#21535225000
0"
#21543875000
0#
#21556895000
1#
#21561235000
0#
#21561265000
1"
#21565575000
1#
#21569915000
0#
#21569945000
0"
#21574285000
1"
#21582965000
0"
#21587305000
1"
#21591645000
0"
#21595985000
1"
#21604635000
1#
#21604665000
0"
#21609005000
1"
#21613315000
0#
#21613345000
0"
#21622025000
1"
#21626365000
0"
#21648035000
1#
#21648065000
1"
#21656715000
0#
#21656745000
0"
#21665395000
1#
#21665425000
1"
#21669735000
0#
#21669765000
0"
#21674075000
1#
#21674105000
1"
#21678415000
0#
#21678445000
0"
#21691435000
1#
#21691465000
1"
#21700115000
0#
#21700145000
0"
#21713135000
1#
#21717475000
0#
#21717505000
1"
#21721815000
1#
#21721845000
0"
#21726155000
0#
#21730495000
1#
#21734865000
1"
#21743515000
0#
#21743545000
0"
#21756535000
1#
#21756565000
1"
#21765215000
0#
#21765245000
0"
#21769555000
1#
#21778265000
1"
#21786915000
0#
#21786945000
0"
#21791285000
1"
#21795625000
0"
#21799965000
1"
#21804275000
1#
#21808645000
0"
#21821665000
1"
#21830315000
0#
#21830345000
0"
#21834655000
1#
#21852045000
1"
#21856385000
0"
#21865065000
1"
#21873715000
0#
#21873745000
0"
#21878055000
1#
#21882425000
1"
#21886765000
0"
#21895445000
1"
#21899785000
0"
#21908465000
1"
#21917115000
0#
#21917145000
0"
#21921455000
1#
#21930165000
1"
#21934505000
0"
#21938845000
1"
#21943185000
0"
#21951865000
1"
#21960515000
0#
#21960545000
0"
#21964855000
1#
#21969225000
1"
#21977905000
0"
#21982245000
1"
#21986585000
0"
#21995265000
1"
#22003915000
0#
#22003945000
0"
#22008255000
1#
#22008285000
1"
#22021305000
0"
#22025645000
1"
#22029985000
0"
#22038665000
1"
#22047315000
0#
#22047345000
0"
#22051655000
1#
#22051685000
1"
#22056025000
0"
#22064705000
1"
#22073385000
0"
#22082065000
1"
#22090715000
0#
#22090745000
0"
#22095055000
1#
#22095085000
1"
#22103765000
0"
#22108105000
1"
#22116785000
0"
#22125465000
1"
#22134115000
0#
#22134145000
0"
#22138455000
1#
#22147165000
1"
#22160185000
0"
#22168865000
1"
#22177515000
0#
#22177545000
0"
#22181855000
1#
#22186225000
1"
#22203585000
0"
#22212265000
1"
#22220915000
0#
#22220945000
0"
#22225255000
1#
#22229625000
1"
#22242645000
0"
#22255665000
1"
#22264345000
0"
#22277365000
1"
#22286045000
0"
#22299065000
1"
#22307745000
0"
#22312085000
1"
#22329445000
0"
#22342465000
1"
#22351115000
0#
#22351145000
0"
#22355485000
1"
#22359825000
0"
#22368475000
1#
#22372815000
0#
#22372845000
1"
#22377185000
0"
#22381495000
1#
#22385835000
0#
#22385865000
1"
#22390175000
1#
#22394515000
0#
#22394545000
0"
#22398885000
1"
#22403195000
1#
#22411875000
0#
#22416215000
1#
#22416245000
0"
#22424895000
0#
#22429265000
1"
#22433575000
1#
#22437915000
0#
#22437945000
0"
#22442285000
1"
#22446625000
0"
#22450935000
1#
#22450965000
1"
#22455305000
0"
#22459615000
0#
#22463955000
1#
#22468295000
0#
#22472665000
1"
#22476975000
1#
#22481315000
0#
#22481345000
0"
#22485685000
1"
#22494335000
1#
#22511695000
0#
#22516065000
0"
#22520375000
1#
#22520405000
1"
#22524715000
0#
#22524745000
0"
#22537765000
1"
#22542105000
0"
#22555095000
1#
#22559435000
0#
#22559465000
1"
#22563775000
1#
#22568115000
0#
#22568145000
0"
#22576795000
1#
#22585475000
0#
#22585505000
1"
#22589845000
0"
#22594155000
1#
#22598495000
0#
#22602865000
1"
#22607175000
1#
#22611515000
0#
#22611545000
0"
#22615885000
1"
#22620225000
0"
#22624535000
1#
#22633215000
0#
#22646265000
1"
#22650575000
1#
#22654915000
0#
#22654945000
0"
#22659285000
1"
#22663625000
0"
#22667965000
1"
#22676615000
1#
#22676645000
0"
#22680955000
0#
#22680985000
1"
#22685325000
0"
#22689665000
1"
#22693975000
1#
#22698315000
0#
#22698345000
0"
#22702685000
1"
#22706995000
1#
#22707025000
0"
#22711365000
1"
#22720045000
0"
#22724355000
0#
#22728695000
1#
#22733035000
0#
#22733065000
1"
#22737375000
1#
#22741715000
0#
#22741745000
0"
#22750425000
1"
#22754765000
0"
#22759105000
1"
#22767755000
1#
#22772095000
0#
#22776435000
1#
#22776465000
0"
#22780805000
1"
#22785115000
0#
#22785145000
0"
#22793825000
1"
#22802475000
1#
#22802505000
0"
#22806845000
1"
#22819835000
0#
#22819865000
0"
#22824175000
1#
#22824205000
1"
#22828515000
0#
#22828545000
0"
#22837195000
1#
#22837225000
1"
#22841565000
0"
#22845875000
0#
#22850215000
1#
#22863265000
1"
#22871915000
0#
#22871945000
0"
#22876285000
1"
#22880595000
1#
#22884965000
0"
#22893645000
1"
#22897955000
0#
#22897985000
0"
#22902295000
1#
#22906635000
0#
#22906665000
1"
#22910975000
1#
#22915315000
0#
#22915345000
0"
#22919685000
1"
#22924025000
0"
#22928365000
1"
#22937015000
1#
#22937045000
0"
#22941355000
0#
#22941385000
1"
#22945695000
1#
#22950035000
0#
#22950065000
0"
#22954375000
1#
#22954405000
1"
#22958715000
0#
#22958745000
0"
#22967425000
1"
#22971765000
0"
#22976075000
1#
#22984755000
0#
#22984785000
1"
#22989095000
1#
#22993435000
0#
#22993465000
0"
#22997775000
1#
#22997805000
1"
#23002115000
0#
#23002145000
0"
#23010795000
1#
#23010825000
1"
#23015135000
0#
#23019505000
0"
#23023845000
1"
#23028155000
1#
#23028185000
0"
#23032495000
0#
#23032525000
1"
#23036835000
1#
#23036865000
0"
#23041205000
1"
#23045515000
0#
#23045545000
0"
#23054225000
1"
#23058535000
1#
#23058565000
0"
#23062875000
0#
#23062905000
1"
#23067245000
0"
#23071585000
1"
#23075895000
1#
#23080265000
0"
#23084605000
1"
#23088915000
0#
#23088945000
0"
#23093255000
1#
#23093285000
1"
#23101965000
0"
#23110645000
1"
#23123665000
0"
#23128005000
1"
#23132315000
0#
#23132345000
0"
#23136685000
1"
#23145365000
0"
#23149675000
1#
#23154045000
1"
#23162695000
0#
#23167035000
1#
#23167065000
0"
#23171405000
1"
#23175715000
0#
#23175745000
0"
#23184395000
1#
#23188765000
1"
#23193105000
0"
#23197415000
0#
#23197445000
1"
#23201755000
1#
#23210435000
0#
#23210465000
0"
#23214775000
1#
#23214805000
1"
#23219115000
0#
#23219145000
0"
#23227795000
1#
#23232135000
0#
#23232165000
1"
#23236505000
0"
#23240815000
1#
#23240845000
1"
#23245155000
0#
#23249495000
1#
#23253835000
0#
#23253865000
0"
#23258175000
1#
#23258205000
1"
#23262515000
0#
#23262545000
0"
#23271195000
1#
#23271225000
1"
#23275535000
0#
#23279905000
0"
#23284245000
1"
#23292895000
1#
#23297235000
0#
#23297265000
0"
#23301575000
1#
#23301605000
1"
#23305915000
0#
#23305945000
0"
#23318935000
1#
#23323305000
1"
#23336295000
0#
#23340665000
0"
#23344975000
1#
#23345005000
1"
#23349315000
0#
#23349345000
0"
#23358025000
1"
#23362365000
0"
#23366705000
1"
#23371015000
1#
#23379695000
0#
#23384065000
0"
#23388375000
1#
#23388405000
1"
#23392715000
0#
#23392745000
0"
#23397085000
1"
#23405765000
0"
#23410105000
1"
#23418755000
1#
#23423095000
0#
#23427465000
0"
#23431775000
1#
#23431805000
1"
#23436115000
0#
#23436145000
0"
#23440485000
1"
#23444795000
1#
#23444825000
0"
#23449165000
1"
#23457815000
0#
#23470865000
0"
#23475175000
1#
#23475205000
1"
#23479515000
0#
#23479545000
0"
#23483885000
1"
#23488195000
1#
#23492535000
0#
#23496875000
1#
#23501215000
0#
#23514265000
0"
#23518575000
1#
#23518605000
1"
#23522915000
0#
#23522945000
0"
#23531595000
1#
#23531625000
1"
#23535965000
0"
#23548955000
0#
#23557665000
1"
#23561975000
1#
#23566315000
0#
#23566345000
0"
#23570685000
1"
#23574995000
1#
#23575025000
0"
#23579365000
1"
#23583675000
0#
#23583705000
0"
#23588015000
1#
#23596695000
0#
#23601065000
1"
#23605375000
1#
#23609715000
0#
#23609745000
0"
#23622735000
1#
#23622765000
1"
#23627075000
0#
#23627105000
0"
#23631415000
1#
#23635755000
0#
#23640095000
1#
#23644435000
0#
#23644465000
1"
#23648775000
1#
#23653145000
0"
#23657485000
1"
#23670505000
0"
#23687865000
1"
#23696545000
0"
#23713905000
1"
#23718245000
0"
#23731265000
1"
#23739915000
0#
#23739945000
0"
#23744285000
1"
#23748625000
0"
#23757275000
1#
#23757305000
1"
#23761645000
0"
#23770295000
0#
#23774665000
1"
#23778975000
1#
#23783315000
0#
#23783345000
0"
#23791995000
1#
#23800705000
1"
#23805015000
0#
#23805045000
0"
#23809355000
1#
#23813695000
0#
#23818065000
1"
#23822375000
1#
#23826715000
0#
#23826745000
0"
#23831085000
1"
#23835425000
0"
#23839765000
1"
#23844105000
0"
#23852755000
1#
#23857095000
0#
#23861465000
1"
#23865775000
1#
#23870115000
0#
#23870145000
0"
#23874485000
1"
#23883165000
0"
#23887475000
1#
#23900495000
0#
#23904865000
1"
#23909175000
1#
#23913515000
0#
#23913545000
0"
#23917885000
1"
#23922225000
0"
#23926565000
1"
#23930875000
1#
#23930905000
0"
#23943895000
0#
#23948265000
1"
#23952575000
1#
#23956915000
0#
#23956945000
0"
#23961285000
1"
#23965595000
1#
#23969935000
0#
#23974275000
1#
#23978615000
0#
#23991665000
0"
#23995975000
1#
#23996005000
1"
#24000315000
0#
#24000345000
0"
#24008995000
1#
#24009025000
1"
#24013335000
0#
#24017705000
0"
#24022015000
1#
#24022045000
1"
#24026355000
0#
#24026385000
0"
#24035065000
1"
#24039375000
1#
#24043715000
0#
#24043745000
0"
#24056765000
1"
#24061075000
1#
#24065445000
0"
#24069755000
0#
#24069785000
1"
#24074125000
0"
#24078465000
1"
#24082775000
1#
#24087115000
0#
#24087145000
0"
#24091485000
1"
#24095795000
1#
#24095825000
0"
#24100165000
1"
#24104475000
0#
#24104505000
0"
#24108815000
1#
#24108845000
1"
#24117495000
0#
#24121835000
1#
#24121865000
0"
#24126205000
1"
#24130515000
0#
#24130545000
0"
#24139225000
1"
#24143565000
0"
#24147875000
1#
#24147905000
1"
#24152215000
0#
#24156555000
1#
#24160895000
0#
#24165265000
0"
#24169575000
1#
#24169605000
1"
#24173915000
0#
#24173945000
0"
#24178255000
1#
#24178285000
1"
#24182625000
0"
#24195645000
1"
#24208665000
0"
#24213005000
1"
#24217315000
0#
#24217345000
0"
#24221685000
1"
#24226025000
0"
#24230365000
1"
#24234675000
1#
#24234705000
0"
#24239015000
0#
#24239045000
1"
#24243355000
1#
#24247695000
0#
#24252035000
1#
#24252065000
0"
#24256405000
1"
#24260715000
0#
#24260745000
0"
#24269395000
1#
#24269425000
1"
#24278075000
0#
#24282445000
0"
#24286755000
1#
#24286785000
1"
#24291095000
0#
#24291125000
0"
#24295465000
1"
#24299775000
1#
#24304115000
0#
#24304145000
0"
#24308485000
1"
#24312825000
0"
#24317135000
1#
#24321475000
0#
#24321505000
1"
#24325815000
1#
#24330155000
0#
#24330185000
0"
#24338835000
1#
#24338865000
1"
#24347515000
0#
#24347545000
0"
#24364905000
1"
#24369245000
0"
#24373555000
1#
#24373585000
1"
#24382235000
0#
#24382265000
0"
#24386575000
1#
#24386605000
1"
#24390915000
0#
#24390945000
0"
#24395255000
1#
#24395285000
1"
#24399625000
0"
#24403965000
1"
#24408305000
0"
#24412645000
1"
#24416985000
0"
#24421325000
1"
#24425665000
0"
#24430005000
1"
#24434315000
0#
#24434345000
0"
#24438685000
1"
#24443025000
0"
#24447335000
1#
#24447365000
1"
#24451705000
0"
#24456015000
0#
#24464725000
1"
#24469035000
1#
#24469065000
0"
#24473405000
1"
#24477715000
0#
#24477745000
0"
#24482085000
1"
#24486395000
1#
#24486425000
0"
#24490765000
1"
#24499415000
0#
#24499445000
0"
#24503755000
1#
#24508095000
0#
#24508125000
1"
#24512435000
1#
#24512465000
0"
#24516805000
1"
#24521115000
0#
#24521145000
0"
#24525455000
1#
#24534165000
1"
#24538505000
0"
#24542845000
1"
#24547185000
0"
#24551525000
1"
#24555865000
0"
#24560205000
1"
#24564515000
0#
#24564545000
0"
#24568855000
1#
#24577565000
1"
#24581905000
0"
#24586245000
1"
#24590585000
0"
#24594925000
1"
#24599265000
0"
#24603605000
1"
#24607915000
0#
#24607945000
0"
#24616595000
1#
#24620935000
0#
#24620965000
1"
#24625305000
0"
#24629615000
1#
#24629645000
1"
#24633985000
0"
#24638325000
1"
#24642665000
0"
#24647005000
1"
#24651315000
0#
#24651345000
0"
#24655685000
1"
#24660025000
0"
#24664335000
1#
#24664365000
1"
#24668705000
0"
#24673015000
0#
#24673045000
1"
#24677355000
1#
#24677385000
0"
#24681725000
1"
#24686065000
0"
#24690405000
1"
#24694715000
0#
#24694745000
0"
#24712075000
1#
#24712105000
1"
#24720785000
0"
#24725125000
1"
#24729465000
0"
#24733805000
1"
#24738115000
0#
#24738145000
0"
#24742455000
1#
#24751165000
1"
#24764185000
0"
#24768525000
1"
#24772865000
0"
#24777205000
1"
#24781515000
0#
#24781545000
0"
#24785855000
1#
#24785885000
1"
#24807585000
0"
#24811925000
1"
#24816265000
0"
#24820605000
1"
#24824915000
0#
#24824945000
0"
#24833625000
1"
#24837965000
0"
#24842275000
1#
#24850985000
1"
#24859665000
0"
#24864005000
1"
#24868315000
0#
#24868345000
0"
#24872685000
1"
#24877025000
0"
#24881365000
1"
#24885705000
0"
#24890015000
1#
#24894385000
1"
#24903065000
0"
#24907405000
1"
#24911715000
0#
#24911745000
0"
#24920395000
1#
#24920425000
1"
#24929105000
0"
#24933415000
0#
#24937755000
1#
#24937785000
1"
#24946465000
0"
#24950805000
1"
#24955115000
0#
#24955145000
0"
#24959485000
1"
#24963795000
1#
#24963825000
0"
#24968135000
0#
#24972475000
1#
#24972505000
1"
#24976815000
0#
#24976845000
0"
#24981155000
1#
#24981185000
1"
#24989865000
0"
#24994205000
1"
#24998515000
0#
#24998545000
0"
#25002885000
1"
#25007195000
1#
#25011535000
0#
#25015875000
1#
#25020215000
0#
#25024555000
1#
#25033265000
0"
#25037605000
1"
#25041945000
0"
#25050625000
1"
#25076665000
0"
#25081005000
1"
#25085345000
0"
#25089685000
1"
#25098365000
0"
#25120065000
1"
#25128715000
0#
#25128745000
0"
#25137425000
1"
#25141735000
1#
#25141765000
0"
#25146075000
0#
#25159095000
1#
#25163435000
0#
#25163465000
1"
#25167775000
1#
#25172115000
0#
#25172145000
0"
#25180795000
1#
#25180825000
1"
#25185135000
0#
#25202495000
1#
#25206835000
0#
#25206865000
0"
#25211175000
1#
#25211205000
1"
#25215515000
0#
#25215545000
0"
#25245895000
1#
#25250235000
0#
#25250265000
1"
#25254575000
1#
#25258915000
0#
#25258945000
0"
#25267625000
1"
#25271935000
1#
#25271965000
0"
#25280615000
0#
#25289295000
1#
#25293635000
0#
#25293665000
1"
#25297975000
1#
#25302315000
0#
#25302345000
0"
#25310995000
1#
#25311025000
1"
#25315365000
0"
#25324015000
0#
#25328355000
1#
#25332695000
0#
#25337065000
1"
#25341375000
1#
#25345715000
0#
#25345745000
0"
#25350085000
1"
#25354395000
1#
#25358735000
0#
#25358765000
0"
#25363105000
1"
#25380465000
0"
#25384775000
1#
#25384805000
1"
#25389115000
0#
#25389145000
0"
#25402135000
1#
#25402165000
1"
#25406475000
0#
#25406505000
0"
#25410815000
1#
#25410845000
1"
#25415155000
0#
#25419525000
0"
#25423865000
1"
#25428175000
1#
#25432515000
0#
#25432545000
0"
#25436885000
1"
#25449875000
1#
#25449905000
0"
#25454215000
0#
#25458555000
1#
#25467235000
0#
#25467265000
1"
#25471575000
1#
#25475915000
0#
#25475945000
0"
#25484595000
1#
#25497645000
1"
#25506295000
0#
#25510635000
1#
#25510665000
0"
#25515005000
1"
#25519315000
0#
#25519345000
0"
#25523685000
1"
#25528025000
0"
#25541015000
1#
#25541045000
1"
#25549695000
0#
#25554035000
1#
#25554065000
0"
#25558405000
1"
#25562715000
0#
#25562745000
0"
#25567055000
1#
#25567085000
1"
#25575765000
0"
#25580105000
1"
#25584445000
0"
#25588785000
1"
#25597465000
0"
#25601805000
1"
#25606115000
0#
#25606145000
0"
#25610485000
1"
#25614795000
1#
#25614825000
0"
#25619165000
1"
#25632155000
0#
#25632185000
0"
#25636495000
1#
#25636525000
1"
#25640835000
0#
#25640865000
0"
#25645175000
1#
#25645205000
1"
#25649515000
0#
#25649545000
0"
#25658195000
1#
#25662535000
0#
#25662565000
1"
#25666875000
1#
#25675555000
0#
#25675585000
0"
#25679895000
1#
#25684235000
0#
#25684265000
1"
#25688575000
1#
#25692915000
0#
#25692945000
0"
#25697255000
1#
#25705965000
1"
#25710305000
0"
#25723325000
1"
#25736315000
0#
#25736345000
0"
#25744995000
1#
#25753705000
1"
#25762355000
0#
#25762385000
0"
#25766695000
1#
#25771065000
1"
#25779715000
0#
#25779745000
0"
#25784055000
1#
#25784085000
1"
#25797105000
0"
#25805785000
1"
#25810125000
0"
#25814465000
1"
#25823115000
0#
#25823145000
0"
#25827455000
1#
#25827485000
1"
#25836165000
0"
#25857865000
1"
#25866515000
0#
#25866545000
0"
#25870855000
1#
#25870885000
1"
#25879565000
0"
#25883905000
1"
#25888245000
0"
#25892585000
1"
#25901265000
0"
#25905605000
1"
#25909915000
0#
#25909945000
0"
#25914285000
1"
#25918595000
1#
#25922935000
0#
#25927275000
1#
#25931615000
0#
#25935955000
1#
#25935985000
0"
#25940295000
0#
#25940325000
1"
#25944635000
1#
#25944665000
0"
#25949005000
1"
#25953315000
0#
#25953345000
0"
#25961995000
1#
#25975015000
0#
#25975045000
1"
#25988065000
0"
#25992375000
1#
#25992405000
1"
#25996715000
0#
#25996745000
0"
#26005425000
1"
#26009765000
0"
#26014075000
1#
#26014105000
1"
#26018415000
0#
#26018445000
0"
#26022785000
1"
#26027095000
1#
#26031435000
0#
#26031465000
0"
#26035775000
1#
#26035805000
1"
#26040115000
0#
#26040145000
0"
#26044485000
1"
#26048795000
1#
#26048825000
0"
#26053135000
0#
#26053165000
1"
#26057505000
0"
#26061815000
1#
#26066185000
1"
#26070495000
0#
#26074865000
0"
#26079175000
1#
#26079205000
1"
#26083515000
0#
#26083545000
0"
#26105215000
1#
#26109585000
1"
#26113895000
0#
#26118265000
0"
#26122575000
1#
#26122605000
1"
#26126915000
0#
#26126945000
0"
#26135595000
1#
#26139965000
1"
#26144275000
0#
#26152985000
0"
#26157295000
1#
#26157325000
1"
#26161635000
0#
#26161665000
0"
#26165975000
1#
#26166005000
1"
#26170315000
0#
#26170345000
0"
#26174685000
1"
#26187675000
1#
#26187705000
0"
#26192015000
0#
#26192045000
1"
#26196355000
1#
#26196385000
0"
#26200725000
1"
#26205035000
0#
#26205065000
0"
#26209375000
1#
#26209405000
1"
#26213715000
0#
#26213745000
0"
#26218085000
1"
#26222425000
0"
#26235445000
1"
#26239785000
0"
#26244125000
1"
#26248435000
1#
#26248465000
0"
#26252805000
1"
#26257115000
0#
#26257145000
0"
#26261485000
1"
#26265795000
1#
#26270165000
0"
#26274475000
0#
#26274505000
1"
#26278815000
1#
#26278845000
0"
#26283155000
0#
#26287525000
1"
#26291835000
1#
#26291865000
0"
#26296205000
1"
#26300515000
0#
#26300545000
0"
#26304885000
1"
#26309225000
0"
#26313535000
1#
#26317875000
0#
#26322215000
1#
#26322245000
1"
#26326585000
0"
#26330895000
0#
#26330925000
1"
#26335235000
1#
#26335265000
0"
#26339605000
1"
#26343915000
0#
#26343945000
0"
#26348285000
1"
#26352595000
1#
#26352625000
0"
#26356935000
0#
#26365615000
1#
#26365645000
1"
#26369955000
0#
#26369985000
0"
#26374295000
1#
#26374325000
1"
#26378665000
0"
#26383005000
1"
#26387315000
0#
#26387345000
0"
#26391685000
1"
#26395995000
1#
#26396025000
0"
#26404705000
1"
#26413355000
0#
#26417695000
1#
#26422065000
0"
#26426405000
1"
#26430745000
0"
#26439425000
1"
#26448105000
0"
#26452445000
1"
#26465465000
0"
#26469805000
1"
#26474145000
0"
#26491505000
1"
#26508865000
0"
#26513205000
1"
#26517515000
0#
#26517545000
0"
#26530565000
1"
#26534875000
1#
#26534905000
0"
#26539215000
0#
#26547895000
1#
#26552235000
0#
#26552265000
1"
#26556575000
1#
#26560915000
0#
#26560945000
0"
#26565285000
1"
#26569595000
1#
#26573965000
0"
#26582615000
0#
#26591295000
1#
#26595635000
0#
#26595665000
1"
#26599975000
1#
#26604315000
0#
#26604345000
0"
#26608685000
1"
#26613025000
0"
#26630355000
1#
#26634695000
0#
#26639065000
1"
#26643375000
1#
#26647715000
0#
#26647745000
0"
#26652085000
1"
#26656395000
1#
#26656425000
0"
#26673755000
0#
#26682465000
1"
#26686775000
1#
#26691115000
0#
#26691145000
0"
#26695485000
1"
#26699825000
0"
#26708505000
1"
#26712815000
1#
#26717155000
0#
#26725865000
0"
#26730175000
1#
#26730205000
1"
#26734515000
0#
#26734545000
0"
#26738885000
1"
#26751875000
1#
#26751905000
0"
#26756245000
1"
#26760555000
0#
#26760585000
0"
#26769265000
1"
#26773575000
1#
#26777915000
0#
#26777945000
0"
#26786595000
1#
#26786625000
1"
#26790965000
0"
#26795275000
0#
#26795305000
1"
#26799645000
0"
#26803985000
1"
#26808325000
0"
#26812665000
1"
#26816975000
1#
#26821315000
0#
#26821345000
0"
#26829995000
1#
#26830025000
1"
#26834365000
0"
#26838705000
1"
#26843045000
0"
#26847355000
0#
#26847385000
1"
#26851695000
1#
#26856065000
0"
#26860405000
1"
#26864715000
0#
#26864745000
0"
#26873395000
1#
#26877735000
0#
#26877765000
1"
#26882075000
1#
#26886445000
0"
#26890755000
0#
#26890785000
1"
#26899465000
0"
#26903775000
1#
#26903805000
1"
#26908115000
0#
#26908145000
0"
#26912455000
1#
#26912485000
1"
#26925505000
0"
#26934185000
1"
#26942865000
0"
#26947205000
1"
#26951515000
0#
#26951545000
0"
#26960225000
1"
#26964565000
0"
#26968875000
1#
#26973215000
0#
#26977585000
1"
#26981895000
1#
#26986265000
0"
#26990605000
1"
#26994915000
0#
#26994945000
0"
#26999285000
1"
#27003595000
1#
#27007965000
0"
#27012275000
0#
#27012305000
1"
#27016615000
1#
#27016645000
0"
#27020955000
0#
#27025295000
1#
#27025325000
1"
#27029635000
0#
#27029665000
0"
#27033975000
1#
#27034005000
1"
#27038315000
0#
#27038345000
0"
#27042685000
1"
#27047025000
0"
#27051335000
1#
#27055675000
0#
#27055705000
1"
#27064355000
1#
#27064385000
0"
#27068695000
0#
#27068725000
1"
#27073035000
1#
#27073065000
0"
#27077405000
1"
#27081715000
0#
#27081745000
0"
#27086055000
1#
#27090425000
1"
#27094765000
0"
#27103445000
1"
#27116465000
0"
#27120805000
1"
#27125115000
0#
#27125145000
0"
#27129455000
1#
#27129485000
1"
#27133825000
0"
#27138165000
1"
#27142505000
0"
#27159865000
1"
#27168515000
0#
#27168545000
0"
#27181565000
1"
#27185875000
1#
#27190215000
0#
#27190245000
0"
#27194555000
1#
#27198895000
0#
#27203235000
1#
#27203265000
1"
#27211915000
0#
#27211945000
0"
#27216285000
1"
#27220595000
1#
#27220625000
0"
#27229305000
1"
#27233615000
0#
#27233645000
0"
#27237955000
1#
#27237985000
1"
#27242295000
0#
#27242325000
0"
#27246635000
1#
#27246665000
1"
#27255315000
0#
#27255345000
0"
#27259655000
1#
#27259685000
1"
#27264025000
0"
#27268365000
1"
#27272705000
0"
#27281385000
1"
#27285725000
0"
#27290065000
1"
#27298715000
0#
#27298745000
0"
#27303055000
1#
#27320445000
1"
#27324785000
0"
#27329125000
1"
#27333465000
0"
#27337805000
1"
#27342115000
0#
#27342145000
0"
#27346455000
1#
#27350825000
1"
#27355165000
0"
#27376865000
1"
#27385515000
0#
#27385545000
0"
#27389885000
1"
#27398565000
0"
#27402905000
1"
#27407215000
1#
#27407245000
0"
#27411555000
0#
#27420235000
1#
#27420265000
1"
#27428915000
0#
#27428945000
0"
#27446305000
1"
#27454955000
1#
#27454985000
0"
#27463665000
1"
#27472315000
0#
#27472345000
0"
#27476685000
1"
#27481025000
0"
#27498355000
1#
#27498385000
1"
#27502725000
0"
#27507065000
1"
#27515715000
0#
#27515745000
0"
#27520055000
1#
#27528765000
1"
#27533105000
0"
#27541785000
1"
#27546125000
0"
#27550465000
1"
#27559115000
0#
#27559145000
0"
#27563455000
1#
#27563485000
1"
#27567825000
0"
#27585185000
1"
#27589525000
0"
#27593865000
1"
#27602515000
0#
#27602545000
0"
#27606855000
1#
#27606885000
1"
#27611225000
0"
#27637265000
1"
#27645915000
0#
#27645945000
0"
#27650255000
1#
#27650285000
1"
#27658965000
0"
#27667645000
1"
#27680665000
0"
#27685005000
1"
#27689315000
0#
#27689345000
0"
#27693685000
1"
#27697995000
1#
#27711015000
0#
#27711045000
0"
#27715385000
1"
#27719695000
1#
#27724065000
0"
#27728405000
1"
#27732715000
0#
#27732745000
0"
#27737085000
1"
#27741395000
1#
#27745735000
0#
#27745765000
0"
#27750105000
1"
#27754415000
1#
#27758755000
0#
#27763095000
1#
#27767435000
0#
#27767465000
0"
#27771775000
1#
#27771805000
1"
#27776115000
0#
#27776145000
0"
#27784795000
1#
#27789135000
0#
#27789165000
1"
#27793475000
1#
#27793505000
0"
#27797815000
0#
#27797845000
1"
#27806495000
1#
#27810835000
0#
#27810865000
0"
#27815175000
1#
#27815205000
1"
#27819545000
0"
#27828225000
1"
#27832565000
0"
#27841245000
1"
#27854265000
0"
#27858605000
1"
#27862945000
0"
#27871625000
1"
#27875965000
0"
#27880305000
1"
#27897665000
0"
#27902005000
1"
#27906315000
0#
#27906345000
0"
#27910685000
1"
#27915025000
0"
#27919335000
1#
#27919365000
1"
#27923675000
0#
#27923705000
0"
#27928015000
1#
#27936695000
0#
#27941065000
1"
#27945375000
1#
#27949715000
0#
#27949745000
0"
#27954085000
1"
#27958395000
1#
#27967105000
0"
#27971415000
0#
#27980095000
1#
#27984435000
0#
#27984465000
1"
#27988775000
1#
#27993115000
0#
#27993145000
0"
#27997485000
1"
#28006135000
1#
#28006165000
0"
#28010475000
0#
#28019155000
1#
#28023495000
0#
#28027865000
1"
#28032175000
1#
#28036515000
0#
#28036545000
0"
#28040885000
1"
#28045195000
1#
#28045225000
0"
#28049535000
0#
#28049565000
1"
#28062555000
1#
#28066895000
0#
#28071265000
0"
#28075575000
1#
#28075605000
1"
#28079915000
0#
#28079945000
0"
#28084285000
1"
#28092935000
1#
#28097275000
0#
#28101615000
1#
#28105955000
0#
#28114665000
0"
#28118975000
1#
#28119005000
1"
#28123315000
0#
#28123345000
0"
#28132025000
1"
#28136335000
1#
#28136365000
0"
#28140705000
1"
#28149355000
0#
#28153725000
0"
#28158065000
1"
#28162375000
1#
#28166715000
0#
#28166745000
0"
#28175395000
1#
#28175425000
1"
#28184075000
0#
#28188415000
1#
#28192755000
0#
#28201435000
1#
#28201465000
0"
#28205805000
1"
#28210115000
0#
#28210145000
0"
#28214485000
1"
#28227475000
1#
#28227505000
0"
#28236155000
0#
#28236185000
1"
#28240495000
1#
#28244865000
0"
#28249205000
1"
#28253515000
0#
#28253545000
0"
#28262195000
1#
#28262225000
1"
#28270905000
0"
#28275215000
0#
#28279555000
1#
#28279585000
1"
#28288265000
0"
#28292605000
1"
#28296915000
0#
#28296945000
0"
#28301255000
1#
#28305625000
1"
#28309965000
0"
#28322985000
1"
#28331665000
0"
#28336005000
1"
#28340315000
0#
#28340345000
0"
#28344685000
1"
#28349025000
0"
#28353335000
1#
#28353365000
1"
#28357675000
0#
#28366355000
1#
#28366385000
0"
#28370725000
1"
#28375035000
0#
#28375065000
0"
#28379375000
1#
#28379405000
1"
#28383715000
0#
#28383745000
0"
#28392425000
1"
#28396765000
0"
#28401075000
1#
#28401105000
1"
#28409755000
0#
#28414095000
1#
#28414125000
0"
#28418435000
0#
#28422775000
1#
#28422805000
1"
#28427115000
0#
#28427145000
0"
#28435795000
1#
#28440135000
0#
#28457495000
1#
#28457525000
1"
#28461865000
0"
#28466205000
1"
#28470515000
0#
#28470545000
0"
#28479195000
1#
#28483535000
0#
#28483565000
1"
#28487905000
0"
#28492215000
1#
#28492245000
1"
#28496585000
0"
#28500895000
0#
#28500925000
1"
#28505235000
1#
#28505265000
0"
#28509605000
1"
#28513915000
0#
#28513945000
0"
#28518255000
1#
#28522625000
1"
#28531305000
0"
#28535645000
1"
#28539985000
0"
#28544325000
1"
#28548665000
0"
#28553005000
1"
#28557315000
0#
#28557345000
0"
#28561655000
1#
#28561685000
1"
#28583385000
0"
#28587725000
1"
#28592065000
0"
#28596405000
1"
#28600715000
0#
#28600745000
0"
#28605055000
1#
#28605085000
1"
#28609425000
0"
#28613765000
1"
#28622445000
0"
#28626785000
1"
#28635465000
0"
#28639805000
1"
#28644115000
0#
#28644145000
0"
#28648455000
1#
#28652825000
1"
#28670185000
0"
#28674525000
1"
#28678865000
0"
#28683205000
1"
#28687515000
0#
#28687545000
0"
#28700535000
1#
#28704905000
1"
#28709215000
0#
#28709245000
0"
#28713585000
1"
#28722235000
1#
#28722265000
0"
#28726605000
1"
#28730915000
0#
#28730945000
0"
#28735255000
1#
#28735285000
1"
#28743965000
0"
#28748305000
1"
#28765665000
0"
#28770005000
1"
#28774315000
0#
#28774345000
0"
#28783025000
1"
#28787335000
1#
#28787365000
0"
#28791675000
0#
#28796015000
1#
#28796045000
1"
#28804695000
0#
#28809065000
0"
#28813375000
1#
#28813405000
1"
#28817715000
0#
#28817745000
0"
#28822085000
1"
#28826395000
1#
#28830735000
0#
#28830765000
0"
#28835105000
1"
#28839415000
1#
#28839445000
0"
#28843785000
1"
#28848095000
0#
#28852435000
1#
#28852465000
0"
#28856805000
1"
#28861115000
0#
#28861145000
0"
#28869795000
1#
#28874135000
0#
#28878505000
1"
#28882815000
1#
#28882845000
0"
#28887185000
1"
#28891495000
0#
#28895865000
0"
#28900175000
1#
#28900205000
1"
#28904515000
0#
#28904545000
0"
#28917535000
1#
#28917565000
1"
#28921875000
0#
#28921905000
0"
#28926215000
1#
#28930585000
1"
#28934895000
0#
#28939265000
0"
#28943575000
1#
#28943605000
1"
#28947915000
0#
#28947945000
0"
#28952285000
1"
#28956595000
1#
#28956625000
0"
#28960965000
1"
#28965275000
0#
#28965305000
0"
#28969645000
1"
#28973955000
1#
#28973985000
0"
#28978295000
0#
#28982665000
1"
#28986975000
1#
#28991315000
0#
#28991345000
0"
#28999995000
1#
#29004335000
0#
#29008675000
1#
#29026035000
0#
#29026065000
1"
#29030375000
1#
#29034715000
0#
#29034745000
0"
#29039085000
1"
#29043425000
0"
#29047765000
1"
#29052075000
1#
#29056415000
0#
#29060755000
1#
#29069465000
0"
#29073805000
1"
#29078115000
0#
#29078145000
0"
#29082455000
1#
#29091165000
1"
#29095505000
0"
#29104185000
1"
#29112865000
0"
#29117205000
1"
#29121515000
0#
#29121545000
0"
#29125885000
1"
#29130195000
1#
#29138875000
0#
#29143245000
0"
#29147555000
1#
#29147585000
1"
#29156265000
0"
#29160605000
1"
#29164915000
0#
#29164945000
0"
#29169285000
1"
#29173595000
1#
#29173625000
0"
#29186645000
1"
#29199635000
0#
#29199665000
0"
#29203975000
1#
#29204005000
1"
#29208345000
0"
#29212685000
1"
#29221365000
0"
#29230045000
1"
#29243065000
0"
#29247405000
1"
#29251745000
0"
#29256085000
1"
#29264765000
0"
#29269105000
1"
#29286465000
0"
#29290805000
1"
#29295115000
0#
#29295145000
0"
#29303825000
1"
#29312505000
0"
#29321155000
1#
#29325495000
0#
#29329865000
1"
#29334175000
1#
#29338515000
0#
#29338545000
0"
#29342885000
1"
#29347225000
0"
#29351535000
1#
#29355905000
1"
#29360215000
0#
#29360245000
0"
#29368895000
1#
#29373235000
0#
#29373265000
1"
#29377575000
1#
#29381915000
0#
#29381945000
0"
#29386285000
1"
#29399305000
0"
#29412295000
1#
#29416635000
0#
#29416665000
1"
#29420975000
1#
#29425315000
0#
#29425345000
0"
#29433995000
1#
#29438335000
0#
#29442675000
1#
#29442705000
1"
#29451355000
0#
#29460065000
0"
#29464375000
1#
#29464405000
1"
#29468715000
0#
#29468745000
0"
#29477425000
1"
#29486105000
0"
#29490415000
1#
#29494785000
1"
#29499095000
0#
#29499125000
0"
#29503465000
1"
#29507775000
1#
#29512115000
0#
#29512145000
0"
#29516485000
1"
#29520825000
0"
#29525165000
1"
#29533815000
1#
#29533845000
0"
#29538185000
1"
#29542495000
0#
#29542525000
0"
#29546865000
1"
#29551175000
1#
#29555515000
0#
#29555545000
0"
#29559855000
1#
#29564225000
1"
#29572905000
0"
#29581585000
1"
#29590265000
0"
#29594605000
1"
#29598915000
0#
#29598945000
0"
#29603285000
1"
#29607595000
1#
#29607625000
0"
#29616275000
0#
#29616305000
1"
#29620645000
0"
#29624955000
1#
#29624985000
1"
#29629295000
0#
#29633665000
0"
#29637975000
1#
#29638005000
1"
#29642315000
0#
#29642345000
0"
#29646655000
1#
#29646685000
1"
#29655365000
0"
#29668385000
1"
#29677065000
0"
#29681405000
1"
#29685715000
0#
#29685745000
0"
#29690085000
1"
#29711785000
0"
#29716095000
1#
#29716125000
1"
#29720465000
0"
#29724805000
1"
#29729115000
0#
#29729145000
0"
#29733485000
1"
#29737795000
1#
#29742135000
0#
#29742165000
0"
#29750815000
1#
#29750845000
1"
#29755185000
0"
#29759495000
0#
#29759525000
1"
#29763865000
0"
#29768175000
1#
#29768205000
1"
#29772515000
0#
#29772545000
0"
#29776885000
1"
#29785535000
1#
#29789875000
0#
#29789905000
0"
#29794215000
1#
#29798555000
0#
#29798585000
1"
#29802895000
1#
#29807235000
0#
#29807265000
0"
#29811575000
1#
#29811605000
1"
#29815915000
0#
#29815945000
0"
#29824595000
1#
#29824625000
1"
#29837615000
0#
#29841955000
1#
#29846325000
0"
#29850635000
0#
#29854975000
1#
#29855005000
1"
#29859315000
0#
#29859345000
0"
#29867995000
1#
#29868025000
1"
#29872365000
0"
#29876675000
0#
#29881045000
1"
#29885355000
1#
#29889725000
0"
#29894035000
0#
#29898375000
1#
#29898405000
1"
#29902715000
0#
#29902745000
0"
#29915765000
1"
#29920105000
0"
#29933125000
1"
#29937435000
1#
#29937465000
0"
#29941805000
1"
#29946115000
0#
#29946145000
0"
#29950455000
1#
#29954825000
1"
#29959165000
0"
#29963505000
1"
#29967845000
0"
#29976525000
1"
#29980865000
0"
#29985205000
1"
#29989515000
0#
#29989545000
0"
#29993855000
1#
#29993885000
1"
#29998225000
0"
#30002565000
1"
#30006905000
0"
#30019925000
1"
#30024265000
0"
#30028605000
1"
#30032915000
0#
#30032945000
0"
#30037255000
1#
#30041625000
1"
#30045965000
0"
#30050305000
1"
#30063325000
0"
#30072005000
1"
#30076315000
0#
#30076345000
0"
#30080655000
1#
#30085025000
1"
#30098045000
0"
#30106725000
1"
#30111065000
0"
#30115405000
1"
#30119715000
0#
#30119745000
0"
#30124055000
1#
#30137105000
1"
#30141445000
0"
#30145785000
1"
#30154465000
0"
#30158805000
1"
#30163115000
0#
#30163145000
0"
#30171795000
1#
#30171825000
1"
#30180505000
0"
#30184815000
0#
#30184845000
1"
#30193495000
1#
#30197865000
0"
#30202205000
1"
#30206515000
0#
#30206545000
0"
#30210885000
1"
#30215195000
1#
#30215225000
0"
#30219535000
0#
#30223905000
1"
#30228245000
0"
#30236895000
1#
#30241265000
1"
#30249915000
0#
#30249945000
0"
#30258595000
1#
#30258625000
1"
#30262935000
0#
#30267275000
1#
#30267305000
0"
#30271615000
0#
#30271645000
1"
#30275955000
1#
#30275985000
0"
#30284635000
0#
#30284665000
1"
#30288975000
1#
#30293315000
0#
#30293345000
0"
#30302025000
1"
#30310705000
0"
#30315045000
1"
#30319355000
1#
#30319385000
0"
#30328035000
0#
#30328065000
1"
#30332375000
1#
#30336715000
0#
#30336745000
0"
#30345395000
1#
#30345425000
1"
#30354105000
0"
#30358445000
1"
#30362785000
0"
#30367095000
0#
#30371465000
1"
#30375775000
1#
#30380115000
0#
#30380145000
0"
#30384485000
1"
#30393135000
1#
#30401815000
0#
#30406185000
0"
#30414835000
1#
#30414865000
1"
#30423515000
0#
#30423545000
0"
#30427885000
1"
#30432225000
0"
#30436535000
1#
#30440875000
0#
#30440905000
1"
#30449555000
1#
#30449585000
0"
#30453895000
0#
#30458265000
1"
#30462575000
1#
#30466915000
0#
#30466945000
0"
#30471285000
1"
#30475595000
1#
#30475625000
0"
#30479935000
0#
#30484305000
1"
#30488615000
1#
#30488645000
0"
#30497295000
0#
#30501635000
1#
#30501665000
1"
#30510315000
0#
#30510345000
0"
#30514685000
1"
#30523335000
1#
#30523365000
0"
#30527675000
0#
#30532045000
1"
#30536355000
1#
#30545065000
0"
#30549405000
1"
#30553715000
0#
#30553745000
0"
#30558085000
1"
#30566735000
1#
#30566765000
0"
#30575415000
0#
#30575445000
1"
#30588435000
1#
#30588465000
0"
#30592805000
1"
#30597145000
0"
#30601485000
1"
#30605825000
0"
#30610165000
1"
#30614505000
0"
#30618845000
1"
#30631865000
0"
#30636205000
1"
#30640545000
0"
#30644885000
1"
#30649225000
0"
#30657905000
1"
#30675265000
0"
#30679605000
1"
#30683915000
0#
#30683945000
0"
#30688285000
1"
#30692625000
0"
#30696935000
1#
#30696965000
1"
#30701275000
0#
#30701305000
0"
#30709955000
1#
#30714295000
0#
#30718665000
1"
#30722975000
1#
#30727315000
0#
#30727345000
0"
#30735995000
1#
#30736025000
1"
#30740335000
0#
#30744675000
1#
#30744705000
0"
#30749015000
0#
#30757695000
1#
#30762035000
0#
#30762065000
1"
#30766375000
1#
#30770715000
0#
#30770745000
0"
#30779425000
1"
#30783765000
0"
#30788075000
1#
#30801095000
0#
#30805465000
1"
#30809775000
1#
#30814115000
0#
#30814145000
0"
#30818485000
1"
#30822795000
1#
#30822825000
0"
#30831475000
0#
#30831505000
1"
#30835845000
0"
#30848865000
1"
#30853175000
1#
#30857515000
0#
#30857545000
0"
#30866195000
1#
#30866225000
1"
#30870535000
0#
#30870565000
0"
#30874905000
1"
#30879215000
1#
#30879245000
0"
#30887895000
0#
#30887925000
1"
#30896575000
1#
#30900915000
0#
#30900945000
0"
#30905285000
1"
#30913935000
1#
#30918275000
0#
#30918305000
0"
#30926955000
1#
#30935665000
1"
#30944315000
0#
#30944345000
0"
#30948655000
1#
#30953025000
1"
#30961705000
0"
#30970385000
1"
#30979065000
0"
#30983405000
1"
#30987715000
0#
#30987745000
0"
#30992055000
1#
#30992085000
1"
#31005105000
0"
#31013785000
1"
#31022465000
0"
#31026805000
1"
#31031115000
0#
#31031145000
0"
#31035455000
1#
#31035485000
1"
#31039825000
0"
#31057185000
1"
#31065865000
0"
#31070205000
1"
#31074515000
0#
#31074545000
0"
#31078885000
1"
#31100585000
0"
#31104895000
1#
#31104925000
1"
#31109235000
0#
#31109265000
0"
#31113575000
1#
#31113605000
1"
#31117915000
0#
#31117945000
0"
#31122285000
1"
#31126595000
1#
#31135305000
0"
#31139615000
0#
#31143955000
1#
#31148295000
0#
#31148325000
1"
#31152665000
0"
#31156975000
1#
#31157005000
1"
#31161315000
0#
#31161345000
0"
#31165685000
1"
#31170025000
0"
#31174335000
1#
#31174365000
1"
#31178675000
0#
#31178705000
0"
#31183045000
1"
#31187355000
1#
#31196035000
0#
#31196065000
0"
#31200375000
1#
#31200405000
1"
#31204715000
0#
#31204745000
0"
#31213395000
1#
#31226415000
0#
#31226445000
1"
#31230785000
0"
#31239465000
1"
#31243775000
1#
#31248115000
0#
#31248145000
0"
#31256795000
1#
#31256825000
1"
#31261135000
0#
#31261165000
0"
#31265505000
1"
#31269815000
1#
#31269845000
0"
#31274185000
1"
#31278495000
0#
#31282835000
1#
#31282865000
0"
#31287205000
1"
#31291515000
0#
#31291545000
0"
#31295855000
1#
#31313245000
1"
#31321925000
0"
#31330605000
1"
#31334915000
0#
#31334945000
0"
#31339285000
1"
#31347935000
1#
#31347965000
0"
#31352275000
0#
#31352305000
1"
#31356615000
1#
#31360955000
0#
#31365325000
0"
#31369635000
1#
#31374005000
1"
#31378315000
0#
#31378345000
0"
#31386995000
1#
#31387025000
1"
#31395675000
0#
#31400045000
0"
#31404355000
1#
#31404385000
1"
#31408725000
0"
#31413035000
0#
#31417375000
1#
#31417405000
1"
#31421715000
0#
#31421745000
0"
#31426085000
1"
#31430425000
0"
#31434735000
1#
#31434765000
1"
#31439075000
0#
#31439105000
0"
#31443445000
1"
#31452095000
1#
#31452125000
0"
#31460805000
1"
#31465115000
0#
#31465145000
0"
#31473795000
1#
#31473825000
1"
#31478135000
0#
#31478165000
0"
#31482505000
1"
#31486815000
1#
#31495525000
0"
#31504205000
1"
#31508515000
0#
#31508545000
0"
#31512885000
1"
#31521565000
0"
#31525875000
1#
#31525905000
1"
#31534555000
0#
#31538895000
1#
#31538925000
0"
#31547605000
1"
#31551915000
0#
#31551945000
0"
#31556255000
1#
#31564965000
1"
#31582325000
0"
#31591005000
1"
#31595315000
0#
#31595345000
0"
#31599655000
1#
#31599685000
1"
#31604025000
0"
#31608365000
1"
#31625725000
0"
#31634405000
1"
#31638715000
0#
#31638745000
0"
#31643055000
1#
#31669125000
1"
#31673465000
0"
#31677805000
1"
#31682115000
0#
#31682145000
0"
#31686485000
1"
#31695135000
1#
#31695165000
0"
#31699475000
0#
#31703815000
1#
#31712525000
1"
#31716865000
0"
#31721205000
1"
#31725515000
0#
#31725545000
0"
#31734225000
1"
#31738565000
0"
#31742875000
1#
#31742905000
1"
#31747245000
0"
#31755895000
0#
#31755925000
1"
#31760235000
1#
#31760265000
0"
#31764605000
1"
#31768915000
0#
#31768945000
0"
#31781935000
1#
#31790615000
0#
#31790645000
1"
#31794955000
1#
#31794985000
0"
#31799325000
1"
#31803665000
0"
#31808005000
1"
#31812315000
0#
#31812345000
0"
#31816655000
1#
#31825365000
1"
#31829705000
0"
#31834045000
1"
#31838385000
0"
#31842725000
1"
#31847065000
0"
#31851405000
1"
#31855715000
0#
#31855745000
0"
#31860085000
1"
#31864425000
0"
#31868735000
1#
#31873105000
1"
#31877445000
0"
#31881755000
0#
#31886095000
1#
#31886125000
1"
#31890465000
0"
#31894805000
1"
#31899115000
0#
#31899145000
0"
#31903485000
1"
#31907825000
0"
#31912135000
1#
#31912165000
1"
#31920815000
0#
#31920845000
0"
#31925155000
1#
#31929525000
1"
#31933865000
0"
#31938205000
1"
#31942515000
0#
#31942545000
0"
#31946885000
1"
#31951195000
1#
#31951225000
0"
#31955535000
0#
#31955565000
1"
#31959905000
0"
#31964245000
1"
#31968555000
1#
#31977265000
0"
#31981605000
1"
#31985945000
0"
#31994625000
1"
#32003305000
0"
#32007645000
1"
#32020665000
0"
#32025005000
1"
#32029345000
0"
#32033685000
1"
#32038025000
0"
#32046705000
1"
#32064065000
0"
#32068405000
1"
#32072715000
0#
#32072745000
0"
#32081395000
1#
#32085735000
0#
#32098755000
1#
#32103095000
0#
#32107465000
1"
#32111775000
1#
#32116115000
0#
#32116145000
0"
#32120485000
1"
#32124825000
0"
#32129135000
1#
#32129165000
1"
#32133475000
0#
#32133505000
0"
#32146495000
1#
#32150835000
0#
#32150865000
1"
#32155175000
1#
#32159515000
0#
#32159545000
0"
#32168195000
1#
#32168225000
1"
#32176875000
0#
#32189895000
1#
#32194235000
0#
#32194265000
0"
#32198575000
1#
#32198605000
1"
#32202915000
0#
#32202945000
0"
#32207285000
1"
#32211595000
1#
#32211625000
0"
#32220305000
1"
#32228955000
0#
#32233325000
0"
#32237665000
1"
#32241975000
1#
#32246315000
0#
#32246345000
0"
#32259335000
1#
#32259365000
1"
#32263675000
0#
#32268015000
1#
#32272355000
0#
#32276695000
1#
#32276725000
0"
#32281035000
0#
#32281065000
1"
#32285375000
1#
#32289715000
0#
#32289745000
0"
#32294055000
1#
#32294085000
1"
#32298425000
0"
#32302765000
1"
#32311445000
0"
#32315785000
1"
#32324465000
0"
#32328805000
1"
#32333115000
0#
#32333145000
0"
#32346165000
1"
#32350475000
1#
#32354815000
0#
#32354845000
0"
#32359185000
1"
#32363495000
1#
#32367835000
0#
#32367865000
0"
#32372175000
1#
#32372205000
1"
#32376515000
0#
#32376545000
0"
#32380855000
1#
#32385225000
1"
#32393905000
0"
#32402585000
1"
#32411265000
0"
#32415605000
1"
#32419915000
0#
#32419945000
0"
#32424285000
1"
#32428595000
1#
#32428625000
0"
#32432935000
0#
#32445985000
1"
#32450295000
1#
#32454665000
0"
#32459005000
1"
#32463315000
0#
#32463345000
0"
#32471995000
1#
#32476335000
0#
#32476365000
1"
#32480675000
1#
#32489355000
0#
#32489385000
0"
#32493725000
1"
#32498065000
0"
#32502375000
1#
#32502405000
1"
#32506715000
0#
#32506745000
0"
#32511085000
1"
#32515395000
1#
#32528415000
0#
#32528445000
0"
#32532755000
1#
#32537095000
0#
#32537125000
1"
#32541465000
0"
#32545775000
1#
#32545805000
1"
#32550115000
0#
#32550145000
0"
#32554485000
1"
#32558795000
1#
#32558825000
0"
#32563135000
0#
#32563165000
1"
#32571845000
0"
#32576155000
1#
#32580525000
1"
#32584835000
0#
#32584865000
0"
#32589175000
1#
#32589205000
1"
#32593515000
0#
#32593545000
0"
#32602195000
1#
#32606535000
0#
#32606565000
1"
#32610875000
1#
#32610905000
0"
#32615215000
0#
#32615245000
1"
#32623895000
1#
#32628235000
0#
#32628265000
0"
#32632575000
1#
#32632605000
1"
#32636915000
0#
#32636945000
0"
#32649935000
1#
#32654275000
0#
#32658645000
1"
#32662955000
1#
#32662985000
0"
#32667295000
0#
#32671635000
1#
#32671665000
1"
#32680315000
0#
#32680345000
0"
#32693365000
1"
#32697675000
1#
#32697705000
0"
#32702045000
1"
#32710695000
0#
#32710725000
0"
#32715035000
1#
#32719405000
1"
#32723715000
0#
#32723745000
0"
#32728055000
1#
#32728085000
1"
#32732425000
0"
#32745445000
1"
#32754125000
0"
#32762805000
1"
#32767115000
0#
#32767145000
0"
#32775795000
1#
#32780135000
0#
#32784475000
1#
#32784505000
1"
#32788815000
0#
#32788845000
0"
#32797495000
1#
#32797525000
1"
#32801865000
0"
#32806205000
1"
#32810515000
0#
#32810545000
0"
#32832215000
1#
#32832245000
1"
#32836555000
0#
#32840895000
1#
#32840925000
0"
#32845235000
0#
#32849575000
1#
#32849605000
1"
#32853915000
0#
#32853945000
0"
#32862595000
1#
#32866935000
0#
#32866965000
1"
#32871275000
1#
#32875645000
0"
#32879985000
1"
#32884295000
0#
#32884325000
0"
#32892975000
1#
#32893005000
1"
#32897315000
0#
#32897345000
0"
#32901685000
1"
#32906025000
0"
#32910365000
1"
#32914675000
1#
#32914705000
0"
#32923385000
1"
#32927695000
0#
#32927725000
0"
#32936375000
1#
#32936405000
1"
#32940715000
0#
#32940745000
0"
#32945085000
1"
#32953765000
0"
#32958105000
1"
#32962445000
0"
#32966785000
1"
#32971095000
1#
#32971125000
0"
#32979805000
1"
#32984115000
0#
#32984145000
0"
#32988455000
1#
#32992825000
1"
#33005845000
0"
#33010185000
1"
#33014525000
0"
#33023205000
1"
#33027515000
0#
#33027545000
0"
#33031855000
1#
#33031885000
1"
#33036225000
0"
#33049245000
1"
#33057925000
0"
#33066605000
1"
#33070915000
0#
#33070945000
0"
#33075255000
1#
#33079625000
1"
#33088305000
0"
#33092645000
1"
#33101325000
0"
#33110005000
1"
#33114315000
0#
#33114345000
0"
#33118655000
1#
#33118685000
1"
#33127365000
0"
#33131705000
1"
#33144725000
0"
#33153405000
1"
#33157715000
0#
#33157745000
0"
#33162055000
1#
#33162085000
1"
#33170765000
0"
#33175105000
1"
#33188125000
0"
#33196805000
1"
#33201115000
0#
#33201145000
0"
#33205455000
1#
#33205485000
1"
#33214165000
0"
#33218505000
1"
#33231525000
0"
#33240205000
1"
#33244515000
0#
#33244545000
0"
#33248855000
1#
#33261905000
1"
#33274925000
0"
#33283605000
1"
#33287915000
0#
#33287945000
0"
#33292255000
1#
#33292285000
1"
#33300965000
0"
#33309645000
1"
#33318325000
0"
#33327005000
1"
#33331315000
0#
#33331345000
0"
#33335655000
1#
#33340025000
1"
#33348705000
0"
#33353045000
1"
#33366065000
0"
#33370405000
1"
#33374745000
0"
#33379085000
1"
#33392105000
0"
#33396445000
1"
#33409465000
0"
#33413805000
1"
#33418145000
0"
#33422485000
1"
#33435505000
0"
#33439845000
1"
#33452865000
0"
#33457205000
1"
#33461515000
0#
#33461545000
0"
#33470225000
1"
#33474535000
1#
#33478875000
0#
#33483215000
1#
#33487555000
0#
#33496265000
0"
#33500575000
1#
#33500605000
1"
#33504915000
0#
#33504945000
0"
#33509285000
1"
#33513625000
0"
#33517935000
1#
#33517965000
1"
#33522275000
0#
#33526615000
1#
#33535295000
0#
#33539665000
0"
#33543975000
1#
#33544005000
1"
#33548315000
0#
#33548345000
0"
#33552685000
1"
#33561335000
1#
#33561365000
0"
#33565675000
0#
#33570045000
1"
#33574385000
0"
#33578695000
1#
#33583035000
0#
#33583065000
1"
#33587375000
1#
#33591715000
0#
#33591745000
0"
#33596085000
1"
#33600395000
1#
#33604765000
0"
#33609075000
0#
#33613415000
1#
#33613445000
1"
#33617755000
0#
#33617785000
0"
#33622125000
1"
#33630775000
1#
#33635115000
0#
#33635145000
0"
#33639455000
1#
#33643825000
1"
#33656845000
0"
#33669865000
1"
#33678515000
0#
#33678545000
0"
#33682855000
1#
#33682885000
1"
#33687225000
0"
#33691565000
1"
#33700245000
0"
#33704585000
1"
#33713265000
0"
#33717605000
1"
#33721915000
0#
#33721945000
0"
#33726255000
1#
#33730625000
1"
#33743645000
0"
#33747985000
1"
#33756665000
0"
#33761005000
1"
#33765315000
0#
#33765345000
0"
#33769655000
1#
#33774025000
1"
#33782705000
0"
#33791385000
1"
#33800065000
0"
#33804405000
1"
#33808715000
0#
#33808745000
0"
#33813085000
1"
#33817425000
0"
#33834785000
1"
#33839095000
1#
#33843435000
0#
#33843465000
0"
#33847775000
1#
#33847805000
1"
#33852115000
0#
#33852145000
0"
#33860795000
1#
#33865165000
1"
#33873815000
0#
#33878155000
1#
#33878185000
0"
#33882495000
0#
#33882525000
1"
#33886865000
0"
#33891175000
1#
#33891205000
1"
#33895515000
0#
#33895545000
0"
#33904195000
1#
#33908535000
0#
#33912875000
1#
#33917215000
0#
#33917245000
1"
#33921555000
1#
#33921585000
0"
#33925895000
0#
#33925925000
1"
#33930265000
0"
#33934575000
1#
#33934605000
1"
#33938915000
0#
#33938945000
0"
#33947595000
1#
#33951935000
0#
#33960615000
1#
#33960645000
1"
#33964955000
0#
#33969295000
1#
#33969325000
0"
#33973635000
0#
#33977975000
1#
#33978005000
1"
#33982315000
0#
#33982345000
0"
#33990995000
1#
#33995335000
0#
#33999675000
1#
#33999705000
1"
#34004015000
0#
#34008355000
1#
#34012725000
0"
#34017035000
0#
#34021375000
1#
#34021405000
1"
#34025715000
0#
#34025745000
0"
#34030055000
1#
#34030085000
1"
#34043105000
0"
#34056125000
1"
#34060465000
0"
#34064805000
1"
#34069115000
0#
#34069145000
0"
#34073455000
1#
#34077825000
1"
#34090845000
0"
#34099525000
1"
#34103865000
0"
#34108205000
1"
#34112515000
0#
#34112545000
0"
#34116855000
1#
#34116885000
1"
#34134245000
0"
#34138585000
1"
#34142925000
0"
#34151605000
1"
#34155915000
0#
#34155945000
0"
#34160255000
1#
#34168965000
1"
#34173305000
0"
#34177645000
1"
#34186325000
0"
#34195005000
1"
#34199315000
0#
#34199345000
0"
#34208025000
1"
#34216675000
1#
#34225355000
0#
#34229725000
0"
#34238375000
1#
#34238405000
1"
#34242715000
0#
#34242745000
0"
#34251425000
1"
#34264415000
1#
#34264445000
0"
#34268755000
0#
#34268785000
1"
#34273125000
0"
#34281775000
1#
#34281805000
1"
#34286115000
0#
#34286145000
0"
#34294795000
1#
#34303505000
1"
#34307845000
0"
#34312185000
1"
#34316495000
0#
#34316525000
0"
#34325175000
1#
#34325205000
1"
#34329515000
0#
#34329545000
0"
#34342565000
1"
#34346875000
1#
#34346905000
0"
#34351215000
0#
#34355585000
1"
#34359895000
1#
#34359925000
0"
#34364235000
0#
#34368575000
1#
#34368605000
1"
#34372915000
0#
#34372945000
0"
#34377285000
1"
#34381625000
0"
#34385935000
1#
#34385965000
1"
#34390275000
0#
#34390305000
0"
#34394615000
1#
#34398955000
0#
#34398985000
1"
#34403295000
1#
#34403325000
0"
#34407635000
0#
#34411975000
1#
#34412005000
1"
#34416315000
0#
#34416345000
0"
#34425025000
1"
#34429335000
1#
#34429365000
0"
#34433705000
1"
#34438015000
0#
#34438045000
0"
#34442355000
1#
#34442385000
1"
#34446725000
0"
#34451035000
0#
#34455375000
1#
#34455405000
1"
#34459715000
0#
#34459745000
0"
#34464085000
1"
#34472735000
1#
#34472765000
0"
#34477075000
0#
#34477105000
1"
#34481415000
1#
#34485785000
0"
#34494435000
0#
#34498775000
1#
#34498805000
1"
#34503115000
0#
#34503145000
0"
#34511825000
1"
#34516165000
0"
#34520475000
1#
#34524845000
1"
#34529185000
0"
#34537835000
0#
#34542175000
1#
#34542205000
1"
#34546515000
0#
#34546545000
0"
#34550885000
1"
#34555225000
0"
#34559535000
1#
#34559565000
1"
#34563875000
0#
#34563905000
0"
#34568245000
1"
#34572555000
1#
#34572585000
0"
#34576895000
0#
#34581235000
1#
#34585605000
1"
#34589915000
0#
#34589945000
0"
#34594285000
1"
#34598625000
0"
#34602935000
1#
#34602965000
1"
#34607275000
0#
#34607305000
0"
#34611645000
1"
#34615955000
1#
#34615985000
0"
#34629005000
1"
#34633315000
0#
#34633345000
0"
#34641995000
1#
#34642025000
1"
#34646335000
0#
#34650675000
1#
#34650705000
0"
#34655045000
1"
#34659385000
0"
#34672405000
1"
#34676715000
0#
#34676745000
0"
#34681085000
1"
#34685425000
0"
#34694075000
1#
#34694105000
1"
#34702785000
0"
#34715805000
1"
#34720115000
0#
#34720145000
0"
#34728825000
1"
#34733135000
1#
#34737505000
0"
#34741815000
0#
#34741845000
1"
#34746155000
1#
#34754865000
0"
#34759205000
1"
#34763545000
0"
#34767885000
1"
#34780905000
0"
#34785245000
1"
#34798265000
0"
#34802605000
1"
#34806945000
0"
#34811285000
1"
#34824305000
0"
#34828645000
1"
#34841665000
0"
#34846005000
1"
#34850315000
0#
#34850345000
0"
#34859025000
1"
#34863365000
0"
#34867675000
1#
#34867705000
1"
#34872015000
0#
#34885065000
0"
#34889375000
1#
#34889405000
1"
#34893715000
0#
#34893745000
0"
#34898085000
1"
#34902425000
0"
#34906735000
1#
#34906765000
1"
#34911075000
0#
#34919755000
1#
#34924095000
0#
#34928465000
0"
#34932775000
1#
#34932805000
1"
#34937115000
0#
#34937145000
0"
#34941485000
1"
#34950135000
1#
#34954475000
0#
#34958815000
1#
#34967495000
0#
#34967525000
0"
#34971865000
1"
#34976175000
1#
#34980515000
0#
#34980545000
0"
#34989225000
1"
#34993565000
0"
#34997875000
1#
#34997905000
1"
#35006555000
0#
#35010925000
0"
#35015235000
1#
#35015265000
1"
#35023915000
0#
#35023945000
0"
#35028255000
1#
#35028285000
1"
#35032625000
0"
#35036965000
1"
#35041305000
0"
#35045645000
1"
#35058665000
0"
#35063005000
1"
#35067315000
0#
#35067345000
0"
#35075995000
1#
#35076025000
1"
#35080335000
0#
#35084675000
1#
#35084705000
0"
#35089045000
1"
#35093355000
0#
#35102065000
0"
#35106375000
1#
#35106405000
1"
#35110715000
0#
#35110745000
0"
#35115055000
1#
#35119425000
1"
#35132445000
0"
#35136785000
1"
#35145465000
0"
#35149805000
1"
#35154115000
0#
#35154145000
0"
#35162795000
1#
#35167135000
0#
#35171475000
1#
#35171505000
1"
#35175815000
0#
#35175845000
0"
#35180185000
1"
#35184495000
1#
#35188865000
0"
#35193205000
1"
#35197515000
0#
#35197545000
0"
#35206195000
1#
#35206225000
1"
#35210535000
0#
#35210565000
0"
#35219215000
1#
#35223585000
1"
#35227895000
0#
#35232265000
0"
#35236575000
1#
#35236605000
1"
#35240915000
0#
#35240945000
0"
#35245285000
1"
#35253965000
0"
#35258275000
1#
#35258305000
1"
#35266985000
0"
#35271295000
0#
#35271325000
1"
#35275665000
0"
#35279975000
1#
#35280005000
1"
#35284315000
0#
#35284345000
0"
#35288685000
1"
#35292995000
1#
#35293025000
0"
#35301705000
1"
#35306015000
0#
#35306045000
0"
#35310355000
1#
#35314695000
0#
#35314725000
1"
#35319065000
0"
#35323375000
1#
#35323405000
1"
#35327715000
0#
#35327745000
0"
#35332085000
1"
#35340735000
1#
#35345075000
0#
#35345105000
0"
#35349415000
1#
#35353755000
0#
#35353785000
1"
#35358095000
1#
#35358125000
0"
#35362435000
0#
#35366775000
1#
#35366805000
1"
#35371115000
0#
#35371145000
0"
#35375485000
1"
#35379795000
1#
#35379825000
0"
#35392815000
0#
#35397185000
1"
#35401495000
1#
#35401525000
0"
#35410205000
1"
#35414515000
0#
#35414545000
0"
#35423225000
1"
#35431875000
1#
#35431905000
0"
#35440555000
0#
#35440585000
1"
#35444895000
1#
#35444925000
0"
#35453605000
1"
#35457915000
0#
#35457945000
0"
#35462255000
1#
#35466625000
1"
#35470965000
0"
#35479645000
1"
#35488325000
0"
#35497005000
1"
#35501315000
0#
#35501345000
0"
#35505655000
1#
#35505685000
1"
#35510025000
0"
#35531725000
1"
#35536065000
0"
#35540405000
1"
#35544715000
0#
#35544745000
0"
#35553395000
1#
#35557735000
0#
#35566415000
1#
#35570755000
0#
#35575095000
1#
#35575125000
1"
#35579465000
0"
#35583805000
1"
#35588115000
0#
#35588145000
0"
#35592485000
1"
#35605475000
1#
#35605505000
0"
#35609815000
0#
#35614155000
1#
#35618495000
0#
#35618525000
1"
#35622865000
0"
#35627175000
1#
#35627205000
1"
#35631515000
0#
#35631545000
0"
#35640195000
1#
#35640225000
1"
#35644535000
0#
#35648875000
1#
#35648905000
0"
#35653245000
1"
#35657585000
0"
#35661895000
0#
#35661925000
1"
#35666265000
0"
#35670575000
1#
#35670605000
1"
#35674915000
0#
#35674945000
0"
#35679285000
1"
#35683595000
1#
#35683625000
0"
#35687935000
0#
#35687965000
1"
#35692305000
0"
#35696645000
1"
#35700955000
1#
#35700985000
0"
#35705325000
1"
#35709635000
0#
#35709665000
0"
#35713975000
1#
#35714005000
1"
#35718315000
0#
#35718345000
0"
#35731335000
1#
#35735675000
0#
#35748695000
1#
#35748725000
1"
#35753065000
0"
#35757405000
1"
#35761715000
0#
#35761745000
0"
#35766085000
1"
#35770395000
1#
#35770425000
0"
#35774735000
0#
#35779075000
1#
#35779105000
1"
#35783415000
0#
#35783445000
0"
#35792095000
1#
#35796465000
1"
#35805115000
0#
#35805145000
0"
#35809485000
1"
#35813825000
0"
#35818135000
1#
#35818165000
1"
#35822505000
0"
#35826815000
0#
#35826845000
1"
#35831155000
1#
#35835525000
0"
#35839865000
1"
#35848515000
0#
#35848545000
0"
#35852855000
1#
#35852885000
1"
#35857225000
0"
#35874585000
1"
#35878925000
0"
#35883265000
1"
#35891915000
0#
#35891945000
0"
#35896255000
1#
#35896285000
1"
#35900625000
0"
#35904965000
1"
#35917985000
0"
#35926665000
1"
#35935315000
0#
#35935345000
0"
#35939655000
1#
#35944025000
1"
#35970065000
0"
#35974405000
1"
#35978715000
0#
#35978745000
0"
#35983055000
1#
#35991765000
1"
#35996105000
0"
#36000445000
1"
#36013465000
0"
#36017805000
1"
#36022115000
0#
#36022145000
0"
#36026455000
1#
#36026485000
1"
#36048185000
0"
#36052525000
1"
#36056865000
0"
#36061205000
1"
#36065515000
0#
#36065545000
0"
#36074225000
1"
#36078535000
1#
#36087245000
0"
#36095925000
1"
#36100265000
0"
#36104605000
1"
#36108915000
0#
#36108945000
0"
#36117625000
1"
#36126275000
1#
#36126305000
0"
#36130615000
0#
#36130645000
1"
#36139295000
1#
#36143665000
0"
#36148005000
1"
#36152345000
0"
#36161025000
1"
#36169705000
0"
#36174045000
1"
#36187065000
0"
#36191405000
1"
#36195745000
0"
#36204425000
1"
#36213105000
0"
#36217445000
1"
#36230465000
0"
#36234805000
1"
#36239115000
0#
#36239145000
0"
#36247795000
1#
#36247825000
1"
#36252165000
0"
#36256475000
0#
#36260845000
1"
#36273865000
0"
#36278175000
1#
#36278205000
1"
#36282515000
0#
#36282545000
0"
#36286885000
1"
#36295565000
0"
#36299875000
1#
#36299905000
1"
#36308555000
0#
#36308585000
0"
#36317265000
1"
#36321575000
1#
#36325915000
0#
#36325945000
0"
#36334625000
1"
#36338935000
1#
#36347645000
0"
#36356295000
0#
#36356325000
1"
#36364975000
1#
#36369315000
0#
#36369345000
0"
#36373655000
1#
#36382365000
1"
#36391045000
0"
#36404065000
1"
#36412715000
0#
#36412745000
0"
#36417055000
1#
#36421425000
1"
#36430105000
0"
#36434445000
1"
#36447465000
0"
#36451805000
1"
#36456115000
0#
#36456145000
0"
#36460455000
1#
#36460485000
1"
#36473505000
0"
#36477845000
1"
#36490865000
0"
#36495205000
1"
#36499515000
0#
#36499545000
0"
#36503855000
1#
#36503885000
1"
#36521245000
0"
#36525585000
1"
#36534265000
0"
#36538605000
1"
#36542915000
0#
#36542945000
0"
#36547285000
1"
#36555965000
0"
#36560275000
1#
#36560305000
1"
#36564645000
0"
#36568985000
1"
#36573295000
0#
#36577665000
0"
#36581975000
1#
#36582005000
1"
#36586315000
0#
#36586345000
0"
#36595025000
1"
#36599365000
0"
#36612385000
1"
#36616695000
1#
#36621035000
0#
#36621065000
0"
#36625375000
1#
#36625405000
1"
#36629715000
0#
#36629745000
0"
#36634085000
1"
#36638395000
1#
#36655785000
0"
#36660095000
0#
#36660125000
1"
#36664465000
0"
#36668775000
1#
#36668805000
1"
#36673115000
0#
#36673145000
0"
#36681795000
1#
#36686135000
0#
#36690475000
1#
#36703495000
0#
#36703525000
1"
#36707865000
0"
#36712175000
1#
#36712205000
1"
#36716515000
0#
#36716545000
0"
#36725195000
1#
#36738215000
0#
#36742555000
1#
#36742585000
1"
#36746925000
0"
#36751235000
0#
#36755575000
1#
#36755605000
1"
#36759915000
0#
#36759945000
0"
#36764255000
1#
#36768625000
1"
#36772965000
0"
#36777305000
1"
#36781645000
0"
#36785985000
1"
#36790325000
0"
#36799005000
1"
#36803315000
0#
#36803345000
0"
#36812025000
1"
#36816335000
1#
#36816365000
0"
#36829385000
1"
#36833695000
0#
#36833725000
0"
#36838035000
1#
#36842405000
1"
#36846715000
0#
#36846745000
0"
#36851085000
1"
#36864075000
1#
#36868415000
0#
#36872755000
1#
#36872785000
0"
#36881435000
0#
#36885775000
1#
#36885805000
1"
#36890115000
0#
#36890145000
0"
#36903135000
1#
#36907475000
0#
#36911815000
1#
#36916185000
1"
#36920495000
0#
#36920525000
0"
#36924835000
1#
#36929205000
1"
#36933515000
0#
#36933545000
0"
#36942195000
1#
#36942225000
1"
#36950905000
0"
#36955215000
0#
#36959555000
1#
#36959585000
1"
#36963895000
0#
#36963925000
0"
#36968235000
1#
#36972605000
1"
#36976915000
0#
#36976945000
0"
#36981285000
1"
#36989935000
1#
#36989965000
0"
#36994275000
0#
#36998645000
1"
#37002955000
1#
#37007325000
0"
#37011635000
0#
#37015975000
1#
#37016005000
1"
#37020315000
0#
#37020345000
0"
#37024685000
1"
#37029025000
0"
#37033335000
1#
#37033365000
1"
#37037675000
0#
#37037705000
0"
#37046355000
1#
#37050725000
1"
#37055035000
0#
#37055065000
0"
#37059375000
1#
#37059405000
1"
#37063715000
0#
#37063745000
0"
#37068085000
1"
#37072395000
1#
#37076735000
0#
#37076765000
0"
#37085415000
1#
#37085445000
1"
#37089755000
0#
#37089785000
0"
#37094095000
1#
#37094125000
1"
#37098435000
0#
#37098465000
0"
#37102775000
1#
#37102805000
1"
#37107115000
0#
#37107145000
0"
#37115825000
1"
#37120135000
1#
#37120165000
0"
#37124475000
0#
#37128815000
1#
#37128845000
1"
#37133185000
0"
#37137525000
1"
#37141835000
0#
#37141865000
0"
#37146175000
1#
#37146205000
1"
#37150515000
0#
#37150545000
0"
#37154885000
1"
#37163535000
1#
#37163565000
0"
#37167875000
0#
#37167905000
1"
#37176585000
0"
#37180895000
1#
#37185265000
1"
#37193915000
0#
#37193945000
0"
#37198255000
1#
#37198285000
1"
#37202625000
0"
#37215645000
1"
#37224325000
0"
#37228665000
1"
#37237315000
0#
#37237345000
0"
#37241655000
1#
#37267725000
1"
#37280715000
0#
#37280745000
0"
#37285055000
1#
#37285085000
1"
#37302445000
0"
#37306785000
1"
#37324115000
0#
#37324145000
0"
#37328455000
1#
#37332825000
1"
#37345845000
0"
#37354525000
1"
#37367515000
0#
#37367545000
0"
#37371855000
1#
#37371885000
1"
#37376225000
0"
#37380565000
1"
#37393585000
0"
#37397925000
1"
#37410915000
0#
#37410945000
0"
#37415255000
1#
#37415285000
1"
#37423965000
0"
#37428305000
1"
#37432645000
0"
#37441325000
1"
#37454315000
0#
#37454345000
0"
#37458655000
1#
#37458685000
1"
#37467365000
0"
#37480385000
1"
#37497715000
0#
#37497745000
0"
#37502055000
1#
#37510765000
1"
#37515105000
0"
#37519445000
1"
#37532465000
0"
#37536805000
1"
#37541145000
0"
#37545485000
1"
#37549825000
0"
#37554165000
1"
#37558505000
0"
#37562845000
1"
#37575865000
0"
#37580205000
1"
#37584545000
0"
#37593225000
1"
#37597565000
0"
#37606245000
1"
#37619265000
0"
#37623605000
1"
#37627915000
0#
#37627945000
0"
#37640935000
1#
#37640965000
1"
#37649615000
0#
#37662665000
0"
#37666975000
1#
#37667005000
1"
#37671315000
0#
#37671345000
0"
#37680025000
1"
#37684335000
1#
#37693015000
0#
#37701725000
0"
#37706065000
1"
#37710375000
1#
#37714715000
0#
#37714745000
0"
#37723425000
1"
#37727735000
1#
#37736445000
0"
#37740755000
0#
#37740785000
1"
#37745095000
1#
#37745125000
0"
#37749465000
1"
#37758115000
0#
#37758145000
0"
#37762455000
1#
#37762485000
1"
#37766825000
0"
#37771165000
1"
#37775505000
0"
#37779845000
1"
#37792865000
0"
#37797205000
1"
#37801515000
0#
#37801545000
0"
#37805885000
1"
#37814565000
0"
#37818905000
1"
#37823215000
1#
#37827555000
0#
#37831895000
1#
#37836235000
0#
#37836265000
0"
#37840575000
1#
#37840605000
1"
#37844915000
0#
#37844945000
0"
#37849255000
1#
#37862305000
1"
#37879665000
0"
#37884005000
1"
#37888315000
0#
#37888345000
0"
#37896995000
1#
#37897025000
1"
#37901335000
0#
#37901365000
0"
#37910045000
1"
#37914355000
1#
#37918695000
0#
#37923035000
1#
#37923065000
0"
#37927405000
1"
#37931715000
0#
#37931745000
0"
#37936085000
1"
#37944735000
1#
#37944765000
0"
#37949105000
1"
#37953415000
0#
#37953445000
0"
#37957755000
1#
#37957785000
1"
#37962095000
0#
#37966465000
0"
#37970775000
1#
#37970805000
1"
#37975115000
0#
#37975145000
0"
#37983825000
1"
#37992505000
0"
#38001185000
1"
#38005495000
1#
#38009835000
0#
#38009865000
0"
#38014175000
1#
#38014205000
1"
#38018515000
0#
#38018545000
0"
#38027225000
1"
#38031565000
0"
#38044585000
1"
#38048895000
1#
#38053235000
0#
#38053265000
0"
#38057575000
1#
#38057605000
1"
#38061915000
0#
#38061945000
0"
#38070625000
1"
#38074965000
0"
#38079305000
1"
#38083645000
0"
#38092295000
1#
#38092325000
1"
#38096635000
0#
#38096665000
0"
#38100975000
1#
#38101005000
1"
#38105315000
0#
#38105345000
0"
#38109685000
1"
#38114025000
0"
#38118335000
1#
#38118365000
1"
#38122705000
0"
#38127015000
0#
#38131385000
1"
#38135725000
0"
#38140035000
1#
#38144405000
1"
#38148715000
0#
#38148745000
0"
#38153085000
1"
#38157395000
1#
#38157425000
0"
#38161765000
1"
#38166075000
0#
#38166105000
0"
#38170415000
1#
#38174785000
1"
#38179125000
0"
#38187805000
1"
#38192115000
0#
#38192145000
0"
#38200795000
1#
#38205135000
0#
#38205165000
1"
#38209475000
1#
#38209505000
0"
#38218185000
1"
#38222525000
0"
#38226835000
0#
#38231175000
1#
#38231205000
1"
#38235515000
0#
#38235545000
0"
#38244195000
1#
#38244225000
1"
#38252875000
0#
#38252905000
0"
#38261585000
1"
#38265925000
0"
#38274575000
1#
#38274605000
1"
#38278915000
0#
#38278945000
0"
#38283285000
1"
#38291965000
0"
#38300615000
1#
#38304955000
0#
#38304985000
1"
#38309325000
0"
#38317975000
1#
#38318005000
1"
#38322315000
0#
#38322345000
0"
#38326685000
1"
#38330995000
1#
#38344015000
0#
#38348385000
0"
#38352695000
1#
#38357035000
0#
#38361375000
1#
#38361405000
1"
#38365715000
0#
#38365745000
0"
#38370085000
1"
#38374395000
1#
#38391785000
0"
#38400435000
0#
#38404775000
1#
#38404805000
1"
#38409115000
0#
#38409145000
0"
#38413485000
1"
#38417825000
0"
#38422165000
1"
#38430815000
1#
#38435185000
0"
#38439495000
0#
#38443835000
1#
#38448205000
1"
#38452515000
0#
#38452545000
0"
#38456885000
1"
#38461225000
0"
#38465535000
1#
#38465565000
1"
#38478585000
0"
#38491605000
1"
#38495915000
0#
#38495945000
0"
#38500255000
1#
#38521985000
1"
#38526325000
0"
#38535005000
1"
#38539315000
0#
#38539345000
0"
#38548025000
1"
#38556705000
0"
#38561015000
1#
#38565355000
0#
#38565385000
1"
#38569695000
1#
#38569725000
0"
#38578405000
1"
#38582715000
0#
#38582745000
0"
#38587055000
1#
#38587085000
1"
#38600105000
0"
#38604445000
1"
#38613125000
0"
#38621805000
1"
#38626115000
0#
#38626145000
0"
#38630455000
1#
#38656525000
1"
#38660865000
0"
#38665205000
1"
#38669515000
0#
#38669545000
0"
#38673855000
1#
#38673885000
1"
#38691245000
0"
#38699925000
1"
#38704265000
0"
#38708605000
1"
#38712915000
0#
#38712945000
0"
#38717255000
1#
#38725965000
1"
#38730305000
0"
#38738985000
1"
#38747665000
0"
#38752005000
1"
#38756315000
0#
#38756345000
0"
#38760655000
1#
#38760685000
1"
#38765025000
0"
#38778045000
1"
#38791065000
0"
#38795405000
1"
#38799715000
0#
#38799745000
0"
#38804085000
1"
#38812765000
0"
#38821415000
1#
#38830095000
0#
#38834435000
1#
#38834465000
1"
#38843115000
0#
#38843145000
0"
#38847485000
1"
#38851795000
1#
#38851825000
0"
#38856135000
0#
#38860475000
1#
#38864815000
0#
#38864845000
1"
#38869185000
0"
#38877865000
1"
#38882175000
1#
#38886515000
0#
#38886545000
0"
#38895195000
1#
#38899565000
1"
#38903905000
0"
#38908215000
0#
#38908245000
1"
#38921235000
1#
#38921265000
0"
#38925605000
1"
#38929945000
0"
#38934285000
1"
#38938625000
0"
#38942965000
1"
#38947305000
0"
#38951645000
1"
#38964665000
0"
#38969005000
1"
#38973345000
0"
#38977685000
1"
#38982025000
0"
#38995045000
1"
#39008065000
0"
#39012405000
1"
#39016715000
0#
#39016745000
0"
#39021085000
1"
#39029765000
0"
#39034105000
1"
#39038415000
1#
#39042755000
0#
#39042785000
0"
#39051465000
1"
#39055775000
1#
#39060115000
0#
#39060145000
0"
#39064485000
1"
#39068795000
1#
#39081815000
0#
#39081845000
0"
#39090495000
1#
#39090525000
1"
#39094835000
0#
#39099175000
1#
#39103515000
0#
#39103545000
0"
#39107855000
1#
#39112225000
1"
#39116565000
0"
#39125245000
1"
#39129585000
0"
#39138265000
1"
#39146915000
0#
#39146945000
0"
#39151255000
1#
#39159965000
1"
#39164305000
0"
#39168645000
1"
#39181665000
0"
#39186005000
1"
#39190315000
0#
#39190345000
0"
#39194655000
1#
#39199025000
1"
#39203365000
0"
#39207705000
1"
#39225065000
0"
#39229405000
1"
#39233715000
0#
#39233745000
0"
#39238055000
1#
#39242425000
1"
#39251105000
0"
#39255445000
1"
#39268465000
0"
#39272805000
1"
#39277115000
0#
#39277145000
0"
#39281485000
1"
#39285795000
1#
#39290165000
0"
#39298845000
1"
#39303155000
0#
#39311865000
0"
#39316175000
1#
#39316205000
1"
#39320515000
0#
#39320545000
0"
#39324885000
1"
#39329195000
1#
#39333565000
0"
#39337875000
0#
#39337905000
1"
#39342245000
0"
#39346555000
1#
#39346585000
1"
#39350895000
0#
#39355265000
0"
#39359575000
1#
#39359605000
1"
#39363915000
0#
#39363945000
0"
#39368285000
1"
#39381275000
1#
#39381305000
0"
#39389985000
1"
#39394295000
0#
#39398665000
0"
#39402975000
1#
#39403005000
1"
#39407315000
0#
#39407345000
0"
#39415995000
1#
#39420335000
0#
#39420365000
1"
#39424675000
1#
#39424705000
0"
#39433385000
1"
#39437695000
0#
#39442065000
0"
#39446375000
1#
#39446405000
1"
#39450715000
0#
#39450745000
0"
#39459425000
1"
#39463735000
1#
#39468075000
0#
#39472415000
1#
#39476785000
0"
#39481095000
0#
#39481125000
1"
#39485465000
0"
#39489775000
1#
#39489805000
1"
#39494115000
0#
#39494145000
0"
#39498485000
1"
#39502825000
0"
#39507165000
1"
#39515815000
1#
#39515845000
0"
#39520155000
0#
#39524525000
1"
#39528835000
1#
#39528865000
0"
#39533205000
1"
#39537515000
0#
#39537545000
0"
#39541855000
1#
#39541885000
1"
#39546225000
0"
#39567925000
1"
#39572265000
0"
#39576605000
1"
#39580915000
0#
#39580945000
0"
#39585255000
1#
#39585285000
1"
#39593965000
0"
#39598305000
1"
#39611325000
0"
#39620005000
1"
#39624315000
0#
#39624345000
0"
#39628685000
1"
#39632995000
1#
#39641675000
0#
#39641705000
0"
#39646045000
1"
#39654725000
0"
#39659035000
1#
#39663405000
1"
#39667715000
0#
#39667745000
0"
#39676425000
1"
#39680735000
1#
#39680765000
0"
#39685075000
0#
#39689415000
1#
#39689445000
1"
#39698125000
0"
#39702435000
0#
#39706775000
1#
#39706805000
1"
#39711115000
0#
#39711145000
0"
#39719825000
1"
#39728475000
1#
#39732815000
0#
#39732845000
0"
#39737155000
1#
#39737185000
1"
#39741525000
0"
#39745835000
0#
#39750175000
1#
#39750205000
1"
#39754515000
0#
#39754545000
0"
#39758885000
1"
#39767535000
1#
#39767565000
0"
#39771875000
0#
#39771905000
1"
#39776215000
1#
#39776245000
0"
#39780555000
0#
#39780585000
1"
#39784895000
1#
#39784925000
0"
#39789235000
0#
#39793575000
1#
#39793605000
1"
#39797915000
0#
#39797945000
0"
#39802285000
1"
#39806595000
1#
#39810965000
0"
#39815305000
1"
#39819645000
0"
#39823955000
0#
#39823985000
1"
#39828325000
0"
#39836975000
1#
#39837005000
1"
#39841315000
0#
#39841345000
0"
#39845685000
1"
#39849995000
1#
#39850025000
0"
#39854335000
0#
#39854365000
1"
#39858675000
1#
#39858705000
0"
#39867385000
1"
#39871695000
0#
#39871725000
0"
#39880375000
1#
#39880405000
1"
#39884715000
0#
#39884745000
0"
#39893425000
1"
#39897765000
0"
#39910785000
1"
#39915125000
0"
#39919435000
1#
#39923805000
1"
#39928115000
0#
#39928145000
0"
#39932485000
1"
#39949815000
1#
#39954185000
0"
#39958495000
0#
#39962835000
1#
#39967205000
1"
#39971515000
0#
#39971545000
0"
#39975855000
1#
#39975885000
1"
#39984565000
0"
#39988905000
1"
#39997585000
0"
#40010605000
1"
#40014915000
0#
#40014945000
0"
#40019255000
1#
#40032305000
1"
#40040985000
0"
#40054005000
1"
#40058315000
0#
#40058345000
0"
#40062655000
1#
#40067025000
1"
#40075705000
0"
#40080045000
1"
#40084385000
0"
#40097405000
1"
#40101715000
0#
#40101745000
0"
#40106055000
1#
#40106085000
1"
#40114765000
0"
#40123445000
1"
#40127785000
0"
#40140805000
1"
#40145115000
0#
#40145145000
0"
#40149455000
1#
#40158165000
1"
#40162505000
0"
#40166845000
1"
#40171185000
0"
#40184205000
1"
#40188515000
0#
#40188545000
0"
#40192855000
1#
#40197225000
1"
#40205905000
0"
#40210245000
1"
#40214585000
0"
#40227605000
1"
#40231915000
0#
#40231945000
0"
#40236255000
1#
#40236285000
1"
#40240625000
0"
#40249305000
1"
#40257985000
0"
#40271005000
1"
#40275315000
0#
#40275345000
0"
#40279655000
1#
#40288365000
1"
#40292705000
0"
#40297045000
1"
#40310065000
0"
#40314405000
1"
#40318745000
0"
#40323085000
1"
#40340445000
0"
#40344785000
1"
#40353465000
0"
#40357805000
1"
#40362145000
0"
#40370825000
1"
#40379505000
0"
#40396865000
1"
#40405515000
0#
#40405545000
0"
#40414195000
1#
#40418535000
0#
#40418565000
1"
#40427215000
1#
#40431555000
0#
#40435925000
0"
#40440265000
1"
#40444575000
1#
#40448915000
0#
#40448945000
0"
#40453255000
1#
#40453285000
1"
#40470645000
0"
#40474985000
1"
#40479325000
0"
#40483665000
1"
#40492315000
0#
#40492345000
0"
#40496655000
1#
#40496685000
1"
#40509705000
0"
#40514045000
1"
#40527065000
0"
#40531405000
1"
#40535715000
0#
#40535745000
0"
#40540085000
1"
#40544395000
1#
#40544425000
0"
#40548735000
0#
#40553075000
1#
#40553105000
1"
#40566095000
0#
#40570465000
0"
#40574775000
1#
#40574805000
1"
#40579115000
0#
#40579145000
0"
#40583455000
1#
#40587825000
1"
#40596505000
0"
#40600845000
1"
#40613865000
0"
#40618205000
1"
#40622515000
0#
#40622545000
0"
#40635565000
1"
#40639875000
1#
#40639905000
0"
#40644245000
1"
#40648555000
0#
#40657235000
1#
#40657265000
0"
#40661605000
1"
#40665915000
0#
#40665945000
0"
#40678935000
1#
#40678965000
1"
#40683305000
0"
#40687615000
0#
#40687645000
1"
#40700665000
0"
#40704975000
1#
#40705005000
1"
#40709315000
0#
#40709345000
0"
#40713685000
1"
#40722335000
1#
#40726675000
0#
#40731045000
0"
#40735355000
1#
#40735385000
1"
#40739695000
0#
#40744065000
0"
#40748375000
1#
#40748405000
1"
#40752715000
0#
#40752745000
0"
#40757085000
1"
#40765735000
1#
#40770105000
0"
#40774415000
0#
#40778755000
1#
#40778785000
1"
#40783095000
0#
#40787465000
0"
#40791775000
1#
#40791805000
1"
#40796115000
0#
#40796145000
0"
#40800485000
1"
#40809135000
1#
#40809165000
0"
#40822185000
1"
#40826495000
0#
#40830865000
0"
#40835175000
1#
#40835205000
1"
#40839515000
0#
#40839545000
0"
#40848195000
1#
#40852535000
0#
#40856875000
1#
#40861215000
0#
#40865555000
1#
#40865585000
1"
#40869895000
0#
#40874265000
0"
#40878575000
1#
#40878605000
1"
#40882915000
0#
#40882945000
0"
#40891595000
1#
#40891625000
1"
#40895965000
0"
#40900305000
1"
#40904615000
0#
#40908985000
0"
#40913295000
1#
#40913325000
1"
#40917635000
0#
#40917665000
0"
#40921975000
1#
#40922005000
1"
#40926315000
0#
#40926345000
0"
#40930685000
1"
#40934995000
1#
#40939365000
0"
#40943675000
0#
#40948015000
1#
#40948045000
1"
#40952355000
0#
#40952385000
0"
#40956695000
1#
#40956725000
1"
#40961065000
0"
#40965405000
1"
#40969715000
0#
#40969745000
0"
#40974055000
1#
#40974085000
1"
#40978425000
0"
#40982765000
1"
#40991445000
0"
#41000125000
1"
#41004465000
0"
#41008805000
1"
#41013115000
0#
#41013145000
0"
#41026135000
1#
#41030505000
1"
#41034815000
0#
#41034845000
0"
#41039155000
1#
#41043525000
1"
#41047865000
0"
#41052205000
1"
#41056515000
0#
#41056545000
0"
#41060885000
1"
#41069565000
0"
#41086895000
1#
#41086925000
1"
#41091265000
0"
#41095605000
1"
#41099915000
0#
#41099945000
0"
#41108595000
1#
#41108625000
1"
#41112935000
0#
#41117275000
1#
#41121615000
0#
#41125955000
1#
#41130295000
0#
#41130325000
0"
#41134635000
1#
#41139005000
1"
#41143315000
0#
#41143345000
0"
#41147685000
1"
#41156335000
1#
#41156365000
0"
#41160675000
0#
#41160705000
1"
#41169355000
1#
#41173695000
0#
#41173725000
0"
#41178035000
1#
#41182405000
1"
#41186715000
0#
#41186745000
0"
#41191085000
1"
#41195425000
0"
#41199735000
1#
#41204075000
0#
#41204105000
1"
#41208415000
1#
#41212755000
0#
#41217125000
0"
#41221435000
1#
#41225805000
1"
#41230115000
0#
#41230145000
0"
#41238825000
1"
#41247505000
0"
#41251845000
1"
#41260525000
0"
#41264835000
1#
#41269205000
1"
#41273515000
0#
#41273545000
0"
#41277885000
1"
#41282225000
0"
#41295245000
1"
#41303925000
0"
#41308235000
1#
#41312605000
1"
#41316915000
0#
#41316945000
0"
#41325595000
1#
#41325625000
1"
#41334275000
0#
#41338615000
1#
#41338645000
0"
#41342985000
1"
#41347325000
0"
#41351635000
0#
#41355975000
1#
#41356005000
1"
#41360315000
0#
#41360345000
0"
#41368995000
1#
#41373365000
1"
#41382015000
0#
#41382045000
0"
#41386385000
1"
#41390695000
1#
#41390725000
0"
#41395035000
0#
#41399375000
1#
#41399405000
1"
#41403715000
0#
#41403745000
0"
#41412395000
1#
#41412425000
1"
#41416735000
0#
#41416765000
0"
#41421075000
1#
#41421105000
1"
#41425445000
0"
#41429755000
0#
#41429785000
1"
#41434125000
0"
#41442775000
1#
#41442805000
1"
#41447115000
0#
#41447145000
0"
#41451485000
1"
#41455825000
0"
#41460135000
1#
#41464505000
1"
#41468815000
0#
#41468845000
0"
#41473155000
1#
#41473185000
1"
#41477495000
0#
#41477525000
0"
#41486175000
1#
#41486205000
1"
#41490515000
0#
#41490545000
0"
#41494885000
1"
#41507875000
1#
#41507905000
0"
#41512215000
0#
#41516555000
1#
#41516585000
1"
#41520925000
0"
#41525235000
0#
#41529575000
1#
#41529605000
1"
#41533915000
0#
#41533945000
0"
#41538285000
1"
#41542595000
1#
#41542625000
0"
#41546965000
1"
#41551275000
0#
#41551305000
0"
#41555615000
1#
#41559985000
1"
#41564295000
0#
#41564325000
0"
#41568635000
1#
#41573005000
1"
#41577315000
0#
#41577345000
0"
#41581655000
1#
#41581685000
1"
#41590365000
0"
#41603385000
1"
#41607725000
0"
#41616405000
1"
#41620715000
0#
#41620745000
0"
#41625055000
1#
#41625085000
1"
#41629425000
0"
#41646785000
1"
#41651125000
0"
#41659805000
1"
#41664115000
0#
#41664145000
0"
#41668455000
1#
#41672825000
1"
#41677165000
0"
#41685845000
1"
#41698865000
0"
#41703205000
1"
#41707545000
0"
#41711885000
1"
#41720565000
0"
#41729245000
1"
#41742265000
0"
#41746605000
1"
#41750945000
0"
#41755285000
1"
#41759625000
0"
#41768305000
1"
#41772645000
0"
#41776985000
1"
#41781325000
0"
#41785665000
1"
#41794315000
0#
#41794345000
0"
#41798685000
1"
#41802995000
1#
#41803025000
0"
#41807335000
0#
#41811675000
1#
#41816015000
0#
#41824725000
1"
#41829035000
1#
#41837715000
0#
#41837745000
0"
#41842055000
1#
#41846425000
1"
#41859445000
0"
#41872465000
1"
#41881115000
0#
#41881145000
0"
#41898475000
1#
#41902845000
1"
#41907155000
0#
#41911495000
1#
#41915865000
0"
#41920205000
1"
#41924515000
0#
#41924545000
0"
#41928855000
1#
#41941905000
1"
#41959265000
0"
#41963605000
1"
#41967915000
0#
#41967945000
0"
#41972255000
1#
#41972285000
1"
#41985305000
0"
#41989645000
1"
#42002665000
0"
#42007005000
1"
#42011315000
0#
#42011345000
0"
#42015685000
1"
#42024365000
0"
#42033015000
1#
#42033045000
1"
#42041695000
0#
#42046065000
0"
#42050375000
1#
#42050405000
1"
#42054715000
0#
#42054745000
0"
#42063395000
1#
#42063425000
1"
#42067735000
0#
#42067765000
0"
#42076415000
1#
#42076445000
1"
#42080755000
0#
#42089465000
0"
#42093775000
1#
#42093805000
1"
#42098115000
0#
#42098145000
0"
#42106795000
1#
#42111135000
0#
#42115475000
1#
#42119845000
1"
#42124155000
0#
#42132865000
0"
#42137175000
1#
#42137205000
1"
#42141515000
0#
#42141545000
0"
#42145885000
1"
#42154565000
0"
#42158875000
1#
#42158905000
1"
#42163245000
0"
#42167555000
0#
#42167585000
1"
#42176265000
0"
#42180575000
1#
#42180605000
1"
#42184915000
0#
#42184945000
0"
#42189285000
1"
#42193595000
1#
#42197935000
0#
#42202275000
1#
#42202305000
0"
#42210985000
1"
#42215295000
0#
#42219665000
0"
#42223975000
1#
#42224005000
1"
#42228315000
0#
#42228345000
0"
#42232685000
1"
#42241365000
0"
#42245675000
1#
#42254385000
1"
#42258695000
0#
#42263065000
0"
#42267375000
1#
#42267405000
1"
#42271715000
0#
#42271745000
0"
#42280395000
1#
#42280425000
1"
#42293415000
0#
#42297755000
1#
#42297785000
0"
#42302095000
0#
#42302125000
1"
#42306465000
0"
#42310775000
1#
#42310805000
1"
#42315115000
0#
#42315145000
0"
#42319485000
1"
#42323825000
0"
#42332505000
1"
#42336815000
1#
#42341155000
0#
#42341185000
0"
#42345495000
1#
#42345525000
1"
#42349835000
0#
#42349865000
0"
#42354175000
1#
#42354205000
1"
#42358515000
0#
#42358545000
0"
#42367225000
1"
#42375905000
0"
#42380245000
1"
#42384585000
0"
#42388925000
1"
#42393235000
1#
#42393265000
0"
#42397605000
1"
#42401915000
0#
#42401945000
0"
#42410625000
1"
#42414965000
0"
#42423615000
1#
#42423645000
1"
#42427955000
0#
#42427985000
0"
#42432325000
1"
#42436635000
1#
#42436665000
0"
#42441005000
1"
#42445315000
0#
#42445345000
0"
#42449685000
1"
#42467015000
1#
#42467045000
0"
#42471355000
0#
#42475725000
1"
#42480035000
1#
#42480065000
0"
#42484405000
1"
#42488715000
0#
#42488745000
0"
#42497395000
1#
#42497425000
1"
#42501735000
0#
#42501765000
0"
#42506105000
1"
#42510415000
1#
#42510445000
0"
#42514755000
0#
#42519125000
1"
#42523435000
1#
#42523465000
0"
#42527805000
1"
#42532115000
0#
#42532145000
0"
#42540795000
1#
#42540825000
1"
#42549475000
0#
#42549505000
0"
#42553815000
1#
#42558155000
0#
#42562525000
1"
#42566835000
1#
#42566865000
0"
#42571205000
1"
#42575515000
0#
#42575545000
0"
#42588565000
1"
#42592905000
0"
#42597215000
1#
#42601555000
0#
#42605925000
1"
#42610235000
1#
#42610265000
0"
#42614605000
1"
#42618915000
0#
#42618945000
0"
#42623285000
1"
#42627595000
1#
#42631965000
0"
#42649325000
1"
#42653635000
0#
#42653665000
0"
#42657975000
1#
#42658005000
1"
#42662315000
0#
#42662345000
0"
#42670995000
1#
#42671025000
1"
#42692725000
0"
#42697035000
0#
#42701375000
1#
#42701405000
1"
#42705715000
0#
#42705745000
0"
#42714425000
1"
#42718765000
0"
#42723105000
1"
#42727415000
1#
#42731755000
0#
#42736125000
0"
#42740435000
1#
#42744805000
1"
#42749115000
0#
#42749145000
0"
#42753485000
1"
#42757825000
0"
#42766505000
1"
#42770815000
1#
#42775155000
0#
#42779525000
0"
#42783835000
1#
#42788205000
1"
#42792515000
0#
#42792545000
0"
#42796885000
1"
#42801195000
1#
#42809875000
0#
#42809905000
0"
#42814245000
1"
#42822925000
0"
#42827235000
1#
#42831605000
1"
#42835915000
0#
#42835945000
0"
#42848965000
1"
#42853275000
1#
#42853305000
0"
#42857615000
0#
#42857645000
1"
#42866325000
0"
#42870635000
1#
#42875005000
1"
#42879315000
0#
#42879345000
0"
#42883685000
1"
#42887995000
1#
#42892335000
0#
#42892365000
0"
#42896675000
1#
#42901015000
0#
#42901045000
1"
#42909725000
0"
#42914035000
1#
#42918405000
1"
#42922715000
0#
#42922745000
0"
#42927085000
1"
#42931395000
1#
#42931425000
0"
#42935735000
0#
#42940075000
1#
#42944415000
0#
#42944445000
1"
#42953125000
0"
#42957435000
1#
#42961805000
1"
#42966115000
0#
#42966145000
0"
#42970485000
1"
#42983475000
1#
#42987815000
0#
#42987845000
0"
#42992185000
1"
#42996525000
0"
#43000835000
1#
#43005205000
1"
#43009515000
0#
#43009545000
0"
#43018225000
1"
#43022535000
1#
#43031245000
0"
#43035585000
1"
#43039925000
0"
#43044235000
0#
#43048575000
1#
#43048605000
1"
#43052915000
0#
#43052945000
0"
#43061595000
1#
#43065935000
0#
#43070275000
1#
#43074615000
0#
#43074645000
1"
#43078955000
1#
#43087635000
0#
#43087665000
0"
#43091975000
1#
#43092005000
1"
#43096345000
0"
#43105025000
1"
#43131065000
0"
#43135405000
1"
#43139745000
0"
#43144085000
1"
#43161445000
0"
#43165785000
1"
#43170125000
0"
#43174465000
1"
#43183115000
0#
#43183145000
0"
#43187455000
1#
#43187485000
1"
#43196165000
0"
#43204845000
1"
#43213525000
0"
#43217865000
1"
#43226515000
0#
#43226545000
0"
#43230855000
1#
#43239565000
1"
#43243905000
0"
#43248245000
1"
#43261265000
0"
#43265605000
1"
#43269915000
0#
#43269945000
0"
#43282935000
1#
#43287305000
1"
#43291615000
0#
#43295955000
1#
#43304635000
0#
#43304665000
0"
#43308975000
1#
#43309005000
1"
#43313315000
0#
#43313345000
0"
#43317655000
1#
#43330705000
1"
#43348065000
0"
#43352405000
1"
#43356715000
0#
#43356745000
0"
#43365425000
1"
#43374075000
1#
#43374105000
0"
#43378445000
1"
#43382755000
0#
#43391435000
1#
#43391465000
0"
#43395805000
1"
#43400115000
0#
#43400145000
0"
#43413135000
1#
#43413165000
1"
#43417505000
0"
#43421815000
0#
#43421845000
1"
#43434865000
0"
#43439175000
1#
#43439205000
1"
#43443515000
0#
#43443545000
0"
#43452225000
1"
#43456535000
1#
#43456565000
0"
#43460875000
0#
#43465215000
1#
#43465245000
1"
#43469555000
0#
#43478265000
0"
#43482575000
1#
#43482605000
1"
#43486915000
0#
#43486945000
0"
#43491285000
1"
#43495595000
1#
#43495625000
0"
#43499935000
0#
#43508615000
1#
#43508645000
1"
#43512955000
0#
#43521665000
0"
#43525975000
1#
#43526005000
1"
#43530315000
0#
#43530345000
0"
#43539025000
1"
#43552015000
1#
#43552045000
0"
#43556355000
0#
#43556385000
1"
#43565065000
0"
#43569375000
1#
#43569405000
1"
#43573715000
0#
#43573745000
0"
#43591075000
1#
#43591105000
1"
#43595415000
0#
#43595445000
0"
#43599755000
1#
#43599785000
1"
#43604095000
0#
#43608465000
0"
#43612775000
1#
#43612805000
1"
#43617115000
0#
#43617145000
0"
#43621485000
1"
#43625825000
0"
#43630135000
1#
#43630165000
1"
#43634505000
0"
#43643185000
1"
#43647495000
0#
#43651865000
0"
#43656175000
1#
#43656205000
1"
#43660515000
0#
#43660545000
0"
#43664885000
1"
#43669195000
1#
#43669225000
0"
#43677875000
0#
#43682215000
1#
#43686585000
1"
#43690895000
0#
#43695265000
0"
#43699575000
1#
#43699605000
1"
#43703915000
0#
#43703945000
0"
#43712625000
1"
#43721275000
1#
#43729985000
0"
#43734295000
0#
#43734325000
1"
#43738665000
0"
#43742975000
1#
#43743005000
1"
#43747315000
0#
#43747345000
0"
#43755995000
1#
#43756025000
1"
#43760365000
0"
#43764675000
0#
#43764705000
1"
#43773385000
0"
#43777695000
1#
#43777725000
1"
#43782035000
0#
#43782065000
0"
#43786375000
1#
#43786405000
1"
#43790715000
0#
#43790745000
0"
#43799395000
1#
#43808105000
1"
#43812415000
0#
#43816785000
0"
#43821095000
1#
#43821125000
1"
#43825435000
0#
#43825465000
0"
#43829775000
1#
#43829805000
1"
#43834115000
0#
#43834145000
0"
#43842825000
1"
#43847135000
1#
#43851475000
0#
#43851505000
0"
#43855815000
1#
#43855845000
1"
#43860155000
0#
#43860185000
0"
#43864495000
1#
#43864525000
1"
#43868835000
0#
#43868865000
0"
#43873175000
1#
#43873205000
1"
#43877515000
0#
#43877545000
0"
#43881885000
1"
#43886225000
0"
#43890535000
1#
#43899245000
1"
#43903555000
0#
#43903585000
0"
#43907895000
1#
#43907925000
1"
#43912235000
0#
#43912265000
0"
#43916575000
1#
#43916605000
1"
#43920915000
0#
#43920945000
0"
#43929595000
1#
#43929625000
1"
#43933935000
0#
#43938275000
1#
#43942615000
0#
#43942645000
0"
#43946955000
1#
#43951325000
1"
#43955635000
0#
#43955665000
0"
#43959975000
1#
#43960005000
1"
#43964315000
0#
#43964345000
0"
#43972995000
1#
#43977365000
1"
#43986015000
0#
#43986045000
0"
#43990355000
1#
#43994725000
1"
#43999035000
0#
#43999065000
0"
#44003375000
1#
#44003405000
1"
#44007715000
0#
#44007745000
0"
#44016395000
1#
#44020735000
0#
#44020765000
1"
#44029445000
0"
#44033755000
1#
#44038125000
1"
#44042435000
0#
#44042465000
0"
#44046775000
1#
#44046805000
1"
#44051115000
0#
#44051145000
0"
#44055485000
1"
#44059825000
0"
#44064135000
1#
#44068505000
1"
#44072845000
0"
#44077155000
0#
#44081495000
1#
#44081525000
1"
#44085835000
0#
#44085865000
0"
#44090175000
1#
#44090205000
1"
#44094515000
0#
#44094545000
0"
#44103195000
1#
#44107565000
1"
#44111905000
0"
#44116215000
0#
#44120555000
1#
#44124925000
1"
#44129235000
0#
#44129265000
0"
#44133575000
1#
#44133605000
1"
#44137915000
0#
#44137945000
0"
#44142285000
1"
#44146595000
1#
#44150965000
0"
#44168325000
1"
#44172635000
0#
#44172665000
0"
#44176975000
1#
#44177005000
1"
#44181315000
0#
#44181345000
0"
#44185685000
1"
#44190025000
0"
#44203015000
1#
#44211725000
1"
#44216035000
0#
#44216065000
0"
#44220375000
1#
#44220405000
1"
#44224715000
0#
#44224745000
0"
#44233425000
1"
#44242075000
1#
#44246415000
0#
#44250755000
1#
#44255125000
0"
#44259435000
0#
#44263775000
1#
#44263805000
1"
#44268115000
0#
#44268145000
0"
#44272485000
1"
#44276825000
0"
#44281135000
1#
#44281165000
1"
#44289815000
0#
#44294155000
1#
#44298525000
0"
#44302835000
0#
#44307175000
1#
#44307205000
1"
#44311515000
0#
#44311545000
0"
#44315885000
1"
#44320195000
1#
#44324565000
0"
#44328875000
0#
#44328905000
1"
#44337555000
1#
#44341925000
0"
#44346235000
0#
#44350575000
1#
#44350605000
1"
#44354915000
0#
#44354945000
0"
#44363625000
1"
#44367935000
1#
#44367965000
0"
#44372275000
0#
#44372305000
1"
#44380955000
1#
#44385325000
0"
#44389635000
0#
#44393975000
1#
#44394005000
1"
#44398315000
0#
#44398345000
0"
#44415675000
1#
#44415705000
1"
#44420015000
0#
#44424355000
1#
#44428725000
0"
#44433035000
0#
#44437375000
1#
#44437405000
1"
#44441715000
0#
#44459075000
1#
#44463415000
0#
#44467755000
1#
#44476435000
0#
#44480775000
1#
#44482955000
