08-Sep-2026 12:55:30 | INFO    | Your Klayout version is: KLayout 0.28.5
08-Sep-2026 12:55:30 | INFO    | ## Generating template with for the following rule tables: ['metal3.drc']
08-Sep-2026 12:55:30 | INFO    | ## Your run dir located at: /workspace/iris_c3a247b9-0025-43e1-bae8-42a940fa0b63/Chip-Orchestra-review-latest/output/nanocgra_lite_3x3_opt/reports/signoff/foundry_drc_full
08-Sep-2026 12:55:30 | INFO    | ## Generating template with for the following rule tables: ['dummy_exclude.drc']
08-Sep-2026 12:55:30 | INFO    | ## Your run dir located at: /workspace/iris_c3a247b9-0025-43e1-bae8-42a940fa0b63/Chip-Orchestra-review-latest/output/nanocgra_lite_3x3_opt/reports/signoff/foundry_drc_full
08-Sep-2026 12:55:30 | INFO    | ## Generating template with for the following rule tables: ['via4_split.drc']
08-Sep-2026 12:55:30 | INFO    | ## Your run dir located at: /workspace/iris_c3a247b9-0025-43e1-bae8-42a940fa0b63/Chip-Orchestra-review-latest/output/nanocgra_lite_3x3_opt/reports/signoff/foundry_drc_full
08-Sep-2026 12:55:30 | INFO    | ## Generating template with for the following rule tables: ['metal2.drc']
08-Sep-2026 12:55:30 | INFO    | ## Your run dir located at: /workspace/iris_c3a247b9-0025-43e1-bae8-42a940fa0b63/Chip-Orchestra-review-latest/output/nanocgra_lite_3x3_opt/reports/signoff/foundry_drc_full
08-Sep-2026 12:55:30 | INFO    | ## Generating template with for the following rule tables: ['ldnmos_split.drc']
08-Sep-2026 12:55:30 | INFO    | ## Your run dir located at: /workspace/iris_c3a247b9-0025-43e1-bae8-42a940fa0b63/Chip-Orchestra-review-latest/output/nanocgra_lite_3x3_opt/reports/signoff/foundry_drc_full
08-Sep-2026 12:55:30 | INFO    | ## Generating template with for the following rule tables: ['via2.drc']
08-Sep-2026 12:55:30 | INFO    | ## Your run dir located at: /workspace/iris_c3a247b9-0025-43e1-bae8-42a940fa0b63/Chip-Orchestra-review-latest/output/nanocgra_lite_3x3_opt/reports/signoff/foundry_drc_full
08-Sep-2026 12:55:30 | INFO    | ## Generating template with for the following rule tables: ['nwell_split.drc']
08-Sep-2026 12:55:30 | INFO    | ## Your run dir located at: /workspace/iris_c3a247b9-0025-43e1-bae8-42a940fa0b63/Chip-Orchestra-review-latest/output/nanocgra_lite_3x3_opt/reports/signoff/foundry_drc_full
08-Sep-2026 12:55:30 | INFO    | ## Generating template with for the following rule tables: ['dnwell_split.drc']
08-Sep-2026 12:55:30 | INFO    | ## Your run dir located at: /workspace/iris_c3a247b9-0025-43e1-bae8-42a940fa0b63/Chip-Orchestra-review-latest/output/nanocgra_lite_3x3_opt/reports/signoff/foundry_drc_full
08-Sep-2026 12:55:30 | INFO    | ## Generating template with for the following rule tables: ['via2_split.drc']
08-Sep-2026 12:55:30 | INFO    | ## Your run dir located at: /workspace/iris_c3a247b9-0025-43e1-bae8-42a940fa0b63/Chip-Orchestra-review-latest/output/nanocgra_lite_3x3_opt/reports/signoff/foundry_drc_full
08-Sep-2026 12:55:30 | INFO    | ## Generating template with for the following rule tables: ['lres.drc']
08-Sep-2026 12:55:30 | INFO    | ## Your run dir located at: /workspace/iris_c3a247b9-0025-43e1-bae8-42a940fa0b63/Chip-Orchestra-review-latest/output/nanocgra_lite_3x3_opt/reports/signoff/foundry_drc_full
08-Sep-2026 12:55:30 | INFO    | ## Generating template with for the following rule tables: ['mcell.drc']
08-Sep-2026 12:55:30 | INFO    | ## Your run dir located at: /workspace/iris_c3a247b9-0025-43e1-bae8-42a940fa0b63/Chip-Orchestra-review-latest/output/nanocgra_lite_3x3_opt/reports/signoff/foundry_drc_full
08-Sep-2026 12:55:30 | INFO    | ## Generating template with for the following rule tables: ['ldpmos_split.drc']
08-Sep-2026 12:55:30 | INFO    | ## Your run dir located at: /workspace/iris_c3a247b9-0025-43e1-bae8-42a940fa0b63/Chip-Orchestra-review-latest/output/nanocgra_lite_3x3_opt/reports/signoff/foundry_drc_full
08-Sep-2026 12:55:30 | INFO    | ## Generating template with for the following rule tables: ['ymtp_mk.drc']
08-Sep-2026 12:55:30 | INFO    | ## Your run dir located at: /workspace/iris_c3a247b9-0025-43e1-bae8-42a940fa0b63/Chip-Orchestra-review-latest/output/nanocgra_lite_3x3_opt/reports/signoff/foundry_drc_full
08-Sep-2026 12:55:30 | INFO    | ## Generating template with for the following rule tables: ['contact_split.drc']
08-Sep-2026 12:55:30 | INFO    | ## Your run dir located at: /workspace/iris_c3a247b9-0025-43e1-bae8-42a940fa0b63/Chip-Orchestra-review-latest/output/nanocgra_lite_3x3_opt/reports/signoff/foundry_drc_full
08-Sep-2026 12:55:30 | INFO    | ## Generating template with for the following rule tables: ['lvs_bjt.drc']
08-Sep-2026 12:55:30 | INFO    | ## Your run dir located at: /workspace/iris_c3a247b9-0025-43e1-bae8-42a940fa0b63/Chip-Orchestra-review-latest/output/nanocgra_lite_3x3_opt/reports/signoff/foundry_drc_full
08-Sep-2026 12:55:30 | INFO    | ## Generating template with for the following rule tables: ['metal4.drc']
08-Sep-2026 12:55:30 | INFO    | ## Your run dir located at: /workspace/iris_c3a247b9-0025-43e1-bae8-42a940fa0b63/Chip-Orchestra-review-latest/output/nanocgra_lite_3x3_opt/reports/signoff/foundry_drc_full
08-Sep-2026 12:55:30 | INFO    | ## Generating template with for the following rule tables: ['mim_b.drc']
08-Sep-2026 12:55:30 | INFO    | ## Your run dir located at: /workspace/iris_c3a247b9-0025-43e1-bae8-42a940fa0b63/Chip-Orchestra-review-latest/output/nanocgra_lite_3x3_opt/reports/signoff/foundry_drc_full
08-Sep-2026 12:55:30 | INFO    | ## Generating template with for the following rule tables: ['nwell.drc']
08-Sep-2026 12:55:30 | INFO    | ## Your run dir located at: /workspace/iris_c3a247b9-0025-43e1-bae8-42a940fa0b63/Chip-Orchestra-review-latest/output/nanocgra_lite_3x3_opt/reports/signoff/foundry_drc_full
08-Sep-2026 12:55:30 | INFO    | ## Generating template with for the following rule tables: ['hres.drc']
08-Sep-2026 12:55:30 | INFO    | ## Your run dir located at: /workspace/iris_c3a247b9-0025-43e1-bae8-42a940fa0b63/Chip-Orchestra-review-latest/output/nanocgra_lite_3x3_opt/reports/signoff/foundry_drc_full
08-Sep-2026 12:55:30 | INFO    | ## Generating template with for the following rule tables: ['ldpmos.drc']
08-Sep-2026 12:55:30 | INFO    | ## Your run dir located at: /workspace/iris_c3a247b9-0025-43e1-bae8-42a940fa0b63/Chip-Orchestra-review-latest/output/nanocgra_lite_3x3_opt/reports/signoff/foundry_drc_full
08-Sep-2026 12:55:30 | INFO    | ## Generating template with for the following rule tables: ['pplus.drc']
08-Sep-2026 12:55:30 | INFO    | ## Your run dir located at: /workspace/iris_c3a247b9-0025-43e1-bae8-42a940fa0b63/Chip-Orchestra-review-latest/output/nanocgra_lite_3x3_opt/reports/signoff/foundry_drc_full
08-Sep-2026 12:55:30 | INFO    | ## Generating template with for the following rule tables: ['sab.drc']
08-Sep-2026 12:55:30 | INFO    | ## Your run dir located at: /workspace/iris_c3a247b9-0025-43e1-bae8-42a940fa0b63/Chip-Orchestra-review-latest/output/nanocgra_lite_3x3_opt/reports/signoff/foundry_drc_full
08-Sep-2026 12:55:30 | INFO    | ## Generating template with for the following rule tables: ['dualgate.drc']
08-Sep-2026 12:55:30 | INFO    | ## Your run dir located at: /workspace/iris_c3a247b9-0025-43e1-bae8-42a940fa0b63/Chip-Orchestra-review-latest/output/nanocgra_lite_3x3_opt/reports/signoff/foundry_drc_full
08-Sep-2026 12:55:30 | INFO    | ## Generating template with for the following rule tables: ['drc_bjt.drc']
08-Sep-2026 12:55:30 | INFO    | ## Your run dir located at: /workspace/iris_c3a247b9-0025-43e1-bae8-42a940fa0b63/Chip-Orchestra-review-latest/output/nanocgra_lite_3x3_opt/reports/signoff/foundry_drc_full
08-Sep-2026 12:55:30 | INFO    | ## Generating template with for the following rule tables: ['efuse.drc']
08-Sep-2026 12:55:30 | INFO    | ## Your run dir located at: /workspace/iris_c3a247b9-0025-43e1-bae8-42a940fa0b63/Chip-Orchestra-review-latest/output/nanocgra_lite_3x3_opt/reports/signoff/foundry_drc_full
08-Sep-2026 12:55:30 | INFO    | ## Generating template with for the following rule tables: ['mim_a.drc']
08-Sep-2026 12:55:30 | INFO    | ## Your run dir located at: /workspace/iris_c3a247b9-0025-43e1-bae8-42a940fa0b63/Chip-Orchestra-review-latest/output/nanocgra_lite_3x3_opt/reports/signoff/foundry_drc_full
08-Sep-2026 12:55:30 | INFO    | ## Generating template with for the following rule tables: ['ldnmos.drc']
08-Sep-2026 12:55:30 | INFO    | ## Your run dir located at: /workspace/iris_c3a247b9-0025-43e1-bae8-42a940fa0b63/Chip-Orchestra-review-latest/output/nanocgra_lite_3x3_opt/reports/signoff/foundry_drc_full
08-Sep-2026 12:55:30 | INFO    | ## Generating template with for the following rule tables: ['via3_split.drc']
08-Sep-2026 12:55:30 | INFO    | ## Your run dir located at: /workspace/iris_c3a247b9-0025-43e1-bae8-42a940fa0b63/Chip-Orchestra-review-latest/output/nanocgra_lite_3x3_opt/reports/signoff/foundry_drc_full
08-Sep-2026 12:55:30 | INFO    | ## Generating template with for the following rule tables: ['via5.drc']
08-Sep-2026 12:55:30 | INFO    | ## Your run dir located at: /workspace/iris_c3a247b9-0025-43e1-bae8-42a940fa0b63/Chip-Orchestra-review-latest/output/nanocgra_lite_3x3_opt/reports/signoff/foundry_drc_full
08-Sep-2026 12:55:30 | INFO    | ## Generating template with for the following rule tables: ['lvpwell.drc']
08-Sep-2026 12:55:30 | INFO    | ## Your run dir located at: /workspace/iris_c3a247b9-0025-43e1-bae8-42a940fa0b63/Chip-Orchestra-review-latest/output/nanocgra_lite_3x3_opt/reports/signoff/foundry_drc_full
08-Sep-2026 12:55:30 | INFO    | ## Generating template with for the following rule tables: ['via4.drc']
08-Sep-2026 12:55:30 | INFO    | ## Your run dir located at: /workspace/iris_c3a247b9-0025-43e1-bae8-42a940fa0b63/Chip-Orchestra-review-latest/output/nanocgra_lite_3x3_opt/reports/signoff/foundry_drc_full
08-Sep-2026 12:55:30 | INFO    | ## Generating template with for the following rule tables: ['metal1_split.drc']
08-Sep-2026 12:55:30 | INFO    | ## Your run dir located at: /workspace/iris_c3a247b9-0025-43e1-bae8-42a940fa0b63/Chip-Orchestra-review-latest/output/nanocgra_lite_3x3_opt/reports/signoff/foundry_drc_full
08-Sep-2026 12:55:30 | INFO    | ## Generating template with for the following rule tables: ['poly2.drc']
08-Sep-2026 12:55:30 | INFO    | ## Your run dir located at: /workspace/iris_c3a247b9-0025-43e1-bae8-42a940fa0b63/Chip-Orchestra-review-latest/output/nanocgra_lite_3x3_opt/reports/signoff/foundry_drc_full
08-Sep-2026 12:55:30 | INFO    | ## Generating template with for the following rule tables: ['nplus.drc']
08-Sep-2026 12:55:30 | INFO    | ## Your run dir located at: /workspace/iris_c3a247b9-0025-43e1-bae8-42a940fa0b63/Chip-Orchestra-review-latest/output/nanocgra_lite_3x3_opt/reports/signoff/foundry_drc_full
08-Sep-2026 12:55:30 | INFO    | ## Generating template with for the following rule tables: ['contact.drc']
08-Sep-2026 12:55:30 | INFO    | ## Your run dir located at: /workspace/iris_c3a247b9-0025-43e1-bae8-42a940fa0b63/Chip-Orchestra-review-latest/output/nanocgra_lite_3x3_opt/reports/signoff/foundry_drc_full
08-Sep-2026 12:55:30 | INFO    | ## Generating template with for the following rule tables: ['via1_split.drc']
08-Sep-2026 12:55:30 | INFO    | ## Your run dir located at: /workspace/iris_c3a247b9-0025-43e1-bae8-42a940fa0b63/Chip-Orchestra-review-latest/output/nanocgra_lite_3x3_opt/reports/signoff/foundry_drc_full
08-Sep-2026 12:55:30 | INFO    | ## Generating template with for the following rule tables: ['dnwell.drc']
08-Sep-2026 12:55:30 | INFO    | ## Your run dir located at: /workspace/iris_c3a247b9-0025-43e1-bae8-42a940fa0b63/Chip-Orchestra-review-latest/output/nanocgra_lite_3x3_opt/reports/signoff/foundry_drc_full
08-Sep-2026 12:55:30 | INFO    | ## Generating template with for the following rule tables: ['lvpwell_split.drc']
08-Sep-2026 12:55:30 | INFO    | ## Your run dir located at: /workspace/iris_c3a247b9-0025-43e1-bae8-42a940fa0b63/Chip-Orchestra-review-latest/output/nanocgra_lite_3x3_opt/reports/signoff/foundry_drc_full
08-Sep-2026 12:55:30 | INFO    | ## Generating template with for the following rule tables: ['sram_5p0.drc']
08-Sep-2026 12:55:30 | INFO    | ## Your run dir located at: /workspace/iris_c3a247b9-0025-43e1-bae8-42a940fa0b63/Chip-Orchestra-review-latest/output/nanocgra_lite_3x3_opt/reports/signoff/foundry_drc_full
08-Sep-2026 12:55:30 | INFO    | ## Generating template with for the following rule tables: ['pres.drc']
08-Sep-2026 12:55:30 | INFO    | ## Your run dir located at: /workspace/iris_c3a247b9-0025-43e1-bae8-42a940fa0b63/Chip-Orchestra-review-latest/output/nanocgra_lite_3x3_opt/reports/signoff/foundry_drc_full
08-Sep-2026 12:55:30 | INFO    | ## Generating template with for the following rule tables: ['via1.drc']
08-Sep-2026 12:55:30 | INFO    | ## Your run dir located at: /workspace/iris_c3a247b9-0025-43e1-bae8-42a940fa0b63/Chip-Orchestra-review-latest/output/nanocgra_lite_3x3_opt/reports/signoff/foundry_drc_full
08-Sep-2026 12:55:30 | INFO    | ## Generating template with for the following rule tables: ['nat.drc']
08-Sep-2026 12:55:30 | INFO    | ## Your run dir located at: /workspace/iris_c3a247b9-0025-43e1-bae8-42a940fa0b63/Chip-Orchestra-review-latest/output/nanocgra_lite_3x3_opt/reports/signoff/foundry_drc_full
08-Sep-2026 12:55:30 | INFO    | ## Generating template with for the following rule tables: ['via3.drc']
08-Sep-2026 12:55:30 | INFO    | ## Your run dir located at: /workspace/iris_c3a247b9-0025-43e1-bae8-42a940fa0b63/Chip-Orchestra-review-latest/output/nanocgra_lite_3x3_opt/reports/signoff/foundry_drc_full
08-Sep-2026 12:55:30 | INFO    | ## Generating template with for the following rule tables: ['metal5.drc']
08-Sep-2026 12:55:30 | INFO    | ## Your run dir located at: /workspace/iris_c3a247b9-0025-43e1-bae8-42a940fa0b63/Chip-Orchestra-review-latest/output/nanocgra_lite_3x3_opt/reports/signoff/foundry_drc_full
08-Sep-2026 12:55:30 | INFO    | ## Generating template with for the following rule tables: ['sram_3p3.drc']
08-Sep-2026 12:55:30 | INFO    | ## Your run dir located at: /workspace/iris_c3a247b9-0025-43e1-bae8-42a940fa0b63/Chip-Orchestra-review-latest/output/nanocgra_lite_3x3_opt/reports/signoff/foundry_drc_full
08-Sep-2026 12:55:30 | INFO    | ## Generating template with for the following rule tables: ['metaltop_30k.drc']
08-Sep-2026 12:55:30 | INFO    | ## Your run dir located at: /workspace/iris_c3a247b9-0025-43e1-bae8-42a940fa0b63/Chip-Orchestra-review-latest/output/nanocgra_lite_3x3_opt/reports/signoff/foundry_drc_full
08-Sep-2026 12:55:30 | INFO    | ## Generating template with for the following rule tables: ['nat_split.drc']
08-Sep-2026 12:55:30 | INFO    | ## Your run dir located at: /workspace/iris_c3a247b9-0025-43e1-bae8-42a940fa0b63/Chip-Orchestra-review-latest/output/nanocgra_lite_3x3_opt/reports/signoff/foundry_drc_full
08-Sep-2026 12:55:30 | INFO    | ## Generating template with for the following rule tables: ['metal1.drc']
08-Sep-2026 12:55:30 | INFO    | ## Your run dir located at: /workspace/iris_c3a247b9-0025-43e1-bae8-42a940fa0b63/Chip-Orchestra-review-latest/output/nanocgra_lite_3x3_opt/reports/signoff/foundry_drc_full
08-Sep-2026 12:55:30 | INFO    | ## Generating template with for the following rule tables: ['otp_mk.drc']
08-Sep-2026 12:55:30 | INFO    | ## Your run dir located at: /workspace/iris_c3a247b9-0025-43e1-bae8-42a940fa0b63/Chip-Orchestra-review-latest/output/nanocgra_lite_3x3_opt/reports/signoff/foundry_drc_full
08-Sep-2026 12:55:30 | INFO    | ## Generating template with for the following rule tables: ['metaltop.drc']
08-Sep-2026 12:55:30 | INFO    | ## Your run dir located at: /workspace/iris_c3a247b9-0025-43e1-bae8-42a940fa0b63/Chip-Orchestra-review-latest/output/nanocgra_lite_3x3_opt/reports/signoff/foundry_drc_full
08-Sep-2026 12:55:30 | INFO    | ## Generating template with for the following rule tables: ['comp.drc']
08-Sep-2026 12:55:30 | INFO    | ## Your run dir located at: /workspace/iris_c3a247b9-0025-43e1-bae8-42a940fa0b63/Chip-Orchestra-review-latest/output/nanocgra_lite_3x3_opt/reports/signoff/foundry_drc_full
08-Sep-2026 12:55:30 | INFO    | ## Generating template with for the following rule tables: ['esd.drc']
08-Sep-2026 12:55:30 | INFO    | ## Your run dir located at: /workspace/iris_c3a247b9-0025-43e1-bae8-42a940fa0b63/Chip-Orchestra-review-latest/output/nanocgra_lite_3x3_opt/reports/signoff/foundry_drc_full
08-Sep-2026 12:55:30 | INFO    | ## Generating template with for the following rule tables: ['geom.drc']
08-Sep-2026 12:55:30 | INFO    | ## Your run dir located at: /workspace/iris_c3a247b9-0025-43e1-bae8-42a940fa0b63/Chip-Orchestra-review-latest/output/nanocgra_lite_3x3_opt/reports/signoff/foundry_drc_full
08-Sep-2026 12:55:30 | INFO    | Running Global Foundries 180nm MCU /workspace/iris_c3a247b9-0025-43e1-bae8-42a940fa0b63/Chip-Orchestra-review-latest/output/nanocgra_lite_3x3_opt/gds/nanocgra_lite_3x3_opt.gds checks on design metal3 on cell NanoCGRA_Lite:
08-Sep-2026 12:55:30 | INFO    | Running Global Foundries 180nm MCU /workspace/iris_c3a247b9-0025-43e1-bae8-42a940fa0b63/Chip-Orchestra-review-latest/output/nanocgra_lite_3x3_opt/gds/nanocgra_lite_3x3_opt.gds checks on design dummy_exclude on cell NanoCGRA_Lite:
08-Sep-2026 12:55:30 | INFO    | Running Global Foundries 180nm MCU /workspace/iris_c3a247b9-0025-43e1-bae8-42a940fa0b63/Chip-Orchestra-review-latest/output/nanocgra_lite_3x3_opt/gds/nanocgra_lite_3x3_opt.gds checks on design via4_split on cell NanoCGRA_Lite:
08-Sep-2026 12:55:30 | INFO    | Running Global Foundries 180nm MCU /workspace/iris_c3a247b9-0025-43e1-bae8-42a940fa0b63/Chip-Orchestra-review-latest/output/nanocgra_lite_3x3_opt/gds/nanocgra_lite_3x3_opt.gds checks on design metal2 on cell NanoCGRA_Lite:
08-Sep-2026 12:55:30 | INFO    | Running Global Foundries 180nm MCU /workspace/iris_c3a247b9-0025-43e1-bae8-42a940fa0b63/Chip-Orchestra-review-latest/output/nanocgra_lite_3x3_opt/gds/nanocgra_lite_3x3_opt.gds checks on design ldnmos_split on cell NanoCGRA_Lite:
08-Sep-2026 12:55:30 | INFO    | Running Global Foundries 180nm MCU /workspace/iris_c3a247b9-0025-43e1-bae8-42a940fa0b63/Chip-Orchestra-review-latest/output/nanocgra_lite_3x3_opt/gds/nanocgra_lite_3x3_opt.gds checks on design via2 on cell NanoCGRA_Lite:
08-Sep-2026 12:55:30 | INFO    | Running Global Foundries 180nm MCU /workspace/iris_c3a247b9-0025-43e1-bae8-42a940fa0b63/Chip-Orchestra-review-latest/output/nanocgra_lite_3x3_opt/gds/nanocgra_lite_3x3_opt.gds checks on design nwell_split on cell NanoCGRA_Lite:
08-Sep-2026 12:55:30 | INFO    | Running Global Foundries 180nm MCU /workspace/iris_c3a247b9-0025-43e1-bae8-42a940fa0b63/Chip-Orchestra-review-latest/output/nanocgra_lite_3x3_opt/gds/nanocgra_lite_3x3_opt.gds checks on design dnwell_split on cell NanoCGRA_Lite:
08-Sep-2026 12:55:30 | INFO    | Running Global Foundries 180nm MCU /workspace/iris_c3a247b9-0025-43e1-bae8-42a940fa0b63/Chip-Orchestra-review-latest/output/nanocgra_lite_3x3_opt/gds/nanocgra_lite_3x3_opt.gds checks on design via2_split on cell NanoCGRA_Lite:
08-Sep-2026 12:55:30 | INFO    | Running Global Foundries 180nm MCU /workspace/iris_c3a247b9-0025-43e1-bae8-42a940fa0b63/Chip-Orchestra-review-latest/output/nanocgra_lite_3x3_opt/gds/nanocgra_lite_3x3_opt.gds checks on design lres on cell NanoCGRA_Lite:
08-Sep-2026 12:55:30 | INFO    | Running Global Foundries 180nm MCU /workspace/iris_c3a247b9-0025-43e1-bae8-42a940fa0b63/Chip-Orchestra-review-latest/output/nanocgra_lite_3x3_opt/gds/nanocgra_lite_3x3_opt.gds checks on design mcell on cell NanoCGRA_Lite:
08-Sep-2026 12:55:30 | INFO    | Running Global Foundries 180nm MCU /workspace/iris_c3a247b9-0025-43e1-bae8-42a940fa0b63/Chip-Orchestra-review-latest/output/nanocgra_lite_3x3_opt/gds/nanocgra_lite_3x3_opt.gds checks on design ldpmos_split on cell NanoCGRA_Lite:
2026-09-08 12:55:33 +0800: Memory Usage (571048K) : Starting running GF180MCU Klayout DRC runset on /workspace/iris_c3a247b9-0025-43e1-bae8-42a940fa0b63/Chip-Orchestra-review-latest/output/nanocgra_lite_3x3_opt/gds/nanocgra_lite_3x3_opt.gds
2026-09-08 12:55:33 +0800: Memory Usage (571036K) : Starting running GF180MCU Klayout DRC runset on /workspace/iris_c3a247b9-0025-43e1-bae8-42a940fa0b63/Chip-Orchestra-review-latest/output/nanocgra_lite_3x3_opt/gds/nanocgra_lite_3x3_opt.gds
2026-09-08 12:55:33 +0800: Memory Usage (571036K) : Starting running GF180MCU Klayout DRC runset on /workspace/iris_c3a247b9-0025-43e1-bae8-42a940fa0b63/Chip-Orchestra-review-latest/output/nanocgra_lite_3x3_opt/gds/nanocgra_lite_3x3_opt.gds
2026-09-08 12:55:33 +0800: Memory Usage (571176K) : Starting running GF180MCU Klayout DRC runset on /workspace/iris_c3a247b9-0025-43e1-bae8-42a940fa0b63/Chip-Orchestra-review-latest/output/nanocgra_lite_3x3_opt/gds/nanocgra_lite_3x3_opt.gds
2026-09-08 12:55:33 +0800: Memory Usage (571052K) : Starting running GF180MCU Klayout DRC runset on /workspace/iris_c3a247b9-0025-43e1-bae8-42a940fa0b63/Chip-Orchestra-review-latest/output/nanocgra_lite_3x3_opt/gds/nanocgra_lite_3x3_opt.gds
2026-09-08 12:55:33 +0800: Memory Usage (571168K) : Starting running GF180MCU Klayout DRC runset on /workspace/iris_c3a247b9-0025-43e1-bae8-42a940fa0b63/Chip-Orchestra-review-latest/output/nanocgra_lite_3x3_opt/gds/nanocgra_lite_3x3_opt.gds
2026-09-08 12:55:33 +0800: Memory Usage (571612K) : Starting running GF180MCU Klayout DRC runset on /workspace/iris_c3a247b9-0025-43e1-bae8-42a940fa0b63/Chip-Orchestra-review-latest/output/nanocgra_lite_3x3_opt/gds/nanocgra_lite_3x3_opt.gds
2026-09-08 12:55:33 +0800: Memory Usage (571168K) : Starting running GF180MCU Klayout DRC runset on /workspace/iris_c3a247b9-0025-43e1-bae8-42a940fa0b63/Chip-Orchestra-review-latest/output/nanocgra_lite_3x3_opt/gds/nanocgra_lite_3x3_opt.gds
2026-09-08 12:55:33 +0800: Memory Usage (571348K) : Starting running GF180MCU Klayout DRC runset on /workspace/iris_c3a247b9-0025-43e1-bae8-42a940fa0b63/Chip-Orchestra-review-latest/output/nanocgra_lite_3x3_opt/gds/nanocgra_lite_3x3_opt.gds
2026-09-08 12:55:33 +0800: Memory Usage (571044K) : Starting running GF180MCU Klayout DRC runset on /workspace/iris_c3a247b9-0025-43e1-bae8-42a940fa0b63/Chip-Orchestra-review-latest/output/nanocgra_lite_3x3_opt/gds/nanocgra_lite_3x3_opt.gds
2026-09-08 12:55:33 +0800: Memory Usage (571044K) : Starting running GF180MCU Klayout DRC runset on /workspace/iris_c3a247b9-0025-43e1-bae8-42a940fa0b63/Chip-Orchestra-review-latest/output/nanocgra_lite_3x3_opt/gds/nanocgra_lite_3x3_opt.gds
2026-09-08 12:55:33 +0800: Memory Usage (571476K) : Starting running GF180MCU Klayout DRC runset on /workspace/iris_c3a247b9-0025-43e1-bae8-42a940fa0b63/Chip-Orchestra-review-latest/output/nanocgra_lite_3x3_opt/gds/nanocgra_lite_3x3_opt.gds
2026-09-08 12:55:33 +0800: Memory Usage (571048K) : Ruby Version for klayout: 3.1.2
2026-09-08 12:55:33 +0800: Memory Usage (571036K) : Ruby Version for klayout: 3.1.2
2026-09-08 12:55:33 +0800: Memory Usage (593884K) : Loading database to memory is complete.
2026-09-08 12:55:33 +0800: Memory Usage (571612K) : Ruby Version for klayout: 3.1.2
2026-09-08 12:55:33 +0800: Memory Usage (593920K) : Loading database to memory is complete.
2026-09-08 12:55:33 +0800: Memory Usage (593884K) : GF180MCU Klayout DRC runset output at: /workspace/iris_c3a247b9-0025-43e1-bae8-42a940fa0b63/Chip-Orchestra-review-latest/output/nanocgra_lite_3x3_opt/reports/signoff/foundry_drc_full/nanocgra_lite_3x3_opt_metal3.lyrdb
2026-09-08 12:55:33 +0800: Memory Usage (571176K) : Ruby Version for klayout: 3.1.2
2026-09-08 12:55:33 +0800: Memory Usage (571168K) : Ruby Version for klayout: 3.1.2
2026-09-08 12:55:33 +0800: Memory Usage (571052K) : Ruby Version for klayout: 3.1.2
2026-09-08 12:55:33 +0800: Memory Usage (571036K) : Ruby Version for klayout: 3.1.2
2026-09-08 12:55:33 +0800: Memory Usage (594148K) : Loading database to memory is complete.
2026-09-08 12:55:33 +0800: Memory Usage (593920K) : GF180MCU Klayout DRC runset output at: /workspace/iris_c3a247b9-0025-43e1-bae8-42a940fa0b63/Chip-Orchestra-review-latest/output/nanocgra_lite_3x3_opt/reports/signoff/foundry_drc_full/nanocgra_lite_3x3_opt_ldnmos_split.lyrdb
2026-09-08 12:55:33 +0800: Memory Usage (593884K) : Evaluate switches.
2026-09-08 12:55:33 +0800: Memory Usage (593940K) : Loading database to memory is complete.
2026-09-08 12:55:33 +0800: Memory Usage (593928K) : Loading database to memory is complete.
2026-09-08 12:55:33 +0800: Memory Usage (594164K) : GF180MCU Klayout DRC runset output at: /workspace/iris_c3a247b9-0025-43e1-bae8-42a940fa0b63/Chip-Orchestra-review-latest/output/nanocgra_lite_3x3_opt/reports/signoff/foundry_drc_full/nanocgra_lite_3x3_opt_dummy_exclude.lyrdb
2026-09-08 12:55:33 +0800: Memory Usage (571168K) : Ruby Version for klayout: 3.1.2
2026-09-08 12:55:33 +0800: Memory Usage (593920K) : Evaluate switches.
2026-09-08 12:55:33 +0800: Memory Usage (593924K) : Loading database to memory is complete.
2026-09-08 12:55:33 +0800: Memory Usage (593884K) : Loading database to memory is complete.
2026-09-08 12:55:33 +0800: Memory Usage (571348K) : Ruby Version for klayout: 3.1.2
2026-09-08 12:55:33 +0800: Memory Usage (593884K) : table_name selected  metal3
2026-09-08 12:55:33 +0800: Memory Usage (594164K) : Evaluate switches.
2026-09-08 12:55:33 +0800: Memory Usage (593940K) : GF180MCU Klayout DRC runset output at: /workspace/iris_c3a247b9-0025-43e1-bae8-42a940fa0b63/Chip-Orchestra-review-latest/output/nanocgra_lite_3x3_opt/reports/signoff/foundry_drc_full/nanocgra_lite_3x3_opt_via2_split.lyrdb
2026-09-08 12:55:33 +0800: Memory Usage (593936K) : Loading database to memory is complete.
2026-09-08 12:55:33 +0800: Memory Usage (571044K) : Ruby Version for klayout: 3.1.2
2026-09-08 12:55:33 +0800: Memory Usage (593924K) : GF180MCU Klayout DRC runset output at: /workspace/iris_c3a247b9-0025-43e1-bae8-42a940fa0b63/Chip-Orchestra-review-latest/output/nanocgra_lite_3x3_opt/reports/signoff/foundry_drc_full/nanocgra_lite_3x3_opt_nwell_split.lyrdb
2026-09-08 12:55:33 +0800: Memory Usage (593920K) : table_name selected  ldnmos_split
2026-09-08 12:55:34 +0800: Memory Usage (593884K) : CONNECTIVITY_RULES enabled: false
2026-09-08 12:55:33 +0800: Memory Usage (593928K) : GF180MCU Klayout DRC runset output at: /workspace/iris_c3a247b9-0025-43e1-bae8-42a940fa0b63/Chip-Orchestra-review-latest/output/nanocgra_lite_3x3_opt/reports/signoff/foundry_drc_full/nanocgra_lite_3x3_opt_lres.lyrdb
2026-09-08 12:55:34 +0800: Memory Usage (593884K) : Loading database to memory is complete.
2026-09-08 12:55:33 +0800: Memory Usage (593884K) : GF180MCU Klayout DRC runset output at: /workspace/iris_c3a247b9-0025-43e1-bae8-42a940fa0b63/Chip-Orchestra-review-latest/output/nanocgra_lite_3x3_opt/reports/signoff/foundry_drc_full/nanocgra_lite_3x3_opt_metal2.lyrdb
2026-09-08 12:55:34 +0800: Memory Usage (594164K) : table_name selected  dummy_exclude
2026-09-08 12:55:34 +0800: Memory Usage (593924K) : Evaluate switches.
2026-09-08 12:55:34 +0800: Memory Usage (593884K) : Loading database to memory is complete.
2026-09-08 12:55:33 +0800: Memory Usage (571044K) : Ruby Version for klayout: 3.1.2
2026-09-08 12:55:34 +0800: Memory Usage (593936K) : GF180MCU Klayout DRC runset output at: /workspace/iris_c3a247b9-0025-43e1-bae8-42a940fa0b63/Chip-Orchestra-review-latest/output/nanocgra_lite_3x3_opt/reports/signoff/foundry_drc_full/nanocgra_lite_3x3_opt_via4_split.lyrdb
2026-09-08 12:55:34 +0800: Memory Usage (593884K) : Wedge enabled: false
2026-09-08 12:55:34 +0800: Memory Usage (593956K) : Evaluate switches.
2026-09-08 12:55:34 +0800: Memory Usage (593920K) : CONNECTIVITY_RULES enabled: true
2026-09-08 12:55:34 +0800: Memory Usage (593884K) : GF180MCU Klayout DRC runset output at: /workspace/iris_c3a247b9-0025-43e1-bae8-42a940fa0b63/Chip-Orchestra-review-latest/output/nanocgra_lite_3x3_opt/reports/signoff/foundry_drc_full/nanocgra_lite_3x3_opt_ldpmos_split.lyrdb
2026-09-08 12:55:34 +0800: Memory Usage (593944K) : Evaluate switches.
2026-09-08 12:55:34 +0800: Memory Usage (593884K) : Evaluate switches.
2026-09-08 12:55:34 +0800: Memory Usage (594164K) : CONNECTIVITY_RULES enabled: false
2026-09-08 12:55:34 +0800: Memory Usage (593924K) : table_name selected  nwell_split
2026-09-08 12:55:34 +0800: Memory Usage (593900K) : Ball enabled: false
2026-09-08 12:55:34 +0800: Memory Usage (593880K) : Loading database to memory is complete.
2026-09-08 12:55:34 +0800: Memory Usage (593884K) : Evaluate switches.
2026-09-08 12:55:34 +0800: Memory Usage (593956K) : table_name selected  via2_split
2026-09-08 12:55:34 +0800: Memory Usage (593884K) : GF180MCU Klayout DRC runset output at: /workspace/iris_c3a247b9-0025-43e1-bae8-42a940fa0b63/Chip-Orchestra-review-latest/output/nanocgra_lite_3x3_opt/reports/signoff/foundry_drc_full/nanocgra_lite_3x3_opt_mcell.lyrdb
2026-09-08 12:55:34 +0800: Memory Usage (593936K) : Evaluate switches.
2026-09-08 12:55:34 +0800: Memory Usage (594164K) : Wedge enabled: false
2026-09-08 12:55:34 +0800: Memory Usage (593940K) : CONNECTIVITY_RULES enabled: true
2026-09-08 12:55:34 +0800: Memory Usage (593884K) : table_name selected  metal2
2026-09-08 12:55:34 +0800: Memory Usage (593936K) : Wedge enabled: false
2026-09-08 12:55:34 +0800: Memory Usage (593944K) : table_name selected  lres
2026-09-08 12:55:34 +0800: Memory Usage (593884K) : table_name selected  ldpmos_split
2026-09-08 12:55:34 +0800: Memory Usage (593900K) : Gold enabled: false
2026-09-08 12:55:34 +0800: Memory Usage (593880K) : GF180MCU Klayout DRC runset output at: /workspace/iris_c3a247b9-0025-43e1-bae8-42a940fa0b63/Chip-Orchestra-review-latest/output/nanocgra_lite_3x3_opt/reports/signoff/foundry_drc_full/nanocgra_lite_3x3_opt_dnwell_split.lyrdb
2026-09-08 12:55:34 +0800: Memory Usage (594164K) : Ball enabled: false
2026-09-08 12:55:34 +0800: Memory Usage (593956K) : CONNECTIVITY_RULES enabled: false
2026-09-08 12:55:34 +0800: Memory Usage (593936K) : Ball enabled: false
2026-09-08 12:55:34 +0800: Memory Usage (593940K) : Wedge enabled: false
2026-09-08 12:55:34 +0800: Memory Usage (593884K) : CONNECTIVITY_RULES enabled: false
2026-09-08 12:55:34 +0800: Memory Usage (593952K) : table_name selected  via4_split
2026-09-08 12:55:34 +0800: Memory Usage (593884K) : Evaluate switches.
2026-09-08 12:55:34 +0800: Memory Usage (593944K) : CONNECTIVITY_RULES enabled: false
2026-09-08 12:55:34 +0800: Memory Usage (593884K) : CONNECTIVITY_RULES enabled: true
2026-09-08 12:55:33 +0800: Memory Usage (571476K) : Ruby Version for klayout: 3.1.2
2026-09-08 12:55:34 +0800: Memory Usage (593900K) : MIM Option selected: B
2026-09-08 12:55:34 +0800: Memory Usage (594164K) : Gold enabled: false
2026-09-08 12:55:34 +0800: Memory Usage (593880K) : Evaluate switches.
2026-09-08 12:55:34 +0800: Memory Usage (593940K) : Ball enabled: false
2026-09-08 12:55:34 +0800: Memory Usage (593956K) : Wedge enabled: false
2026-09-08 12:55:34 +0800: Memory Usage (593884K) : Wedge enabled: false
2026-09-08 12:55:34 +0800: Memory Usage (593936K) : Gold enabled: false
2026-09-08 12:55:34 +0800: Memory Usage (593884K) : Wedge enabled: false
2026-09-08 12:55:34 +0800: Memory Usage (594232K) : Loading database to memory is complete.
2026-09-08 12:55:34 +0800: Memory Usage (593952K) : CONNECTIVITY_RULES enabled: false
2026-09-08 12:55:34 +0800: Memory Usage (593884K) : table_name selected  mcell
2026-09-08 12:55:34 +0800: Memory Usage (593944K) : Wedge enabled: false
2026-09-08 12:55:34 +0800: Memory Usage (593900K) : Offgrid enabled:  true
2026-09-08 12:55:34 +0800: Memory Usage (594164K) : MIM Option selected: B
2026-09-08 12:55:34 +0800: Memory Usage (593880K) : table_name selected  dnwell_split
2026-09-08 12:55:34 +0800: Memory Usage (593940K) : Gold enabled: false
2026-09-08 12:55:34 +0800: Memory Usage (593900K) : Ball enabled: false
2026-09-08 12:55:34 +0800: Memory Usage (594232K) : GF180MCU Klayout DRC runset output at: /workspace/iris_c3a247b9-0025-43e1-bae8-42a940fa0b63/Chip-Orchestra-review-latest/output/nanocgra_lite_3x3_opt/reports/signoff/foundry_drc_full/nanocgra_lite_3x3_opt_via2.lyrdb
2026-09-08 12:55:34 +0800: Memory Usage (593900K) : Ball enabled: false
2026-09-08 12:55:34 +0800: Memory Usage (594164K) : Offgrid enabled:  true
2026-09-08 12:55:34 +0800: Memory Usage (593936K) : MIM Option selected: B
2026-09-08 12:55:34 +0800: Memory Usage (593952K) : Wedge enabled: false
2026-09-08 12:55:34 +0800: Memory Usage (593956K) : Ball enabled: false
2026-09-08 12:55:34 +0800: Memory Usage (593900K) : Number of threads to use 2
2026-09-08 12:55:34 +0800: Memory Usage (593884K) : CONNECTIVITY_RULES enabled: false
2026-09-08 12:55:34 +0800: Memory Usage (593944K) : Ball enabled: false
2026-09-08 12:55:34 +0800: Memory Usage (593900K) : Gold enabled: false
2026-09-08 12:55:34 +0800: Memory Usage (593880K) : CONNECTIVITY_RULES enabled: true
2026-09-08 12:55:34 +0800: Memory Usage (593940K) : MIM Option selected: B
2026-09-08 12:55:34 +0800: Memory Usage (594232K) : Evaluate switches.
2026-09-08 12:55:34 +0800: Memory Usage (594164K) : Number of threads to use 2
2026-09-08 12:55:34 +0800: Memory Usage (593900K) : Gold enabled: false
2026-09-08 12:55:34 +0800: Memory Usage (593936K) : Offgrid enabled:  true
2026-09-08 12:55:34 +0800: Memory Usage (593952K) : Ball enabled: false
2026-09-08 12:55:34 +0800: Memory Usage (593956K) : Gold enabled: false
2026-09-08 12:55:34 +0800: Memory Usage (593884K) : Wedge enabled: false
2026-09-08 12:55:34 +0800: Memory Usage (593900K) : Verbose mode: false
2026-09-08 12:55:34 +0800: Memory Usage (593900K) : MIM Option selected: B
2026-09-08 12:55:34 +0800: Memory Usage (593940K) : Offgrid enabled:  true
2026-09-08 12:55:34 +0800: Memory Usage (593880K) : Wedge enabled: false
2026-09-08 12:55:34 +0800: Memory Usage (593944K) : Gold enabled: false
2026-09-08 12:55:34 +0800: Memory Usage (593900K) : MIM Option selected: B
2026-09-08 12:55:34 +0800: Memory Usage (594164K) : Verbose mode: false
2026-09-08 12:55:34 +0800: Memory Usage (594232K) : table_name selected  via2
2026-09-08 12:55:34 +0800: Memory Usage (593900K) : Offgrid enabled:  true
2026-09-08 12:55:34 +0800: Memory Usage (593900K) : Ball enabled: false
2026-09-08 12:55:34 +0800: Memory Usage (593900K) : flat  mode is enabled for metal3 table
2026-09-08 12:55:34 +0800: Memory Usage (593896K) : Ball enabled: false
2026-09-08 12:55:34 +0800: Memory Usage (593940K) : Number of threads to use 2
2026-09-08 12:55:34 +0800: Memory Usage (593952K) : Gold enabled: false
2026-09-08 12:55:34 +0800: Memory Usage (593956K) : MIM Option selected: B
2026-09-08 12:55:34 +0800: Memory Usage (593936K) : Number of threads to use 2
2026-09-08 12:55:34 +0800: Memory Usage (593900K) : Offgrid enabled:  true
2026-09-08 12:55:34 +0800: Memory Usage (593944K) : MIM Option selected: B
2026-09-08 12:55:34 +0800: Memory Usage (594164K) : flat  mode is enabled for dummy_exclude table
2026-09-08 12:55:34 +0800: Memory Usage (594232K) : CONNECTIVITY_RULES enabled: false
2026-09-08 12:55:34 +0800: Memory Usage (593900K) : Number of threads to use 2
2026-09-08 12:55:34 +0800: Memory Usage (593900K) : Gold enabled: false
2026-09-08 12:55:34 +0800: Memory Usage (593900K) : METAL_TOP Selected is 9K
2026-09-08 12:55:34 +0800: Memory Usage (593940K) : Verbose mode: false
2026-09-08 12:55:34 +0800: Memory Usage (593900K) : Number of threads to use 2
2026-09-08 12:55:34 +0800: Memory Usage (593896K) : Gold enabled: false
2026-09-08 12:55:34 +0800: Memory Usage (594164K) : METAL_TOP Selected is 9K
2026-09-08 12:55:34 +0800: Memory Usage (593956K) : Offgrid enabled:  true
2026-09-08 12:55:34 +0800: Memory Usage (593936K) : Verbose mode: false
2026-09-08 12:55:34 +0800: Memory Usage (593952K) : MIM Option selected: B
2026-09-08 12:55:34 +0800: Memory Usage (594232K) : Wedge enabled: false
2026-09-08 12:55:34 +0800: Memory Usage (593900K) : Verbose mode: false
2026-09-08 12:55:34 +0800: Memory Usage (593900K) : METAL_STACK Selected is 5LM
2026-09-08 12:55:34 +0800: Memory Usage (593900K) : MIM Option selected: B
2026-09-08 12:55:34 +0800: Memory Usage (593944K) : Offgrid enabled:  true
2026-09-08 12:55:34 +0800: Memory Usage (594180K) : METAL_STACK Selected is 5LM
2026-09-08 12:55:34 +0800: Memory Usage (593900K) : Verbose mode: false
2026-09-08 12:55:34 +0800: Memory Usage (593940K) : deep  mode is enabled for nwell_split table
2026-09-08 12:55:34 +0800: Memory Usage (593896K) : MIM Option selected: B
2026-09-08 12:55:34 +0800: Memory Usage (593900K) : FEOL enabled: true
2026-09-08 12:55:34 +0800: Memory Usage (593900K) : Offgrid enabled:  true
2026-09-08 12:55:34 +0800: Memory Usage (593936K) : deep  mode is enabled for ldnmos_split table
2026-09-08 12:55:34 +0800: Memory Usage (593956K) : Number of threads to use 2
2026-09-08 12:55:34 +0800: Memory Usage (593952K) : Offgrid enabled:  true
2026-09-08 12:55:34 +0800: Memory Usage (593900K) : flat  mode is enabled for metal2 table
2026-09-08 12:55:34 +0800: Memory Usage (594232K) : Ball enabled: false
2026-09-08 12:55:34 +0800: Memory Usage (594180K) : FEOL enabled: true
2026-09-08 12:55:34 +0800: Memory Usage (593900K) : deep  mode is enabled for ldpmos_split table
2026-09-08 12:55:34 +0800: Memory Usage (593944K) : Number of threads to use 2
2026-09-08 12:55:34 +0800: Memory Usage (593940K) : METAL_TOP Selected is 9K
2026-09-08 12:55:34 +0800: Memory Usage (593896K) : Offgrid enabled:  true
2026-09-08 12:55:34 +0800: Memory Usage (593900K) : BEOL enabled: true
2026-09-08 12:55:34 +0800: Memory Usage (593900K) : Number of threads to use 2
2026-09-08 12:55:34 +0800: Memory Usage (593936K) : METAL_TOP Selected is 9K
2026-09-08 12:55:34 +0800: Memory Usage (593900K) : METAL_TOP Selected is 9K
2026-09-08 12:55:34 +0800: Memory Usage (594248K) : Gold enabled: false
2026-09-08 12:55:34 +0800: Memory Usage (594180K) : BEOL enabled: true
2026-09-08 12:55:34 +0800: Memory Usage (593900K) : METAL_TOP Selected is 9K
2026-09-08 12:55:34 +0800: Memory Usage (593956K) : Verbose mode: false
2026-09-08 12:55:34 +0800: Memory Usage (593952K) : Number of threads to use 2
2026-09-08 12:55:34 +0800: Memory Usage (593944K) : Verbose mode: false
2026-09-08 12:55:34 +0800: Memory Usage (593900K) : SLOW_VIA enabled: false
2026-09-08 12:55:34 +0800: Memory Usage (593896K) : Number of threads to use 2
2026-09-08 12:55:34 +0800: Memory Usage (593940K) : METAL_STACK Selected is 5LM
2026-09-08 12:55:34 +0800: Memory Usage (593900K) : Verbose mode: false
2026-09-08 12:55:34 +0800: Memory Usage (593900K) : METAL_STACK Selected is 5LM
2026-09-08 12:55:34 +0800: Memory Usage (594180K) : SLOW_VIA enabled: false
2026-09-08 12:55:34 +0800: Memory Usage (593900K) : METAL_STACK Selected is 5LM
2026-09-08 12:55:34 +0800: Memory Usage (593936K) : METAL_STACK Selected is 5LM
2026-09-08 12:55:34 +0800: Memory Usage (593944K) : flat  mode is enabled for lres table
2026-09-08 12:55:34 +0800: Memory Usage (594248K) : MIM Option selected: B
2026-09-08 12:55:34 +0800: Memory Usage (593956K) : deep  mode is enabled for via2_split table
2026-09-08 12:55:34 +0800: Memory Usage (593896K) : Verbose mode: false
2026-09-08 12:55:34 +0800: Memory Usage (593952K) : Verbose mode: false
2026-09-08 12:55:34 +0800: Memory Usage (593940K) : FEOL enabled: true
2026-09-08 12:55:34 +0800: Memory Usage (593900K) : flat  mode is enabled for mcell table
2026-09-08 12:55:34 +0800: Memory Usage (593900K) : FEOL enabled: true
2026-09-08 12:55:34 +0800: Memory Usage (593900K) : FEOL enabled: true
2026-09-08 12:55:34 +0800: Memory Usage (593944K) : METAL_TOP Selected is 9K
2026-09-08 12:55:34 +0800: Memory Usage (593936K) : FEOL enabled: true
2026-09-08 12:55:34 +0800: Memory Usage (594248K) : Offgrid enabled:  true
2026-09-08 12:55:34 +0800: Memory Usage (593896K) : deep  mode is enabled for dnwell_split table
2026-09-08 12:55:34 +0800: Memory Usage (593956K) : METAL_TOP Selected is 9K
2026-09-08 12:55:34 +0800: Memory Usage (593952K) : deep  mode is enabled for via4_split table
2026-09-08 12:55:34 +0800: Memory Usage (593940K) : BEOL enabled: true
2026-09-08 12:55:34 +0800: Memory Usage (593900K) : BEOL enabled: true
2026-09-08 12:55:34 +0800: Memory Usage (593900K) : METAL_TOP Selected is 9K
2026-09-08 12:55:34 +0800: Memory Usage (593944K) : METAL_STACK Selected is 5LM
2026-09-08 12:55:34 +0800: Memory Usage (593900K) : BEOL enabled: true
2026-09-08 12:55:34 +0800: Memory Usage (594248K) : Number of threads to use 2
2026-09-08 12:55:34 +0800: Memory Usage (593952K) : METAL_TOP Selected is 9K
2026-09-08 12:55:34 +0800: Memory Usage (593936K) : BEOL enabled: true
2026-09-08 12:55:34 +0800: Memory Usage (593956K) : METAL_STACK Selected is 5LM
2026-09-08 12:55:34 +0800: Memory Usage (593900K) : SLOW_VIA enabled: false
2026-09-08 12:55:34 +0800: Memory Usage (593896K) : METAL_TOP Selected is 9K
2026-09-08 12:55:34 +0800: Memory Usage (593900K) : METAL_STACK Selected is 5LM
2026-09-08 12:55:34 +0800: Memory Usage (593940K) : SLOW_VIA enabled: false
2026-09-08 12:55:34 +0800: Memory Usage (593944K) : FEOL enabled: true
2026-09-08 12:55:34 +0800: Memory Usage (593900K) : SLOW_VIA enabled: false
2026-09-08 12:55:34 +0800: Memory Usage (594248K) : Verbose mode: false
2026-09-08 12:55:34 +0800: Memory Usage (593952K) : METAL_STACK Selected is 5LM
2026-09-08 12:55:34 +0800: Memory Usage (593936K) : SLOW_VIA enabled: false
2026-09-08 12:55:34 +0800: Memory Usage (593900K) : FEOL enabled: true
2026-09-08 12:55:34 +0800: Memory Usage (593956K) : FEOL enabled: true
2026-09-08 12:55:34 +0800: Memory Usage (593896K) : METAL_STACK Selected is 5LM
2026-09-08 12:55:34 +0800: Memory Usage (593960K) : BEOL enabled: true
2026-09-08 12:55:34 +0800: Memory Usage (594248K) : flat  mode is enabled for via2 table
2026-09-08 12:55:34 +0800: Memory Usage (593952K) : FEOL enabled: true
2026-09-08 12:55:34 +0800: Memory Usage (593900K) : BEOL enabled: true
2026-09-08 12:55:34 +0800: Memory Usage (593972K) : BEOL enabled: true
2026-09-08 12:55:34 +0800: Memory Usage (593960K) : SLOW_VIA enabled: false
2026-09-08 12:55:34 +0800: Memory Usage (593896K) : FEOL enabled: true
2026-09-08 12:55:34 +0800: Memory Usage (594248K) : METAL_TOP Selected is 9K
2026-09-08 12:55:34 +0800: Memory Usage (593956K) : Read in polygons from layers.
2026-09-08 12:55:34 +0800: Memory Usage (593972K) : SLOW_VIA enabled: false
2026-09-08 12:55:35 +0800: Memory Usage (594248K) : METAL_STACK Selected is 5LM
2026-09-08 12:55:34 +0800: Memory Usage (593900K) : SLOW_VIA enabled: false
2026-09-08 12:55:34 +0800: Memory Usage (593968K) : BEOL enabled: true
2026-09-08 12:55:34 +0800: Memory Usage (593896K) : BEOL enabled: true
2026-09-08 12:55:34 +0800: Memory Usage (594180K) : Read in polygons from layers.
2026-09-08 12:55:35 +0800: Memory Usage (594596K) : comp has 17801 polygons
2026-09-08 12:55:34 +0800: Memory Usage (593900K) : Read in polygons from layers.
2026-09-08 12:55:34 +0800: Memory Usage (593900K) : Read in polygons from layers.
2026-09-08 12:55:35 +0800: Memory Usage (593968K) : SLOW_VIA enabled: false
2026-09-08 12:55:35 +0800: Memory Usage (594248K) : FEOL enabled: true
2026-09-08 12:55:35 +0800: Memory Usage (596432K) : comp has 17798 polygons
2026-09-08 12:55:35 +0800: Memory Usage (593896K) : SLOW_VIA enabled: false
2026-09-08 12:55:35 +0800: Memory Usage (596164K) : comp has 17798 polygons
2026-09-08 12:55:35 +0800: Memory Usage (594596K) : dnwell has 0 polygons
2026-09-08 12:55:35 +0800: Memory Usage (594556K) : comp has 17801 polygons
2026-09-08 12:55:35 +0800: Memory Usage (594248K) : BEOL enabled: true
2026-09-08 12:55:34 +0800: Memory Usage (593936K) : Read in polygons from layers.
2026-09-08 12:55:35 +0800: Memory Usage (594248K) : SLOW_VIA enabled: false
2026-09-08 12:55:35 +0800: Memory Usage (594596K) : nwell has 15936 polygons
2026-09-08 12:55:35 +0800: Memory Usage (593972K) : Read in polygons from layers.
2026-09-08 12:55:34 +0800: Memory Usage (593900K) : Read in polygons from layers.
2026-09-08 12:55:35 +0800: Memory Usage (594556K) : dnwell has 0 polygons
2026-09-08 12:55:35 +0800: Memory Usage (594592K) : comp has 17801 polygons
2026-09-08 12:55:35 +0800: Memory Usage (596168K) : comp has 17798 polygons
2026-09-08 12:55:35 +0800: Memory Usage (594612K) : comp has 17801 polygons
2026-09-08 12:55:35 +0800: Memory Usage (594596K) : lvpwell has 15936 polygons
2026-09-08 12:55:35 +0800: Memory Usage (593896K) : Read in polygons from layers.
2026-09-08 12:55:35 +0800: Memory Usage (594556K) : nwell has 15936 polygons
2026-09-08 12:55:35 +0800: Memory Usage (594592K) : dnwell has 0 polygons
2026-09-08 12:55:35 +0800: Memory Usage (593968K) : Read in polygons from layers.
2026-09-08 12:55:35 +0800: Memory Usage (594612K) : dnwell has 0 polygons
2026-09-08 12:55:35 +0800: Memory Usage (594556K) : lvpwell has 15936 polygons
2026-09-08 12:55:35 +0800: Memory Usage (594552K) : comp has 17801 polygons
2026-09-08 12:55:35 +0800: Memory Usage (594608K) : comp has 17801 polygons
2026-09-08 12:55:35 +0800: Memory Usage (594596K) : dualgate has 15936 polygons
2026-09-08 12:55:35 +0800: Memory Usage (596432K) : dnwell has 0 polygons
2026-09-08 12:55:34 +0800: Memory Usage (593960K) : Read in polygons from layers.
2026-09-08 12:55:35 +0800: Memory Usage (596164K) : dnwell has 0 polygons
2026-09-08 12:55:35 +0800: Memory Usage (594592K) : nwell has 15936 polygons
2026-09-08 12:55:35 +0800: Memory Usage (594608K) : dnwell has 0 polygons
2026-09-08 12:55:35 +0800: Memory Usage (596212K) : comp has 17798 polygons
2026-09-08 12:55:35 +0800: Memory Usage (594556K) : dualgate has 15936 polygons
2026-09-08 12:55:35 +0800: Memory Usage (593900K) : Read in polygons from layers.
2026-09-08 12:55:35 +0800: Memory Usage (594612K) : nwell has 15936 polygons
2026-09-08 12:55:35 +0800: Memory Usage (594552K) : dnwell has 0 polygons
2026-09-08 12:55:35 +0800: Memory Usage (594592K) : lvpwell has 15936 polygons
2026-09-08 12:55:35 +0800: Memory Usage (594596K) : poly2 has 28468 polygons
2026-09-08 12:55:35 +0800: Memory Usage (594608K) : nwell has 15936 polygons
2026-09-08 12:55:35 +0800: Memory Usage (596164K) : comp has 17798 polygons
2026-09-08 12:55:35 +0800: Memory Usage (594556K) : poly2 has 28468 polygons
2026-09-08 12:55:35 +0800: Memory Usage (594612K) : lvpwell has 15936 polygons
2026-09-08 12:55:35 +0800: Memory Usage (594552K) : nwell has 15936 polygons
2026-09-08 12:55:35 +0800: Memory Usage (594248K) : Read in polygons from layers.
2026-09-08 12:55:35 +0800: Memory Usage (594592K) : dualgate has 15936 polygons
2026-09-08 12:55:35 +0800: Memory Usage (594608K) : lvpwell has 15936 polygons
2026-09-08 12:55:35 +0800: Memory Usage (596168K) : dnwell has 0 polygons
2026-09-08 12:55:35 +0800: Memory Usage (596516K) : comp has 17798 polygons
2026-09-08 12:55:35 +0800: Memory Usage (594552K) : lvpwell has 15936 polygons
2026-09-08 12:55:35 +0800: Memory Usage (594592K) : poly2 has 28468 polygons
2026-09-08 12:55:35 +0800: Memory Usage (594596K) : nplus has 15936 polygons
2026-09-08 12:55:35 +0800: Memory Usage (594612K) : dualgate has 15936 polygons
2026-09-08 12:55:35 +0800: Memory Usage (594608K) : dualgate has 15936 polygons
2026-09-08 12:55:35 +0800: Memory Usage (594596K) : pplus has 17972 polygons
2026-09-08 12:55:35 +0800: Memory Usage (601072K) : nwell has 67 polygons
2026-09-08 12:55:35 +0800: Memory Usage (594552K) : dualgate has 15936 polygons
2026-09-08 12:55:35 +0800: Memory Usage (594612K) : poly2 has 28468 polygons
2026-09-08 12:55:35 +0800: Memory Usage (594556K) : nplus has 15936 polygons
2026-09-08 12:55:35 +0800: Memory Usage (594596K) : sab has 0 polygons
2026-09-08 12:55:35 +0800: Memory Usage (596212K) : dnwell has 0 polygons
2026-09-08 12:55:35 +0800: Memory Usage (600968K) : nwell has 67 polygons
2026-09-08 12:55:35 +0800: Memory Usage (594608K) : poly2 has 28468 polygons
2026-09-08 12:55:35 +0800: Memory Usage (594592K) : nplus has 15936 polygons
2026-09-08 12:55:35 +0800: Memory Usage (594552K) : poly2 has 28468 polygons
2026-09-08 12:55:35 +0800: Memory Usage (594596K) : esd has 0 polygons
2026-09-08 12:55:35 +0800: Memory Usage (594556K) : pplus has 17972 polygons
2026-09-08 12:55:35 +0800: Memory Usage (596164K) : dnwell has 0 polygons
2026-09-08 12:55:35 +0800: Memory Usage (594592K) : pplus has 17972 polygons
2026-09-08 12:55:35 +0800: Memory Usage (594608K) : nplus has 15936 polygons
2026-09-08 12:55:35 +0800: Memory Usage (594556K) : sab has 0 polygons
2026-09-08 12:55:35 +0800: Memory Usage (594596K) : resistor has 0 polygons
2026-09-08 12:55:35 +0800: Memory Usage (600968K) : nwell has 67 polygons
2026-09-08 12:55:35 +0800: Memory Usage (594612K) : nplus has 15936 polygons
2026-09-08 12:55:35 +0800: Memory Usage (594592K) : sab has 0 polygons
2026-09-08 12:55:35 +0800: Memory Usage (596516K) : dnwell has 0 polygons
2026-09-08 12:55:35 +0800: Memory Usage (594556K) : esd has 0 polygons
2026-09-08 12:55:35 +0800: Memory Usage (594592K) : esd has 0 polygons
2026-09-08 12:55:35 +0800: Memory Usage (594612K) : pplus has 17972 polygons
2026-09-08 12:55:35 +0800: Memory Usage (594552K) : nplus has 15936 polygons
2026-09-08 12:55:35 +0800: Memory Usage (594596K) : fhres has 0 polygons
2026-09-08 12:55:35 +0800: Memory Usage (601216K) : lvpwell has 68 polygons
2026-09-08 12:55:35 +0800: Memory Usage (594592K) : resistor has 0 polygons
2026-09-08 12:55:35 +0800: Memory Usage (594612K) : sab has 0 polygons
2026-09-08 12:55:35 +0800: Memory Usage (594608K) : pplus has 17972 polygons
2026-09-08 12:55:35 +0800: Memory Usage (594556K) : resistor has 0 polygons
2026-09-08 12:55:35 +0800: Memory Usage (594596K) : fusetop has 0 polygons
2026-09-08 12:55:35 +0800: Memory Usage (594552K) : pplus has 17972 polygons
2026-09-08 12:55:35 +0800: Memory Usage (594592K) : fhres has 0 polygons
2026-09-08 12:55:35 +0800: Memory Usage (601112K) : lvpwell has 68 polygons
2026-09-08 12:55:35 +0800: Memory Usage (594556K) : fhres has 0 polygons
2026-09-08 12:55:35 +0800: Memory Usage (594612K) : esd has 0 polygons
2026-09-08 12:55:35 +0800: Memory Usage (594608K) : sab has 0 polygons
2026-09-08 12:55:35 +0800: Memory Usage (594596K) : fusewindow_d has 0 polygons
2026-09-08 12:55:35 +0800: Memory Usage (594556K) : fusetop has 0 polygons
2026-09-08 12:55:35 +0800: Memory Usage (601012K) : nwell has 67 polygons
2026-09-08 12:55:35 +0800: Memory Usage (594592K) : fusetop has 0 polygons
2026-09-08 12:55:35 +0800: Memory Usage (594612K) : resistor has 0 polygons
2026-09-08 12:55:35 +0800: Memory Usage (594552K) : sab has 0 polygons
2026-09-08 12:55:36 +0800: Memory Usage (594608K) : esd has 0 polygons
2026-09-08 12:55:35 +0800: Memory Usage (600968K) : nwell has 67 polygons
2026-09-08 12:55:36 +0800: Memory Usage (594556K) : fusewindow_d has 0 polygons
2026-09-08 12:55:36 +0800: Memory Usage (594592K) : fusewindow_d has 0 polygons
2026-09-08 12:55:35 +0800: Memory Usage (601112K) : lvpwell has 68 polygons
2026-09-08 12:55:36 +0800: Memory Usage (594612K) : fhres has 0 polygons
2026-09-08 12:55:36 +0800: Memory Usage (594552K) : esd has 0 polygons
2026-09-08 12:55:36 +0800: Memory Usage (594608K) : resistor has 0 polygons
2026-09-08 12:55:36 +0800: Memory Usage (594596K) : polyfuse has 0 polygons
2026-09-08 12:55:36 +0800: Memory Usage (594592K) : polyfuse has 0 polygons
2026-09-08 12:55:36 +0800: Memory Usage (594552K) : resistor has 0 polygons
2026-09-08 12:55:36 +0800: Memory Usage (594612K) : fusetop has 0 polygons
2026-09-08 12:55:35 +0800: Memory Usage (601152K) : nwell has 67 polygons
2026-09-08 12:55:36 +0800: Memory Usage (594608K) : fhres has 0 polygons
2026-09-08 12:55:36 +0800: Memory Usage (594596K) : mvsd has 0 polygons
2026-09-08 12:55:36 +0800: Memory Usage (594552K) : fhres has 0 polygons
2026-09-08 12:55:36 +0800: Memory Usage (594612K) : fusewindow_d has 0 polygons
2026-09-08 12:55:36 +0800: Memory Usage (594556K) : polyfuse has 0 polygons
2026-09-08 12:55:36 +0800: Memory Usage (594608K) : fusetop has 0 polygons
2026-09-08 12:55:36 +0800: Memory Usage (594596K) : mvpsd has 0 polygons
2026-09-08 12:55:36 +0800: Memory Usage (594552K) : fusetop has 0 polygons
2026-09-08 12:55:36 +0800: Memory Usage (594556K) : mvsd has 0 polygons
2026-09-08 12:55:36 +0800: Memory Usage (601152K) : lvpwell has 68 polygons
2026-09-08 12:55:36 +0800: Memory Usage (594592K) : mvsd has 0 polygons
2026-09-08 12:55:36 +0800: Memory Usage (594608K) : fusewindow_d has 0 polygons
2026-09-08 12:55:36 +0800: Memory Usage (594596K) : nat has 0 polygons
2026-09-08 12:55:36 +0800: Memory Usage (594552K) : fusewindow_d has 0 polygons
2026-09-08 12:55:35 +0800: Memory Usage (605200K) : dualgate has 1 polygons
2026-09-08 12:55:36 +0800: Memory Usage (594612K) : polyfuse has 0 polygons
2026-09-08 12:55:36 +0800: Memory Usage (594556K) : mvpsd has 0 polygons
2026-09-08 12:55:36 +0800: Memory Usage (601108K) : lvpwell has 68 polygons
2026-09-08 12:55:36 +0800: Memory Usage (594608K) : polyfuse has 0 polygons
2026-09-08 12:55:36 +0800: Memory Usage (594592K) : mvpsd has 0 polygons
2026-09-08 12:55:36 +0800: Memory Usage (594596K) : comp_dummy has 0 polygons
2026-09-08 12:55:36 +0800: Memory Usage (594556K) : nat has 0 polygons
2026-09-08 12:55:36 +0800: Memory Usage (594612K) : mvsd has 0 polygons
2026-09-08 12:55:36 +0800: Memory Usage (594596K) : poly2_dummy has 0 polygons
2026-09-08 12:55:36 +0800: Memory Usage (594592K) : nat has 0 polygons
2026-09-08 12:55:36 +0800: Memory Usage (601292K) : lvpwell has 68 polygons
2026-09-08 12:55:36 +0800: Memory Usage (594556K) : comp_dummy has 0 polygons
2026-09-08 12:55:36 +0800: Memory Usage (594612K) : mvpsd has 0 polygons
2026-09-08 12:55:36 +0800: Memory Usage (594552K) : polyfuse has 0 polygons
2026-09-08 12:55:36 +0800: Memory Usage (594608K) : mvsd has 0 polygons
2026-09-08 12:55:36 +0800: Memory Usage (594612K) : nat has 0 polygons
2026-09-08 12:55:36 +0800: Memory Usage (594596K) : schottky_diode has 0 polygons
2026-09-08 12:55:36 +0800: Memory Usage (594556K) : poly2_dummy has 0 polygons
2026-09-08 12:55:36 +0800: Memory Usage (594592K) : comp_dummy has 0 polygons
2026-09-08 12:55:36 +0800: Memory Usage (594612K) : comp_dummy has 0 polygons
2026-09-08 12:55:36 +0800: Memory Usage (594596K) : zener has 0 polygons
2026-09-08 12:55:36 +0800: Memory Usage (594552K) : mvsd has 0 polygons
2026-09-08 12:55:36 +0800: Memory Usage (594608K) : mvpsd has 0 polygons
2026-09-08 12:55:36 +0800: Memory Usage (594556K) : schottky_diode has 0 polygons
2026-09-08 12:55:36 +0800: Memory Usage (594592K) : poly2_dummy has 0 polygons
2026-09-08 12:55:36 +0800: Memory Usage (594612K) : poly2_dummy has 0 polygons
2026-09-08 12:55:36 +0800: Memory Usage (594596K) : res_mk has 0 polygons
2026-09-08 12:55:36 +0800: Memory Usage (594556K) : zener has 0 polygons
2026-09-08 12:55:36 +0800: Memory Usage (594552K) : mvpsd has 0 polygons
2026-09-08 12:55:36 +0800: Memory Usage (594608K) : nat has 0 polygons
2026-09-08 12:55:35 +0800: Memory Usage (605096K) : dualgate has 1 polygons
2026-09-08 12:55:36 +0800: Memory Usage (594612K) : schottky_diode has 0 polygons
2026-09-08 12:55:36 +0800: Memory Usage (594592K) : schottky_diode has 0 polygons
2026-09-08 12:55:36 +0800: Memory Usage (594556K) : res_mk has 0 polygons
2026-09-08 12:55:36 +0800: Memory Usage (605096K) : dualgate has 1 polygons
2026-09-08 12:55:36 +0800: Memory Usage (594552K) : nat has 0 polygons
2026-09-08 12:55:36 +0800: Memory Usage (594608K) : comp_dummy has 0 polygons
2026-09-08 12:55:36 +0800: Memory Usage (594596K) : opc_drc has 0 polygons
2026-09-08 12:55:36 +0800: Memory Usage (594592K) : zener has 0 polygons
2026-09-08 12:55:36 +0800: Memory Usage (594612K) : zener has 0 polygons
2026-09-08 12:55:36 +0800: Memory Usage (594608K) : poly2_dummy has 0 polygons
2026-09-08 12:55:36 +0800: Memory Usage (594552K) : comp_dummy has 0 polygons
2026-09-08 12:55:36 +0800: Memory Usage (594592K) : res_mk has 0 polygons
2026-09-08 12:55:36 +0800: Memory Usage (594612K) : res_mk has 0 polygons
2026-09-08 12:55:36 +0800: Memory Usage (605400K) : poly2 has 24914 polygons
2026-09-08 12:55:36 +0800: Memory Usage (594556K) : opc_drc has 0 polygons
2026-09-08 12:55:36 +0800: Memory Usage (594608K) : schottky_diode has 0 polygons
2026-09-08 12:55:36 +0800: Memory Usage (594552K) : poly2_dummy has 0 polygons
2026-09-08 12:55:36 +0800: Memory Usage (594592K) : opc_drc has 0 polygons
2026-09-08 12:55:36 +0800: Memory Usage (594596K) : v5_xtor has 15936 polygons
2026-09-08 12:55:36 +0800: Memory Usage (594612K) : opc_drc has 0 polygons
2026-09-08 12:55:36 +0800: Memory Usage (594552K) : schottky_diode has 0 polygons
2026-09-08 12:55:36 +0800: Memory Usage (594608K) : zener has 0 polygons
2026-09-08 12:55:36 +0800: Memory Usage (594556K) : v5_xtor has 15936 polygons
2026-09-08 12:55:36 +0800: Memory Usage (605136K) : dualgate has 1 polygons
2026-09-08 12:55:36 +0800: Memory Usage (594596K) : cap_mk has 0 polygons
2026-09-08 12:55:36 +0800: Memory Usage (594556K) : cap_mk has 0 polygons
2026-09-08 12:55:36 +0800: Memory Usage (594552K) : zener has 0 polygons
2026-09-08 12:55:36 +0800: Memory Usage (605092K) : dualgate has 1 polygons
2026-09-08 12:55:36 +0800: Memory Usage (594608K) : res_mk has 0 polygons
2026-09-08 12:55:36 +0800: Memory Usage (594612K) : v5_xtor has 15936 polygons
2026-09-08 12:55:36 +0800: Memory Usage (594556K) : mos_cap_mk has 0 polygons
2026-09-08 12:55:36 +0800: Memory Usage (594596K) : mos_cap_mk has 0 polygons
2026-09-08 12:55:36 +0800: Memory Usage (594552K) : res_mk has 0 polygons
2026-09-08 12:55:36 +0800: Memory Usage (594592K) : v5_xtor has 15936 polygons
2026-09-08 12:55:36 +0800: Memory Usage (608984K) : nplus has 68 polygons
2026-09-08 12:55:36 +0800: Memory Usage (605296K) : poly2 has 24914 polygons
2026-09-08 12:55:36 +0800: Memory Usage (594612K) : cap_mk has 0 polygons
2026-09-08 12:55:36 +0800: Memory Usage (594608K) : opc_drc has 0 polygons
2026-09-08 12:55:36 +0800: Memory Usage (594556K) : ind_mk has 0 polygons
2026-09-08 12:55:36 +0800: Memory Usage (594592K) : cap_mk has 0 polygons
2026-09-08 12:55:36 +0800: Memory Usage (594596K) : ind_mk has 0 polygons
2026-09-08 12:55:36 +0800: Memory Usage (605300K) : poly2 has 24914 polygons
2026-09-08 12:55:37 +0800: Memory Usage (594612K) : mos_cap_mk has 0 polygons
2026-09-08 12:55:36 +0800: Memory Usage (605276K) : dualgate has 1 polygons
2026-09-08 12:55:37 +0800: Memory Usage (594556K) : diode_mk has 0 polygons
2026-09-08 12:55:37 +0800: Memory Usage (594592K) : mos_cap_mk has 0 polygons
2026-09-08 12:55:37 +0800: Memory Usage (594596K) : diode_mk has 0 polygons
2026-09-08 12:55:37 +0800: Memory Usage (594612K) : ind_mk has 0 polygons
2026-09-08 12:55:36 +0800: Memory Usage (594552K) : opc_drc has 0 polygons
2026-09-08 12:55:37 +0800: Memory Usage (608984K) : pplus has 2103 polygons
2026-09-08 12:55:37 +0800: Memory Usage (594592K) : ind_mk has 0 polygons
2026-09-08 12:55:37 +0800: Memory Usage (594612K) : diode_mk has 0 polygons
2026-09-08 12:55:37 +0800: Memory Usage (594556K) : drc_bjt has 0 polygons
2026-09-08 12:55:37 +0800: Memory Usage (608984K) : sab has 0 polygons
2026-09-08 12:55:37 +0800: Memory Usage (594608K) : v5_xtor has 15936 polygons
2026-09-08 12:55:37 +0800: Memory Usage (594596K) : drc_bjt has 0 polygons
2026-09-08 12:55:37 +0800: Memory Usage (594552K) : v5_xtor has 15936 polygons
2026-09-08 12:55:36 +0800: Memory Usage (605340K) : poly2 has 24914 polygons
2026-09-08 12:55:36 +0800: Memory Usage (605296K) : poly2 has 24914 polygons
2026-09-08 12:55:37 +0800: Memory Usage (608984K) : esd has 0 polygons
2026-09-08 12:55:37 +0800: Memory Usage (594552K) : cap_mk has 0 polygons
2026-09-08 12:55:37 +0800: Memory Usage (594612K) : drc_bjt has 0 polygons
2026-09-08 12:55:37 +0800: Memory Usage (594608K) : cap_mk has 0 polygons
2026-09-08 12:55:37 +0800: Memory Usage (594592K) : diode_mk has 0 polygons
2026-09-08 12:55:37 +0800: Memory Usage (594596K) : lvs_bjt has 0 polygons
2026-09-08 12:55:37 +0800: Memory Usage (594556K) : lvs_bjt has 0 polygons
2026-09-08 12:55:37 +0800: Memory Usage (608880K) : nplus has 68 polygons
2026-09-08 12:55:37 +0800: Memory Usage (608984K) : resistor has 0 polygons
2026-09-08 12:55:37 +0800: Memory Usage (594612K) : lvs_bjt has 0 polygons
2026-09-08 12:55:37 +0800: Memory Usage (594552K) : mos_cap_mk has 0 polygons
2026-09-08 12:55:37 +0800: Memory Usage (594592K) : drc_bjt has 0 polygons
2026-09-08 12:55:37 +0800: Memory Usage (594608K) : mos_cap_mk has 0 polygons
2026-09-08 12:55:37 +0800: Memory Usage (594556K) : mim_l_mk has 0 polygons
2026-09-08 12:55:37 +0800: Memory Usage (594596K) : mim_l_mk has 0 polygons
2026-09-08 12:55:37 +0800: Memory Usage (608884K) : nplus has 68 polygons
2026-09-08 12:55:37 +0800: Memory Usage (608984K) : fhres has 0 polygons
2026-09-08 12:55:37 +0800: Memory Usage (594612K) : mim_l_mk has 0 polygons
2026-09-08 12:55:37 +0800: Memory Usage (594592K) : lvs_bjt has 0 polygons
2026-09-08 12:55:37 +0800: Memory Usage (594552K) : ind_mk has 0 polygons
2026-09-08 12:55:37 +0800: Memory Usage (594608K) : ind_mk has 0 polygons
2026-09-08 12:55:37 +0800: Memory Usage (608984K) : fusetop has 0 polygons
2026-09-08 12:55:37 +0800: Memory Usage (594556K) : latchup_mk has 0 polygons
2026-09-08 12:55:37 +0800: Memory Usage (608880K) : pplus has 2103 polygons
2026-09-08 12:55:37 +0800: Memory Usage (594612K) : latchup_mk has 0 polygons
2026-09-08 12:55:37 +0800: Memory Usage (608880K) : sab has 0 polygons
2026-09-08 12:55:37 +0800: Memory Usage (594592K) : mim_l_mk has 0 polygons
2026-09-08 12:55:37 +0800: Memory Usage (594608K) : diode_mk has 0 polygons
2026-09-08 12:55:37 +0800: Memory Usage (594552K) : diode_mk has 0 polygons
2026-09-08 12:55:37 +0800: Memory Usage (608884K) : pplus has 2103 polygons
2026-09-08 12:55:37 +0800: Memory Usage (608984K) : fusewindow_d has 0 polygons
2026-09-08 12:55:37 +0800: Memory Usage (594596K) : latchup_mk has 0 polygons
2026-09-08 12:55:37 +0800: Memory Usage (608880K) : esd has 0 polygons
2026-09-08 12:55:37 +0800: Memory Usage (594608K) : drc_bjt has 0 polygons
2026-09-08 12:55:37 +0800: Memory Usage (594552K) : drc_bjt has 0 polygons
2026-09-08 12:55:37 +0800: Memory Usage (608884K) : sab has 0 polygons
2026-09-08 12:55:37 +0800: Memory Usage (594612K) : guard_ring_mk has 0 polygons
2026-09-08 12:55:37 +0800: Memory Usage (608880K) : nplus has 68 polygons
2026-09-08 12:55:37 +0800: Memory Usage (608984K) : polyfuse has 0 polygons
2026-09-08 12:55:37 +0800: Memory Usage (605480K) : poly2 has 24914 polygons
2026-09-08 12:55:37 +0800: Memory Usage (594596K) : guard_ring_mk has 0 polygons
2026-09-08 12:55:37 +0800: Memory Usage (608880K) : resistor has 0 polygons
2026-09-08 12:55:37 +0800: Memory Usage (594556K) : guard_ring_mk has 0 polygons
2026-09-08 12:55:37 +0800: Memory Usage (608924K) : nplus has 68 polygons
2026-09-08 12:55:37 +0800: Memory Usage (594592K) : latchup_mk has 0 polygons
2026-09-08 12:55:37 +0800: Memory Usage (594552K) : lvs_bjt has 0 polygons
2026-09-08 12:55:37 +0800: Memory Usage (594612K) : otp_mk has 0 polygons
2026-09-08 12:55:37 +0800: Memory Usage (608880K) : pplus has 2103 polygons
2026-09-08 12:55:37 +0800: Memory Usage (594608K) : lvs_bjt has 0 polygons
2026-09-08 12:55:37 +0800: Memory Usage (608884K) : esd has 0 polygons
2026-09-08 12:55:37 +0800: Memory Usage (608984K) : mvsd has 0 polygons
2026-09-08 12:55:37 +0800: Memory Usage (608924K) : pplus has 2103 polygons
2026-09-08 12:55:37 +0800: Memory Usage (608880K) : fhres has 0 polygons
2026-09-08 12:55:37 +0800: Memory Usage (594596K) : otp_mk has 0 polygons
2026-09-08 12:55:37 +0800: Memory Usage (594556K) : otp_mk has 0 polygons
2026-09-08 12:55:37 +0800: Memory Usage (594592K) : guard_ring_mk has 0 polygons
2026-09-08 12:55:37 +0800: Memory Usage (608880K) : sab has 0 polygons
2026-09-08 12:55:37 +0800: Memory Usage (594612K) : mtpmark has 0 polygons
2026-09-08 12:55:37 +0800: Memory Usage (608880K) : fusetop has 0 polygons
2026-09-08 12:55:37 +0800: Memory Usage (594608K) : mim_l_mk has 0 polygons
2026-09-08 12:55:37 +0800: Memory Usage (608924K) : sab has 0 polygons
2026-09-08 12:55:37 +0800: Memory Usage (608884K) : resistor has 0 polygons
2026-09-08 12:55:37 +0800: Memory Usage (594596K) : mtpmark has 0 polygons
2026-09-08 12:55:37 +0800: Memory Usage (594556K) : mtpmark has 0 polygons
2026-09-08 12:55:37 +0800: Memory Usage (608880K) : esd has 0 polygons
2026-09-08 12:55:37 +0800: Memory Usage (594592K) : otp_mk has 0 polygons
2026-09-08 12:55:37 +0800: Memory Usage (594612K) : neo_ee_mk has 0 polygons
2026-09-08 12:55:37 +0800: Memory Usage (608880K) : fusewindow_d has 0 polygons
2026-09-08 12:55:37 +0800: Memory Usage (608984K) : mvpsd has 0 polygons
2026-09-08 12:55:37 +0800: Memory Usage (594552K) : mim_l_mk has 0 polygons
2026-09-08 12:55:37 +0800: Memory Usage (608884K) : fhres has 0 polygons
2026-09-08 12:55:37 +0800: Memory Usage (608924K) : esd has 0 polygons
2026-09-08 12:55:37 +0800: Memory Usage (594592K) : mtpmark has 0 polygons
2026-09-08 12:55:37 +0800: Memory Usage (608880K) : resistor has 0 polygons
2026-09-08 12:55:37 +0800: Memory Usage (594596K) : neo_ee_mk has 0 polygons
2026-09-08 12:55:37 +0800: Memory Usage (594556K) : neo_ee_mk has 0 polygons
2026-09-08 12:55:37 +0800: Memory Usage (608984K) : nat has 0 polygons
2026-09-08 12:55:37 +0800: Memory Usage (594612K) : sramcore has 0 polygons
2026-09-08 12:55:37 +0800: Memory Usage (608880K) : polyfuse has 0 polygons
2026-09-08 12:55:37 +0800: Memory Usage (608884K) : fusetop has 0 polygons
2026-09-08 12:55:37 +0800: Memory Usage (594552K) : latchup_mk has 0 polygons
2026-09-08 12:55:37 +0800: Memory Usage (608924K) : resistor has 0 polygons
2026-09-08 12:55:37 +0800: Memory Usage (608984K) : comp_dummy has 0 polygons
2026-09-08 12:55:37 +0800: Memory Usage (594556K) : sramcore has 0 polygons
2026-09-08 12:55:37 +0800: Memory Usage (608880K) : fhres has 0 polygons
2026-09-08 12:55:37 +0800: Memory Usage (594612K) : lvs_rf has 0 polygons
2026-09-08 12:55:37 +0800: Memory Usage (594592K) : neo_ee_mk has 0 polygons
2026-09-08 12:55:37 +0800: Memory Usage (594596K) : sramcore has 0 polygons
2026-09-08 12:55:37 +0800: Memory Usage (608880K) : mvsd has 0 polygons
2026-09-08 12:55:37 +0800: Memory Usage (594608K) : latchup_mk has 0 polygons
2026-09-08 12:55:37 +0800: Memory Usage (609064K) : nplus has 68 polygons
2026-09-08 12:55:37 +0800: Memory Usage (608884K) : fusewindow_d has 0 polygons
2026-09-08 12:55:37 +0800: Memory Usage (594552K) : guard_ring_mk has 0 polygons
2026-09-08 12:55:37 +0800: Memory Usage (608984K) : poly2_dummy has 0 polygons
2026-09-08 12:55:37 +0800: Memory Usage (608880K) : mvpsd has 0 polygons
2026-09-08 12:55:37 +0800: Memory Usage (594612K) : lvs_drain has 0 polygons
2026-09-08 12:55:37 +0800: Memory Usage (594556K) : lvs_rf has 0 polygons
2026-09-08 12:55:37 +0800: Memory Usage (594592K) : sramcore has 0 polygons
2026-09-08 12:55:37 +0800: Memory Usage (594608K) : guard_ring_mk has 0 polygons
2026-09-08 12:55:37 +0800: Memory Usage (594596K) : lvs_rf has 0 polygons
2026-09-08 12:55:37 +0800: Memory Usage (608884K) : polyfuse has 0 polygons
2026-09-08 12:55:37 +0800: Memory Usage (594552K) : otp_mk has 0 polygons
2026-09-08 12:55:37 +0800: Memory Usage (608984K) : schottky_diode has 0 polygons
2026-09-08 12:55:37 +0800: Memory Usage (594556K) : lvs_drain has 0 polygons
2026-09-08 12:55:37 +0800: Memory Usage (609064K) : pplus has 2103 polygons
2026-09-08 12:55:37 +0800: Memory Usage (594612K) : ind_mk has 0 polygons
2026-09-08 12:55:37 +0800: Memory Usage (608924K) : fhres has 0 polygons
2026-09-08 12:55:37 +0800: Memory Usage (594592K) : lvs_rf has 0 polygons
2026-09-08 12:55:37 +0800: Memory Usage (594608K) : otp_mk has 0 polygons
2026-09-08 12:55:37 +0800: Memory Usage (594596K) : lvs_drain has 0 polygons
2026-09-08 12:55:37 +0800: Memory Usage (608880K) : fusetop has 0 polygons
2026-09-08 12:55:37 +0800: Memory Usage (594552K) : mtpmark has 0 polygons
2026-09-08 12:55:37 +0800: Memory Usage (608884K) : mvsd has 0 polygons
2026-09-08 12:55:37 +0800: Memory Usage (594556K) : ind_mk has 0 polygons
2026-09-08 12:55:37 +0800: Memory Usage (608880K) : nat has 0 polygons
2026-09-08 12:55:37 +0800: Memory Usage (609064K) : sab has 0 polygons
2026-09-08 12:55:37 +0800: Memory Usage (608984K) : zener has 0 polygons
2026-09-08 12:55:37 +0800: Memory Usage (594612K) : hvpolyrs has 0 polygons
2026-09-08 12:55:37 +0800: Memory Usage (608924K) : fusetop has 0 polygons
2026-09-08 12:55:37 +0800: Memory Usage (608880K) : fusewindow_d has 0 polygons
2026-09-08 12:55:37 +0800: Memory Usage (594592K) : lvs_drain has 0 polygons
2026-09-08 12:55:37 +0800: Memory Usage (594608K) : mtpmark has 0 polygons
2026-09-08 12:55:37 +0800: Memory Usage (608880K) : comp_dummy has 0 polygons
2026-09-08 12:55:37 +0800: Memory Usage (609064K) : esd has 0 polygons
2026-09-08 12:55:37 +0800: Memory Usage (594556K) : hvpolyrs has 0 polygons
2026-09-08 12:55:37 +0800: Memory Usage (594552K) : neo_ee_mk has 0 polygons
2026-09-08 12:55:37 +0800: Memory Usage (608984K) : res_mk has 0 polygons
2026-09-08 12:55:38 +0800: Memory Usage (608924K) : fusewindow_d has 0 polygons
2026-09-08 12:55:38 +0800: Memory Usage (608880K) : poly2_dummy has 0 polygons
2026-09-08 12:55:38 +0800: Memory Usage (594552K) : sramcore has 0 polygons
2026-09-08 12:55:38 +0800: Memory Usage (609064K) : resistor has 0 polygons
2026-09-08 12:55:38 +0800: Memory Usage (608880K) : polyfuse has 0 polygons
2026-09-08 12:55:38 +0800: Memory Usage (594592K) : ind_mk has 0 polygons
2026-09-08 12:55:38 +0800: Memory Usage (594608K) : neo_ee_mk has 0 polygons
2026-09-08 12:55:37 +0800: Memory Usage (594596K) : ind_mk has 0 polygons
2026-09-08 12:55:38 +0800: Memory Usage (594612K) : lvs_io has 0 polygons
2026-09-08 12:55:37 +0800: Memory Usage (608884K) : mvpsd has 0 polygons
2026-09-08 12:55:38 +0800: Memory Usage (608924K) : polyfuse has 0 polygons
2026-09-08 12:55:38 +0800: Memory Usage (608880K) : mvsd has 0 polygons
2026-09-08 12:55:38 +0800: Memory Usage (609064K) : fhres has 0 polygons
2026-09-08 12:55:38 +0800: Memory Usage (594596K) : hvpolyrs has 0 polygons
2026-09-08 12:55:38 +0800: Memory Usage (594608K) : sramcore has 0 polygons
2026-09-08 12:55:38 +0800: Memory Usage (594552K) : lvs_rf has 0 polygons
2026-09-08 12:55:38 +0800: Memory Usage (608880K) : schottky_diode has 0 polygons
2026-09-08 12:55:38 +0800: Memory Usage (594612K) : probe_mk has 0 polygons
2026-09-08 12:55:38 +0800: Memory Usage (608884K) : nat has 0 polygons
2026-09-08 12:55:38 +0800: Memory Usage (608880K) : mvpsd has 0 polygons
2026-09-08 12:55:38 +0800: Memory Usage (594556K) : lvs_io has 0 polygons
2026-09-08 12:55:38 +0800: Memory Usage (609064K) : fusetop has 0 polygons
2026-09-08 12:55:38 +0800: Memory Usage (594596K) : lvs_io has 0 polygons
2026-09-08 12:55:38 +0800: Memory Usage (608880K) : zener has 0 polygons
2026-09-08 12:55:38 +0800: Memory Usage (608924K) : mvsd has 0 polygons
2026-09-08 12:55:38 +0800: Memory Usage (594552K) : lvs_drain has 0 polygons
2026-09-08 12:55:38 +0800: Memory Usage (594608K) : lvs_rf has 0 polygons
2026-09-08 12:55:38 +0800: Memory Usage (594612K) : esd_mk has 0 polygons
2026-09-08 12:55:38 +0800: Memory Usage (594592K) : hvpolyrs has 0 polygons
2026-09-08 12:55:38 +0800: Memory Usage (609064K) : fusewindow_d has 0 polygons
2026-09-08 12:55:38 +0800: Memory Usage (594556K) : probe_mk has 0 polygons
2026-09-08 12:55:38 +0800: Memory Usage (608880K) : nat has 0 polygons
2026-09-08 12:55:38 +0800: Memory Usage (608924K) : mvpsd has 0 polygons
2026-09-08 12:55:38 +0800: Memory Usage (608884K) : comp_dummy has 0 polygons
2026-09-08 12:55:38 +0800: Memory Usage (594608K) : lvs_drain has 0 polygons
2026-09-08 12:55:38 +0800: Memory Usage (608984K) : opc_drc has 0 polygons
2026-09-08 12:55:38 +0800: Memory Usage (594596K) : probe_mk has 0 polygons
2026-09-08 12:55:38 +0800: Memory Usage (594612K) : lvs_source has 0 polygons
2026-09-08 12:55:38 +0800: Memory Usage (608880K) : res_mk has 0 polygons
2026-09-08 12:55:38 +0800: Memory Usage (609064K) : polyfuse has 0 polygons
2026-09-08 12:55:38 +0800: Memory Usage (594592K) : lvs_io has 0 polygons
2026-09-08 12:55:38 +0800: Memory Usage (594556K) : esd_mk has 0 polygons
2026-09-08 12:55:38 +0800: Memory Usage (608880K) : comp_dummy has 0 polygons
2026-09-08 12:55:38 +0800: Memory Usage (594608K) : ind_mk has 0 polygons
2026-09-08 12:55:38 +0800: Memory Usage (608884K) : poly2_dummy has 0 polygons
2026-09-08 12:55:38 +0800: Memory Usage (594612K) : well_diode_mk has 0 polygons
2026-09-08 12:55:38 +0800: Memory Usage (608924K) : nat has 0 polygons
2026-09-08 12:55:38 +0800: Memory Usage (594596K) : esd_mk has 0 polygons
2026-09-08 12:55:38 +0800: Memory Usage (609064K) : mvsd has 0 polygons
2026-09-08 12:55:38 +0800: Memory Usage (594556K) : lvs_source has 0 polygons
2026-09-08 12:55:38 +0800: Memory Usage (594592K) : probe_mk has 0 polygons
2026-09-08 12:55:38 +0800: Memory Usage (594552K) : ind_mk has 0 polygons
2026-09-08 12:55:38 +0800: Memory Usage (608884K) : schottky_diode has 0 polygons
2026-09-08 12:55:38 +0800: Memory Usage (608880K) : poly2_dummy has 0 polygons
2026-09-08 12:55:38 +0800: Memory Usage (608924K) : comp_dummy has 0 polygons
2026-09-08 12:55:38 +0800: Memory Usage (594612K) : ldmos_xtor has 0 polygons
2026-09-08 12:55:38 +0800: Memory Usage (609064K) : mvpsd has 0 polygons
2026-09-08 12:55:38 +0800: Memory Usage (594596K) : lvs_source has 0 polygons
2026-09-08 12:55:38 +0800: Memory Usage (594556K) : well_diode_mk has 0 polygons
2026-09-08 12:55:38 +0800: Memory Usage (608984K) : v5_xtor has 1 polygons
2026-09-08 12:55:38 +0800: Memory Usage (594552K) : hvpolyrs has 0 polygons
2026-09-08 12:55:38 +0800: Memory Usage (594592K) : esd_mk has 0 polygons
2026-09-08 12:55:38 +0800: Memory Usage (594612K) : plfuse has 0 polygons
2026-09-08 12:55:38 +0800: Memory Usage (608880K) : schottky_diode has 0 polygons
2026-09-08 12:55:38 +0800: Memory Usage (608884K) : zener has 0 polygons
2026-09-08 12:55:38 +0800: Memory Usage (594556K) : ldmos_xtor has 0 polygons
2026-09-08 12:55:38 +0800: Memory Usage (594596K) : well_diode_mk has 0 polygons
2026-09-08 12:55:38 +0800: Memory Usage (594552K) : lvs_io has 0 polygons
2026-09-08 12:55:38 +0800: Memory Usage (594608K) : hvpolyrs has 0 polygons
2026-09-08 12:55:38 +0800: Memory Usage (594592K) : lvs_source has 0 polygons
2026-09-08 12:55:38 +0800: Memory Usage (608984K) : cap_mk has 0 polygons
2026-09-08 12:55:38 +0800: Memory Usage (608880K) : opc_drc has 0 polygons
2026-09-08 12:55:38 +0800: Memory Usage (608924K) : poly2_dummy has 0 polygons
2026-09-08 12:55:38 +0800: Memory Usage (594612K) : efuse_mk has 0 polygons
2026-09-08 12:55:38 +0800: Memory Usage (609064K) : nat has 0 polygons
2026-09-08 12:55:38 +0800: Memory Usage (608884K) : res_mk has 0 polygons
2026-09-08 12:55:38 +0800: Memory Usage (594556K) : plfuse has 0 polygons
2026-09-08 12:55:38 +0800: Memory Usage (594552K) : probe_mk has 0 polygons
2026-09-08 12:55:38 +0800: Memory Usage (594596K) : ldmos_xtor has 0 polygons
2026-09-08 12:55:38 +0800: Memory Usage (594608K) : lvs_io has 0 polygons
2026-09-08 12:55:38 +0800: Memory Usage (608924K) : schottky_diode has 0 polygons
2026-09-08 12:55:38 +0800: Memory Usage (608984K) : mos_cap_mk has 0 polygons
2026-09-08 12:55:38 +0800: Memory Usage (594592K) : well_diode_mk has 0 polygons
2026-09-08 12:55:38 +0800: Memory Usage (594556K) : efuse_mk has 0 polygons
2026-09-08 12:55:38 +0800: Memory Usage (609064K) : comp_dummy has 0 polygons
2026-09-08 12:55:38 +0800: Memory Usage (608880K) : zener has 0 polygons
2026-09-08 12:55:38 +0800: Memory Usage (594612K) : mcell_feol_mk has 0 polygons
2026-09-08 12:55:38 +0800: Memory Usage (594552K) : esd_mk has 0 polygons
2026-09-08 12:55:38 +0800: Memory Usage (594608K) : probe_mk has 0 polygons
2026-09-08 12:55:38 +0800: Memory Usage (608924K) : zener has 0 polygons
2026-09-08 12:55:38 +0800: Memory Usage (594592K) : ldmos_xtor has 0 polygons
2026-09-08 12:55:38 +0800: Memory Usage (608984K) : ind_mk has 0 polygons
2026-09-08 12:55:38 +0800: Memory Usage (594556K) : mcell_feol_mk has 0 polygons
2026-09-08 12:55:38 +0800: Memory Usage (609064K) : poly2_dummy has 0 polygons
2026-09-08 12:55:38 +0800: Memory Usage (608880K) : res_mk has 0 polygons
2026-09-08 12:55:38 +0800: Memory Usage (594552K) : lvs_source has 0 polygons
2026-09-08 12:55:38 +0800: Memory Usage (608880K) : v5_xtor has 1 polygons
2026-09-08 12:55:38 +0800: Memory Usage (594608K) : esd_mk has 0 polygons
2026-09-08 12:55:38 +0800: Memory Usage (608924K) : res_mk has 0 polygons
2026-09-08 12:55:38 +0800: Memory Usage (594592K) : plfuse has 0 polygons
2026-09-08 12:55:38 +0800: Memory Usage (608984K) : diode_mk has 0 polygons
2026-09-08 12:55:38 +0800: Memory Usage (609064K) : schottky_diode has 0 polygons
2026-09-08 12:55:38 +0800: Memory Usage (594596K) : plfuse has 0 polygons
2026-09-08 12:55:38 +0800: Memory Usage (594552K) : well_diode_mk has 0 polygons
2026-09-08 12:55:38 +0800: Memory Usage (608880K) : cap_mk has 0 polygons
2026-09-08 12:55:38 +0800: Memory Usage (594608K) : lvs_source has 0 polygons
2026-09-08 12:55:38 +0800: Memory Usage (608884K) : opc_drc has 0 polygons
2026-09-08 12:55:38 +0800: Memory Usage (594612K) : ymtp_mk has 0 polygons
2026-09-08 12:55:38 +0800: Memory Usage (609064K) : zener has 0 polygons
2026-09-08 12:55:38 +0800: Memory Usage (594556K) : ymtp_mk has 0 polygons
2026-09-08 12:55:38 +0800: Memory Usage (608984K) : drc_bjt has 0 polygons
2026-09-08 12:55:38 +0800: Memory Usage (594596K) : efuse_mk has 0 polygons
2026-09-08 12:55:38 +0800: Memory Usage (594552K) : ldmos_xtor has 0 polygons
2026-09-08 12:55:38 +0800: Memory Usage (608880K) : mos_cap_mk has 0 polygons
2026-09-08 12:55:38 +0800: Memory Usage (594608K) : well_diode_mk has 0 polygons
2026-09-08 12:55:38 +0800: Memory Usage (609064K) : res_mk has 0 polygons
2026-09-08 12:55:38 +0800: Memory Usage (594556K) : dev_wf_mk has 0 polygons
2026-09-08 12:55:38 +0800: Memory Usage (594612K) : dev_wf_mk has 0 polygons
2026-09-08 12:55:38 +0800: Memory Usage (608984K) : lvs_bjt has 0 polygons
2026-09-08 12:55:38 +0800: Memory Usage (594596K) : mcell_feol_mk has 0 polygons
2026-09-08 12:55:38 +0800: Memory Usage (608880K) : opc_drc has 0 polygons
2026-09-08 12:55:38 +0800: Memory Usage (594612K) : comp_label has 0 polygons
2026-09-08 12:55:38 +0800: Memory Usage (594592K) : efuse_mk has 0 polygons
2026-09-08 12:55:38 +0800: Memory Usage (608880K) : ind_mk has 0 polygons
2026-09-08 12:55:38 +0800: Memory Usage (608884K) : v5_xtor has 1 polygons
2026-09-08 12:55:38 +0800: Memory Usage (594556K) : comp_label has 0 polygons
2026-09-08 12:55:38 +0800: Memory Usage (594608K) : ldmos_xtor has 0 polygons
2026-09-08 12:55:38 +0800: Memory Usage (608984K) : mim_l_mk has 0 polygons
2026-09-08 12:55:38 +0800: Memory Usage (594596K) : ymtp_mk has 0 polygons
2026-09-08 12:55:38 +0800: Memory Usage (608880K) : v5_xtor has 1 polygons
2026-09-08 12:55:38 +0800: Memory Usage (608924K) : opc_drc has 0 polygons
2026-09-08 12:55:38 +0800: Memory Usage (608884K) : cap_mk has 0 polygons
2026-09-08 12:55:38 +0800: Memory Usage (594592K) : mcell_feol_mk has 0 polygons
2026-09-08 12:55:38 +0800: Memory Usage (594612K) : poly2_label has 0 polygons
2026-09-08 12:55:38 +0800: Memory Usage (594556K) : poly2_label has 0 polygons
2026-09-08 12:55:38 +0800: Memory Usage (608880K) : diode_mk has 0 polygons
2026-09-08 12:55:38 +0800: Memory Usage (594608K) : plfuse has 0 polygons
2026-09-08 12:55:38 +0800: Memory Usage (594552K) : plfuse has 0 polygons
2026-09-08 12:55:38 +0800: Memory Usage (594596K) : dev_wf_mk has 0 polygons
2026-09-08 12:55:38 +0800: Memory Usage (608924K) : v5_xtor has 1 polygons
2026-09-08 12:55:38 +0800: Memory Usage (608884K) : mos_cap_mk has 0 polygons
2026-09-08 12:55:38 +0800: Memory Usage (608880K) : cap_mk has 0 polygons
2026-09-08 12:55:38 +0800: Memory Usage (594592K) : ymtp_mk has 0 polygons
2026-09-08 12:55:38 +0800: Memory Usage (594612K) : mdiode has 0 polygons
2026-09-08 12:55:38 +0800: Memory Usage (594556K) : mdiode has 0 polygons
2026-09-08 12:55:38 +0800: Memory Usage (608880K) : drc_bjt has 0 polygons
2026-09-08 12:55:38 +0800: Memory Usage (609064K) : opc_drc has 0 polygons
2026-09-08 12:55:38 +0800: Memory Usage (594596K) : comp_label has 0 polygons
2026-09-08 12:55:38 +0800: Memory Usage (594552K) : efuse_mk has 0 polygons
2026-09-08 12:55:38 +0800: Memory Usage (608884K) : ind_mk has 0 polygons
2026-09-08 12:55:38 +0800: Memory Usage (608880K) : mos_cap_mk has 0 polygons
2026-09-08 12:55:38 +0800: Memory Usage (608880K) : lvs_bjt has 0 polygons
2026-09-08 12:55:38 +0800: Memory Usage (594592K) : dev_wf_mk has 0 polygons
2026-09-08 12:55:38 +0800: Memory Usage (594612K) : ndmy has 0 polygons
2026-09-08 12:55:38 +0800: Memory Usage (608984K) : latchup_mk has 0 polygons
2026-09-08 12:55:38 +0800: Memory Usage (594556K) : ndmy has 0 polygons
2026-09-08 12:55:39 +0800: Memory Usage (608884K) : diode_mk has 0 polygons
2026-09-08 12:55:39 +0800: Memory Usage (594596K) : poly2_label has 0 polygons
2026-09-08 12:55:39 +0800: Memory Usage (594552K) : mcell_feol_mk has 0 polygons
2026-09-08 12:55:39 +0800: Memory Usage (608880K) : mim_l_mk has 0 polygons
2026-09-08 12:55:39 +0800: Memory Usage (608884K) : drc_bjt has 0 polygons
2026-09-08 12:55:39 +0800: Memory Usage (608984K) : guard_ring_mk has 0 polygons
2026-09-08 12:55:39 +0800: Memory Usage (594592K) : comp_label has 0 polygons
2026-09-08 12:55:38 +0800: Memory Usage (594608K) : efuse_mk has 0 polygons
2026-09-08 12:55:39 +0800: Memory Usage (594596K) : mdiode has 0 polygons
2026-09-08 12:55:39 +0800: Memory Usage (608880K) : latchup_mk has 0 polygons
2026-09-08 12:55:39 +0800: Memory Usage (594552K) : ymtp_mk has 0 polygons
2026-09-08 12:55:39 +0800: Memory Usage (609064K) : v5_xtor has 1 polygons
2026-09-08 12:55:38 +0800: Memory Usage (608924K) : cap_mk has 0 polygons
2026-09-08 12:55:39 +0800: Memory Usage (608884K) : lvs_bjt has 0 polygons
2026-09-08 12:55:39 +0800: Memory Usage (594556K) : pmndmy has 0 polygons
2026-09-08 12:55:39 +0800: Memory Usage (608984K) : otp_mk has 0 polygons
2026-09-08 12:55:39 +0800: Memory Usage (594592K) : poly2_label has 0 polygons
2026-09-08 12:55:39 +0800: Memory Usage (594612K) : pmndmy has 0 polygons
2026-09-08 12:55:39 +0800: Memory Usage (594608K) : mcell_feol_mk has 0 polygons
2026-09-08 12:55:39 +0800: Memory Usage (608880K) : ind_mk has 0 polygons
2026-09-08 12:55:39 +0800: Memory Usage (609064K) : cap_mk has 0 polygons
2026-09-08 12:55:39 +0800: Memory Usage (594552K) : dev_wf_mk has 0 polygons
2026-09-08 12:55:39 +0800: Memory Usage (608924K) : mos_cap_mk has 0 polygons
2026-09-08 12:55:39 +0800: Memory Usage (594596K) : ndmy has 0 polygons
2026-09-08 12:55:39 +0800: Memory Usage (608984K) : mtpmark has 0 polygons
2026-09-08 12:55:39 +0800: Memory Usage (608884K) : mim_l_mk has 0 polygons
2026-09-08 12:55:39 +0800: Memory Usage (608880K) : diode_mk has 0 polygons
2026-09-08 12:55:39 +0800: Memory Usage (594592K) : mdiode has 0 polygons
2026-09-08 12:55:39 +0800: Memory Usage (609064K) : mos_cap_mk has 0 polygons
2026-09-08 12:55:39 +0800: Memory Usage (594608K) : ymtp_mk has 0 polygons
2026-09-08 12:55:39 +0800: Memory Usage (594552K) : comp_label has 0 polygons
2026-09-08 12:55:39 +0800: Memory Usage (608924K) : ind_mk has 0 polygons
2026-09-08 12:55:39 +0800: Memory Usage (608880K) : guard_ring_mk has 0 polygons
2026-09-08 12:55:39 +0800: Memory Usage (608984K) : neo_ee_mk has 0 polygons
2026-09-08 12:55:39 +0800: Memory Usage (608880K) : drc_bjt has 0 polygons
2026-09-08 12:55:39 +0800: Memory Usage (609064K) : ind_mk has 0 polygons
2026-09-08 12:55:39 +0800: Memory Usage (594608K) : dev_wf_mk has 0 polygons
2026-09-08 12:55:39 +0800: Memory Usage (594552K) : poly2_label has 0 polygons
2026-09-08 12:55:39 +0800: Memory Usage (594596K) : pmndmy has 0 polygons
2026-09-08 12:55:39 +0800: Memory Usage (608924K) : diode_mk has 0 polygons
2026-09-08 12:55:39 +0800: Memory Usage (608880K) : otp_mk has 0 polygons
2026-09-08 12:55:39 +0800: Memory Usage (595128K) : metal1_drawn has 104857 polygons
2026-09-08 12:55:39 +0800: Memory Usage (608984K) : sramcore has 0 polygons
2026-09-08 12:55:39 +0800: Memory Usage (609064K) : diode_mk has 0 polygons
2026-09-08 12:55:39 +0800: Memory Usage (595076K) : metal1_drawn has 104857 polygons
2026-09-08 12:55:39 +0800: Memory Usage (594608K) : comp_label has 0 polygons
2026-09-08 12:55:39 +0800: Memory Usage (608880K) : lvs_bjt has 0 polygons
2026-09-08 12:55:39 +0800: Memory Usage (595112K) : metal1_drawn has 104857 polygons
2026-09-08 12:55:39 +0800: Memory Usage (594592K) : ndmy has 0 polygons
2026-09-08 12:55:39 +0800: Memory Usage (608924K) : drc_bjt has 0 polygons
2026-09-08 12:55:39 +0800: Memory Usage (609064K) : drc_bjt has 0 polygons
2026-09-08 12:55:39 +0800: Memory Usage (608884K) : latchup_mk has 0 polygons
2026-09-08 12:55:39 +0800: Memory Usage (608984K) : lvs_rf has 0 polygons
2026-09-08 12:55:39 +0800: Memory Usage (608880K) : mtpmark has 0 polygons
2026-09-08 12:55:39 +0800: Memory Usage (594608K) : poly2_label has 0 polygons
2026-09-08 12:55:39 +0800: Memory Usage (608880K) : mim_l_mk has 0 polygons
2026-09-08 12:55:39 +0800: Memory Usage (595128K) : metal1_dummy has 0 polygons
2026-09-08 12:55:39 +0800: Memory Usage (608924K) : lvs_bjt has 0 polygons
2026-09-08 12:55:39 +0800: Memory Usage (595076K) : metal1_dummy has 0 polygons
2026-09-08 12:55:39 +0800: Memory Usage (595112K) : metal1_dummy has 0 polygons
2026-09-08 12:55:39 +0800: Memory Usage (608880K) : neo_ee_mk has 0 polygons
2026-09-08 12:55:39 +0800: Memory Usage (609064K) : lvs_bjt has 0 polygons
2026-09-08 12:55:39 +0800: Memory Usage (594608K) : mdiode has 0 polygons
2026-09-08 12:55:39 +0800: Memory Usage (608984K) : lvs_drain has 0 polygons
2026-09-08 12:55:39 +0800: Memory Usage (594552K) : mdiode has 0 polygons
2026-09-08 12:55:39 +0800: Memory Usage (608884K) : guard_ring_mk has 0 polygons
2026-09-08 12:55:39 +0800: Memory Usage (608880K) : latchup_mk has 0 polygons
2026-09-08 12:55:39 +0800: Memory Usage (608924K) : mim_l_mk has 0 polygons
2026-09-08 12:55:39 +0800: Memory Usage (595788K) : metal1_label has 0 polygons
2026-09-08 12:55:39 +0800: Memory Usage (595736K) : metal1_label has 0 polygons
2026-09-08 12:55:39 +0800: Memory Usage (594592K) : pmndmy has 0 polygons
2026-09-08 12:55:39 +0800: Memory Usage (595772K) : metal1_label has 0 polygons
2026-09-08 12:55:39 +0800: Memory Usage (609064K) : mim_l_mk has 0 polygons
2026-09-08 12:55:39 +0800: Memory Usage (594608K) : ndmy has 0 polygons
2026-09-08 12:55:39 +0800: Memory Usage (594552K) : ndmy has 0 polygons
2026-09-08 12:55:39 +0800: Memory Usage (608880K) : sramcore has 0 polygons
2026-09-08 12:55:39 +0800: Memory Usage (608884K) : otp_mk has 0 polygons
2026-09-08 12:55:39 +0800: Memory Usage (608880K) : guard_ring_mk has 0 polygons
2026-09-08 12:55:39 +0800: Memory Usage (608924K) : latchup_mk has 0 polygons
2026-09-08 12:55:39 +0800: Memory Usage (595788K) : metal1_slot has 0 polygons
2026-09-08 12:55:39 +0800: Memory Usage (595736K) : metal1_slot has 0 polygons
2026-09-08 12:55:39 +0800: Memory Usage (595112K) : metal1_drawn has 104857 polygons
2026-09-08 12:55:39 +0800: Memory Usage (608984K) : ind_mk has 0 polygons
2026-09-08 12:55:39 +0800: Memory Usage (595772K) : metal1_slot has 0 polygons
2026-09-08 12:55:39 +0800: Memory Usage (609064K) : latchup_mk has 0 polygons
2026-09-08 12:55:39 +0800: Memory Usage (608880K) : lvs_rf has 0 polygons
2026-09-08 12:55:39 +0800: Memory Usage (608884K) : mtpmark has 0 polygons
2026-09-08 12:55:39 +0800: Memory Usage (608880K) : otp_mk has 0 polygons
2026-09-08 12:55:39 +0800: Memory Usage (608984K) : hvpolyrs has 0 polygons
2026-09-08 12:55:39 +0800: Memory Usage (608884K) : neo_ee_mk has 0 polygons
2026-09-08 12:55:39 +0800: Memory Usage (594552K) : pmndmy has 0 polygons
2026-09-08 12:55:39 +0800: Memory Usage (608880K) : lvs_drain has 0 polygons
2026-09-08 12:55:39 +0800: Memory Usage (595112K) : metal1_dummy has 0 polygons
2026-09-08 12:55:39 +0800: Memory Usage (608984K) : lvs_io has 0 polygons
2026-09-08 12:55:39 +0800: Memory Usage (608884K) : sramcore has 0 polygons
2026-09-08 12:55:39 +0800: Memory Usage (609064K) : guard_ring_mk has 0 polygons
2026-09-08 12:55:39 +0800: Memory Usage (595072K) : metal1_drawn has 104857 polygons
2026-09-08 12:55:39 +0800: Memory Usage (608880K) : ind_mk has 0 polygons
2026-09-08 12:55:39 +0800: Memory Usage (608924K) : guard_ring_mk has 0 polygons
2026-09-08 12:55:39 +0800: Memory Usage (608984K) : probe_mk has 0 polygons
2026-09-08 12:55:39 +0800: Memory Usage (595772K) : metal1_label has 0 polygons
2026-09-08 12:55:39 +0800: Memory Usage (609064K) : otp_mk has 0 polygons
2026-09-08 12:55:39 +0800: Memory Usage (594608K) : pmndmy has 0 polygons
2026-09-08 12:55:39 +0800: Memory Usage (608884K) : lvs_rf has 0 polygons
2026-09-08 12:55:39 +0800: Memory Usage (595788K) : metal1_blk has 0 polygons
2026-09-08 12:55:39 +0800: Memory Usage (608984K) : esd_mk has 0 polygons
2026-09-08 12:55:39 +0800: Memory Usage (595772K) : metal1_blk has 0 polygons
2026-09-08 12:55:39 +0800: Memory Usage (608924K) : otp_mk has 0 polygons
2026-09-08 12:55:39 +0800: Memory Usage (608880K) : mtpmark has 0 polygons
2026-09-08 12:55:39 +0800: Memory Usage (595736K) : metal1_blk has 0 polygons
2026-09-08 12:55:39 +0800: Memory Usage (595772K) : metal1_slot has 0 polygons
2026-09-08 12:55:39 +0800: Memory Usage (595072K) : metal1_dummy has 0 polygons
2026-09-08 12:55:39 +0800: Memory Usage (609064K) : mtpmark has 0 polygons
2026-09-08 12:55:39 +0800: Memory Usage (608884K) : lvs_drain has 0 polygons
2026-09-08 12:55:39 +0800: Memory Usage (608984K) : lvs_source has 0 polygons
2026-09-08 12:55:39 +0800: Memory Usage (595124K) : metal1_drawn has 104857 polygons
2026-09-08 12:55:39 +0800: Memory Usage (598352K) : metal2_drawn has 68314 polygons
2026-09-08 12:55:39 +0800: Memory Usage (608924K) : mtpmark has 0 polygons
2026-09-08 12:55:39 +0800: Memory Usage (608880K) : neo_ee_mk has 0 polygons
2026-09-08 12:55:39 +0800: Memory Usage (609064K) : neo_ee_mk has 0 polygons
2026-09-08 12:55:39 +0800: Memory Usage (598300K) : metal2_drawn has 68314 polygons
2026-09-08 12:55:39 +0800: Memory Usage (608884K) : ind_mk has 0 polygons
2026-09-08 12:55:39 +0800: Memory Usage (595732K) : metal1_label has 0 polygons
2026-09-08 12:55:39 +0800: Memory Usage (608984K) : well_diode_mk has 0 polygons
2026-09-08 12:55:39 +0800: Memory Usage (598336K) : metal2_drawn has 68314 polygons
2026-09-08 12:55:39 +0800: Memory Usage (608880K) : hvpolyrs has 0 polygons
2026-09-08 12:55:39 +0800: Memory Usage (608880K) : sramcore has 0 polygons
2026-09-08 12:55:39 +0800: Memory Usage (608924K) : neo_ee_mk has 0 polygons
2026-09-08 12:55:39 +0800: Memory Usage (595124K) : metal1_dummy has 0 polygons
2026-09-08 12:55:39 +0800: Memory Usage (609064K) : sramcore has 0 polygons
2026-09-08 12:55:39 +0800: Memory Usage (595732K) : metal1_slot has 0 polygons
2026-09-08 12:55:39 +0800: Memory Usage (608984K) : ldmos_xtor has 0 polygons
2026-09-08 12:55:39 +0800: Memory Usage (598336K) : metal2_dummy has 0 polygons
2026-09-08 12:55:39 +0800: Memory Usage (608880K) : lvs_io has 0 polygons
2026-09-08 12:55:39 +0800: Memory Usage (608924K) : sramcore has 0 polygons
2026-09-08 12:55:39 +0800: Memory Usage (609064K) : lvs_rf has 0 polygons
2026-09-08 12:55:39 +0800: Memory Usage (608880K) : lvs_rf has 0 polygons
2026-09-08 12:55:39 +0800: Memory Usage (595784K) : metal1_label has 0 polygons
2026-09-08 12:55:39 +0800: Memory Usage (598300K) : metal2_dummy has 0 polygons
2026-09-08 12:55:40 +0800: Memory Usage (608984K) : plfuse has 0 polygons
2026-09-08 12:55:39 +0800: Memory Usage (595772K) : metal1_blk has 0 polygons
2026-09-08 12:55:40 +0800: Memory Usage (599404K) : metal2_label has 31 polygons
2026-09-08 12:55:40 +0800: Memory Usage (608880K) : probe_mk has 0 polygons
2026-09-08 12:55:39 +0800: Memory Usage (608884K) : hvpolyrs has 0 polygons
2026-09-08 12:55:40 +0800: Memory Usage (608880K) : lvs_drain has 0 polygons
2026-09-08 12:55:40 +0800: Memory Usage (608924K) : lvs_rf has 0 polygons
2026-09-08 12:55:40 +0800: Memory Usage (609064K) : lvs_drain has 0 polygons
2026-09-08 12:55:40 +0800: Memory Usage (608984K) : efuse_mk has 0 polygons
2026-09-08 12:55:40 +0800: Memory Usage (599368K) : metal2_label has 31 polygons
2026-09-08 12:55:40 +0800: Memory Usage (599404K) : metal2_slot has 0 polygons
2026-09-08 12:55:40 +0800: Memory Usage (595784K) : metal1_slot has 0 polygons
2026-09-08 12:55:39 +0800: Memory Usage (598352K) : metal2_dummy has 0 polygons
2026-09-08 12:55:40 +0800: Memory Usage (608880K) : esd_mk has 0 polygons
2026-09-08 12:55:40 +0800: Memory Usage (608884K) : lvs_io has 0 polygons
2026-09-08 12:55:40 +0800: Memory Usage (609064K) : ind_mk has 0 polygons
2026-09-08 12:55:40 +0800: Memory Usage (608924K) : lvs_drain has 0 polygons
2026-09-08 12:55:40 +0800: Memory Usage (608880K) : ind_mk has 0 polygons
2026-09-08 12:55:40 +0800: Memory Usage (599368K) : metal2_slot has 0 polygons
2026-09-08 12:55:40 +0800: Memory Usage (599420K) : metal2_label has 31 polygons
2026-09-08 12:55:40 +0800: Memory Usage (608884K) : probe_mk has 0 polygons
2026-09-08 12:55:40 +0800: Memory Usage (608880K) : hvpolyrs has 0 polygons
2026-09-08 12:55:40 +0800: Memory Usage (608880K) : lvs_source has 0 polygons
2026-09-08 12:55:40 +0800: Memory Usage (609064K) : hvpolyrs has 0 polygons
2026-09-08 12:55:40 +0800: Memory Usage (598336K) : metal2_drawn has 68314 polygons
2026-09-08 12:55:40 +0800: Memory Usage (608924K) : ind_mk has 0 polygons
2026-09-08 12:55:40 +0800: Memory Usage (599420K) : metal2_slot has 0 polygons
2026-09-08 12:55:40 +0800: Memory Usage (599404K) : metal2_blk has 0 polygons
2026-09-08 12:55:40 +0800: Memory Usage (595732K) : metal1_blk has 0 polygons
2026-09-08 12:55:40 +0800: Memory Usage (608984K) : mcell_feol_mk has 0 polygons
2026-09-08 12:55:40 +0800: Memory Usage (608880K) : lvs_io has 0 polygons
2026-09-08 12:55:40 +0800: Memory Usage (608880K) : well_diode_mk has 0 polygons
2026-09-08 12:55:40 +0800: Memory Usage (608884K) : esd_mk has 0 polygons
2026-09-08 12:55:40 +0800: Memory Usage (599368K) : metal2_blk has 0 polygons
2026-09-08 12:55:40 +0800: Memory Usage (600428K) : metal3_drawn has 35548 polygons
2026-09-08 12:55:40 +0800: Memory Usage (598336K) : metal2_dummy has 0 polygons
2026-09-08 12:55:40 +0800: Memory Usage (608880K) : ldmos_xtor has 0 polygons
2026-09-08 12:55:40 +0800: Memory Usage (608880K) : probe_mk has 0 polygons
2026-09-08 12:55:40 +0800: Memory Usage (598296K) : metal2_drawn has 68314 polygons
2026-09-08 12:55:40 +0800: Memory Usage (608984K) : ymtp_mk has 0 polygons
2026-09-08 12:55:40 +0800: Memory Usage (609064K) : lvs_io has 0 polygons
2026-09-08 12:55:40 +0800: Memory Usage (595784K) : metal1_blk has 0 polygons
2026-09-08 12:55:40 +0800: Memory Usage (599420K) : metal2_blk has 0 polygons
2026-09-08 12:55:40 +0800: Memory Usage (608884K) : lvs_source has 0 polygons
2026-09-08 12:55:40 +0800: Memory Usage (600392K) : metal3_drawn has 35548 polygons
2026-09-08 12:55:40 +0800: Memory Usage (608880K) : plfuse has 0 polygons
2026-09-08 12:55:40 +0800: Memory Usage (599404K) : metal2_label has 31 polygons
2026-09-08 12:55:40 +0800: Memory Usage (600428K) : metal3_dummy has 0 polygons
2026-09-08 12:55:40 +0800: Memory Usage (609064K) : probe_mk has 0 polygons
2026-09-08 12:55:40 +0800: Memory Usage (608884K) : well_diode_mk has 0 polygons
2026-09-08 12:55:40 +0800: Memory Usage (608924K) : hvpolyrs has 0 polygons
2026-09-08 12:55:40 +0800: Memory Usage (608984K) : dev_wf_mk has 0 polygons
2026-09-08 12:55:40 +0800: Memory Usage (600392K) : metal3_dummy has 0 polygons
2026-09-08 12:55:40 +0800: Memory Usage (598296K) : metal2_dummy has 0 polygons
2026-09-08 12:55:40 +0800: Memory Usage (608880K) : esd_mk has 0 polygons
2026-09-08 12:55:40 +0800: Memory Usage (608880K) : efuse_mk has 0 polygons
2026-09-08 12:55:40 +0800: Memory Usage (601540K) : metal3_label has 0 polygons
2026-09-08 12:55:40 +0800: Memory Usage (608884K) : ldmos_xtor has 0 polygons
2026-09-08 12:55:40 +0800: Memory Usage (608924K) : lvs_io has 0 polygons
2026-09-08 12:55:40 +0800: Memory Usage (609064K) : esd_mk has 0 polygons
2026-09-08 12:55:40 +0800: Memory Usage (599404K) : metal2_slot has 0 polygons
2026-09-08 12:55:40 +0800: Memory Usage (601500K) : metal3_label has 0 polygons
2026-09-08 12:55:40 +0800: Memory Usage (608984K) : comp_label has 0 polygons
2026-09-08 12:55:40 +0800: Memory Usage (608880K) : lvs_source has 0 polygons
2026-09-08 12:55:40 +0800: Memory Usage (599420K) : via2 has 21863 polygons
2026-09-08 12:55:40 +0800: Memory Usage (599364K) : metal2_label has 31 polygons
2026-09-08 12:55:40 +0800: Memory Usage (598348K) : metal2_drawn has 68314 polygons
2026-09-08 12:55:40 +0800: Memory Usage (601500K) : metal3_slot has 0 polygons
2026-09-08 12:55:40 +0800: Memory Usage (609064K) : lvs_source has 0 polygons
2026-09-08 12:55:40 +0800: Memory Usage (608924K) : probe_mk has 0 polygons
2026-09-08 12:55:40 +0800: Memory Usage (608880K) : well_diode_mk has 0 polygons
2026-09-08 12:55:40 +0800: Memory Usage (608884K) : plfuse has 0 polygons
2026-09-08 12:55:40 +0800: Memory Usage (608984K) : poly2_label has 0 polygons
2026-09-08 12:55:40 +0800: Memory Usage (599364K) : metal2_slot has 0 polygons
2026-09-08 12:55:40 +0800: Memory Usage (600956K) : metal3_drawn has 35548 polygons
2026-09-08 12:55:40 +0800: Memory Usage (598348K) : metal2_dummy has 0 polygons
2026-09-08 12:55:40 +0800: Memory Usage (608880K) : ldmos_xtor has 0 polygons
2026-09-08 12:55:40 +0800: Memory Usage (601540K) : metal3_slot has 0 polygons
2026-09-08 12:55:40 +0800: Memory Usage (608924K) : esd_mk has 0 polygons
2026-09-08 12:55:40 +0800: Memory Usage (609064K) : well_diode_mk has 0 polygons
2026-09-08 12:55:40 +0800: Memory Usage (608884K) : efuse_mk has 0 polygons
2026-09-08 12:55:40 +0800: Memory Usage (608984K) : mdiode has 0 polygons
2026-09-08 12:55:40 +0800: Memory Usage (600956K) : metal3_dummy has 0 polygons
2026-09-08 12:55:40 +0800: Memory Usage (599404K) : metal2_blk has 0 polygons
2026-09-08 12:55:40 +0800: Memory Usage (608880K) : mcell_feol_mk has 0 polygons
2026-09-08 12:55:40 +0800: Memory Usage (608880K) : plfuse has 0 polygons
2026-09-08 12:55:40 +0800: Memory Usage (599416K) : metal2_label has 31 polygons
2026-09-08 12:55:40 +0800: Memory Usage (601500K) : metal3_blk has 0 polygons
2026-09-08 12:55:40 +0800: Memory Usage (601540K) : metal3_blk has 0 polygons
2026-09-08 12:55:40 +0800: Memory Usage (609064K) : ldmos_xtor has 0 polygons
2026-09-08 12:55:40 +0800: Memory Usage (608924K) : lvs_source has 0 polygons
2026-09-08 12:55:40 +0800: Memory Usage (608984K) : ndmy has 0 polygons
2026-09-08 12:55:40 +0800: Memory Usage (608880K) : efuse_mk has 0 polygons
2026-09-08 12:55:40 +0800: Memory Usage (599364K) : metal2_blk has 0 polygons
2026-09-08 12:55:40 +0800: Memory Usage (608880K) : ymtp_mk has 0 polygons
2026-09-08 12:55:40 +0800: Memory Usage (600428K) : metal3_drawn has 35548 polygons
2026-09-08 12:55:40 +0800: Memory Usage (599416K) : metal2_slot has 0 polygons
2026-09-08 12:55:40 +0800: Memory Usage (608880K) : mcell_feol_mk has 0 polygons
2026-09-08 12:55:40 +0800: Memory Usage (601500K) : via3 has 8273 polygons
2026-09-08 12:55:40 +0800: Memory Usage (608924K) : well_diode_mk has 0 polygons
2026-09-08 12:55:40 +0800: Memory Usage (609064K) : plfuse has 0 polygons
2026-09-08 12:55:40 +0800: Memory Usage (601540K) : via3 has 8273 polygons
2026-09-08 12:55:40 +0800: Memory Usage (608880K) : dev_wf_mk has 0 polygons
2026-09-08 12:55:40 +0800: Memory Usage (608884K) : mcell_feol_mk has 0 polygons
2026-09-08 12:55:40 +0800: Memory Usage (602068K) : metal3_label has 0 polygons
2026-09-08 12:55:40 +0800: Memory Usage (608880K) : ymtp_mk has 0 polygons
2026-09-08 12:55:40 +0800: Memory Usage (601500K) : metal4_drawn has 8015 polygons
2026-09-08 12:55:40 +0800: Memory Usage (608924K) : ldmos_xtor has 0 polygons
2026-09-08 12:55:40 +0800: Memory Usage (601540K) : metal4_drawn has 8015 polygons
2026-09-08 12:55:40 +0800: Memory Usage (602068K) : metal3_slot has 0 polygons
2026-09-08 12:55:40 +0800: Memory Usage (608880K) : comp_label has 0 polygons
2026-09-08 12:55:40 +0800: Memory Usage (608884K) : ymtp_mk has 0 polygons
2026-09-08 12:55:40 +0800: Memory Usage (600388K) : metal3_drawn has 35548 polygons
2026-09-08 12:55:40 +0800: Memory Usage (599416K) : metal2_blk has 0 polygons
2026-09-08 12:55:40 +0800: Memory Usage (600428K) : metal3_dummy has 0 polygons
2026-09-08 12:55:40 +0800: Memory Usage (601500K) : metal4_dummy has 0 polygons
2026-09-08 12:55:40 +0800: Memory Usage (608880K) : dev_wf_mk has 0 polygons
2026-09-08 12:55:40 +0800: Memory Usage (601540K) : metal4_dummy has 0 polygons
2026-09-08 12:55:40 +0800: Memory Usage (609064K) : efuse_mk has 0 polygons
2026-09-08 12:55:40 +0800: Memory Usage (608884K) : dev_wf_mk has 0 polygons
2026-09-08 12:55:40 +0800: Memory Usage (608880K) : poly2_label has 0 polygons
2026-09-08 12:55:40 +0800: Memory Usage (600440K) : metal3_drawn has 35548 polygons
2026-09-08 12:55:40 +0800: Memory Usage (601500K) : metal4_label has 0 polygons
2026-09-08 12:55:40 +0800: Memory Usage (600388K) : metal3_dummy has 0 polygons
2026-09-08 12:55:40 +0800: Memory Usage (602068K) : metal3_blk has 0 polygons
2026-09-08 12:55:40 +0800: Memory Usage (601536K) : metal3_label has 0 polygons
2026-09-08 12:55:40 +0800: Memory Usage (608924K) : plfuse has 0 polygons
2026-09-08 12:55:40 +0800: Memory Usage (601540K) : metal4_label has 0 polygons
2026-09-08 12:55:40 +0800: Memory Usage (608884K) : comp_label has 0 polygons
2026-09-08 12:55:40 +0800: Memory Usage (609064K) : mcell_feol_mk has 0 polygons
2026-09-08 12:55:40 +0800: Memory Usage (601500K) : metal4_slot has 0 polygons
2026-09-08 12:55:40 +0800: Memory Usage (608880K) : mdiode has 0 polygons
2026-09-08 12:55:40 +0800: Memory Usage (601500K) : metal3_label has 0 polygons
2026-09-08 12:55:40 +0800: Memory Usage (608880K) : comp_label has 0 polygons
2026-09-08 12:55:40 +0800: Memory Usage (608924K) : efuse_mk has 0 polygons
2026-09-08 12:55:40 +0800: Memory Usage (601536K) : metal3_slot has 0 polygons
2026-09-08 12:55:40 +0800: Memory Usage (601540K) : metal4_slot has 0 polygons
2026-09-08 12:55:41 +0800: Memory Usage (609064K) : ymtp_mk has 0 polygons
2026-09-08 12:55:40 +0800: Memory Usage (608884K) : poly2_label has 0 polygons
2026-09-08 12:55:40 +0800: Memory Usage (602068K) : via3 has 8273 polygons
2026-09-08 12:55:41 +0800: Memory Usage (608880K) : ndmy has 0 polygons
2026-09-08 12:55:40 +0800: Memory Usage (600440K) : metal3_dummy has 0 polygons
2026-09-08 12:55:41 +0800: Memory Usage (608880K) : poly2_label has 0 polygons
2026-09-08 12:55:41 +0800: Memory Usage (601500K) : metal3_slot has 0 polygons
2026-09-08 12:55:41 +0800: Memory Usage (608924K) : mcell_feol_mk has 0 polygons
2026-09-08 12:55:41 +0800: Memory Usage (601500K) : metal4_blk has 0 polygons
2026-09-08 12:55:41 +0800: Memory Usage (608884K) : mdiode has 0 polygons
2026-09-08 12:55:41 +0800: Memory Usage (609064K) : dev_wf_mk has 0 polygons
2026-09-08 12:55:41 +0800: Memory Usage (602068K) : metal4_drawn has 8015 polygons
2026-09-08 12:55:41 +0800: Memory Usage (601552K) : metal3_label has 0 polygons
2026-09-08 12:55:41 +0800: Memory Usage (601536K) : metal3_blk has 0 polygons
2026-09-08 12:55:41 +0800: Memory Usage (608880K) : mdiode has 0 polygons
2026-09-08 12:55:41 +0800: Memory Usage (608924K) : ymtp_mk has 0 polygons
2026-09-08 12:55:41 +0800: Memory Usage (609064K) : comp_label has 0 polygons
2026-09-08 12:55:41 +0800: Memory Usage (601500K) : metal3_blk has 0 polygons
2026-09-08 12:55:41 +0800: Memory Usage (608884K) : ndmy has 0 polygons
2026-09-08 12:55:41 +0800: Memory Usage (602068K) : metal4_dummy has 0 polygons
2026-09-08 12:55:41 +0800: Memory Usage (608880K) : ndmy has 0 polygons
2026-09-08 12:55:41 +0800: Memory Usage (601552K) : metal3_slot has 0 polygons
2026-09-08 12:55:41 +0800: Memory Usage (601536K) : via3 has 8273 polygons
2026-09-08 12:55:41 +0800: Memory Usage (609064K) : poly2_label has 0 polygons
2026-09-08 12:55:41 +0800: Memory Usage (601540K) : metal4_blk has 0 polygons
2026-09-08 12:55:41 +0800: Memory Usage (608924K) : dev_wf_mk has 0 polygons
2026-09-08 12:55:41 +0800: Memory Usage (602068K) : metal4_label has 0 polygons
2026-09-08 12:55:41 +0800: Memory Usage (601500K) : via3 has 8273 polygons
2026-09-08 12:55:41 +0800: Memory Usage (609064K) : mdiode has 0 polygons
2026-09-08 12:55:41 +0800: Memory Usage (601552K) : metal3_blk has 0 polygons
2026-09-08 12:55:41 +0800: Memory Usage (601500K) : via4 has 4611 polygons
2026-09-08 12:55:41 +0800: Memory Usage (601536K) : metal4_drawn has 8015 polygons
2026-09-08 12:55:41 +0800: Memory Usage (608924K) : comp_label has 0 polygons
2026-09-08 12:55:41 +0800: Memory Usage (601540K) : via4 has 4611 polygons
2026-09-08 12:55:41 +0800: Memory Usage (602068K) : metal4_slot has 0 polygons
2026-09-08 12:55:41 +0800: Memory Usage (601500K) : metal4_drawn has 8015 polygons
2026-09-08 12:55:41 +0800: Memory Usage (609064K) : ndmy has 0 polygons
2026-09-08 12:55:41 +0800: Memory Usage (601500K) : metal5_drawn has 1382 polygons
2026-09-08 12:55:41 +0800: Memory Usage (601552K) : via3 has 8273 polygons
2026-09-08 12:55:41 +0800: Memory Usage (608924K) : poly2_label has 0 polygons
2026-09-08 12:55:41 +0800: Memory Usage (601536K) : metal4_dummy has 0 polygons
2026-09-08 12:55:41 +0800: Memory Usage (601552K) : metal4_drawn has 8015 polygons
2026-09-08 12:55:41 +0800: Memory Usage (601540K) : metal5_drawn has 1382 polygons
2026-09-08 12:55:41 +0800: Memory Usage (601500K) : metal4_dummy has 0 polygons
2026-09-08 12:55:41 +0800: Memory Usage (608924K) : mdiode has 0 polygons
2026-09-08 12:55:41 +0800: Memory Usage (601500K) : metal5_dummy has 0 polygons
2026-09-08 12:55:41 +0800: Memory Usage (608924K) : ndmy has 0 polygons
2026-09-08 12:55:41 +0800: Memory Usage (601552K) : metal4_dummy has 0 polygons
2026-09-08 12:55:41 +0800: Memory Usage (601540K) : metal5_dummy has 0 polygons
2026-09-08 12:55:41 +0800: Memory Usage (601500K) : metal5_label has 0 polygons
2026-09-08 12:55:41 +0800: Memory Usage (602068K) : metal4_blk has 0 polygons
2026-09-08 12:55:41 +0800: Memory Usage (601552K) : metal4_label has 0 polygons
2026-09-08 12:55:41 +0800: Memory Usage (601500K) : metal5_slot has 0 polygons
2026-09-08 12:55:41 +0800: Memory Usage (601536K) : metal4_label has 0 polygons
2026-09-08 12:55:41 +0800: Memory Usage (601540K) : metal5_label has 0 polygons
2026-09-08 12:55:41 +0800: Memory Usage (601552K) : metal4_slot has 0 polygons
2026-09-08 12:55:41 +0800: Memory Usage (602068K) : via4 has 4611 polygons
2026-09-08 12:55:41 +0800: Memory Usage (601500K) : metal4_label has 0 polygons
2026-09-08 12:55:41 +0800: Memory Usage (601500K) : metal5_blk has 0 polygons
2026-09-08 12:55:41 +0800: Memory Usage (601540K) : metal5_slot has 0 polygons
2026-09-08 12:55:41 +0800: Memory Usage (601536K) : metal4_slot has 0 polygons
2026-09-08 12:55:41 +0800: Memory Usage (602068K) : metal5_drawn has 1382 polygons
2026-09-08 12:55:41 +0800: Memory Usage (601500K) : metal4_slot has 0 polygons
2026-09-08 12:55:41 +0800: Memory Usage (601500K) : pad has 0 polygons
2026-09-08 12:55:41 +0800: Memory Usage (601540K) : metal5_blk has 0 polygons
2026-09-08 12:55:41 +0800: Memory Usage (601536K) : metal4_blk has 0 polygons
2026-09-08 12:55:41 +0800: Memory Usage (601500K) : ubmpperi has 0 polygons
2026-09-08 12:55:41 +0800: Memory Usage (602068K) : metal5_dummy has 0 polygons
2026-09-08 12:55:41 +0800: Memory Usage (601500K) : metal4_blk has 0 polygons
2026-09-08 12:55:41 +0800: Memory Usage (601552K) : metal4_blk has 0 polygons
2026-09-08 12:55:41 +0800: Memory Usage (601500K) : ubmparray has 0 polygons
2026-09-08 12:55:41 +0800: Memory Usage (602068K) : metal5_label has 0 polygons
2026-09-08 12:55:41 +0800: Memory Usage (601536K) : via4 has 4611 polygons
2026-09-08 12:55:41 +0800: Memory Usage (601500K) : via4 has 4611 polygons
2026-09-08 12:55:41 +0800: Memory Usage (601552K) : via4 has 4611 polygons
2026-09-08 12:55:41 +0800: Memory Usage (601540K) : pad has 0 polygons
2026-09-08 12:55:41 +0800: Memory Usage (601536K) : metal5_drawn has 1382 polygons
2026-09-08 12:55:41 +0800: Memory Usage (602068K) : metal5_slot has 0 polygons
2026-09-08 12:55:41 +0800: Memory Usage (601500K) : metal5_drawn has 1382 polygons
2026-09-08 12:55:41 +0800: Memory Usage (601500K) : ubmeplate has 0 polygons
2026-09-08 12:55:41 +0800: Memory Usage (601552K) : metal5_drawn has 1382 polygons
2026-09-08 12:55:41 +0800: Memory Usage (602068K) : metal5_blk has 0 polygons
2026-09-08 12:55:41 +0800: Memory Usage (601540K) : ubmpperi has 0 polygons
2026-09-08 12:55:41 +0800: Memory Usage (601500K) : metal5_dummy has 0 polygons
2026-09-08 12:55:41 +0800: Memory Usage (601536K) : metal5_dummy has 0 polygons
2026-09-08 12:55:41 +0800: Memory Usage (601500K) : metal1_res has 0 polygons
2026-09-08 12:55:41 +0800: Memory Usage (601536K) : metal5_label has 0 polygons
2026-09-08 12:55:41 +0800: Memory Usage (601500K) : metal2_res has 0 polygons
2026-09-08 12:55:41 +0800: Memory Usage (601500K) : metal5_label has 0 polygons
2026-09-08 12:55:41 +0800: Memory Usage (601540K) : ubmparray has 0 polygons
2026-09-08 12:55:41 +0800: Memory Usage (602068K) : pad has 0 polygons
2026-09-08 12:55:41 +0800: Memory Usage (601552K) : metal5_dummy has 0 polygons
2026-09-08 12:55:41 +0800: Memory Usage (601536K) : metal5_slot has 0 polygons
2026-09-08 12:55:41 +0800: Memory Usage (601500K) : metal3_res has 0 polygons
2026-09-08 12:55:41 +0800: Memory Usage (601500K) : metal5_slot has 0 polygons
2026-09-08 12:55:41 +0800: Memory Usage (601540K) : ubmeplate has 0 polygons
2026-09-08 12:55:41 +0800: Memory Usage (601552K) : metal5_label has 0 polygons
2026-09-08 12:55:41 +0800: Memory Usage (601536K) : metal5_blk has 0 polygons
2026-09-08 12:55:41 +0800: Memory Usage (601500K) : metal4_res has 0 polygons
2026-09-08 12:55:42 +0800: Memory Usage (601540K) : metal1_res has 0 polygons
2026-09-08 12:55:42 +0800: Memory Usage (601500K) : metal5_res has 0 polygons
2026-09-08 12:55:42 +0800: Memory Usage (601552K) : metal5_slot has 0 polygons
2026-09-08 12:55:41 +0800: Memory Usage (602068K) : ubmpperi has 0 polygons
2026-09-08 12:55:42 +0800: Memory Usage (601500K) : metal5_blk has 0 polygons
2026-09-08 12:55:42 +0800: Memory Usage (602068K) : ubmparray has 0 polygons
2026-09-08 12:55:42 +0800: Memory Usage (601500K) : metal6_res has 0 polygons
2026-09-08 12:55:42 +0800: Memory Usage (601536K) : pad has 0 polygons
2026-09-08 12:55:42 +0800: Memory Usage (601540K) : metal2_res has 0 polygons
2026-09-08 12:55:42 +0800: Memory Usage (601552K) : metal5_blk has 0 polygons
2026-09-08 12:55:42 +0800: Memory Usage (601500K) : pad has 0 polygons
2026-09-08 12:55:42 +0800: Memory Usage (601500K) : pr_bndry has 15937 polygons
2026-09-08 12:55:42 +0800: Memory Usage (602068K) : ubmeplate has 0 polygons
2026-09-08 12:55:42 +0800: Memory Usage (601536K) : ubmpperi has 0 polygons
2026-09-08 12:55:40 +0800: Memory Usage (608984K) : pmndmy has 0 polygons
2026-09-08 12:55:42 +0800: Memory Usage (601540K) : metal3_res has 0 polygons
2026-09-08 12:55:42 +0800: Memory Usage (601500K) : ubmpperi has 0 polygons
2026-09-08 12:55:42 +0800: Memory Usage (601500K) : border has 0 polygons
2026-09-08 12:55:42 +0800: Memory Usage (602068K) : metal1_res has 0 polygons
2026-09-08 12:55:42 +0800: Memory Usage (601536K) : ubmparray has 0 polygons
2026-09-08 12:55:42 +0800: Memory Usage (601500K) : Total no. of polygons in the design is 390889
2026-09-08 12:55:42 +0800: Memory Usage (601500K) : ubmparray has 0 polygons
2026-09-08 12:55:42 +0800: Memory Usage (610836K) : metal1_drawn has 27195 polygons
2026-09-08 12:55:42 +0800: Memory Usage (601552K) : pad has 0 polygons
2026-09-08 12:55:42 +0800: Memory Usage (602068K) : metal2_res has 0 polygons
2026-09-08 12:55:41 +0800: Memory Usage (608924K) : pmndmy has 0 polygons
2026-09-08 12:55:42 +0800: Memory Usage (601500K) : ubmeplate has 0 polygons
2026-09-08 12:55:42 +0800: Memory Usage (601536K) : ubmeplate has 0 polygons
2026-09-08 12:55:42 +0800: Memory Usage (601552K) : ubmpperi has 0 polygons
2026-09-08 12:55:42 +0800: Memory Usage (602068K) : metal3_res has 0 polygons
2026-09-08 12:55:42 +0800: Memory Usage (601540K) : metal4_res has 0 polygons
2026-09-08 12:55:42 +0800: Memory Usage (601536K) : metal1_res has 0 polygons
2026-09-08 12:55:42 +0800: Memory Usage (610836K) : metal1_dummy has 0 polygons
2026-09-08 12:55:42 +0800: Memory Usage (601500K) : metal1_res has 0 polygons
2026-09-08 12:55:42 +0800: Memory Usage (610836K) : metal1_label has 0 polygons
2026-09-08 12:55:42 +0800: Memory Usage (601552K) : ubmparray has 0 polygons
2026-09-08 12:55:42 +0800: Memory Usage (602068K) : metal4_res has 0 polygons
2026-09-08 12:55:42 +0800: Memory Usage (601500K) : metal2_res has 0 polygons
2026-09-08 12:55:42 +0800: Memory Usage (601540K) : metal5_res has 0 polygons
2026-09-08 12:55:42 +0800: Memory Usage (601536K) : metal2_res has 0 polygons
2026-09-08 12:55:42 +0800: Memory Usage (610836K) : metal1_slot has 0 polygons
2026-09-08 12:55:42 +0800: Memory Usage (602068K) : metal5_res has 0 polygons
2026-09-08 12:55:42 +0800: Memory Usage (601500K) : metal3_res has 0 polygons
2026-09-08 12:55:42 +0800: Memory Usage (601536K) : metal3_res has 0 polygons
2026-09-08 12:55:42 +0800: Memory Usage (601552K) : ubmeplate has 0 polygons
2026-09-08 12:55:42 +0800: Memory Usage (601540K) : metal6_res has 0 polygons
2026-09-08 12:55:42 +0800: Memory Usage (602068K) : metal6_res has 0 polygons
2026-09-08 12:55:42 +0800: Memory Usage (601500K) : metal4_res has 0 polygons
2026-09-08 12:55:42 +0800: Memory Usage (601536K) : metal4_res has 0 polygons
2026-09-08 12:55:42 +0800: Memory Usage (601552K) : metal1_res has 0 polygons
2026-09-08 12:55:42 +0800: Memory Usage (601540K) : pr_bndry has 15937 polygons
2026-09-08 12:55:41 +0800: Memory Usage (608880K) : pmndmy has 0 polygons
2026-09-08 12:55:41 +0800: Memory Usage (608880K) : pmndmy has 0 polygons
2026-09-08 12:55:42 +0800: Memory Usage (601552K) : metal2_res has 0 polygons
2026-09-08 12:55:42 +0800: Memory Usage (601540K) : border has 0 polygons
2026-09-08 12:55:42 +0800: Memory Usage (602068K) : pr_bndry has 15937 polygons
2026-09-08 12:55:41 +0800: Memory Usage (608884K) : pmndmy has 0 polygons
2026-09-08 12:55:42 +0800: Memory Usage (602068K) : border has 0 polygons
2026-09-08 12:55:42 +0800: Memory Usage (601540K) : Total no. of polygons in the design is 390889
2026-09-08 12:55:42 +0800: Memory Usage (601552K) : metal3_res has 0 polygons
2026-09-08 12:55:42 +0800: Memory Usage (601500K) : metal5_res has 0 polygons
2026-09-08 12:55:42 +0800: Memory Usage (601536K) : metal5_res has 0 polygons
2026-09-08 12:55:42 +0800: Memory Usage (610544K) : metal1_drawn has 27195 polygons
2026-09-08 12:55:42 +0800: Memory Usage (602068K) : Total no. of polygons in the design is 412752
2026-09-08 12:55:41 +0800: Memory Usage (609064K) : pmndmy has 0 polygons
2026-09-08 12:55:42 +0800: Memory Usage (601552K) : metal4_res has 0 polygons
2026-09-08 12:55:42 +0800: Memory Usage (610288K) : metal1_drawn has 27195 polygons
2026-09-08 12:55:42 +0800: Memory Usage (610544K) : metal1_dummy has 0 polygons
2026-09-08 12:55:42 +0800: Memory Usage (601500K) : metal6_res has 0 polygons
2026-09-08 12:55:42 +0800: Memory Usage (601536K) : metal6_res has 0 polygons
2026-09-08 12:55:42 +0800: Memory Usage (610736K) : metal1_drawn has 27195 polygons
2026-09-08 12:55:42 +0800: Memory Usage (610976K) : metal1_drawn has 27195 polygons
2026-09-08 12:55:42 +0800: Memory Usage (610288K) : metal1_dummy has 0 polygons
2026-09-08 12:55:42 +0800: Memory Usage (610544K) : metal1_label has 0 polygons
2026-09-08 12:55:42 +0800: Memory Usage (601536K) : pr_bndry has 15937 polygons
2026-09-08 12:55:42 +0800: Memory Usage (601500K) : pr_bndry has 15937 polygons
2026-09-08 12:55:42 +0800: Memory Usage (610736K) : metal1_dummy has 0 polygons
2026-09-08 12:55:42 +0800: Memory Usage (601552K) : metal5_res has 0 polygons
2026-09-08 12:55:42 +0800: Memory Usage (610976K) : metal1_dummy has 0 polygons
2026-09-08 12:55:42 +0800: Memory Usage (610544K) : metal1_slot has 0 polygons
2026-09-08 12:55:42 +0800: Memory Usage (610288K) : metal1_label has 0 polygons
2026-09-08 12:55:42 +0800: Memory Usage (601536K) : border has 0 polygons
2026-09-08 12:55:42 +0800: Memory Usage (601500K) : border has 0 polygons
2026-09-08 12:55:42 +0800: Memory Usage (610736K) : metal1_label has 0 polygons
2026-09-08 12:55:43 +0800: Memory Usage (601500K) : Total no. of polygons in the design is 390889
2026-09-08 12:55:43 +0800: Memory Usage (601536K) : Total no. of polygons in the design is 390889
2026-09-08 12:55:42 +0800: Memory Usage (610976K) : metal1_label has 0 polygons
2026-09-08 12:55:42 +0800: Memory Usage (601552K) : metal6_res has 0 polygons
2026-09-08 12:55:42 +0800: Memory Usage (610288K) : metal1_slot has 0 polygons
2026-09-08 12:55:43 +0800: Memory Usage (610736K) : metal1_slot has 0 polygons
2026-09-08 12:55:43 +0800: Memory Usage (610976K) : metal1_slot has 0 polygons
2026-09-08 12:55:43 +0800: Memory Usage (601552K) : pr_bndry has 15937 polygons
2026-09-08 12:55:43 +0800: Memory Usage (601552K) : border has 0 polygons
2026-09-08 12:55:43 +0800: Memory Usage (601552K) : Total no. of polygons in the design is 390889
2026-09-08 12:55:42 +0800: Memory Usage (610836K) : metal1_blk has 0 polygons
2026-09-08 12:55:43 +0800: Memory Usage (647460K) : metal2_drawn has 17514 polygons
2026-09-08 12:55:43 +0800: Memory Usage (647460K) : metal2_dummy has 0 polygons
2026-09-08 12:55:43 +0800: Memory Usage (647460K) : metal2_label has 31 polygons
2026-09-08 12:55:42 +0800: Memory Usage (615792K) : contact has 106822 polygons
2026-09-08 12:55:43 +0800: Memory Usage (647460K) : metal2_slot has 0 polygons
2026-09-08 12:55:43 +0800: Memory Usage (626648K) : metal1_drawn has 27195 polygons
2026-09-08 12:55:42 +0800: Memory Usage (610544K) : metal1_blk has 0 polygons
2026-09-08 12:55:44 +0800: Memory Usage (626648K) : metal1_dummy has 0 polygons
2026-09-08 12:55:43 +0800: Memory Usage (610288K) : metal1_blk has 0 polygons
2026-09-08 12:55:44 +0800: Memory Usage (626648K) : metal1_label has 0 polygons
2026-09-08 12:55:43 +0800: Memory Usage (610976K) : metal1_blk has 0 polygons
2026-09-08 12:55:43 +0800: Memory Usage (610736K) : metal1_blk has 0 polygons
2026-09-08 12:55:44 +0800: Memory Usage (626648K) : metal1_slot has 0 polygons
2026-09-08 12:55:44 +0800: Memory Usage (647168K) : metal2_drawn has 17514 polygons
2026-09-08 12:55:44 +0800: Memory Usage (646916K) : metal2_drawn has 17514 polygons
2026-09-08 12:55:43 +0800: Memory Usage (647460K) : metal2_blk has 0 polygons
2026-09-08 12:55:44 +0800: Memory Usage (647600K) : metal2_drawn has 17514 polygons
2026-09-08 12:55:44 +0800: Memory Usage (646916K) : metal2_dummy has 0 polygons
2026-09-08 12:55:44 +0800: Memory Usage (647168K) : metal2_dummy has 0 polygons
2026-09-08 12:55:44 +0800: Memory Usage (647364K) : metal2_drawn has 17514 polygons
2026-09-08 12:55:44 +0800: Memory Usage (647600K) : metal2_dummy has 0 polygons
2026-09-08 12:55:44 +0800: Memory Usage (646916K) : metal2_label has 31 polygons
2026-09-08 12:55:44 +0800: Memory Usage (647168K) : metal2_label has 31 polygons
2026-09-08 12:55:44 +0800: Memory Usage (647460K) : metal3_drawn has 9853 polygons
2026-09-08 12:55:44 +0800: Memory Usage (647600K) : metal2_label has 31 polygons
2026-09-08 12:55:44 +0800: Memory Usage (646916K) : metal2_slot has 0 polygons
2026-09-08 12:55:44 +0800: Memory Usage (647168K) : metal2_slot has 0 polygons
2026-09-08 12:55:44 +0800: Memory Usage (647364K) : metal2_dummy has 0 polygons
2026-09-08 12:55:44 +0800: Memory Usage (647600K) : metal2_slot has 0 polygons
2026-09-08 12:55:44 +0800: Memory Usage (647460K) : metal3_dummy has 0 polygons
2026-09-08 12:55:44 +0800: Memory Usage (647364K) : metal2_label has 31 polygons
2026-09-08 12:55:44 +0800: Memory Usage (647460K) : metal3_label has 0 polygons
2026-09-08 12:55:44 +0800: Memory Usage (647364K) : metal2_slot has 0 polygons
2026-09-08 12:55:44 +0800: Memory Usage (647600K) : metal2_blk has 0 polygons
2026-09-08 12:55:44 +0800: Memory Usage (647460K) : metal3_slot has 0 polygons
2026-09-08 12:55:44 +0800: Memory Usage (646916K) : metal2_blk has 0 polygons
2026-09-08 12:55:44 +0800: Memory Usage (647168K) : metal2_blk has 0 polygons
2026-09-08 12:55:44 +0800: Memory Usage (647460K) : metal3_blk has 0 polygons
2026-09-08 12:55:44 +0800: Memory Usage (646916K) : metal3_drawn has 9853 polygons
2026-09-08 12:55:44 +0800: Memory Usage (647364K) : metal2_blk has 0 polygons
2026-09-08 12:55:44 +0800: Memory Usage (647600K) : via2 has 21863 polygons
2026-09-08 12:55:44 +0800: Memory Usage (647168K) : metal3_drawn has 9853 polygons
2026-09-08 12:55:44 +0800: Memory Usage (646916K) : metal3_dummy has 0 polygons
2026-09-08 12:55:44 +0800: Memory Usage (647460K) : via3 has 8264 polygons
2026-09-08 12:55:44 +0800: Memory Usage (647168K) : metal3_dummy has 0 polygons
2026-09-08 12:55:44 +0800: Memory Usage (646916K) : metal3_label has 0 polygons
2026-09-08 12:55:44 +0800: Memory Usage (647600K) : metal3_drawn has 9853 polygons
2026-09-08 12:55:44 +0800: Memory Usage (647364K) : metal3_drawn has 9853 polygons
2026-09-08 12:55:45 +0800: Memory Usage (646916K) : metal3_slot has 0 polygons
2026-09-08 12:55:45 +0800: Memory Usage (647168K) : metal3_label has 0 polygons
2026-09-08 12:55:44 +0800: Memory Usage (647460K) : metal4_drawn has 1492 polygons
2026-09-08 12:55:45 +0800: Memory Usage (647600K) : metal3_dummy has 0 polygons
2026-09-08 12:55:45 +0800: Memory Usage (647364K) : metal3_dummy has 0 polygons
2026-09-08 12:55:45 +0800: Memory Usage (647460K) : metal4_dummy has 0 polygons
2026-09-08 12:55:45 +0800: Memory Usage (647168K) : metal3_slot has 0 polygons
2026-09-08 12:55:45 +0800: Memory Usage (647600K) : metal3_label has 0 polygons
2026-09-08 12:55:45 +0800: Memory Usage (646916K) : metal3_blk has 0 polygons
2026-09-08 12:55:45 +0800: Memory Usage (647460K) : metal4_label has 0 polygons
2026-09-08 12:55:45 +0800: Memory Usage (647364K) : metal3_label has 0 polygons
2026-09-08 12:55:45 +0800: Memory Usage (647600K) : metal3_slot has 0 polygons
2026-09-08 12:55:45 +0800: Memory Usage (647460K) : metal4_slot has 0 polygons
2026-09-08 12:55:45 +0800: Memory Usage (647364K) : metal3_slot has 0 polygons
2026-09-08 12:55:45 +0800: Memory Usage (647168K) : metal3_blk has 0 polygons
2026-09-08 12:55:45 +0800: Memory Usage (647460K) : metal4_blk has 0 polygons
2026-09-08 12:55:44 +0800: Memory Usage (626648K) : metal1_blk has 0 polygons
2026-09-08 12:55:45 +0800: Memory Usage (647364K) : metal3_blk has 0 polygons
2026-09-08 12:55:45 +0800: Memory Usage (647600K) : metal3_blk has 0 polygons
2026-09-08 12:55:45 +0800: Memory Usage (646916K) : via3 has 8264 polygons
2026-09-08 12:55:45 +0800: Memory Usage (647460K) : via4 has 4611 polygons
2026-09-08 12:55:45 +0800: Memory Usage (647460K) : metal5_drawn has 269 polygons
2026-09-08 12:55:45 +0800: Memory Usage (647168K) : via3 has 8264 polygons
2026-09-08 12:55:45 +0800: Memory Usage (646916K) : metal4_drawn has 1492 polygons
2026-09-08 12:55:45 +0800: Memory Usage (659676K) : metal2_drawn has 17514 polygons
2026-09-08 12:55:45 +0800: Memory Usage (647460K) : metal5_dummy has 0 polygons
2026-09-08 12:55:45 +0800: Memory Usage (646916K) : metal4_dummy has 0 polygons
2026-09-08 12:55:45 +0800: Memory Usage (647600K) : via3 has 8264 polygons
2026-09-08 12:55:45 +0800: Memory Usage (647364K) : via3 has 8264 polygons
2026-09-08 12:55:45 +0800: Memory Usage (646916K) : metal4_label has 0 polygons
2026-09-08 12:55:45 +0800: Memory Usage (659676K) : metal2_dummy has 0 polygons
2026-09-08 12:55:45 +0800: Memory Usage (647168K) : metal4_drawn has 1492 polygons
2026-09-08 12:55:45 +0800: Memory Usage (646916K) : metal4_slot has 0 polygons
2026-09-08 12:55:45 +0800: Memory Usage (647460K) : metal5_label has 0 polygons
2026-09-08 12:55:45 +0800: Memory Usage (659676K) : metal2_label has 31 polygons
2026-09-08 12:55:45 +0800: Memory Usage (647168K) : metal4_dummy has 0 polygons
2026-09-08 12:55:45 +0800: Memory Usage (647600K) : metal4_drawn has 1492 polygons
2026-09-08 12:55:45 +0800: Memory Usage (647460K) : metal5_slot has 0 polygons
2026-09-08 12:55:45 +0800: Memory Usage (647364K) : metal4_drawn has 1492 polygons
2026-09-08 12:55:45 +0800: Memory Usage (646916K) : metal4_blk has 0 polygons
2026-09-08 12:55:45 +0800: Memory Usage (647600K) : metal4_dummy has 0 polygons
2026-09-08 12:55:45 +0800: Memory Usage (659676K) : metal2_slot has 0 polygons
2026-09-08 12:55:45 +0800: Memory Usage (647168K) : metal4_label has 0 polygons
2026-09-08 12:55:45 +0800: Memory Usage (647460K) : metal5_blk has 0 polygons
2026-09-08 12:55:45 +0800: Memory Usage (647600K) : metal4_label has 0 polygons
2026-09-08 12:55:45 +0800: Memory Usage (647364K) : metal4_dummy has 0 polygons
2026-09-08 12:55:45 +0800: Memory Usage (647460K) : pad has 0 polygons
2026-09-08 12:55:45 +0800: Memory Usage (646916K) : via4 has 4611 polygons
2026-09-08 12:55:45 +0800: Memory Usage (647168K) : metal4_slot has 0 polygons
2026-09-08 12:55:45 +0800: Memory Usage (647600K) : metal4_slot has 0 polygons
2026-09-08 12:55:45 +0800: Memory Usage (647364K) : metal4_label has 0 polygons
2026-09-08 12:55:45 +0800: Memory Usage (647460K) : ubmpperi has 0 polygons
2026-09-08 12:55:45 +0800: Memory Usage (646916K) : metal5_drawn has 269 polygons
2026-09-08 12:55:45 +0800: Memory Usage (647460K) : ubmparray has 0 polygons
2026-09-08 12:55:45 +0800: Memory Usage (647364K) : metal4_slot has 0 polygons
2026-09-08 12:55:45 +0800: Memory Usage (647168K) : metal4_blk has 0 polygons
2026-09-08 12:55:45 +0800: Memory Usage (647600K) : metal4_blk has 0 polygons
2026-09-08 12:55:45 +0800: Memory Usage (647460K) : ubmeplate has 0 polygons
2026-09-08 12:55:46 +0800: Memory Usage (647168K) : via4 has 4611 polygons
2026-09-08 12:55:46 +0800: Memory Usage (647460K) : metal1_res has 0 polygons
2026-09-08 12:55:45 +0800: Memory Usage (647364K) : metal4_blk has 0 polygons
2026-09-08 12:55:46 +0800: Memory Usage (647600K) : via4 has 4611 polygons
2026-09-08 12:55:45 +0800: Memory Usage (659676K) : metal2_blk has 0 polygons
2026-09-08 12:55:45 +0800: Memory Usage (646916K) : metal5_dummy has 0 polygons
2026-09-08 12:55:46 +0800: Memory Usage (647168K) : metal5_drawn has 269 polygons
2026-09-08 12:55:46 +0800: Memory Usage (647460K) : metal2_res has 0 polygons
2026-09-08 12:55:46 +0800: Memory Usage (647600K) : metal5_drawn has 269 polygons
2026-09-08 12:55:46 +0800: Memory Usage (647364K) : via4 has 4611 polygons
2026-09-08 12:55:46 +0800: Memory Usage (646916K) : metal5_label has 0 polygons
2026-09-08 12:55:46 +0800: Memory Usage (646916K) : metal5_slot has 0 polygons
2026-09-08 12:55:46 +0800: Memory Usage (647364K) : metal5_drawn has 269 polygons
2026-09-08 12:55:46 +0800: Memory Usage (659676K) : metal3_drawn has 9853 polygons
2026-09-08 12:55:46 +0800: Memory Usage (647600K) : metal5_dummy has 0 polygons
2026-09-08 12:55:46 +0800: Memory Usage (647168K) : metal5_dummy has 0 polygons
2026-09-08 12:55:46 +0800: Memory Usage (647460K) : metal3_res has 0 polygons
2026-09-08 12:55:46 +0800: Memory Usage (646916K) : metal5_blk has 0 polygons
2026-09-08 12:55:46 +0800: Memory Usage (647600K) : metal5_label has 0 polygons
2026-09-08 12:55:46 +0800: Memory Usage (659676K) : metal3_dummy has 0 polygons
2026-09-08 12:55:46 +0800: Memory Usage (647168K) : metal5_label has 0 polygons
2026-09-08 12:55:46 +0800: Memory Usage (647460K) : metal4_res has 0 polygons
2026-09-08 12:55:46 +0800: Memory Usage (647600K) : metal5_slot has 0 polygons
2026-09-08 12:55:46 +0800: Memory Usage (646916K) : pad has 0 polygons
2026-09-08 12:55:46 +0800: Memory Usage (659676K) : metal3_label has 0 polygons
2026-09-08 12:55:46 +0800: Memory Usage (647168K) : metal5_slot has 0 polygons
2026-09-08 12:55:46 +0800: Memory Usage (647364K) : metal5_dummy has 0 polygons
2026-09-08 12:55:46 +0800: Memory Usage (647460K) : metal5_res has 0 polygons
2026-09-08 12:55:46 +0800: Memory Usage (647600K) : metal5_blk has 0 polygons
2026-09-08 12:55:46 +0800: Memory Usage (646916K) : ubmpperi has 0 polygons
2026-09-08 12:55:46 +0800: Memory Usage (659676K) : metal3_slot has 0 polygons
2026-09-08 12:55:46 +0800: Memory Usage (647600K) : pad has 0 polygons
2026-09-08 12:55:46 +0800: Memory Usage (647168K) : metal5_blk has 0 polygons
2026-09-08 12:55:46 +0800: Memory Usage (647364K) : metal5_label has 0 polygons
2026-09-08 12:55:46 +0800: Memory Usage (646916K) : ubmparray has 0 polygons
2026-09-08 12:55:46 +0800: Memory Usage (647600K) : ubmpperi has 0 polygons
2026-09-08 12:55:46 +0800: Memory Usage (647168K) : pad has 0 polygons
2026-09-08 12:55:46 +0800: Memory Usage (647364K) : metal5_slot has 0 polygons
2026-09-08 12:55:46 +0800: Memory Usage (659676K) : metal3_blk has 0 polygons
2026-09-08 12:55:46 +0800: Memory Usage (646916K) : ubmeplate has 0 polygons
2026-09-08 12:55:46 +0800: Memory Usage (647600K) : ubmparray has 0 polygons
2026-09-08 12:55:46 +0800: Memory Usage (647364K) : metal5_blk has 0 polygons
2026-09-08 12:55:46 +0800: Memory Usage (647168K) : ubmpperi has 0 polygons
2026-09-08 12:55:46 +0800: Memory Usage (647600K) : ubmeplate has 0 polygons
2026-09-08 12:55:46 +0800: Memory Usage (647460K) : metal6_res has 0 polygons
2026-09-08 12:55:46 +0800: Memory Usage (647364K) : pad has 0 polygons
2026-09-08 12:55:46 +0800: Memory Usage (647168K) : ubmparray has 0 polygons
2026-09-08 12:55:46 +0800: Memory Usage (646916K) : metal1_res has 0 polygons
2026-09-08 12:55:46 +0800: Memory Usage (647600K) : metal1_res has 0 polygons
2026-09-08 12:55:46 +0800: Memory Usage (647460K) : pr_bndry has 1 polygons
2026-09-08 12:55:46 +0800: Memory Usage (659676K) : via3 has 8264 polygons
2026-09-08 12:55:46 +0800: Memory Usage (647168K) : ubmeplate has 0 polygons
2026-09-08 12:55:46 +0800: Memory Usage (647364K) : ubmpperi has 0 polygons
2026-09-08 12:55:46 +0800: Memory Usage (647600K) : metal2_res has 0 polygons
2026-09-08 12:55:46 +0800: Memory Usage (646916K) : metal2_res has 0 polygons
2026-09-08 12:55:46 +0800: Memory Usage (647460K) : border has 0 polygons
2026-09-08 12:55:46 +0800: Memory Usage (646916K) : metal3_res has 0 polygons
2026-09-08 12:55:46 +0800: Memory Usage (647364K) : ubmparray has 0 polygons
2026-09-08 12:55:46 +0800: Memory Usage (647460K) : Total no. of polygons in the design is 114250
2026-09-08 12:55:46 +0800: Memory Usage (659676K) : metal4_drawn has 1492 polygons
2026-09-08 12:55:46 +0800: Memory Usage (647600K) : metal3_res has 0 polygons
2026-09-08 12:55:46 +0800: Memory Usage (647364K) : ubmeplate has 0 polygons
2026-09-08 12:55:46 +0800: Memory Usage (646916K) : metal4_res has 0 polygons
2026-09-08 12:55:46 +0800: Memory Usage (659676K) : metal4_dummy has 0 polygons
2026-09-08 12:55:46 +0800: Memory Usage (647168K) : metal1_res has 0 polygons
2026-09-08 12:55:46 +0800: Memory Usage (647600K) : metal4_res has 0 polygons
2026-09-08 12:55:46 +0800: Memory Usage (646916K) : metal5_res has 0 polygons
2026-09-08 12:55:46 +0800: Memory Usage (659676K) : metal4_label has 0 polygons
2026-09-08 12:55:46 +0800: Memory Usage (647168K) : metal2_res has 0 polygons
2026-09-08 12:55:46 +0800: Memory Usage (647600K) : metal5_res has 0 polygons
2026-09-08 12:55:47 +0800: Memory Usage (647168K) : metal3_res has 0 polygons
2026-09-08 12:55:47 +0800: Memory Usage (659676K) : metal4_slot has 0 polygons
2026-09-08 12:55:46 +0800: Memory Usage (647364K) : metal1_res has 0 polygons
2026-09-08 12:55:47 +0800: Memory Usage (647168K) : metal4_res has 0 polygons
2026-09-08 12:55:47 +0800: Memory Usage (647364K) : metal2_res has 0 polygons
2026-09-08 12:55:47 +0800: Memory Usage (659676K) : metal4_blk has 0 polygons
2026-09-08 12:55:47 +0800: Memory Usage (647168K) : metal5_res has 0 polygons
2026-09-08 12:55:47 +0800: Memory Usage (647364K) : metal3_res has 0 polygons
2026-09-08 12:55:46 +0800: Memory Usage (646916K) : metal6_res has 0 polygons
2026-09-08 12:55:47 +0800: Memory Usage (659676K) : via4 has 4611 polygons
2026-09-08 12:55:47 +0800: Memory Usage (647600K) : metal6_res has 0 polygons
2026-09-08 12:55:47 +0800: Memory Usage (647364K) : metal4_res has 0 polygons
2026-09-08 12:55:47 +0800: Memory Usage (647600K) : pr_bndry has 1 polygons
2026-09-08 12:55:47 +0800: Memory Usage (659676K) : metal5_drawn has 269 polygons
2026-09-08 12:55:47 +0800: Memory Usage (647364K) : metal5_res has 0 polygons
2026-09-08 12:55:42 +0800: Memory Usage (601500K) : Starting deriving base layers.
2026-09-08 12:55:47 +0800: Memory Usage (647600K) : border has 0 polygons
2026-09-08 12:55:47 +0800: Memory Usage (646916K) : pr_bndry has 1 polygons
2026-09-08 12:55:47 +0800: Memory Usage (647168K) : metal6_res has 0 polygons
2026-09-08 12:55:47 +0800: Memory Usage (647600K) : Total no. of polygons in the design is 136113
2026-09-08 12:55:47 +0800: Memory Usage (896684K) : Construct connectivity for the design.
2026-09-08 12:55:47 +0800: Memory Usage (646916K) : border has 0 polygons
2026-09-08 12:55:47 +0800: Memory Usage (659676K) : metal5_dummy has 0 polygons
2026-09-08 12:55:47 +0800: Memory Usage (647168K) : pr_bndry has 1 polygons
2026-09-08 12:55:47 +0800: Memory Usage (646916K) : Total no. of polygons in the design is 114250
2026-09-08 12:55:47 +0800: Memory Usage (659676K) : metal5_label has 0 polygons
2026-09-08 12:55:47 +0800: Memory Usage (647168K) : border has 0 polygons
2026-09-08 12:55:47 +0800: Memory Usage (659676K) : metal5_slot has 0 polygons
2026-09-08 12:55:47 +0800: Memory Usage (647364K) : metal6_res has 0 polygons
2026-09-08 12:55:47 +0800: Memory Usage (647168K) : Total no. of polygons in the design is 114250
2026-09-08 12:55:47 +0800: Memory Usage (659676K) : metal5_blk has 0 polygons
2026-09-08 12:55:47 +0800: Memory Usage (647364K) : pr_bndry has 1 polygons
2026-09-08 12:55:47 +0800: Memory Usage (659676K) : pad has 0 polygons
2026-09-08 12:55:47 +0800: Memory Usage (647364K) : border has 0 polygons
2026-09-08 12:55:47 +0800: Memory Usage (659676K) : ubmpperi has 0 polygons
2026-09-08 12:55:47 +0800: Memory Usage (647364K) : Total no. of polygons in the design is 114250
2026-09-08 12:55:47 +0800: Memory Usage (659676K) : ubmparray has 0 polygons
2026-09-08 12:55:42 +0800: Memory Usage (602068K) : Starting deriving base layers.
2026-09-08 12:55:47 +0800: Memory Usage (659676K) : ubmeplate has 0 polygons
2026-09-08 12:55:42 +0800: Memory Usage (601540K) : Starting deriving base layers.
2026-09-08 12:55:48 +0800: Memory Usage (897752K) : Total area of the design is 302500.0 um^2.
2026-09-08 12:55:48 +0800: Memory Usage (659676K) : metal1_res has 0 polygons
2026-09-08 12:55:48 +0800: Memory Usage (896724K) : Construct connectivity for the design.
2026-09-08 12:55:48 +0800: Memory Usage (897752K) : Starting GF180MCU DRC rules.
2026-09-08 12:55:48 +0800: Memory Usage (659676K) : metal2_res has 0 polygons
2026-09-08 12:55:48 +0800: Memory Usage (897752K) : Running all FEOL rules
2026-09-08 12:55:43 +0800: Memory Usage (601552K) : Starting deriving base layers.
2026-09-08 12:55:48 +0800: Memory Usage (659676K) : metal3_res has 0 polygons
2026-09-08 12:55:48 +0800: Memory Usage (897752K) : Running all BEOL rules
2026-09-08 12:55:48 +0800: Memory Usage (897236K) : Total area of the design is 302500.0 um^2.
2026-09-08 12:55:48 +0800: Memory Usage (659676K) : metal4_res has 0 polygons
2026-09-08 12:55:48 +0800: Memory Usage (897236K) : Starting GF180MCU DRC rules.
2026-09-08 12:55:43 +0800: Memory Usage (601500K) : Starting deriving base layers.
2026-09-08 12:55:48 +0800: Memory Usage (897236K) : Running all FEOL rules
2026-09-08 12:55:48 +0800: Memory Usage (659676K) : metal5_res has 0 polygons
2026-09-08 12:55:43 +0800: Memory Usage (601536K) : Starting deriving base layers.
2026-09-08 12:55:48 +0800: Memory Usage (897236K) : Running all BEOL rules
2026-09-08 12:55:48 +0800: Memory Usage (896684K) : Construct connectivity for the design.
2026-09-08 12:55:48 +0800: Memory Usage (896720K) : Construct connectivity for the design.
2026-09-08 12:55:48 +0800: Memory Usage (659676K) : metal6_res has 0 polygons
2026-09-08 12:55:48 +0800: Memory Usage (659676K) : pr_bndry has 1 polygons
2026-09-08 12:55:48 +0800: Memory Usage (897752K) : via2_split DRC Total Run time 14.896915639 seconds
2026-09-08 12:55:48 +0800: Memory Usage (659676K) : border has 0 polygons
2026-09-08 12:55:48 +0800: Memory Usage (659676K) : Total no. of polygons in the design is 221072
2026-09-08 12:55:48 +0800: Memory Usage (897236K) : via4_split DRC Total Run time 15.006801355 seconds
08-Sep-2026 12:55:49 | INFO    | Running Global Foundries 180nm MCU /workspace/iris_c3a247b9-0025-43e1-bae8-42a940fa0b63/Chip-Orchestra-review-latest/output/nanocgra_lite_3x3_opt/gds/nanocgra_lite_3x3_opt.gds checks on design ymtp_mk on cell NanoCGRA_Lite:
2026-09-08 12:55:47 +0800: Memory Usage (896684K) : Connectivity rules enabled, Netlist object will be generated.
2026-09-08 12:55:49 +0800: Memory Usage (918772K) : Total area of the design is 302500.0 um^2.
2026-09-08 12:55:49 +0800: Memory Usage (918772K) : Starting GF180MCU DRC rules.
2026-09-08 12:55:49 +0800: Memory Usage (918772K) : Running all FEOL rules
08-Sep-2026 12:55:49 | INFO    | Running Global Foundries 180nm MCU /workspace/iris_c3a247b9-0025-43e1-bae8-42a940fa0b63/Chip-Orchestra-review-latest/output/nanocgra_lite_3x3_opt/gds/nanocgra_lite_3x3_opt.gds checks on design contact_split on cell NanoCGRA_Lite:
2026-09-08 12:55:49 +0800: Memory Usage (918772K) : Running all BEOL rules
2026-09-08 12:55:48 +0800: Memory Usage (896724K) : Connectivity rules enabled, Netlist object will be generated.
2026-09-08 12:55:50 +0800: Memory Usage (918780K) : Total area of the design is 302500.0 um^2.
2026-09-08 12:55:50 +0800: Memory Usage (918780K) : Starting GF180MCU DRC rules.
2026-09-08 12:55:50 +0800: Memory Usage (918780K) : Running all FEOL rules
2026-09-08 12:55:49 +0800: Memory Usage (918772K) : ldpmos_split DRC Total Run time 16.313088061 seconds
2026-09-08 12:55:50 +0800: Memory Usage (918780K) : Running all BEOL rules
2026-09-08 12:55:48 +0800: Memory Usage (896720K) : Connectivity rules enabled, Netlist object will be generated.
2026-09-08 12:55:48 +0800: Memory Usage (896684K) : Connectivity rules enabled, Netlist object will be generated.
2026-09-08 12:55:50 +0800: Memory Usage (918808K) : Total area of the design is 302500.0 um^2.
2026-09-08 12:55:50 +0800: Memory Usage (918776K) : Total area of the design is 302500.0 um^2.
2026-09-08 12:55:50 +0800: Memory Usage (918808K) : Starting GF180MCU DRC rules.
2026-09-08 12:55:50 +0800: Memory Usage (918776K) : Starting GF180MCU DRC rules.
2026-09-08 12:55:50 +0800: Memory Usage (918808K) : Running all FEOL rules
2026-09-08 12:55:50 +0800: Memory Usage (918776K) : Running all FEOL rules
2026-09-08 12:55:50 +0800: Memory Usage (918780K) : nwell_split DRC Total Run time 17.081952258 seconds
2026-09-08 12:55:50 +0800: Memory Usage (918808K) : Running all BEOL rules
2026-09-08 12:55:50 +0800: Memory Usage (918776K) : Running all BEOL rules
08-Sep-2026 12:55:51 | INFO    | Running Global Foundries 180nm MCU /workspace/iris_c3a247b9-0025-43e1-bae8-42a940fa0b63/Chip-Orchestra-review-latest/output/nanocgra_lite_3x3_opt/gds/nanocgra_lite_3x3_opt.gds checks on design lvs_bjt on cell NanoCGRA_Lite:
2026-09-08 12:55:46 +0800: Memory Usage (647460K) : Starting deriving base layers.
08-Sep-2026 12:55:51 | INFO    | Running Global Foundries 180nm MCU /workspace/iris_c3a247b9-0025-43e1-bae8-42a940fa0b63/Chip-Orchestra-review-latest/output/nanocgra_lite_3x3_opt/gds/nanocgra_lite_3x3_opt.gds checks on design metal4 on cell NanoCGRA_Lite:
2026-09-08 12:55:51 +0800: Memory Usage (665120K) : Total area of the design is 302500.0 um^2.
2026-09-08 12:55:50 +0800: Memory Usage (918808K) : ldnmos_split DRC Total Run time 17.515964312 seconds
2026-09-08 12:55:50 +0800: Memory Usage (918776K) : dnwell_split DRC Total Run time 17.388181582 seconds
2026-09-08 12:55:51 +0800: Memory Usage (665120K) : Starting GF180MCU DRC rules.
2026-09-08 12:55:51 +0800: Memory Usage (665120K) : Running all FEOL rules
2026-09-08 12:55:51 +0800: Memory Usage (665120K) : Running all BEOL rules
2026-09-08 12:55:51 +0800: Memory Usage (665120K) : Executing rule DE.2
2026-09-08 12:55:47 +0800: Memory Usage (647600K) : Starting deriving base layers.
2026-09-08 12:55:51 +0800: Memory Usage (667856K) : Total area of the design is 302500.0 um^2.
2026-09-08 12:55:51 +0800: Memory Usage (665120K) : Executing rule DE.3
2026-09-08 12:55:47 +0800: Memory Usage (647168K) : Starting deriving base layers.
2026-09-08 12:55:51 +0800: Memory Usage (667856K) : Starting GF180MCU DRC rules.
2026-09-08 12:55:51 +0800: Memory Usage (665120K) : Executing rule DE.4
2026-09-08 12:55:51 +0800: Memory Usage (665028K) : Total area of the design is 302500.0 um^2.
2026-09-08 12:55:51 +0800: Memory Usage (667856K) : Running all FEOL rules
2026-09-08 12:55:51 +0800: Memory Usage (665028K) : Starting GF180MCU DRC rules.
08-Sep-2026 12:55:52 | INFO    | Running Global Foundries 180nm MCU /workspace/iris_c3a247b9-0025-43e1-bae8-42a940fa0b63/Chip-Orchestra-review-latest/output/nanocgra_lite_3x3_opt/gds/nanocgra_lite_3x3_opt.gds checks on design mim_b on cell NanoCGRA_Lite:
2026-09-08 12:55:51 +0800: Memory Usage (667856K) : Running all BEOL rules
2026-09-08 12:55:51 +0800: Memory Usage (665028K) : Running all FEOL rules
2026-09-08 12:55:52 +0800: Memory Usage (665028K) : Running all BEOL rules
2026-09-08 12:55:52 +0800: Memory Usage (665028K) : Executing rule MC.1
2026-09-08 12:55:47 +0800: Memory Usage (646916K) : Starting deriving base layers.
2026-09-08 12:55:52 +0800: Memory Usage (571172K) : Starting running GF180MCU Klayout DRC runset on /workspace/iris_c3a247b9-0025-43e1-bae8-42a940fa0b63/Chip-Orchestra-review-latest/output/nanocgra_lite_3x3_opt/gds/nanocgra_lite_3x3_opt.gds
2026-09-08 12:55:52 +0800: Memory Usage (665028K) : Executing rule MC.2
2026-09-08 12:55:52 +0800: Memory Usage (665024K) : Total area of the design is 302500.0 um^2.
08-Sep-2026 12:55:52 | INFO    | Running Global Foundries 180nm MCU /workspace/iris_c3a247b9-0025-43e1-bae8-42a940fa0b63/Chip-Orchestra-review-latest/output/nanocgra_lite_3x3_opt/gds/nanocgra_lite_3x3_opt.gds checks on design nwell on cell NanoCGRA_Lite:
2026-09-08 12:55:52 +0800: Memory Usage (665024K) : Starting GF180MCU DRC rules.
2026-09-08 12:55:52 +0800: Memory Usage (665028K) : Executing rule MC.3
2026-09-08 12:55:47 +0800: Memory Usage (647364K) : Starting deriving base layers.
2026-09-08 12:55:52 +0800: Memory Usage (667856K) : Executing rule V2.1
2026-09-08 12:55:52 +0800: Memory Usage (665024K) : Running all FEOL rules
2026-09-08 12:55:52 +0800: Memory Usage (665028K) : Executing rule MC.4
2026-09-08 12:55:52 +0800: Memory Usage (665028K) : Total area of the design is 302500.0 um^2.
2026-09-08 12:55:52 +0800: Memory Usage (665024K) : Running all BEOL rules
2026-09-08 12:55:52 +0800: Memory Usage (665028K) : Starting GF180MCU DRC rules.
2026-09-08 12:55:52 +0800: Memory Usage (667856K) : Executing rule V2.2a
2026-09-08 12:55:52 +0800: Memory Usage (665028K) : Running all FEOL rules
2026-09-08 12:55:51 +0800: Memory Usage (665120K) : dummy_exclude DRC Total Run time 18.572440865 seconds
2026-09-08 12:55:52 +0800: Memory Usage (571172K) : Ruby Version for klayout: 3.1.2
2026-09-08 12:55:52 +0800: Memory Usage (665028K) : Running all BEOL rules
2026-09-08 12:55:52 +0800: Memory Usage (665024K) : Executing rule M3.1
2026-09-08 12:55:52 +0800: Memory Usage (593960K) : Loading database to memory is complete.
2026-09-08 12:55:52 +0800: Memory Usage (571172K) : Starting running GF180MCU Klayout DRC runset on /workspace/iris_c3a247b9-0025-43e1-bae8-42a940fa0b63/Chip-Orchestra-review-latest/output/nanocgra_lite_3x3_opt/gds/nanocgra_lite_3x3_opt.gds
2026-09-08 12:55:52 +0800: Memory Usage (593960K) : GF180MCU Klayout DRC runset output at: /workspace/iris_c3a247b9-0025-43e1-bae8-42a940fa0b63/Chip-Orchestra-review-latest/output/nanocgra_lite_3x3_opt/reports/signoff/foundry_drc_full/nanocgra_lite_3x3_opt_ymtp_mk.lyrdb
2026-09-08 12:55:52 +0800: Memory Usage (593960K) : Evaluate switches.
2026-09-08 12:55:52 +0800: Memory Usage (593960K) : table_name selected  ymtp_mk
2026-09-08 12:55:52 +0800: Memory Usage (593960K) : CONNECTIVITY_RULES enabled: false
2026-09-08 12:55:52 +0800: Memory Usage (665028K) : mcell DRC Total Run time 18.88438883 seconds
2026-09-08 12:55:52 +0800: Memory Usage (593960K) : Wedge enabled: false
2026-09-08 12:55:52 +0800: Memory Usage (593960K) : Ball enabled: false
2026-09-08 12:55:52 +0800: Memory Usage (593960K) : Gold enabled: false
2026-09-08 12:55:52 +0800: Memory Usage (593960K) : MIM Option selected: B
2026-09-08 12:55:52 +0800: Memory Usage (665024K) : Executing rule M3.2a
2026-09-08 12:55:52 +0800: Memory Usage (665028K) : Executing rule M2.1
2026-09-08 12:55:52 +0800: Memory Usage (571172K) : Ruby Version for klayout: 3.1.2
2026-09-08 12:55:52 +0800: Memory Usage (593960K) : Offgrid enabled:  true
2026-09-08 12:55:52 +0800: Memory Usage (593928K) : Loading database to memory is complete.
2026-09-08 12:55:52 +0800: Memory Usage (668108K) : Executing rule V2.2b
2026-09-08 12:55:53 +0800: Memory Usage (593960K) : Number of threads to use 2
2026-09-08 12:55:53 +0800: Memory Usage (593928K) : GF180MCU Klayout DRC runset output at: /workspace/iris_c3a247b9-0025-43e1-bae8-42a940fa0b63/Chip-Orchestra-review-latest/output/nanocgra_lite_3x3_opt/reports/signoff/foundry_drc_full/nanocgra_lite_3x3_opt_contact_split.lyrdb
2026-09-08 12:55:53 +0800: Memory Usage (593960K) : Verbose mode: false
2026-09-08 12:55:53 +0800: Memory Usage (593928K) : Evaluate switches.
2026-09-08 12:55:53 +0800: Memory Usage (593960K) : flat  mode is enabled for ymtp_mk table
2026-09-08 12:55:53 +0800: Memory Usage (593928K) : table_name selected  contact_split
08-Sep-2026 12:55:53 | INFO    | Running Global Foundries 180nm MCU /workspace/iris_c3a247b9-0025-43e1-bae8-42a940fa0b63/Chip-Orchestra-review-latest/output/nanocgra_lite_3x3_opt/gds/nanocgra_lite_3x3_opt.gds checks on design hres on cell NanoCGRA_Lite:
2026-09-08 12:55:53 +0800: Memory Usage (593976K) : METAL_TOP Selected is 9K
2026-09-08 12:55:53 +0800: Memory Usage (593928K) : CONNECTIVITY_RULES enabled: false
08-Sep-2026 12:55:53 | INFO    | Running Global Foundries 180nm MCU /workspace/iris_c3a247b9-0025-43e1-bae8-42a940fa0b63/Chip-Orchestra-review-latest/output/nanocgra_lite_3x3_opt/gds/nanocgra_lite_3x3_opt.gds checks on design ldpmos on cell NanoCGRA_Lite:
2026-09-08 12:55:53 +0800: Memory Usage (593976K) : METAL_STACK Selected is 5LM
2026-09-08 12:55:48 +0800: Memory Usage (659676K) : Starting deriving base layers.
2026-09-08 12:55:53 +0800: Memory Usage (593944K) : Wedge enabled: false
2026-09-08 12:55:53 +0800: Memory Usage (676892K) : Total area of the design is 302500.0 um^2.
2026-09-08 12:55:53 +0800: Memory Usage (593976K) : FEOL enabled: true
2026-09-08 12:55:53 +0800: Memory Usage (593944K) : Ball enabled: false
2026-09-08 12:55:52 +0800: Memory Usage (665024K) : Executing rule M3.2b
2026-09-08 12:55:53 +0800: Memory Usage (593944K) : Gold enabled: false
2026-09-08 12:55:53 +0800: Memory Usage (593976K) : BEOL enabled: true
2026-09-08 12:55:53 +0800: Memory Usage (676892K) : Starting GF180MCU DRC rules.
2026-09-08 12:55:53 +0800: Memory Usage (666624K) : Executing rule M3.3
2026-09-08 12:55:53 +0800: Memory Usage (593944K) : MIM Option selected: B
2026-09-08 12:55:53 +0800: Memory Usage (593976K) : SLOW_VIA enabled: false
2026-09-08 12:55:53 +0800: Memory Usage (676892K) : Running all FEOL rules
2026-09-08 12:55:53 +0800: Memory Usage (593944K) : Offgrid enabled:  true
2026-09-08 12:55:53 +0800: Memory Usage (593944K) : Number of threads to use 2
2026-09-08 12:55:53 +0800: Memory Usage (676892K) : Running all BEOL rules
2026-09-08 12:55:53 +0800: Memory Usage (593944K) : Verbose mode: false
2026-09-08 12:55:53 +0800: Memory Usage (593944K) : deep  mode is enabled for contact_split table
2026-09-08 12:55:53 +0800: Memory Usage (593944K) : METAL_TOP Selected is 9K
2026-09-08 12:55:53 +0800: Memory Usage (593944K) : METAL_STACK Selected is 5LM
2026-09-08 12:55:53 +0800: Memory Usage (593944K) : FEOL enabled: true
2026-09-08 12:55:53 +0800: Memory Usage (671608K) : Executing rule V2.3b
2026-09-08 12:55:53 +0800: Memory Usage (666624K) : metal3 DRC Total Run time 20.096109643 seconds
2026-09-08 12:55:53 +0800: Memory Usage (593944K) : BEOL enabled: true
2026-09-08 12:55:53 +0800: Memory Usage (593976K) : Read in polygons from layers.
2026-09-08 12:55:53 +0800: Memory Usage (571348K) : Starting running GF180MCU Klayout DRC runset on /workspace/iris_c3a247b9-0025-43e1-bae8-42a940fa0b63/Chip-Orchestra-review-latest/output/nanocgra_lite_3x3_opt/gds/nanocgra_lite_3x3_opt.gds
2026-09-08 12:55:53 +0800: Memory Usage (593944K) : SLOW_VIA enabled: false
2026-09-08 12:55:53 +0800: Memory Usage (596228K) : comp has 17798 polygons
2026-09-08 12:55:53 +0800: Memory Usage (571348K) : Starting running GF180MCU Klayout DRC runset on /workspace/iris_c3a247b9-0025-43e1-bae8-42a940fa0b63/Chip-Orchestra-review-latest/output/nanocgra_lite_3x3_opt/gds/nanocgra_lite_3x3_opt.gds
2026-09-08 12:55:53 +0800: Memory Usage (593944K) : Read in polygons from layers.
2026-09-08 12:55:54 +0800: Memory Usage (594600K) : comp has 17801 polygons
2026-09-08 12:55:54 +0800: Memory Usage (594600K) : dnwell has 0 polygons
2026-09-08 12:55:53 +0800: Memory Usage (676892K) : Starting LRES derivations
2026-09-08 12:55:53 +0800: Memory Usage (596228K) : dnwell has 0 polygons
2026-09-08 12:55:54 +0800: Memory Usage (594600K) : nwell has 15936 polygons
2026-09-08 12:55:53 +0800: Memory Usage (571348K) : Ruby Version for klayout: 3.1.2
2026-09-08 12:55:53 +0800: Memory Usage (571348K) : Ruby Version for klayout: 3.1.2
2026-09-08 12:55:54 +0800: Memory Usage (593868K) : Loading database to memory is complete.
2026-09-08 12:55:54 +0800: Memory Usage (594600K) : lvpwell has 15936 polygons
08-Sep-2026 12:55:54 | INFO    | Running Global Foundries 180nm MCU /workspace/iris_c3a247b9-0025-43e1-bae8-42a940fa0b63/Chip-Orchestra-review-latest/output/nanocgra_lite_3x3_opt/gds/nanocgra_lite_3x3_opt.gds checks on design pplus on cell NanoCGRA_Lite:
2026-09-08 12:55:54 +0800: Memory Usage (593880K) : Loading database to memory is complete.
2026-09-08 12:55:54 +0800: Memory Usage (593868K) : GF180MCU Klayout DRC runset output at: /workspace/iris_c3a247b9-0025-43e1-bae8-42a940fa0b63/Chip-Orchestra-review-latest/output/nanocgra_lite_3x3_opt/reports/signoff/foundry_drc_full/nanocgra_lite_3x3_opt_lvs_bjt.lyrdb
2026-09-08 12:55:54 +0800: Memory Usage (683256K) : Executing rule LRES.1
2026-09-08 12:55:54 +0800: Memory Usage (593880K) : GF180MCU Klayout DRC runset output at: /workspace/iris_c3a247b9-0025-43e1-bae8-42a940fa0b63/Chip-Orchestra-review-latest/output/nanocgra_lite_3x3_opt/reports/signoff/foundry_drc_full/nanocgra_lite_3x3_opt_metal4.lyrdb
2026-09-08 12:55:54 +0800: Memory Usage (593868K) : Evaluate switches.
2026-09-08 12:55:54 +0800: Memory Usage (594600K) : dualgate has 15936 polygons
2026-09-08 12:55:54 +0800: Memory Usage (683256K) : Executing rule LRES.2
2026-09-08 12:55:54 +0800: Memory Usage (593880K) : Evaluate switches.
2026-09-08 12:55:54 +0800: Memory Usage (593868K) : table_name selected  lvs_bjt
2026-09-08 12:55:54 +0800: Memory Usage (594600K) : poly2 has 28468 polygons
2026-09-08 12:55:54 +0800: Memory Usage (593868K) : CONNECTIVITY_RULES enabled: false
2026-09-08 12:55:54 +0800: Memory Usage (593880K) : table_name selected  metal4
2026-09-08 12:55:54 +0800: Memory Usage (683256K) : Executing rule LRES.3
2026-09-08 12:55:54 +0800: Memory Usage (594600K) : nplus has 15936 polygons
2026-09-08 12:55:54 +0800: Memory Usage (593868K) : Wedge enabled: false
2026-09-08 12:55:54 +0800: Memory Usage (593880K) : CONNECTIVITY_RULES enabled: false
2026-09-08 12:55:52 +0800: Memory Usage (665028K) : Executing rule M2.2a
2026-09-08 12:55:54 +0800: Memory Usage (601024K) : nwell has 67 polygons
2026-09-08 12:55:54 +0800: Memory Usage (593868K) : Ball enabled: false
2026-09-08 12:55:54 +0800: Memory Usage (683256K) : Executing rule LRES.4
2026-09-08 12:55:54 +0800: Memory Usage (594600K) : pplus has 17972 polygons
2026-09-08 12:55:54 +0800: Memory Usage (593880K) : Wedge enabled: false
2026-09-08 12:55:54 +0800: Memory Usage (593884K) : Gold enabled: false
2026-09-08 12:55:54 +0800: Memory Usage (571344K) : Starting running GF180MCU Klayout DRC runset on /workspace/iris_c3a247b9-0025-43e1-bae8-42a940fa0b63/Chip-Orchestra-review-latest/output/nanocgra_lite_3x3_opt/gds/nanocgra_lite_3x3_opt.gds
2026-09-08 12:55:54 +0800: Memory Usage (594600K) : sab has 0 polygons
2026-09-08 12:55:54 +0800: Memory Usage (683256K) : Executing rule LRES.5
2026-09-08 12:55:54 +0800: Memory Usage (593884K) : MIM Option selected: B
2026-09-08 12:55:54 +0800: Memory Usage (593896K) : Ball enabled: false
2026-09-08 12:55:54 +0800: Memory Usage (594600K) : esd has 0 polygons
2026-09-08 12:55:54 +0800: Memory Usage (593884K) : Offgrid enabled:  true
2026-09-08 12:55:54 +0800: Memory Usage (683256K) : Executing rule LRES.6
2026-09-08 12:55:54 +0800: Memory Usage (593896K) : Gold enabled: false
2026-09-08 12:55:54 +0800: Memory Usage (594600K) : resistor has 0 polygons
2026-09-08 12:55:54 +0800: Memory Usage (593884K) : Number of threads to use 2
2026-09-08 12:55:54 +0800: Memory Usage (683256K) : Executing rule LRES.7
2026-09-08 12:55:54 +0800: Memory Usage (594600K) : fhres has 0 polygons
2026-09-08 12:55:54 +0800: Memory Usage (593884K) : Verbose mode: false
2026-09-08 12:55:54 +0800: Memory Usage (593896K) : MIM Option selected: B
2026-09-08 12:55:54 +0800: Memory Usage (593884K) : flat  mode is enabled for lvs_bjt table
2026-09-08 12:55:54 +0800: Memory Usage (594600K) : fusetop has 0 polygons
2026-09-08 12:55:54 +0800: Memory Usage (593896K) : Offgrid enabled:  true
2026-09-08 12:55:54 +0800: Memory Usage (601164K) : lvpwell has 68 polygons
2026-09-08 12:55:54 +0800: Memory Usage (593884K) : METAL_TOP Selected is 9K
2026-09-08 12:55:54 +0800: Memory Usage (594600K) : fusewindow_d has 0 polygons
2026-09-08 12:55:54 +0800: Memory Usage (571176K) : Starting running GF180MCU Klayout DRC runset on /workspace/iris_c3a247b9-0025-43e1-bae8-42a940fa0b63/Chip-Orchestra-review-latest/output/nanocgra_lite_3x3_opt/gds/nanocgra_lite_3x3_opt.gds
2026-09-08 12:55:54 +0800: Memory Usage (593884K) : METAL_STACK Selected is 5LM
2026-09-08 12:55:54 +0800: Memory Usage (594600K) : polyfuse has 0 polygons
2026-09-08 12:55:54 +0800: Memory Usage (593896K) : Number of threads to use 2
2026-09-08 12:55:54 +0800: Memory Usage (683256K) : Executing rule LRES.9a
2026-09-08 12:55:54 +0800: Memory Usage (593884K) : FEOL enabled: true
2026-09-08 12:55:54 +0800: Memory Usage (594600K) : mvsd has 0 polygons
2026-09-08 12:55:54 +0800: Memory Usage (593896K) : Verbose mode: false
2026-09-08 12:55:54 +0800: Memory Usage (593884K) : BEOL enabled: true
2026-09-08 12:55:54 +0800: Memory Usage (683256K) : Executing rule LRES.9b
2026-09-08 12:55:54 +0800: Memory Usage (571344K) : Ruby Version for klayout: 3.1.2
2026-09-08 12:55:55 +0800: Memory Usage (593896K) : flat  mode is enabled for metal4 table
2026-09-08 12:55:54 +0800: Memory Usage (594600K) : mvpsd has 0 polygons
2026-09-08 12:55:55 +0800: Memory Usage (593884K) : SLOW_VIA enabled: false
2026-09-08 12:55:55 +0800: Memory Usage (593960K) : Loading database to memory is complete.
2026-09-08 12:55:55 +0800: Memory Usage (593896K) : METAL_TOP Selected is 9K
2026-09-08 12:55:55 +0800: Memory Usage (593960K) : GF180MCU Klayout DRC runset output at: /workspace/iris_c3a247b9-0025-43e1-bae8-42a940fa0b63/Chip-Orchestra-review-latest/output/nanocgra_lite_3x3_opt/reports/signoff/foundry_drc_full/nanocgra_lite_3x3_opt_mim_b.lyrdb
2026-09-08 12:55:55 +0800: Memory Usage (593896K) : METAL_STACK Selected is 5LM
2026-09-08 12:55:55 +0800: Memory Usage (593960K) : Evaluate switches.
2026-09-08 12:55:55 +0800: Memory Usage (593896K) : FEOL enabled: true
2026-09-08 12:55:55 +0800: Memory Usage (594600K) : nat has 0 polygons
2026-09-08 12:55:54 +0800: Memory Usage (571176K) : Ruby Version for klayout: 3.1.2
2026-09-08 12:55:55 +0800: Memory Usage (593896K) : BEOL enabled: true
2026-09-08 12:55:55 +0800: Memory Usage (593960K) : table_name selected  mim_b
2026-09-08 12:55:55 +0800: Memory Usage (593960K) : Loading database to memory is complete.
2026-09-08 12:55:55 +0800: Memory Usage (593896K) : SLOW_VIA enabled: false
2026-09-08 12:55:55 +0800: Memory Usage (594600K) : comp_dummy has 0 polygons
2026-09-08 12:55:55 +0800: Memory Usage (593960K) : GF180MCU Klayout DRC runset output at: /workspace/iris_c3a247b9-0025-43e1-bae8-42a940fa0b63/Chip-Orchestra-review-latest/output/nanocgra_lite_3x3_opt/reports/signoff/foundry_drc_full/nanocgra_lite_3x3_opt_nwell.lyrdb
2026-09-08 12:55:55 +0800: Memory Usage (593960K) : CONNECTIVITY_RULES enabled: false
2026-09-08 12:55:55 +0800: Memory Usage (594600K) : poly2_dummy has 0 polygons
2026-09-08 12:55:55 +0800: Memory Usage (593960K) : Evaluate switches.
2026-09-08 12:55:53 +0800: Memory Usage (674980K) : Executing rule V2.3c
2026-09-08 12:55:55 +0800: Memory Usage (593960K) : Wedge enabled: false
2026-09-08 12:55:55 +0800: Memory Usage (593960K) : table_name selected  nwell
2026-09-08 12:55:55 +0800: Memory Usage (593884K) : Read in polygons from layers.
2026-09-08 12:55:55 +0800: Memory Usage (594600K) : schottky_diode has 0 polygons
2026-09-08 12:55:55 +0800: Memory Usage (593960K) : Ball enabled: false
2026-09-08 12:55:55 +0800: Memory Usage (593960K) : CONNECTIVITY_RULES enabled: true
2026-09-08 12:55:55 +0800: Memory Usage (596148K) : comp has 17798 polygons
2026-09-08 12:55:54 +0800: Memory Usage (605148K) : dualgate has 1 polygons
2026-09-08 12:55:55 +0800: Memory Usage (594600K) : zener has 0 polygons
2026-09-08 12:55:55 +0800: Memory Usage (593960K) : Wedge enabled: false
2026-09-08 12:55:55 +0800: Memory Usage (593960K) : Gold enabled: false
2026-09-08 12:55:55 +0800: Memory Usage (594600K) : res_mk has 0 polygons
2026-09-08 12:55:55 +0800: Memory Usage (593960K) : Ball enabled: false
2026-09-08 12:55:55 +0800: Memory Usage (593960K) : MIM Option selected: B
2026-09-08 12:55:55 +0800: Memory Usage (593960K) : Gold enabled: false
2026-09-08 12:55:55 +0800: Memory Usage (594600K) : opc_drc has 0 polygons
2026-09-08 12:55:55 +0800: Memory Usage (593960K) : Offgrid enabled:  true
2026-09-08 12:55:55 +0800: Memory Usage (593896K) : Read in polygons from layers.
2026-09-08 12:55:55 +0800: Memory Usage (593960K) : MIM Option selected: B
2026-09-08 12:55:55 +0800: Memory Usage (594600K) : v5_xtor has 15936 polygons
2026-09-08 12:55:55 +0800: Memory Usage (683256K) : lres DRC Total Run time 21.6761975 seconds
2026-09-08 12:55:55 +0800: Memory Usage (596164K) : comp has 17798 polygons
2026-09-08 12:55:55 +0800: Memory Usage (593960K) : Number of threads to use 2
2026-09-08 12:55:55 +0800: Memory Usage (593960K) : Offgrid enabled:  true
2026-09-08 12:55:55 +0800: Memory Usage (594600K) : cap_mk has 0 polygons
2026-09-08 12:55:55 +0800: Memory Usage (593960K) : Number of threads to use 2
2026-09-08 12:55:55 +0800: Memory Usage (593960K) : Verbose mode: false
2026-09-08 12:55:55 +0800: Memory Usage (596148K) : dnwell has 0 polygons
2026-09-08 12:55:55 +0800: Memory Usage (593960K) : Verbose mode: false
2026-09-08 12:55:54 +0800: Memory Usage (665160K) : Executing rule M2.2b
2026-09-08 12:55:55 +0800: Memory Usage (593960K) : flat  mode is enabled for mim_b table
2026-09-08 12:55:55 +0800: Memory Usage (593976K) : flat  mode is enabled for nwell table
2026-09-08 12:55:55 +0800: Memory Usage (594600K) : mos_cap_mk has 0 polygons
2026-09-08 12:55:55 +0800: Memory Usage (685600K) : Executing rule M2.3
2026-09-08 12:55:55 +0800: Memory Usage (593976K) : METAL_TOP Selected is 9K
2026-09-08 12:55:55 +0800: Memory Usage (605356K) : poly2 has 24914 polygons
2026-09-08 12:55:55 +0800: Memory Usage (593976K) : METAL_TOP Selected is 9K
2026-09-08 12:55:55 +0800: Memory Usage (594600K) : ind_mk has 0 polygons
2026-09-08 12:55:55 +0800: Memory Usage (594600K) : diode_mk has 0 polygons
2026-09-08 12:55:55 +0800: Memory Usage (593976K) : METAL_STACK Selected is 5LM
2026-09-08 12:55:55 +0800: Memory Usage (593976K) : METAL_STACK Selected is 5LM
2026-09-08 12:55:55 +0800: Memory Usage (596164K) : dnwell has 0 polygons
2026-09-08 12:55:55 +0800: Memory Usage (593976K) : FEOL enabled: true
2026-09-08 12:55:55 +0800: Memory Usage (594600K) : drc_bjt has 0 polygons
2026-09-08 12:55:55 +0800: Memory Usage (593976K) : FEOL enabled: true
2026-09-08 12:55:55 +0800: Memory Usage (593976K) : BEOL enabled: true
2026-09-08 12:55:55 +0800: Memory Usage (594600K) : lvs_bjt has 0 polygons
2026-09-08 12:55:55 +0800: Memory Usage (593976K) : BEOL enabled: true
2026-09-08 12:55:56 +0800: Memory Usage (593976K) : SLOW_VIA enabled: false
2026-09-08 12:55:55 +0800: Memory Usage (571184K) : Starting running GF180MCU Klayout DRC runset on /workspace/iris_c3a247b9-0025-43e1-bae8-42a940fa0b63/Chip-Orchestra-review-latest/output/nanocgra_lite_3x3_opt/gds/nanocgra_lite_3x3_opt.gds
2026-09-08 12:55:55 +0800: Memory Usage (600956K) : nwell has 67 polygons
2026-09-08 12:55:56 +0800: Memory Usage (594600K) : mim_l_mk has 0 polygons
2026-09-08 12:55:56 +0800: Memory Usage (593976K) : SLOW_VIA enabled: false
2026-09-08 12:55:56 +0800: Memory Usage (594600K) : latchup_mk has 0 polygons
2026-09-08 12:55:56 +0800: Memory Usage (594600K) : guard_ring_mk has 0 polygons
2026-09-08 12:55:55 +0800: Memory Usage (608940K) : nplus has 68 polygons
2026-09-08 12:55:55 +0800: Memory Usage (600968K) : nwell has 67 polygons
2026-09-08 12:55:56 +0800: Memory Usage (594600K) : otp_mk has 0 polygons
2026-09-08 12:55:56 +0800: Memory Usage (594600K) : mtpmark has 0 polygons
2026-09-08 12:55:56 +0800: Memory Usage (601096K) : lvpwell has 68 polygons
08-Sep-2026 12:55:56 | INFO    | Running Global Foundries 180nm MCU /workspace/iris_c3a247b9-0025-43e1-bae8-42a940fa0b63/Chip-Orchestra-review-latest/output/nanocgra_lite_3x3_opt/gds/nanocgra_lite_3x3_opt.gds checks on design sab on cell NanoCGRA_Lite:
2026-09-08 12:55:56 +0800: Memory Usage (572752K) : Starting running GF180MCU Klayout DRC runset on /workspace/iris_c3a247b9-0025-43e1-bae8-42a940fa0b63/Chip-Orchestra-review-latest/output/nanocgra_lite_3x3_opt/gds/nanocgra_lite_3x3_opt.gds
2026-09-08 12:55:56 +0800: Memory Usage (608940K) : pplus has 2103 polygons
2026-09-08 12:55:56 +0800: Memory Usage (593976K) : Read in polygons from layers.
2026-09-08 12:55:56 +0800: Memory Usage (594600K) : neo_ee_mk has 0 polygons
2026-09-08 12:55:56 +0800: Memory Usage (608940K) : sab has 0 polygons
2026-09-08 12:55:56 +0800: Memory Usage (571184K) : Ruby Version for klayout: 3.1.2
2026-09-08 12:55:56 +0800: Memory Usage (593976K) : Read in polygons from layers.
2026-09-08 12:55:56 +0800: Memory Usage (596228K) : comp has 17798 polygons
2026-09-08 12:55:55 +0800: Memory Usage (685600K) : metal2 DRC Total Run time 22.479824417 seconds
2026-09-08 12:55:56 +0800: Memory Usage (593964K) : Loading database to memory is complete.
2026-09-08 12:55:56 +0800: Memory Usage (594600K) : sramcore has 0 polygons
2026-09-08 12:55:56 +0800: Memory Usage (608940K) : esd has 0 polygons
2026-09-08 12:55:56 +0800: Memory Usage (596228K) : comp has 17798 polygons
2026-09-08 12:55:56 +0800: Memory Usage (601112K) : lvpwell has 68 polygons
2026-09-08 12:55:56 +0800: Memory Usage (594600K) : lvs_rf has 0 polygons
2026-09-08 12:55:56 +0800: Memory Usage (593964K) : GF180MCU Klayout DRC runset output at: /workspace/iris_c3a247b9-0025-43e1-bae8-42a940fa0b63/Chip-Orchestra-review-latest/output/nanocgra_lite_3x3_opt/reports/signoff/foundry_drc_full/nanocgra_lite_3x3_opt_hres.lyrdb
2026-09-08 12:55:56 +0800: Memory Usage (608940K) : resistor has 0 polygons
2026-09-08 12:55:56 +0800: Memory Usage (594600K) : lvs_drain has 0 polygons
2026-09-08 12:55:56 +0800: Memory Usage (593964K) : Evaluate switches.
2026-09-08 12:55:56 +0800: Memory Usage (608940K) : fhres has 0 polygons
2026-09-08 12:55:56 +0800: Memory Usage (594600K) : ind_mk has 0 polygons
2026-09-08 12:55:56 +0800: Memory Usage (593964K) : table_name selected  hres
2026-09-08 12:55:56 +0800: Memory Usage (572752K) : Ruby Version for klayout: 3.1.2
2026-09-08 12:55:56 +0800: Memory Usage (594600K) : hvpolyrs has 0 polygons
2026-09-08 12:55:56 +0800: Memory Usage (608940K) : fusetop has 0 polygons
2026-09-08 12:55:56 +0800: Memory Usage (593964K) : CONNECTIVITY_RULES enabled: false
2026-09-08 12:55:56 +0800: Memory Usage (596228K) : dnwell has 0 polygons
2026-09-08 12:55:56 +0800: Memory Usage (595256K) : Loading database to memory is complete.
2026-09-08 12:55:56 +0800: Memory Usage (594600K) : lvs_io has 0 polygons
2026-09-08 12:55:56 +0800: Memory Usage (608940K) : fusewindow_d has 0 polygons
2026-09-08 12:55:56 +0800: Memory Usage (593964K) : Wedge enabled: false
2026-09-08 12:55:56 +0800: Memory Usage (595256K) : GF180MCU Klayout DRC runset output at: /workspace/iris_c3a247b9-0025-43e1-bae8-42a940fa0b63/Chip-Orchestra-review-latest/output/nanocgra_lite_3x3_opt/reports/signoff/foundry_drc_full/nanocgra_lite_3x3_opt_ldpmos.lyrdb
2026-09-08 12:55:56 +0800: Memory Usage (594600K) : probe_mk has 0 polygons
2026-09-08 12:55:56 +0800: Memory Usage (596228K) : dnwell has 0 polygons
2026-09-08 12:55:56 +0800: Memory Usage (593964K) : Ball enabled: false
2026-09-08 12:55:56 +0800: Memory Usage (595256K) : Evaluate switches.
2026-09-08 12:55:56 +0800: Memory Usage (608940K) : polyfuse has 0 polygons
2026-09-08 12:55:56 +0800: Memory Usage (594600K) : esd_mk has 0 polygons
2026-09-08 12:55:56 +0800: Memory Usage (595256K) : table_name selected  ldpmos
2026-09-08 12:55:56 +0800: Memory Usage (593964K) : Gold enabled: false
2026-09-08 12:55:56 +0800: Memory Usage (605080K) : dualgate has 1 polygons
2026-09-08 12:55:56 +0800: Memory Usage (593964K) : MIM Option selected: B
2026-09-08 12:55:56 +0800: Memory Usage (595256K) : CONNECTIVITY_RULES enabled: true
2026-09-08 12:55:56 +0800: Memory Usage (605096K) : dualgate has 1 polygons
2026-09-08 12:55:56 +0800: Memory Usage (608940K) : mvsd has 0 polygons
2026-09-08 12:55:56 +0800: Memory Usage (593964K) : Offgrid enabled:  true
2026-09-08 12:55:56 +0800: Memory Usage (595256K) : Wedge enabled: false
2026-09-08 12:55:56 +0800: Memory Usage (601024K) : nwell has 67 polygons
2026-09-08 12:55:56 +0800: Memory Usage (594600K) : lvs_source has 0 polygons
2026-09-08 12:55:57 +0800: Memory Usage (571216K) : Starting running GF180MCU Klayout DRC runset on /workspace/iris_c3a247b9-0025-43e1-bae8-42a940fa0b63/Chip-Orchestra-review-latest/output/nanocgra_lite_3x3_opt/gds/nanocgra_lite_3x3_opt.gds
2026-09-08 12:55:56 +0800: Memory Usage (593964K) : Number of threads to use 2
2026-09-08 12:55:56 +0800: Memory Usage (608940K) : mvpsd has 0 polygons
2026-09-08 12:55:57 +0800: Memory Usage (595256K) : Ball enabled: false
2026-09-08 12:55:57 +0800: Memory Usage (593964K) : Verbose mode: false
2026-09-08 12:55:57 +0800: Memory Usage (594600K) : well_diode_mk has 0 polygons
2026-09-08 12:55:57 +0800: Memory Usage (608940K) : nat has 0 polygons
2026-09-08 12:55:57 +0800: Memory Usage (595272K) : Gold enabled: false
2026-09-08 12:55:57 +0800: Memory Usage (593964K) : flat  mode is enabled for hres table
2026-09-08 12:55:56 +0800: Memory Usage (601028K) : nwell has 67 polygons
2026-09-08 12:55:57 +0800: Memory Usage (595272K) : MIM Option selected: B
2026-09-08 12:55:57 +0800: Memory Usage (608940K) : comp_dummy has 0 polygons
2026-09-08 12:55:57 +0800: Memory Usage (594600K) : ldmos_xtor has 0 polygons
08-Sep-2026 12:55:57 | INFO    | Running Global Foundries 180nm MCU /workspace/iris_c3a247b9-0025-43e1-bae8-42a940fa0b63/Chip-Orchestra-review-latest/output/nanocgra_lite_3x3_opt/gds/nanocgra_lite_3x3_opt.gds checks on design dualgate on cell NanoCGRA_Lite:
2026-09-08 12:55:57 +0800: Memory Usage (593980K) : METAL_TOP Selected is 9K
2026-09-08 12:55:57 +0800: Memory Usage (595272K) : Offgrid enabled:  true
2026-09-08 12:55:57 +0800: Memory Usage (593980K) : METAL_STACK Selected is 5LM
2026-09-08 12:55:57 +0800: Memory Usage (608940K) : poly2_dummy has 0 polygons
2026-09-08 12:55:57 +0800: Memory Usage (594600K) : plfuse has 0 polygons
2026-09-08 12:55:56 +0800: Memory Usage (605284K) : poly2 has 24914 polygons
2026-09-08 12:55:56 +0800: Memory Usage (605296K) : poly2 has 24914 polygons
2026-09-08 12:55:57 +0800: Memory Usage (593980K) : FEOL enabled: true
2026-09-08 12:55:57 +0800: Memory Usage (601168K) : lvpwell has 68 polygons
2026-09-08 12:55:57 +0800: Memory Usage (595272K) : Number of threads to use 2
2026-09-08 12:55:57 +0800: Memory Usage (608940K) : schottky_diode has 0 polygons
2026-09-08 12:55:57 +0800: Memory Usage (594600K) : efuse_mk has 0 polygons
2026-09-08 12:55:57 +0800: Memory Usage (593980K) : BEOL enabled: true
2026-09-08 12:55:57 +0800: Memory Usage (595272K) : Verbose mode: false
2026-09-08 12:55:57 +0800: Memory Usage (608940K) : zener has 0 polygons
2026-09-08 12:55:57 +0800: Memory Usage (594600K) : mcell_feol_mk has 0 polygons
2026-09-08 12:55:57 +0800: Memory Usage (571216K) : Ruby Version for klayout: 3.1.2
2026-09-08 12:55:57 +0800: Memory Usage (593996K) : Loading database to memory is complete.
2026-09-08 12:55:57 +0800: Memory Usage (593980K) : SLOW_VIA enabled: false
2026-09-08 12:55:57 +0800: Memory Usage (594600K) : ymtp_mk has 0 polygons
2026-09-08 12:55:57 +0800: Memory Usage (595272K) : flat  mode is enabled for ldpmos table
2026-09-08 12:55:57 +0800: Memory Usage (601168K) : lvpwell has 68 polygons
2026-09-08 12:55:57 +0800: Memory Usage (608940K) : res_mk has 0 polygons
2026-09-08 12:55:57 +0800: Memory Usage (594600K) : dev_wf_mk has 0 polygons
2026-09-08 12:55:57 +0800: Memory Usage (593996K) : GF180MCU Klayout DRC runset output at: /workspace/iris_c3a247b9-0025-43e1-bae8-42a940fa0b63/Chip-Orchestra-review-latest/output/nanocgra_lite_3x3_opt/reports/signoff/foundry_drc_full/nanocgra_lite_3x3_opt_pplus.lyrdb
2026-09-08 12:55:57 +0800: Memory Usage (595272K) : METAL_TOP Selected is 9K
2026-09-08 12:55:57 +0800: Memory Usage (593996K) : Evaluate switches.
2026-09-08 12:55:57 +0800: Memory Usage (608880K) : nplus has 68 polygons
2026-09-08 12:55:57 +0800: Memory Usage (595272K) : METAL_STACK Selected is 5LM
2026-09-08 12:55:57 +0800: Memory Usage (608868K) : nplus has 68 polygons
2026-09-08 12:55:57 +0800: Memory Usage (594600K) : comp_label has 0 polygons
2026-09-08 12:55:57 +0800: Memory Usage (593996K) : table_name selected  pplus
2026-09-08 12:55:57 +0800: Memory Usage (595272K) : FEOL enabled: true
2026-09-08 12:55:57 +0800: Memory Usage (594600K) : poly2_label has 0 polygons
2026-09-08 12:55:57 +0800: Memory Usage (594012K) : CONNECTIVITY_RULES enabled: false
2026-09-08 12:55:57 +0800: Memory Usage (608880K) : pplus has 2103 polygons
2026-09-08 12:55:57 +0800: Memory Usage (595272K) : BEOL enabled: true
2026-09-08 12:55:57 +0800: Memory Usage (594600K) : mdiode has 0 polygons
2026-09-08 12:55:57 +0800: Memory Usage (594012K) : Wedge enabled: false
2026-09-08 12:55:57 +0800: Memory Usage (608880K) : sab has 0 polygons
2026-09-08 12:55:57 +0800: Memory Usage (608940K) : opc_drc has 0 polygons
2026-09-08 12:55:57 +0800: Memory Usage (594600K) : ndmy has 0 polygons
2026-09-08 12:55:57 +0800: Memory Usage (595272K) : SLOW_VIA enabled: false
2026-09-08 12:55:57 +0800: Memory Usage (608868K) : pplus has 2103 polygons
2026-09-08 12:55:57 +0800: Memory Usage (594012K) : Ball enabled: false
2026-09-08 12:55:57 +0800: Memory Usage (608880K) : esd has 0 polygons
2026-09-08 12:55:57 +0800: Memory Usage (608940K) : v5_xtor has 1 polygons
2026-09-08 12:55:57 +0800: Memory Usage (593980K) : Read in polygons from layers.
2026-09-08 12:55:57 +0800: Memory Usage (608868K) : sab has 0 polygons
2026-09-08 12:55:57 +0800: Memory Usage (594012K) : Gold enabled: false
2026-09-08 12:55:57 +0800: Memory Usage (594600K) : pmndmy has 0 polygons
2026-09-08 12:55:57 +0800: Memory Usage (596228K) : comp has 17798 polygons
2026-09-08 12:55:57 +0800: Memory Usage (608880K) : resistor has 0 polygons
2026-09-08 12:55:57 +0800: Memory Usage (608868K) : esd has 0 polygons
2026-09-08 12:55:57 +0800: Memory Usage (594012K) : MIM Option selected: B
2026-09-08 12:55:57 +0800: Memory Usage (608940K) : cap_mk has 0 polygons
2026-09-08 12:55:57 +0800: Memory Usage (605152K) : dualgate has 1 polygons
2026-09-08 12:55:57 +0800: Memory Usage (594012K) : Offgrid enabled:  true
2026-09-08 12:55:57 +0800: Memory Usage (608940K) : mos_cap_mk has 0 polygons
2026-09-08 12:55:57 +0800: Memory Usage (594600K) : contact has 106822 polygons
2026-09-08 12:55:57 +0800: Memory Usage (608880K) : fhres has 0 polygons
2026-09-08 12:55:57 +0800: Memory Usage (608868K) : resistor has 0 polygons
2026-09-08 12:55:57 +0800: Memory Usage (594012K) : Number of threads to use 2
2026-09-08 12:55:57 +0800: Memory Usage (608940K) : ind_mk has 0 polygons
2026-09-08 12:55:57 +0800: Memory Usage (595116K) : metal1_drawn has 104857 polygons
2026-09-08 12:55:57 +0800: Memory Usage (608880K) : fusetop has 0 polygons
2026-09-08 12:55:57 +0800: Memory Usage (608868K) : fhres has 0 polygons
2026-09-08 12:55:57 +0800: Memory Usage (594012K) : Verbose mode: false
2026-09-08 12:55:58 +0800: Memory Usage (608868K) : fusetop has 0 polygons
2026-09-08 12:55:57 +0800: Memory Usage (608940K) : diode_mk has 0 polygons
2026-09-08 12:55:58 +0800: Memory Usage (594012K) : flat  mode is enabled for pplus table
2026-09-08 12:55:57 +0800: Memory Usage (605152K) : dualgate has 1 polygons
2026-09-08 12:55:58 +0800: Memory Usage (608880K) : fusewindow_d has 0 polygons
2026-09-08 12:55:58 +0800: Memory Usage (608868K) : fusewindow_d has 0 polygons
2026-09-08 12:55:58 +0800: Memory Usage (594012K) : METAL_TOP Selected is 9K
2026-09-08 12:55:58 +0800: Memory Usage (595116K) : metal1_dummy has 0 polygons
2026-09-08 12:55:58 +0800: Memory Usage (594012K) : METAL_STACK Selected is 5LM
2026-09-08 12:55:57 +0800: Memory Usage (596228K) : dnwell has 0 polygons
2026-09-08 12:55:57 +0800: Memory Usage (595272K) : Read in polygons from layers.
2026-09-08 12:55:58 +0800: Memory Usage (608880K) : polyfuse has 0 polygons
2026-09-08 12:55:58 +0800: Memory Usage (608868K) : polyfuse has 0 polygons
2026-09-08 12:55:58 +0800: Memory Usage (594012K) : FEOL enabled: true
2026-09-08 12:55:58 +0800: Memory Usage (597536K) : comp has 17798 polygons
2026-09-08 12:55:58 +0800: Memory Usage (594012K) : BEOL enabled: true
2026-09-08 12:55:57 +0800: Memory Usage (605356K) : poly2 has 24914 polygons
2026-09-08 12:55:58 +0800: Memory Usage (608940K) : drc_bjt has 0 polygons
2026-09-08 12:55:58 +0800: Memory Usage (608868K) : mvsd has 0 polygons
2026-09-08 12:55:55 +0800: Memory Usage (678572K) : Executing rule V2.3d
2026-09-08 12:55:58 +0800: Memory Usage (594012K) : SLOW_VIA enabled: false
2026-09-08 12:55:58 +0800: Memory Usage (595776K) : metal1_label has 0 polygons
2026-09-08 12:55:58 +0800: Memory Usage (608940K) : lvs_bjt has 0 polygons
2026-09-08 12:55:58 +0800: Memory Usage (608880K) : mvsd has 0 polygons
2026-09-08 12:55:58 +0800: Memory Usage (595776K) : metal1_slot has 0 polygons
2026-09-08 12:55:58 +0800: Memory Usage (608940K) : mim_l_mk has 0 polygons
2026-09-08 12:55:58 +0800: Memory Usage (608868K) : mvpsd has 0 polygons
2026-09-08 12:55:58 +0800: Memory Usage (608880K) : mvpsd has 0 polygons
2026-09-08 12:55:58 +0800: Memory Usage (608940K) : latchup_mk has 0 polygons
2026-09-08 12:55:58 +0800: Memory Usage (608868K) : nat has 0 polygons
2026-09-08 12:55:58 +0800: Memory Usage (608880K) : nat has 0 polygons
2026-09-08 12:55:58 +0800: Memory Usage (608940K) : guard_ring_mk has 0 polygons
2026-09-08 12:55:58 +0800: Memory Usage (608868K) : comp_dummy has 0 polygons
2026-09-08 12:55:58 +0800: Memory Usage (597536K) : dnwell has 0 polygons
2026-09-08 12:55:58 +0800: Memory Usage (608880K) : comp_dummy has 0 polygons
2026-09-08 12:55:58 +0800: Memory Usage (601024K) : nwell has 67 polygons
2026-09-08 12:55:58 +0800: Memory Usage (608940K) : otp_mk has 0 polygons
2026-09-08 12:55:58 +0800: Memory Usage (608868K) : poly2_dummy has 0 polygons
2026-09-08 12:55:58 +0800: Memory Usage (605352K) : poly2 has 24914 polygons
2026-09-08 12:55:58 +0800: Memory Usage (608880K) : poly2_dummy has 0 polygons
2026-09-08 12:55:58 +0800: Memory Usage (608940K) : mtpmark has 0 polygons
2026-09-08 12:55:58 +0800: Memory Usage (608868K) : schottky_diode has 0 polygons
2026-09-08 12:55:58 +0800: Memory Usage (608880K) : schottky_diode has 0 polygons
2026-09-08 12:55:58 +0800: Memory Usage (594028K) : Read in polygons from layers.
2026-09-08 12:55:58 +0800: Memory Usage (608940K) : neo_ee_mk has 0 polygons
2026-09-08 12:55:58 +0800: Memory Usage (608940K) : nplus has 68 polygons
2026-09-08 12:55:58 +0800: Memory Usage (608868K) : zener has 0 polygons
2026-09-08 12:55:58 +0800: Memory Usage (608880K) : zener has 0 polygons
2026-09-08 12:55:58 +0800: Memory Usage (596280K) : comp has 17798 polygons
2026-09-08 12:55:58 +0800: Memory Usage (595776K) : metal1_blk has 0 polygons
2026-09-08 12:55:58 +0800: Memory Usage (608868K) : res_mk has 0 polygons
2026-09-08 12:55:58 +0800: Memory Usage (608880K) : res_mk has 0 polygons
2026-09-08 12:55:58 +0800: Memory Usage (608940K) : sramcore has 0 polygons
2026-09-08 12:55:58 +0800: Memory Usage (608940K) : pplus has 2103 polygons
2026-09-08 12:55:58 +0800: Memory Usage (683008K) : Executing rule V2.4a
2026-09-08 12:55:58 +0800: Memory Usage (608940K) : lvs_rf has 0 polygons
2026-09-08 12:55:58 +0800: Memory Usage (598340K) : metal2_drawn has 68314 polygons
2026-09-08 12:55:58 +0800: Memory Usage (608940K) : sab has 0 polygons
2026-09-08 12:55:58 +0800: Memory Usage (601168K) : lvpwell has 68 polygons
2026-09-08 12:55:58 +0800: Memory Usage (608940K) : esd has 0 polygons
2026-09-08 12:55:58 +0800: Memory Usage (602320K) : nwell has 67 polygons
2026-09-08 12:55:58 +0800: Memory Usage (608936K) : nplus has 68 polygons
2026-09-08 12:55:58 +0800: Memory Usage (608940K) : lvs_drain has 0 polygons
2026-09-08 12:55:58 +0800: Memory Usage (608940K) : resistor has 0 polygons
2026-09-08 12:55:58 +0800: Memory Usage (608880K) : opc_drc has 0 polygons
2026-09-08 12:55:58 +0800: Memory Usage (608940K) : ind_mk has 0 polygons
2026-09-08 12:55:58 +0800: Memory Usage (596280K) : dnwell has 0 polygons
2026-09-08 12:55:58 +0800: Memory Usage (608868K) : opc_drc has 0 polygons
2026-09-08 12:55:58 +0800: Memory Usage (598340K) : metal2_dummy has 0 polygons
2026-09-08 12:55:58 +0800: Memory Usage (608940K) : hvpolyrs has 0 polygons
2026-09-08 12:55:58 +0800: Memory Usage (608880K) : v5_xtor has 1 polygons
2026-09-08 12:55:58 +0800: Memory Usage (599408K) : metal2_label has 31 polygons
2026-09-08 12:55:58 +0800: Memory Usage (608936K) : pplus has 2103 polygons
2026-09-08 12:55:58 +0800: Memory Usage (608940K) : lvs_io has 0 polygons
2026-09-08 12:55:58 +0800: Memory Usage (608940K) : fhres has 0 polygons
2026-09-08 12:55:58 +0800: Memory Usage (608880K) : cap_mk has 0 polygons
2026-09-08 12:55:58 +0800: Memory Usage (608940K) : probe_mk has 0 polygons
2026-09-08 12:55:58 +0800: Memory Usage (608936K) : sab has 0 polygons
2026-09-08 12:55:58 +0800: Memory Usage (599408K) : metal2_slot has 0 polygons
2026-09-08 12:55:58 +0800: Memory Usage (608868K) : v5_xtor has 1 polygons
2026-09-08 12:55:59 +0800: Memory Usage (608940K) : esd_mk has 0 polygons
2026-09-08 12:55:59 +0800: Memory Usage (608940K) : fusetop has 0 polygons
2026-09-08 12:55:59 +0800: Memory Usage (608880K) : mos_cap_mk has 0 polygons
2026-09-08 12:55:58 +0800: Memory Usage (602460K) : lvpwell has 68 polygons
2026-09-08 12:55:59 +0800: Memory Usage (608936K) : esd has 0 polygons
2026-09-08 12:55:59 +0800: Memory Usage (608868K) : cap_mk has 0 polygons
2026-09-08 12:55:59 +0800: Memory Usage (608940K) : lvs_source has 0 polygons
2026-09-08 12:55:59 +0800: Memory Usage (571160K) : Starting running GF180MCU Klayout DRC runset on /workspace/iris_c3a247b9-0025-43e1-bae8-42a940fa0b63/Chip-Orchestra-review-latest/output/nanocgra_lite_3x3_opt/gds/nanocgra_lite_3x3_opt.gds
2026-09-08 12:55:59 +0800: Memory Usage (608940K) : fusewindow_d has 0 polygons
2026-09-08 12:55:59 +0800: Memory Usage (608880K) : ind_mk has 0 polygons
2026-09-08 12:55:59 +0800: Memory Usage (599408K) : metal2_blk has 0 polygons
2026-09-08 12:55:59 +0800: Memory Usage (608936K) : resistor has 0 polygons
2026-09-08 12:55:59 +0800: Memory Usage (608868K) : mos_cap_mk has 0 polygons
2026-09-08 12:55:59 +0800: Memory Usage (608940K) : well_diode_mk has 0 polygons
2026-09-08 12:55:59 +0800: Memory Usage (608940K) : polyfuse has 0 polygons
2026-09-08 12:55:59 +0800: Memory Usage (608880K) : diode_mk has 0 polygons
2026-09-08 12:55:59 +0800: Memory Usage (600432K) : metal3_drawn has 35548 polygons
2026-09-08 12:55:59 +0800: Memory Usage (608936K) : fhres has 0 polygons
2026-09-08 12:55:58 +0800: Memory Usage (601072K) : nwell has 67 polygons
2026-09-08 12:55:59 +0800: Memory Usage (608940K) : ldmos_xtor has 0 polygons
2026-09-08 12:55:59 +0800: Memory Usage (608868K) : ind_mk has 0 polygons
2026-09-08 12:55:59 +0800: Memory Usage (608880K) : drc_bjt has 0 polygons
2026-09-08 12:55:59 +0800: Memory Usage (600432K) : metal3_dummy has 0 polygons
2026-09-08 12:55:59 +0800: Memory Usage (608936K) : fusetop has 0 polygons
2026-09-08 12:55:59 +0800: Memory Usage (608940K) : mvsd has 0 polygons
2026-09-08 12:55:59 +0800: Memory Usage (608940K) : plfuse has 0 polygons
2026-09-08 12:55:59 +0800: Memory Usage (601544K) : metal3_label has 0 polygons
2026-09-08 12:55:59 +0800: Memory Usage (608936K) : fusewindow_d has 0 polygons
2026-09-08 12:55:59 +0800: Memory Usage (608868K) : diode_mk has 0 polygons
2026-09-08 12:55:59 +0800: Memory Usage (608880K) : lvs_bjt has 0 polygons
2026-09-08 12:55:59 +0800: Memory Usage (608940K) : mvpsd has 0 polygons
2026-09-08 12:55:59 +0800: Memory Usage (601544K) : metal3_slot has 0 polygons
2026-09-08 12:55:58 +0800: Memory Usage (605152K) : dualgate has 1 polygons
2026-09-08 12:55:59 +0800: Memory Usage (608936K) : polyfuse has 0 polygons
2026-09-08 12:55:59 +0800: Memory Usage (608868K) : drc_bjt has 0 polygons
2026-09-08 12:55:59 +0800: Memory Usage (608880K) : mim_l_mk has 0 polygons
2026-09-08 12:55:59 +0800: Memory Usage (608940K) : nat has 0 polygons
2026-09-08 12:55:59 +0800: Memory Usage (608940K) : efuse_mk has 0 polygons
2026-09-08 12:55:59 +0800: Memory Usage (608936K) : mvsd has 0 polygons
2026-09-08 12:55:59 +0800: Memory Usage (608868K) : lvs_bjt has 0 polygons
2026-09-08 12:55:59 +0800: Memory Usage (608940K) : mcell_feol_mk has 0 polygons
2026-09-08 12:55:59 +0800: Memory Usage (608880K) : latchup_mk has 0 polygons
2026-09-08 12:55:59 +0800: Memory Usage (608940K) : comp_dummy has 0 polygons
2026-09-08 12:55:59 +0800: Memory Usage (571160K) : Ruby Version for klayout: 3.1.2
2026-09-08 12:55:59 +0800: Memory Usage (608940K) : ymtp_mk has 0 polygons
2026-09-08 12:55:59 +0800: Memory Usage (601212K) : lvpwell has 68 polygons
2026-09-08 12:55:59 +0800: Memory Usage (608940K) : poly2_dummy has 0 polygons
2026-09-08 12:55:59 +0800: Memory Usage (608868K) : mim_l_mk has 0 polygons
2026-09-08 12:55:59 +0800: Memory Usage (601544K) : metal3_blk has 0 polygons
2026-09-08 12:55:59 +0800: Memory Usage (593968K) : Loading database to memory is complete.
2026-09-08 12:55:59 +0800: Memory Usage (608936K) : mvpsd has 0 polygons
2026-09-08 12:55:59 +0800: Memory Usage (608940K) : dev_wf_mk has 0 polygons
2026-09-08 12:55:59 +0800: Memory Usage (593968K) : GF180MCU Klayout DRC runset output at: /workspace/iris_c3a247b9-0025-43e1-bae8-42a940fa0b63/Chip-Orchestra-review-latest/output/nanocgra_lite_3x3_opt/reports/signoff/foundry_drc_full/nanocgra_lite_3x3_opt_sab.lyrdb
2026-09-08 12:55:59 +0800: Memory Usage (608936K) : nat has 0 polygons
2026-09-08 12:55:59 +0800: Memory Usage (608880K) : guard_ring_mk has 0 polygons
2026-09-08 12:55:59 +0800: Memory Usage (601544K) : via3 has 8273 polygons
2026-09-08 12:55:59 +0800: Memory Usage (608940K) : comp_label has 0 polygons
2026-09-08 12:55:59 +0800: Memory Usage (593968K) : Evaluate switches.
2026-09-08 12:55:59 +0800: Memory Usage (608940K) : schottky_diode has 0 polygons
2026-09-08 12:55:59 +0800: Memory Usage (606444K) : dualgate has 1 polygons
2026-09-08 12:55:59 +0800: Memory Usage (608936K) : comp_dummy has 0 polygons
2026-09-08 12:55:59 +0800: Memory Usage (593968K) : table_name selected  sab
2026-09-08 12:55:59 +0800: Memory Usage (608868K) : latchup_mk has 0 polygons
2026-09-08 12:55:59 +0800: Memory Usage (608940K) : zener has 0 polygons
2026-09-08 12:55:59 +0800: Memory Usage (608940K) : poly2_label has 0 polygons
2026-09-08 12:55:59 +0800: Memory Usage (601544K) : metal4_drawn has 8015 polygons
2026-09-08 12:55:59 +0800: Memory Usage (608880K) : otp_mk has 0 polygons
2026-09-08 12:55:58 +0800: Memory Usage (683008K) : Executing rule V2.4b
2026-09-08 12:55:59 +0800: Memory Usage (608936K) : poly2_dummy has 0 polygons
2026-09-08 12:55:59 +0800: Memory Usage (608940K) : mdiode has 0 polygons
2026-09-08 12:55:59 +0800: Memory Usage (593968K) : CONNECTIVITY_RULES enabled: false
2026-09-08 12:55:59 +0800: Memory Usage (608940K) : res_mk has 0 polygons
2026-09-08 12:55:59 +0800: Memory Usage (608868K) : guard_ring_mk has 0 polygons
2026-09-08 12:55:59 +0800: Memory Usage (608880K) : mtpmark has 0 polygons
2026-09-08 12:55:59 +0800: Memory Usage (601544K) : metal4_dummy has 0 polygons
2026-09-08 12:55:59 +0800: Memory Usage (593968K) : Wedge enabled: false
2026-09-08 12:55:59 +0800: Memory Usage (608940K) : ndmy has 0 polygons
2026-09-08 12:55:59 +0800: Memory Usage (608936K) : schottky_diode has 0 polygons
2026-09-08 12:55:59 +0800: Memory Usage (605356K) : poly2 has 24914 polygons
2026-09-08 12:55:59 +0800: Memory Usage (608880K) : neo_ee_mk has 0 polygons
2026-09-08 12:55:59 +0800: Memory Usage (608868K) : otp_mk has 0 polygons
2026-09-08 12:55:59 +0800: Memory Usage (608936K) : zener has 0 polygons
2026-09-08 12:55:59 +0800: Memory Usage (593968K) : Ball enabled: false
2026-09-08 12:55:59 +0800: Memory Usage (601544K) : metal4_label has 0 polygons
2026-09-08 12:55:59 +0800: Memory Usage (593968K) : Gold enabled: false
2026-09-08 12:55:59 +0800: Memory Usage (608936K) : res_mk has 0 polygons
2026-09-08 12:55:59 +0800: Memory Usage (608880K) : sramcore has 0 polygons
2026-09-08 12:55:59 +0800: Memory Usage (608868K) : mtpmark has 0 polygons
2026-09-08 12:55:59 +0800: Memory Usage (601544K) : metal4_slot has 0 polygons
2026-09-08 12:55:59 +0800: Memory Usage (593968K) : MIM Option selected: B
2026-09-08 12:55:59 +0800: Memory Usage (571348K) : Starting running GF180MCU Klayout DRC runset on /workspace/iris_c3a247b9-0025-43e1-bae8-42a940fa0b63/Chip-Orchestra-review-latest/output/nanocgra_lite_3x3_opt/gds/nanocgra_lite_3x3_opt.gds
2026-09-08 12:55:59 +0800: Memory Usage (608940K) : opc_drc has 0 polygons
2026-09-08 12:55:59 +0800: Memory Usage (608868K) : neo_ee_mk has 0 polygons
2026-09-08 12:55:59 +0800: Memory Usage (608880K) : lvs_rf has 0 polygons
2026-09-08 12:55:59 +0800: Memory Usage (606648K) : poly2 has 24914 polygons
2026-09-08 12:55:59 +0800: Memory Usage (593968K) : Offgrid enabled:  true
2026-09-08 12:55:59 +0800: Memory Usage (608868K) : sramcore has 0 polygons
2026-09-08 12:55:59 +0800: Memory Usage (608940K) : v5_xtor has 1 polygons
2026-09-08 12:56:00 +0800: Memory Usage (593984K) : Number of threads to use 2
2026-09-08 12:56:00 +0800: Memory Usage (608880K) : lvs_drain has 0 polygons
2026-09-08 12:55:59 +0800: Memory Usage (608940K) : nplus has 68 polygons
2026-09-08 12:56:00 +0800: Memory Usage (608940K) : cap_mk has 0 polygons
2026-09-08 12:56:00 +0800: Memory Usage (608868K) : lvs_rf has 0 polygons
2026-09-08 12:55:59 +0800: Memory Usage (605196K) : dualgate has 1 polygons
2026-09-08 12:56:00 +0800: Memory Usage (593984K) : Verbose mode: false
2026-09-08 12:56:00 +0800: Memory Usage (608880K) : ind_mk has 0 polygons
2026-09-08 12:55:59 +0800: Memory Usage (601544K) : metal4_blk has 0 polygons
2026-09-08 12:55:59 +0800: Memory Usage (608936K) : opc_drc has 0 polygons
2026-09-08 12:56:00 +0800: Memory Usage (608868K) : lvs_drain has 0 polygons
2026-09-08 12:56:00 +0800: Memory Usage (593984K) : flat  mode is enabled for sab table
2026-09-08 12:56:00 +0800: Memory Usage (601544K) : via4 has 4611 polygons
2026-09-08 12:56:00 +0800: Memory Usage (608940K) : pplus has 2103 polygons
2026-09-08 12:56:00 +0800: Memory Usage (593984K) : METAL_TOP Selected is 9K
2026-09-08 12:56:00 +0800: Memory Usage (608880K) : hvpolyrs has 0 polygons
2026-09-08 12:56:00 +0800: Memory Usage (608940K) : mos_cap_mk has 0 polygons
2026-09-08 12:56:00 +0800: Memory Usage (601544K) : metal5_drawn has 1382 polygons
2026-09-08 12:56:00 +0800: Memory Usage (593984K) : METAL_STACK Selected is 5LM
2026-09-08 12:56:00 +0800: Memory Usage (608940K) : sab has 0 polygons
2026-09-08 12:56:00 +0800: Memory Usage (608880K) : lvs_io has 0 polygons
2026-09-08 12:55:59 +0800: Memory Usage (571348K) : Ruby Version for klayout: 3.1.2
2026-09-08 12:56:00 +0800: Memory Usage (608936K) : v5_xtor has 1 polygons
2026-09-08 12:56:00 +0800: Memory Usage (608868K) : ind_mk has 0 polygons
2026-09-08 12:56:00 +0800: Memory Usage (608940K) : ind_mk has 0 polygons
2026-09-08 12:56:00 +0800: Memory Usage (608880K) : probe_mk has 0 polygons
2026-09-08 12:56:00 +0800: Memory Usage (593924K) : Loading database to memory is complete.
2026-09-08 12:56:00 +0800: Memory Usage (601544K) : metal5_dummy has 0 polygons
2026-09-08 12:56:00 +0800: Memory Usage (593984K) : FEOL enabled: true
2026-09-08 12:56:00 +0800: Memory Usage (608940K) : esd has 0 polygons
2026-09-08 12:56:00 +0800: Memory Usage (610232K) : nplus has 68 polygons
2026-09-08 12:56:00 +0800: Memory Usage (608936K) : cap_mk has 0 polygons
2026-09-08 12:56:00 +0800: Memory Usage (608880K) : esd_mk has 0 polygons
2026-09-08 12:56:00 +0800: Memory Usage (608868K) : hvpolyrs has 0 polygons
2026-09-08 12:56:00 +0800: Memory Usage (605400K) : poly2 has 24914 polygons
2026-09-08 12:56:00 +0800: Memory Usage (608940K) : diode_mk has 0 polygons
2026-09-08 12:56:00 +0800: Memory Usage (593924K) : GF180MCU Klayout DRC runset output at: /workspace/iris_c3a247b9-0025-43e1-bae8-42a940fa0b63/Chip-Orchestra-review-latest/output/nanocgra_lite_3x3_opt/reports/signoff/foundry_drc_full/nanocgra_lite_3x3_opt_dualgate.lyrdb
2026-09-08 12:56:00 +0800: Memory Usage (593984K) : BEOL enabled: true
2026-09-08 12:56:00 +0800: Memory Usage (601544K) : metal5_label has 0 polygons
2026-09-08 12:56:00 +0800: Memory Usage (608880K) : lvs_source has 0 polygons
2026-09-08 12:56:00 +0800: Memory Usage (610232K) : pplus has 2103 polygons
2026-09-08 12:56:00 +0800: Memory Usage (608940K) : resistor has 0 polygons
2026-09-08 12:56:00 +0800: Memory Usage (608936K) : mos_cap_mk has 0 polygons
2026-09-08 12:56:00 +0800: Memory Usage (593924K) : Evaluate switches.
2026-09-08 12:56:00 +0800: Memory Usage (608940K) : drc_bjt has 0 polygons
2026-09-08 12:56:00 +0800: Memory Usage (601544K) : metal5_slot has 0 polygons
2026-09-08 12:56:00 +0800: Memory Usage (593984K) : SLOW_VIA enabled: false
2026-09-08 12:56:00 +0800: Memory Usage (608868K) : lvs_io has 0 polygons
2026-09-08 12:56:00 +0800: Memory Usage (608880K) : well_diode_mk has 0 polygons
2026-09-08 12:56:00 +0800: Memory Usage (610232K) : sab has 0 polygons
2026-09-08 12:56:00 +0800: Memory Usage (608940K) : fhres has 0 polygons
2026-09-08 12:56:00 +0800: Memory Usage (593940K) : table_name selected  dualgate
2026-09-08 12:56:00 +0800: Memory Usage (608936K) : ind_mk has 0 polygons
2026-09-08 12:56:00 +0800: Memory Usage (601544K) : metal5_blk has 0 polygons
2026-09-08 12:56:00 +0800: Memory Usage (608940K) : lvs_bjt has 0 polygons
2026-09-08 12:56:00 +0800: Memory Usage (608940K) : fusetop has 0 polygons
2026-09-08 12:56:00 +0800: Memory Usage (608880K) : ldmos_xtor has 0 polygons
2026-09-08 12:56:00 +0800: Memory Usage (608868K) : probe_mk has 0 polygons
2026-09-08 12:56:00 +0800: Memory Usage (610232K) : esd has 0 polygons
2026-09-08 12:56:00 +0800: Memory Usage (593940K) : CONNECTIVITY_RULES enabled: false
2026-09-08 12:56:00 +0800: Memory Usage (601544K) : pad has 0 polygons
2026-09-08 12:56:00 +0800: Memory Usage (608936K) : diode_mk has 0 polygons
2026-09-08 12:56:00 +0800: Memory Usage (608940K) : mim_l_mk has 0 polygons
2026-09-08 12:56:00 +0800: Memory Usage (608940K) : fusewindow_d has 0 polygons
2026-09-08 12:56:00 +0800: Memory Usage (608868K) : esd_mk has 0 polygons
2026-09-08 12:56:00 +0800: Memory Usage (593940K) : Wedge enabled: false
2026-09-08 12:56:00 +0800: Memory Usage (610232K) : resistor has 0 polygons
2026-09-08 12:56:00 +0800: Memory Usage (608880K) : plfuse has 0 polygons
2026-09-08 12:56:00 +0800: Memory Usage (601544K) : ubmpperi has 0 polygons
2026-09-08 12:56:00 +0800: Memory Usage (608940K) : polyfuse has 0 polygons
2026-09-08 12:56:00 +0800: Memory Usage (593940K) : Ball enabled: false
2026-09-08 12:56:00 +0800: Memory Usage (608940K) : latchup_mk has 0 polygons
2026-09-08 12:56:00 +0800: Memory Usage (608936K) : drc_bjt has 0 polygons
2026-09-08 12:56:00 +0800: Memory Usage (608880K) : efuse_mk has 0 polygons
2026-09-08 12:56:00 +0800: Memory Usage (608868K) : lvs_source has 0 polygons
2026-09-08 12:56:00 +0800: Memory Usage (593940K) : Gold enabled: false
2026-09-08 12:56:00 +0800: Memory Usage (608940K) : mvsd has 0 polygons
2026-09-08 12:56:00 +0800: Memory Usage (608940K) : guard_ring_mk has 0 polygons
2026-09-08 12:56:00 +0800: Memory Usage (608936K) : lvs_bjt has 0 polygons
2026-09-08 12:56:00 +0800: Memory Usage (608880K) : mcell_feol_mk has 0 polygons
2026-09-08 12:56:00 +0800: Memory Usage (610232K) : fhres has 0 polygons
2026-09-08 12:56:00 +0800: Memory Usage (593940K) : MIM Option selected: B
2026-09-08 12:56:00 +0800: Memory Usage (608868K) : well_diode_mk has 0 polygons
2026-09-08 12:56:00 +0800: Memory Usage (608940K) : otp_mk has 0 polygons
2026-09-08 12:56:00 +0800: Memory Usage (608936K) : mim_l_mk has 0 polygons
2026-09-08 12:56:00 +0800: Memory Usage (608984K) : nplus has 68 polygons
2026-09-08 12:56:00 +0800: Memory Usage (593940K) : Offgrid enabled:  true
2026-09-08 12:56:00 +0800: Memory Usage (610232K) : fusetop has 0 polygons
2026-09-08 12:56:00 +0800: Memory Usage (601544K) : ubmparray has 0 polygons
2026-09-08 12:56:00 +0800: Memory Usage (608868K) : ldmos_xtor has 0 polygons
2026-09-08 12:56:00 +0800: Memory Usage (610232K) : fusewindow_d has 0 polygons
2026-09-08 12:56:00 +0800: Memory Usage (593940K) : Number of threads to use 2
2026-09-08 12:56:00 +0800: Memory Usage (608940K) : mvpsd has 0 polygons
2026-09-08 12:56:00 +0800: Memory Usage (608880K) : ymtp_mk has 0 polygons
2026-09-08 12:56:00 +0800: Memory Usage (608984K) : pplus has 2103 polygons
2026-09-08 12:56:00 +0800: Memory Usage (601544K) : ubmeplate has 0 polygons
2026-09-08 12:56:00 +0800: Memory Usage (593984K) : Read in polygons from layers.
2026-09-08 12:56:00 +0800: Memory Usage (608940K) : mtpmark has 0 polygons
2026-09-08 12:56:00 +0800: Memory Usage (593940K) : Verbose mode: false
2026-09-08 12:56:00 +0800: Memory Usage (608940K) : nat has 0 polygons
2026-09-08 12:56:00 +0800: Memory Usage (610232K) : polyfuse has 0 polygons
2026-09-08 12:56:00 +0800: Memory Usage (608880K) : dev_wf_mk has 0 polygons
2026-09-08 12:56:00 +0800: Memory Usage (608984K) : sab has 0 polygons
2026-09-08 12:56:00 +0800: Memory Usage (608936K) : latchup_mk has 0 polygons
2026-09-08 12:56:00 +0800: Memory Usage (608868K) : plfuse has 0 polygons
2026-09-08 12:56:00 +0800: Memory Usage (608940K) : neo_ee_mk has 0 polygons
2026-09-08 12:56:00 +0800: Memory Usage (601544K) : metal1_res has 0 polygons
2026-09-08 12:56:00 +0800: Memory Usage (610232K) : mvsd has 0 polygons
2026-09-08 12:56:00 +0800: Memory Usage (596236K) : comp has 17798 polygons
2026-09-08 12:56:00 +0800: Memory Usage (608984K) : esd has 0 polygons
2026-09-08 12:56:00 +0800: Memory Usage (608936K) : guard_ring_mk has 0 polygons
2026-09-08 12:56:00 +0800: Memory Usage (608880K) : comp_label has 0 polygons
2026-09-08 12:56:00 +0800: Memory Usage (608940K) : comp_dummy has 0 polygons
2026-09-08 12:56:00 +0800: Memory Usage (593940K) : flat  mode is enabled for dualgate table
2026-09-08 12:56:00 +0800: Memory Usage (608868K) : efuse_mk has 0 polygons
2026-09-08 12:56:00 +0800: Memory Usage (608940K) : sramcore has 0 polygons
2026-09-08 12:56:00 +0800: Memory Usage (610232K) : mvpsd has 0 polygons
2026-09-08 12:56:00 +0800: Memory Usage (601544K) : metal2_res has 0 polygons
2026-09-08 12:56:00 +0800: Memory Usage (608984K) : resistor has 0 polygons
2026-09-08 12:56:00 +0800: Memory Usage (608880K) : poly2_label has 0 polygons
2026-09-08 12:56:00 +0800: Memory Usage (608936K) : otp_mk has 0 polygons
2026-09-08 12:56:00 +0800: Memory Usage (608940K) : poly2_dummy has 0 polygons
2026-09-08 12:56:00 +0800: Memory Usage (593940K) : METAL_TOP Selected is 9K
2026-09-08 12:56:00 +0800: Memory Usage (608940K) : lvs_rf has 0 polygons
2026-09-08 12:56:00 +0800: Memory Usage (608868K) : mcell_feol_mk has 0 polygons
2026-09-08 12:56:00 +0800: Memory Usage (610232K) : nat has 0 polygons
2026-09-08 12:56:00 +0800: Memory Usage (601544K) : metal3_res has 0 polygons
2026-09-08 12:56:00 +0800: Memory Usage (608984K) : fhres has 0 polygons
2026-09-08 12:56:00 +0800: Memory Usage (608940K) : schottky_diode has 0 polygons
2026-09-08 12:56:00 +0800: Memory Usage (608936K) : mtpmark has 0 polygons
2026-09-08 12:56:00 +0800: Memory Usage (608880K) : mdiode has 0 polygons
2026-09-08 12:56:01 +0800: Memory Usage (608940K) : lvs_drain has 0 polygons
2026-09-08 12:56:01 +0800: Memory Usage (593940K) : METAL_STACK Selected is 5LM
2026-09-08 12:56:01 +0800: Memory Usage (608868K) : ymtp_mk has 0 polygons
2026-09-08 12:56:01 +0800: Memory Usage (610232K) : comp_dummy has 0 polygons
2026-09-08 12:56:01 +0800: Memory Usage (601544K) : metal4_res has 0 polygons
2026-09-08 12:56:01 +0800: Memory Usage (608940K) : zener has 0 polygons
2026-09-08 12:56:01 +0800: Memory Usage (608936K) : neo_ee_mk has 0 polygons
2026-09-08 12:56:01 +0800: Memory Usage (610232K) : poly2_dummy has 0 polygons
2026-09-08 12:56:01 +0800: Memory Usage (608880K) : ndmy has 0 polygons
2026-09-08 12:56:01 +0800: Memory Usage (608868K) : dev_wf_mk has 0 polygons
2026-09-08 12:56:01 +0800: Memory Usage (608940K) : ind_mk has 0 polygons
2026-09-08 12:56:01 +0800: Memory Usage (593940K) : FEOL enabled: true
2026-09-08 12:56:01 +0800: Memory Usage (608940K) : res_mk has 0 polygons
2026-09-08 12:56:01 +0800: Memory Usage (601544K) : metal5_res has 0 polygons
2026-09-08 12:56:01 +0800: Memory Usage (608936K) : sramcore has 0 polygons
2026-09-08 12:56:01 +0800: Memory Usage (610232K) : schottky_diode has 0 polygons
2026-09-08 12:56:01 +0800: Memory Usage (608868K) : comp_label has 0 polygons
2026-09-08 12:56:01 +0800: Memory Usage (608984K) : fusetop has 0 polygons
2026-09-08 12:56:01 +0800: Memory Usage (608940K) : hvpolyrs has 0 polygons
2026-09-08 12:56:01 +0800: Memory Usage (593940K) : BEOL enabled: true
2026-09-08 12:56:00 +0800: Memory Usage (596236K) : dnwell has 0 polygons
2026-09-08 12:56:01 +0800: Memory Usage (608868K) : poly2_label has 0 polygons
2026-09-08 12:56:01 +0800: Memory Usage (593956K) : SLOW_VIA enabled: false
2026-09-08 12:56:01 +0800: Memory Usage (608936K) : lvs_rf has 0 polygons
2026-09-08 12:56:01 +0800: Memory Usage (608940K) : lvs_io has 0 polygons
2026-09-08 12:56:01 +0800: Memory Usage (601544K) : metal6_res has 0 polygons
2026-09-08 12:56:01 +0800: Memory Usage (608984K) : fusewindow_d has 0 polygons
2026-09-08 12:56:01 +0800: Memory Usage (608868K) : mdiode has 0 polygons
2026-09-08 12:56:01 +0800: Memory Usage (608936K) : lvs_drain has 0 polygons
2026-09-08 12:56:01 +0800: Memory Usage (608984K) : polyfuse has 0 polygons
2026-09-08 12:55:59 +0800: Memory Usage (608940K) : pmndmy has 0 polygons
2026-09-08 12:56:01 +0800: Memory Usage (610232K) : zener has 0 polygons
2026-09-08 12:56:01 +0800: Memory Usage (608940K) : opc_drc has 0 polygons
2026-09-08 12:56:01 +0800: Memory Usage (608868K) : ndmy has 0 polygons
2026-09-08 12:56:01 +0800: Memory Usage (608984K) : mvsd has 0 polygons
2026-09-08 12:56:01 +0800: Memory Usage (610232K) : res_mk has 0 polygons
2026-09-08 12:56:01 +0800: Memory Usage (601544K) : pr_bndry has 15937 polygons
2026-09-08 12:56:01 +0800: Memory Usage (608936K) : ind_mk has 0 polygons
2026-09-08 12:56:01 +0800: Memory Usage (608984K) : mvpsd has 0 polygons
2026-09-08 12:56:01 +0800: Memory Usage (610856K) : metal1_drawn has 27195 polygons
2026-09-08 12:56:01 +0800: Memory Usage (608940K) : probe_mk has 0 polygons
2026-09-08 12:56:01 +0800: Memory Usage (608936K) : hvpolyrs has 0 polygons
2026-09-08 12:56:01 +0800: Memory Usage (601544K) : border has 0 polygons
2026-09-08 12:56:01 +0800: Memory Usage (608984K) : nat has 0 polygons
2026-09-08 12:56:01 +0800: Memory Usage (608940K) : v5_xtor has 1 polygons
2026-09-08 12:56:01 +0800: Memory Usage (608936K) : lvs_io has 0 polygons
2026-09-08 12:56:01 +0800: Memory Usage (608984K) : comp_dummy has 0 polygons
2026-09-08 12:56:01 +0800: Memory Usage (608940K) : esd_mk has 0 polygons
2026-09-08 12:56:01 +0800: Memory Usage (610856K) : metal1_dummy has 0 polygons
2026-09-08 12:56:01 +0800: Memory Usage (601032K) : nwell has 67 polygons
2026-09-08 12:56:01 +0800: Memory Usage (601544K) : Total no. of polygons in the design is 497711
2026-09-08 12:56:01 +0800: Memory Usage (608940K) : cap_mk has 0 polygons
2026-09-08 12:56:01 +0800: Memory Usage (608940K) : lvs_source has 0 polygons
2026-09-08 12:56:01 +0800: Memory Usage (610856K) : metal1_label has 0 polygons
2026-09-08 12:56:01 +0800: Memory Usage (608936K) : probe_mk has 0 polygons
2026-09-08 12:56:01 +0800: Memory Usage (608984K) : poly2_dummy has 0 polygons
2026-09-08 12:56:01 +0800: Memory Usage (593956K) : Read in polygons from layers.
2026-09-08 12:56:01 +0800: Memory Usage (610232K) : opc_drc has 0 polygons
2026-09-08 12:56:01 +0800: Memory Usage (608940K) : mos_cap_mk has 0 polygons
2026-09-08 12:56:01 +0800: Memory Usage (608940K) : well_diode_mk has 0 polygons
2026-09-08 12:56:01 +0800: Memory Usage (608984K) : schottky_diode has 0 polygons
2026-09-08 12:56:01 +0800: Memory Usage (608936K) : esd_mk has 0 polygons
2026-09-08 12:56:01 +0800: Memory Usage (610856K) : metal1_slot has 0 polygons
2026-09-08 12:56:01 +0800: Memory Usage (596204K) : comp has 17798 polygons
2026-09-08 12:56:01 +0800: Memory Usage (610232K) : v5_xtor has 1 polygons
2026-09-08 12:56:01 +0800: Memory Usage (608940K) : ind_mk has 0 polygons
2026-09-08 12:56:01 +0800: Memory Usage (608940K) : ldmos_xtor has 0 polygons
2026-09-08 12:56:01 +0800: Memory Usage (608984K) : zener has 0 polygons
2026-09-08 12:56:01 +0800: Memory Usage (608936K) : lvs_source has 0 polygons
2026-09-08 12:56:01 +0800: Memory Usage (610232K) : cap_mk has 0 polygons
2026-09-08 12:56:01 +0800: Memory Usage (608940K) : plfuse has 0 polygons
2026-09-08 12:56:01 +0800: Memory Usage (608936K) : well_diode_mk has 0 polygons
2026-09-08 12:56:01 +0800: Memory Usage (608940K) : diode_mk has 0 polygons
2026-09-08 12:56:01 +0800: Memory Usage (610232K) : mos_cap_mk has 0 polygons
2026-09-08 12:56:01 +0800: Memory Usage (601176K) : lvpwell has 68 polygons
2026-09-08 12:56:01 +0800: Memory Usage (608936K) : ldmos_xtor has 0 polygons
2026-09-08 12:56:01 +0800: Memory Usage (608984K) : res_mk has 0 polygons
2026-09-08 12:56:01 +0800: Memory Usage (608940K) : drc_bjt has 0 polygons
2026-09-08 12:56:01 +0800: Memory Usage (608940K) : efuse_mk has 0 polygons
2026-09-08 12:56:01 +0800: Memory Usage (610232K) : ind_mk has 0 polygons
2026-09-08 12:56:01 +0800: Memory Usage (608936K) : plfuse has 0 polygons
2026-09-08 12:56:01 +0800: Memory Usage (608940K) : mcell_feol_mk has 0 polygons
2026-09-08 12:56:01 +0800: Memory Usage (608940K) : lvs_bjt has 0 polygons
2026-09-08 12:56:01 +0800: Memory Usage (608936K) : efuse_mk has 0 polygons
2026-09-08 12:56:01 +0800: Memory Usage (610232K) : diode_mk has 0 polygons
2026-09-08 12:56:01 +0800: Memory Usage (596204K) : dnwell has 0 polygons
2026-09-08 12:56:01 +0800: Memory Usage (608940K) : ymtp_mk has 0 polygons
2026-09-08 12:56:01 +0800: Memory Usage (608940K) : mim_l_mk has 0 polygons
2026-09-08 12:56:01 +0800: Memory Usage (610232K) : drc_bjt has 0 polygons
2026-09-08 12:56:01 +0800: Memory Usage (608940K) : latchup_mk has 0 polygons
2026-09-08 12:56:01 +0800: Memory Usage (608984K) : opc_drc has 0 polygons
2026-09-08 12:56:01 +0800: Memory Usage (610232K) : lvs_bjt has 0 polygons
2026-09-08 12:56:02 +0800: Memory Usage (608984K) : v5_xtor has 1 polygons
2026-09-08 12:56:02 +0800: Memory Usage (610232K) : mim_l_mk has 0 polygons
2026-09-08 12:56:01 +0800: Memory Usage (608936K) : mcell_feol_mk has 0 polygons
2026-09-08 12:56:01 +0800: Memory Usage (608940K) : dev_wf_mk has 0 polygons
2026-09-08 12:56:02 +0800: Memory Usage (608984K) : cap_mk has 0 polygons
2026-09-08 12:56:02 +0800: Memory Usage (610232K) : latchup_mk has 0 polygons
2026-09-08 12:56:02 +0800: Memory Usage (608936K) : ymtp_mk has 0 polygons
2026-09-08 12:56:01 +0800: Memory Usage (608940K) : guard_ring_mk has 0 polygons
2026-09-08 12:56:02 +0800: Memory Usage (608940K) : comp_label has 0 polygons
2026-09-08 12:56:02 +0800: Memory Usage (608984K) : mos_cap_mk has 0 polygons
2026-09-08 12:56:02 +0800: Memory Usage (610232K) : guard_ring_mk has 0 polygons
2026-09-08 12:56:02 +0800: Memory Usage (608940K) : otp_mk has 0 polygons
2026-09-08 12:56:02 +0800: Memory Usage (608936K) : dev_wf_mk has 0 polygons
2026-09-08 12:56:02 +0800: Memory Usage (610232K) : otp_mk has 0 polygons
2026-09-08 12:56:02 +0800: Memory Usage (608984K) : ind_mk has 0 polygons
2026-09-08 12:56:02 +0800: Memory Usage (608940K) : poly2_label has 0 polygons
2026-09-08 12:55:59 +0800: Memory Usage (683008K) : Executing rule V2.4c
2026-09-08 12:56:02 +0800: Memory Usage (610232K) : mtpmark has 0 polygons
2026-09-08 12:56:02 +0800: Memory Usage (608984K) : diode_mk has 0 polygons
2026-09-08 12:56:01 +0800: Memory Usage (601008K) : nwell has 67 polygons
2026-09-08 12:56:02 +0800: Memory Usage (608940K) : mtpmark has 0 polygons
2026-09-08 12:56:02 +0800: Memory Usage (608940K) : mdiode has 0 polygons
2026-09-08 12:56:02 +0800: Memory Usage (608936K) : comp_label has 0 polygons
2026-09-08 12:56:01 +0800: Memory Usage (605160K) : dualgate has 1 polygons
2026-09-08 12:56:02 +0800: Memory Usage (610232K) : neo_ee_mk has 0 polygons
2026-09-08 12:56:02 +0800: Memory Usage (608984K) : drc_bjt has 0 polygons
2026-09-08 12:56:02 +0800: Memory Usage (608940K) : neo_ee_mk has 0 polygons
2026-09-08 12:56:02 +0800: Memory Usage (608940K) : ndmy has 0 polygons
2026-09-08 12:56:02 +0800: Memory Usage (608936K) : poly2_label has 0 polygons
2026-09-08 12:56:02 +0800: Memory Usage (610232K) : sramcore has 0 polygons
2026-09-08 12:56:02 +0800: Memory Usage (608940K) : sramcore has 0 polygons
2026-09-08 12:56:02 +0800: Memory Usage (608936K) : mdiode has 0 polygons
2026-09-08 12:56:02 +0800: Memory Usage (610232K) : lvs_rf has 0 polygons
2026-09-08 12:56:02 +0800: Memory Usage (608984K) : lvs_bjt has 0 polygons
2026-09-08 12:56:02 +0800: Memory Usage (608940K) : lvs_rf has 0 polygons
2026-09-08 12:56:02 +0800: Memory Usage (608936K) : ndmy has 0 polygons
2026-09-08 12:56:02 +0800: Memory Usage (608984K) : mim_l_mk has 0 polygons
2026-09-08 12:56:02 +0800: Memory Usage (608940K) : lvs_drain has 0 polygons
2026-09-08 12:56:02 +0800: Memory Usage (608984K) : latchup_mk has 0 polygons
2026-09-08 12:56:02 +0800: Memory Usage (601148K) : lvpwell has 68 polygons
2026-09-08 12:56:02 +0800: Memory Usage (608940K) : ind_mk has 0 polygons
2026-09-08 12:56:02 +0800: Memory Usage (610232K) : lvs_drain has 0 polygons
2026-09-08 12:56:02 +0800: Memory Usage (608984K) : guard_ring_mk has 0 polygons
2026-09-08 12:56:02 +0800: Memory Usage (608940K) : hvpolyrs has 0 polygons
2026-09-08 12:56:02 +0800: Memory Usage (608984K) : otp_mk has 0 polygons
2026-09-08 12:56:02 +0800: Memory Usage (610232K) : ind_mk has 0 polygons
2026-09-08 12:56:02 +0800: Memory Usage (605360K) : poly2 has 24914 polygons
2026-09-08 12:56:02 +0800: Memory Usage (608940K) : lvs_io has 0 polygons
2026-09-08 12:56:01 +0800: Memory Usage (610856K) : metal1_blk has 0 polygons
2026-09-08 12:56:02 +0800: Memory Usage (608984K) : mtpmark has 0 polygons
2026-09-08 12:56:01 +0800: Memory Usage (608880K) : pmndmy has 0 polygons
2026-09-08 12:56:02 +0800: Memory Usage (610232K) : hvpolyrs has 0 polygons
2026-09-08 12:56:02 +0800: Memory Usage (608984K) : neo_ee_mk has 0 polygons
2026-09-08 12:56:02 +0800: Memory Usage (610232K) : lvs_io has 0 polygons
2026-09-08 12:56:02 +0800: Memory Usage (608984K) : sramcore has 0 polygons
2026-09-08 12:56:02 +0800: Memory Usage (647484K) : metal2_drawn has 17514 polygons
2026-09-08 12:56:02 +0800: Memory Usage (608940K) : probe_mk has 0 polygons
2026-09-08 12:56:02 +0800: Memory Usage (610232K) : probe_mk has 0 polygons
2026-09-08 12:56:02 +0800: Memory Usage (610672K) : metal1_drawn has 27195 polygons
2026-09-08 12:56:02 +0800: Memory Usage (608984K) : lvs_rf has 0 polygons
2026-09-08 12:56:02 +0800: Memory Usage (608940K) : esd_mk has 0 polygons
2026-09-08 12:56:02 +0800: Memory Usage (647484K) : metal2_dummy has 0 polygons
2026-09-08 12:56:02 +0800: Memory Usage (610232K) : esd_mk has 0 polygons
2026-09-08 12:56:02 +0800: Memory Usage (608944K) : nplus has 68 polygons
2026-09-08 12:56:02 +0800: Memory Usage (685084K) : via2 DRC Total Run time 28.41467136 seconds
2026-09-08 12:56:02 +0800: Memory Usage (608984K) : lvs_drain has 0 polygons
2026-09-08 12:56:02 +0800: Memory Usage (610672K) : metal1_dummy has 0 polygons
2026-09-08 12:56:02 +0800: Memory Usage (608940K) : lvs_source has 0 polygons
2026-09-08 12:56:02 +0800: Memory Usage (647484K) : metal2_label has 31 polygons
2026-09-08 12:56:02 +0800: Memory Usage (610232K) : lvs_source has 0 polygons
2026-09-08 12:56:02 +0800: Memory Usage (610672K) : metal1_label has 0 polygons
2026-09-08 12:56:02 +0800: Memory Usage (608940K) : well_diode_mk has 0 polygons
2026-09-08 12:56:01 +0800: Memory Usage (608868K) : pmndmy has 0 polygons
2026-09-08 12:56:02 +0800: Memory Usage (647484K) : metal2_slot has 0 polygons
2026-09-08 12:56:02 +0800: Memory Usage (610672K) : metal1_slot has 0 polygons
2026-09-08 12:56:02 +0800: Memory Usage (608940K) : ldmos_xtor has 0 polygons
2026-09-08 12:56:02 +0800: Memory Usage (610232K) : well_diode_mk has 0 polygons
2026-09-08 12:56:02 +0800: Memory Usage (608944K) : pplus has 2103 polygons
2026-09-08 12:56:02 +0800: Memory Usage (605132K) : dualgate has 1 polygons
2026-09-08 12:56:02 +0800: Memory Usage (608940K) : plfuse has 0 polygons
2026-09-08 12:56:02 +0800: Memory Usage (608944K) : sab has 0 polygons
2026-09-08 12:56:02 +0800: Memory Usage (608984K) : ind_mk has 0 polygons
2026-09-08 12:56:02 +0800: Memory Usage (610272K) : metal1_drawn has 27195 polygons
2026-09-08 12:56:03 +0800: Memory Usage (608944K) : esd has 0 polygons
2026-09-08 12:56:03 +0800: Memory Usage (608940K) : efuse_mk has 0 polygons
2026-09-08 12:56:03 +0800: Memory Usage (608984K) : hvpolyrs has 0 polygons
2026-09-08 12:56:03 +0800: Memory Usage (608944K) : resistor has 0 polygons
2026-09-08 12:56:03 +0800: Memory Usage (610272K) : metal1_dummy has 0 polygons
2026-09-08 12:56:02 +0800: Memory Usage (610232K) : ldmos_xtor has 0 polygons
2026-09-08 12:56:03 +0800: Memory Usage (608940K) : mcell_feol_mk has 0 polygons
2026-09-08 12:56:03 +0800: Memory Usage (608984K) : lvs_io has 0 polygons
2026-09-08 12:56:03 +0800: Memory Usage (610272K) : metal1_label has 0 polygons
2026-09-08 12:56:03 +0800: Memory Usage (608944K) : fhres has 0 polygons
2026-09-08 12:56:03 +0800: Memory Usage (610232K) : plfuse has 0 polygons
2026-09-08 12:56:03 +0800: Memory Usage (608940K) : ymtp_mk has 0 polygons
2026-09-08 12:56:03 +0800: Memory Usage (608984K) : probe_mk has 0 polygons
2026-09-08 12:56:03 +0800: Memory Usage (610272K) : metal1_slot has 0 polygons
2026-09-08 12:56:03 +0800: Memory Usage (608944K) : fusetop has 0 polygons
2026-09-08 12:56:03 +0800: Memory Usage (610232K) : efuse_mk has 0 polygons
2026-09-08 12:56:02 +0800: Memory Usage (647484K) : metal2_blk has 0 polygons
2026-09-08 12:56:03 +0800: Memory Usage (608940K) : dev_wf_mk has 0 polygons
2026-09-08 12:56:03 +0800: Memory Usage (608944K) : fusewindow_d has 0 polygons
2026-09-08 12:56:03 +0800: Memory Usage (608984K) : esd_mk has 0 polygons
2026-09-08 12:56:02 +0800: Memory Usage (608940K) : pmndmy has 0 polygons
2026-09-08 12:56:03 +0800: Memory Usage (610232K) : mcell_feol_mk has 0 polygons
2026-09-08 12:56:03 +0800: Memory Usage (608944K) : polyfuse has 0 polygons
2026-09-08 12:56:03 +0800: Memory Usage (608984K) : lvs_source has 0 polygons
2026-09-08 12:56:02 +0800: Memory Usage (605336K) : poly2 has 24914 polygons
2026-09-08 12:56:03 +0800: Memory Usage (610232K) : ymtp_mk has 0 polygons
2026-09-08 12:56:03 +0800: Memory Usage (608940K) : comp_label has 0 polygons
2026-09-08 12:56:03 +0800: Memory Usage (608944K) : mvsd has 0 polygons
2026-09-08 12:56:03 +0800: Memory Usage (647484K) : metal3_drawn has 9853 polygons
2026-09-08 12:56:03 +0800: Memory Usage (608984K) : well_diode_mk has 0 polygons
2026-09-08 12:56:03 +0800: Memory Usage (610232K) : dev_wf_mk has 0 polygons
2026-09-08 12:56:03 +0800: Memory Usage (608940K) : poly2_label has 0 polygons
2026-09-08 12:56:03 +0800: Memory Usage (608944K) : mvpsd has 0 polygons
2026-09-08 12:56:03 +0800: Memory Usage (610232K) : comp_label has 0 polygons
2026-09-08 12:56:03 +0800: Memory Usage (647484K) : metal3_dummy has 0 polygons
2026-09-08 12:56:03 +0800: Memory Usage (608984K) : ldmos_xtor has 0 polygons
2026-09-08 12:56:03 +0800: Memory Usage (608940K) : mdiode has 0 polygons
2026-09-08 12:56:03 +0800: Memory Usage (610232K) : poly2_label has 0 polygons
2026-09-08 12:56:03 +0800: Memory Usage (647484K) : metal3_label has 0 polygons
08-Sep-2026 12:56:03 | INFO    | Running Global Foundries 180nm MCU /workspace/iris_c3a247b9-0025-43e1-bae8-42a940fa0b63/Chip-Orchestra-review-latest/output/nanocgra_lite_3x3_opt/gds/nanocgra_lite_3x3_opt.gds checks on design drc_bjt on cell NanoCGRA_Lite:
2026-09-08 12:56:03 +0800: Memory Usage (610232K) : mdiode has 0 polygons
2026-09-08 12:56:03 +0800: Memory Usage (608940K) : ndmy has 0 polygons
2026-09-08 12:56:03 +0800: Memory Usage (610232K) : ndmy has 0 polygons
2026-09-08 12:56:03 +0800: Memory Usage (608944K) : nat has 0 polygons
2026-09-08 12:56:03 +0800: Memory Usage (647484K) : metal3_slot has 0 polygons
2026-09-08 12:56:03 +0800: Memory Usage (608920K) : nplus has 68 polygons
2026-09-08 12:56:03 +0800: Memory Usage (608984K) : plfuse has 0 polygons
2026-09-08 12:56:03 +0800: Memory Usage (608944K) : comp_dummy has 0 polygons
2026-09-08 12:56:03 +0800: Memory Usage (608984K) : efuse_mk has 0 polygons
2026-09-08 12:56:03 +0800: Memory Usage (608944K) : poly2_dummy has 0 polygons
2026-09-08 12:56:03 +0800: Memory Usage (647484K) : metal3_blk has 0 polygons
2026-09-08 12:56:03 +0800: Memory Usage (608984K) : mcell_feol_mk has 0 polygons
2026-09-08 12:56:03 +0800: Memory Usage (608944K) : schottky_diode has 0 polygons
2026-09-08 12:56:03 +0800: Memory Usage (608920K) : pplus has 2103 polygons
2026-09-08 12:56:03 +0800: Memory Usage (608984K) : ymtp_mk has 0 polygons
2026-09-08 12:56:03 +0800: Memory Usage (608944K) : zener has 0 polygons
2026-09-08 12:56:03 +0800: Memory Usage (608920K) : sab has 0 polygons
2026-09-08 12:56:03 +0800: Memory Usage (608984K) : dev_wf_mk has 0 polygons
2026-09-08 12:56:03 +0800: Memory Usage (608944K) : res_mk has 0 polygons
2026-09-08 12:56:03 +0800: Memory Usage (608920K) : esd has 0 polygons
2026-09-08 12:56:03 +0800: Memory Usage (647484K) : via3 has 8264 polygons
2026-09-08 12:56:03 +0800: Memory Usage (608984K) : comp_label has 0 polygons
2026-09-08 12:56:02 +0800: Memory Usage (608936K) : pmndmy has 0 polygons
2026-09-08 12:56:02 +0800: Memory Usage (610672K) : metal1_blk has 0 polygons
2026-09-08 12:56:03 +0800: Memory Usage (608920K) : resistor has 0 polygons
2026-09-08 12:56:03 +0800: Memory Usage (608984K) : poly2_label has 0 polygons
2026-09-08 12:56:03 +0800: Memory Usage (608984K) : mdiode has 0 polygons
2026-09-08 12:56:03 +0800: Memory Usage (608920K) : fhres has 0 polygons
2026-09-08 12:56:04 +0800: Memory Usage (608984K) : ndmy has 0 polygons
2026-09-08 12:56:03 +0800: Memory Usage (610792K) : metal1_drawn has 27195 polygons
2026-09-08 12:56:03 +0800: Memory Usage (647484K) : metal4_drawn has 1492 polygons
2026-09-08 12:56:03 +0800: Memory Usage (647296K) : metal2_drawn has 17514 polygons
2026-09-08 12:56:04 +0800: Memory Usage (608920K) : fusetop has 0 polygons
2026-09-08 12:56:03 +0800: Memory Usage (608944K) : opc_drc has 0 polygons
2026-09-08 12:56:04 +0800: Memory Usage (610792K) : metal1_dummy has 0 polygons
2026-09-08 12:56:04 +0800: Memory Usage (647484K) : metal4_dummy has 0 polygons
2026-09-08 12:56:04 +0800: Memory Usage (647296K) : metal2_dummy has 0 polygons
2026-09-08 12:56:04 +0800: Memory Usage (608920K) : fusewindow_d has 0 polygons
2026-09-08 12:56:03 +0800: Memory Usage (610272K) : metal1_blk has 0 polygons
2026-09-08 12:56:04 +0800: Memory Usage (610792K) : metal1_label has 0 polygons
2026-09-08 12:56:04 +0800: Memory Usage (647484K) : metal4_label has 0 polygons
2026-09-08 12:56:04 +0800: Memory Usage (647296K) : metal2_label has 31 polygons
2026-09-08 12:56:04 +0800: Memory Usage (608920K) : polyfuse has 0 polygons
2026-09-08 12:56:04 +0800: Memory Usage (608944K) : v5_xtor has 1 polygons
2026-09-08 12:56:04 +0800: Memory Usage (610792K) : metal1_slot has 0 polygons
2026-09-08 12:56:04 +0800: Memory Usage (647296K) : metal2_slot has 0 polygons
2026-09-08 12:56:04 +0800: Memory Usage (647484K) : metal4_slot has 0 polygons
2026-09-08 12:56:04 +0800: Memory Usage (608944K) : cap_mk has 0 polygons
2026-09-08 12:56:04 +0800: Memory Usage (608920K) : mvsd has 0 polygons
2026-09-08 12:56:04 +0800: Memory Usage (646900K) : metal2_drawn has 17514 polygons
2026-09-08 12:56:04 +0800: Memory Usage (608944K) : mos_cap_mk has 0 polygons
2026-09-08 12:56:04 +0800: Memory Usage (608944K) : ind_mk has 0 polygons
2026-09-08 12:56:04 +0800: Memory Usage (646900K) : metal2_dummy has 0 polygons
2026-09-08 12:56:04 +0800: Memory Usage (647484K) : metal4_blk has 0 polygons
2026-09-08 12:56:04 +0800: Memory Usage (608944K) : diode_mk has 0 polygons
2026-09-08 12:56:04 +0800: Memory Usage (646900K) : metal2_label has 31 polygons
2026-09-08 12:56:04 +0800: Memory Usage (608920K) : mvpsd has 0 polygons
2026-09-08 12:56:04 +0800: Memory Usage (610792K) : metal1_blk has 0 polygons
2026-09-08 12:56:04 +0800: Memory Usage (608944K) : drc_bjt has 0 polygons
2026-09-08 12:56:03 +0800: Memory Usage (608940K) : pmndmy has 0 polygons
2026-09-08 12:56:04 +0800: Memory Usage (646900K) : metal2_slot has 0 polygons
2026-09-08 12:56:04 +0800: Memory Usage (647484K) : via4 has 4611 polygons
2026-09-08 12:56:04 +0800: Memory Usage (608944K) : lvs_bjt has 0 polygons
2026-09-08 12:56:04 +0800: Memory Usage (608920K) : nat has 0 polygons
2026-09-08 12:56:04 +0800: Memory Usage (647296K) : metal2_blk has 0 polygons
2026-09-08 12:56:04 +0800: Memory Usage (608944K) : mim_l_mk has 0 polygons
2026-09-08 12:56:04 +0800: Memory Usage (647484K) : metal5_drawn has 269 polygons
2026-09-08 12:56:04 +0800: Memory Usage (608920K) : comp_dummy has 0 polygons
2026-09-08 12:56:03 +0800: Memory Usage (610232K) : pmndmy has 0 polygons
2026-09-08 12:56:04 +0800: Memory Usage (608944K) : latchup_mk has 0 polygons
2026-09-08 12:56:04 +0800: Memory Usage (608944K) : guard_ring_mk has 0 polygons
2026-09-08 12:56:04 +0800: Memory Usage (608920K) : poly2_dummy has 0 polygons
2026-09-08 12:56:04 +0800: Memory Usage (647296K) : metal3_drawn has 9853 polygons
2026-09-08 12:56:04 +0800: Memory Usage (608944K) : otp_mk has 0 polygons
2026-09-08 12:56:04 +0800: Memory Usage (608920K) : schottky_diode has 0 polygons
2026-09-08 12:56:04 +0800: Memory Usage (647296K) : metal3_dummy has 0 polygons
2026-09-08 12:56:04 +0800: Memory Usage (646900K) : metal2_blk has 0 polygons
2026-09-08 12:56:04 +0800: Memory Usage (647484K) : metal5_dummy has 0 polygons
2026-09-08 12:56:04 +0800: Memory Usage (647296K) : metal3_label has 0 polygons
2026-09-08 12:56:04 +0800: Memory Usage (646900K) : metal3_drawn has 9853 polygons
2026-09-08 12:56:04 +0800: Memory Usage (608920K) : zener has 0 polygons
2026-09-08 12:56:04 +0800: Memory Usage (647484K) : metal5_label has 0 polygons
2026-09-08 12:56:04 +0800: Memory Usage (608944K) : mtpmark has 0 polygons
2026-09-08 12:56:04 +0800: Memory Usage (647296K) : metal3_slot has 0 polygons
2026-09-08 12:56:04 +0800: Memory Usage (608920K) : res_mk has 0 polygons
2026-09-08 12:56:04 +0800: Memory Usage (608944K) : neo_ee_mk has 0 polygons
2026-09-08 12:56:04 +0800: Memory Usage (647484K) : metal5_slot has 0 polygons
2026-09-08 12:56:03 +0800: Memory Usage (615544K) : contact has 106822 polygons
2026-09-08 12:56:04 +0800: Memory Usage (646900K) : metal3_dummy has 0 polygons
2026-09-08 12:56:04 +0800: Memory Usage (608944K) : sramcore has 0 polygons
2026-09-08 12:56:04 +0800: Memory Usage (647296K) : metal3_blk has 0 polygons
2026-09-08 12:56:04 +0800: Memory Usage (646900K) : metal3_label has 0 polygons
2026-09-08 12:56:04 +0800: Memory Usage (647484K) : metal5_blk has 0 polygons
2026-09-08 12:56:04 +0800: Memory Usage (608944K) : lvs_rf has 0 polygons
2026-09-08 12:56:04 +0800: Memory Usage (646900K) : metal3_slot has 0 polygons
2026-09-08 12:56:04 +0800: Memory Usage (626408K) : metal1_drawn has 27195 polygons
2026-09-08 12:56:04 +0800: Memory Usage (647484K) : pad has 0 polygons
2026-09-08 12:56:04 +0800: Memory Usage (608944K) : lvs_drain has 0 polygons
2026-09-08 12:56:04 +0800: Memory Usage (608920K) : opc_drc has 0 polygons
2026-09-08 12:56:05 +0800: Memory Usage (647484K) : ubmpperi has 0 polygons
2026-09-08 12:56:04 +0800: Memory Usage (647296K) : via3 has 8264 polygons
2026-09-08 12:56:05 +0800: Memory Usage (608944K) : ind_mk has 0 polygons
2026-09-08 12:56:05 +0800: Memory Usage (626408K) : metal1_dummy has 0 polygons
2026-09-08 12:56:04 +0800: Memory Usage (646900K) : metal3_blk has 0 polygons
2026-09-08 12:56:05 +0800: Memory Usage (647484K) : ubmparray has 0 polygons
2026-09-08 12:56:05 +0800: Memory Usage (608944K) : hvpolyrs has 0 polygons
2026-09-08 12:56:05 +0800: Memory Usage (626408K) : metal1_label has 0 polygons
2026-09-08 12:56:05 +0800: Memory Usage (647484K) : ubmeplate has 0 polygons
2026-09-08 12:56:05 +0800: Memory Usage (647296K) : metal4_drawn has 1492 polygons
2026-09-08 12:56:05 +0800: Memory Usage (608920K) : v5_xtor has 1 polygons
2026-09-08 12:56:05 +0800: Memory Usage (608944K) : lvs_io has 0 polygons
2026-09-08 12:56:05 +0800: Memory Usage (626408K) : metal1_slot has 0 polygons
2026-09-08 12:56:05 +0800: Memory Usage (647296K) : metal4_dummy has 0 polygons
2026-09-08 12:56:05 +0800: Memory Usage (608920K) : cap_mk has 0 polygons
2026-09-08 12:56:05 +0800: Memory Usage (608944K) : probe_mk has 0 polygons
2026-09-08 12:56:05 +0800: Memory Usage (646900K) : via3 has 8264 polygons
2026-09-08 12:56:05 +0800: Memory Usage (647484K) : metal1_res has 0 polygons
2026-09-08 12:56:05 +0800: Memory Usage (647296K) : metal4_label has 0 polygons
2026-09-08 12:56:05 +0800: Memory Usage (608920K) : mos_cap_mk has 0 polygons
2026-09-08 12:56:05 +0800: Memory Usage (647484K) : metal2_res has 0 polygons
2026-09-08 12:56:05 +0800: Memory Usage (647296K) : metal4_slot has 0 polygons
2026-09-08 12:56:05 +0800: Memory Usage (608920K) : ind_mk has 0 polygons
2026-09-08 12:56:05 +0800: Memory Usage (646900K) : metal4_drawn has 1492 polygons
2026-09-08 12:56:05 +0800: Memory Usage (608944K) : esd_mk has 0 polygons
2026-09-08 12:56:05 +0800: Memory Usage (647484K) : metal3_res has 0 polygons
2026-09-08 12:56:04 +0800: Memory Usage (613584K) : via1 has 24400 polygons
2026-09-08 12:56:05 +0800: Memory Usage (608920K) : diode_mk has 0 polygons
2026-09-08 12:56:05 +0800: Memory Usage (647296K) : metal4_blk has 0 polygons
2026-09-08 12:56:05 +0800: Memory Usage (626408K) : metal1_blk has 0 polygons
2026-09-08 12:56:05 +0800: Memory Usage (608944K) : lvs_source has 0 polygons
2026-09-08 12:56:05 +0800: Memory Usage (646900K) : metal4_dummy has 0 polygons
2026-09-08 12:56:05 +0800: Memory Usage (647484K) : metal4_res has 0 polygons
2026-09-08 12:56:05 +0800: Memory Usage (608920K) : drc_bjt has 0 polygons
2026-09-08 12:56:04 +0800: Memory Usage (608984K) : pmndmy has 0 polygons
2026-09-08 12:56:05 +0800: Memory Usage (647296K) : via4 has 4611 polygons
2026-09-08 12:56:05 +0800: Memory Usage (608944K) : well_diode_mk has 0 polygons
2026-09-08 12:56:05 +0800: Memory Usage (646900K) : metal4_label has 0 polygons
2026-09-08 12:56:05 +0800: Memory Usage (649956K) : metal2_drawn has 17514 polygons
2026-09-08 12:56:05 +0800: Memory Usage (608920K) : lvs_bjt has 0 polygons
2026-09-08 12:56:05 +0800: Memory Usage (647484K) : metal5_res has 0 polygons
2026-09-08 12:56:05 +0800: Memory Usage (608944K) : ldmos_xtor has 0 polygons
2026-09-08 12:56:05 +0800: Memory Usage (647296K) : metal5_drawn has 269 polygons
2026-09-08 12:56:05 +0800: Memory Usage (649956K) : metal2_dummy has 0 polygons
2026-09-08 12:56:05 +0800: Memory Usage (608920K) : mim_l_mk has 0 polygons
2026-09-08 12:56:05 +0800: Memory Usage (646900K) : metal4_slot has 0 polygons
2026-09-08 12:56:05 +0800: Memory Usage (647296K) : metal5_dummy has 0 polygons
2026-09-08 12:56:05 +0800: Memory Usage (608944K) : plfuse has 0 polygons
2026-09-08 12:56:05 +0800: Memory Usage (649956K) : metal2_label has 31 polygons
2026-09-08 12:56:05 +0800: Memory Usage (610968K) : metal1_drawn has 27195 polygons
2026-09-08 12:56:05 +0800: Memory Usage (608944K) : efuse_mk has 0 polygons
2026-09-08 12:56:05 +0800: Memory Usage (608920K) : latchup_mk has 0 polygons
2026-09-08 12:56:05 +0800: Memory Usage (649956K) : metal2_slot has 0 polygons
2026-09-08 12:56:05 +0800: Memory Usage (646900K) : metal4_blk has 0 polygons
2026-09-08 12:56:05 +0800: Memory Usage (608944K) : mcell_feol_mk has 0 polygons
2026-09-08 12:56:05 +0800: Memory Usage (610968K) : metal1_dummy has 0 polygons
2026-09-08 12:56:05 +0800: Memory Usage (608920K) : guard_ring_mk has 0 polygons
2026-09-08 12:56:05 +0800: Memory Usage (608944K) : ymtp_mk has 0 polygons
2026-09-08 12:56:05 +0800: Memory Usage (647484K) : metal6_res has 0 polygons
2026-09-08 12:56:05 +0800: Memory Usage (647296K) : metal5_label has 0 polygons
2026-09-08 12:56:05 +0800: Memory Usage (608920K) : otp_mk has 0 polygons
2026-09-08 12:56:05 +0800: Memory Usage (646900K) : via4 has 4611 polygons
2026-09-08 12:56:05 +0800: Memory Usage (608944K) : dev_wf_mk has 0 polygons
2026-09-08 12:56:05 +0800: Memory Usage (610968K) : metal1_label has 0 polygons
2026-09-08 12:56:05 +0800: Memory Usage (608920K) : mtpmark has 0 polygons
2026-09-08 12:56:05 +0800: Memory Usage (647296K) : metal5_slot has 0 polygons
2026-09-08 12:56:05 +0800: Memory Usage (608944K) : comp_label has 0 polygons
2026-09-08 12:56:05 +0800: Memory Usage (649956K) : metal2_blk has 0 polygons
2026-09-08 12:56:05 +0800: Memory Usage (647484K) : pr_bndry has 1 polygons
2026-09-08 12:56:05 +0800: Memory Usage (610968K) : metal1_slot has 0 polygons
2026-09-08 12:56:05 +0800: Memory Usage (608920K) : neo_ee_mk has 0 polygons
2026-09-08 12:56:05 +0800: Memory Usage (647296K) : metal5_blk has 0 polygons
2026-09-08 12:56:05 +0800: Memory Usage (647484K) : border has 0 polygons
2026-09-08 12:56:06 +0800: Memory Usage (608920K) : sramcore has 0 polygons
2026-09-08 12:56:06 +0800: Memory Usage (647296K) : pad has 0 polygons
2026-09-08 12:56:05 +0800: Memory Usage (646900K) : metal5_drawn has 269 polygons
2026-09-08 12:56:06 +0800: Memory Usage (647484K) : Total no. of polygons in the design is 114250
2026-09-08 12:56:06 +0800: Memory Usage (608920K) : lvs_rf has 0 polygons
2026-09-08 12:56:06 +0800: Memory Usage (647296K) : ubmpperi has 0 polygons
2026-09-08 12:56:04 +0800: Memory Usage (615544K) : contact has 106822 polygons
2026-09-08 12:56:05 +0800: Memory Usage (608944K) : poly2_label has 0 polygons
2026-09-08 12:56:06 +0800: Memory Usage (646900K) : metal5_dummy has 0 polygons
2026-09-08 12:56:06 +0800: Memory Usage (608920K) : lvs_drain has 0 polygons
2026-09-08 12:56:06 +0800: Memory Usage (647296K) : ubmparray has 0 polygons
2026-09-08 12:56:04 +0800: Memory Usage (616572K) : contact has 106822 polygons
2026-09-08 12:56:06 +0800: Memory Usage (646900K) : metal5_label has 0 polygons
2026-09-08 12:56:06 +0800: Memory Usage (608944K) : mdiode has 0 polygons
2026-09-08 12:56:06 +0800: Memory Usage (608920K) : ind_mk has 0 polygons
2026-09-08 12:56:05 +0800: Memory Usage (649956K) : via2 has 21863 polygons
2026-09-08 12:56:06 +0800: Memory Usage (647296K) : ubmeplate has 0 polygons
2026-09-08 12:56:06 +0800: Memory Usage (626344K) : metal1_drawn has 27195 polygons
2026-09-08 12:56:06 +0800: Memory Usage (608944K) : ndmy has 0 polygons
2026-09-08 12:56:06 +0800: Memory Usage (646900K) : metal5_slot has 0 polygons
2026-09-08 12:56:06 +0800: Memory Usage (608920K) : hvpolyrs has 0 polygons
2026-09-08 12:56:06 +0800: Memory Usage (647296K) : metal1_res has 0 polygons
2026-09-08 12:56:06 +0800: Memory Usage (646900K) : metal5_blk has 0 polygons
2026-09-08 12:56:06 +0800: Memory Usage (626344K) : metal1_dummy has 0 polygons
2026-09-08 12:56:06 +0800: Memory Usage (649956K) : metal3_drawn has 9853 polygons
2026-09-08 12:56:06 +0800: Memory Usage (647296K) : metal2_res has 0 polygons
2026-09-08 12:56:06 +0800: Memory Usage (627384K) : metal1_drawn has 27195 polygons
2026-09-08 12:56:06 +0800: Memory Usage (646900K) : pad has 0 polygons
2026-09-08 12:56:06 +0800: Memory Usage (608920K) : lvs_io has 0 polygons
2026-09-08 12:56:06 +0800: Memory Usage (626344K) : metal1_label has 0 polygons
2026-09-08 12:56:06 +0800: Memory Usage (649956K) : metal3_dummy has 0 polygons
2026-09-08 12:56:06 +0800: Memory Usage (627384K) : metal1_dummy has 0 polygons
2026-09-08 12:56:06 +0800: Memory Usage (646900K) : ubmpperi has 0 polygons
2026-09-08 12:56:06 +0800: Memory Usage (608920K) : probe_mk has 0 polygons
2026-09-08 12:56:06 +0800: Memory Usage (649956K) : metal3_label has 0 polygons
2026-09-08 12:56:06 +0800: Memory Usage (571348K) : Starting running GF180MCU Klayout DRC runset on /workspace/iris_c3a247b9-0025-43e1-bae8-42a940fa0b63/Chip-Orchestra-review-latest/output/nanocgra_lite_3x3_opt/gds/nanocgra_lite_3x3_opt.gds
2026-09-08 12:56:06 +0800: Memory Usage (647296K) : metal3_res has 0 polygons
2026-09-08 12:56:06 +0800: Memory Usage (626344K) : metal1_slot has 0 polygons
2026-09-08 12:56:06 +0800: Memory Usage (646900K) : ubmparray has 0 polygons
2026-09-08 12:56:06 +0800: Memory Usage (627384K) : metal1_label has 0 polygons
2026-09-08 12:56:06 +0800: Memory Usage (649956K) : metal3_slot has 0 polygons
2026-09-08 12:56:06 +0800: Memory Usage (608920K) : esd_mk has 0 polygons
2026-09-08 12:56:06 +0800: Memory Usage (647296K) : metal4_res has 0 polygons
2026-09-08 12:56:06 +0800: Memory Usage (646900K) : ubmeplate has 0 polygons
2026-09-08 12:56:06 +0800: Memory Usage (627384K) : metal1_slot has 0 polygons
2026-09-08 12:56:06 +0800: Memory Usage (608920K) : lvs_source has 0 polygons
2026-09-08 12:56:06 +0800: Memory Usage (647296K) : metal5_res has 0 polygons
2026-09-08 12:56:06 +0800: Memory Usage (646900K) : metal1_res has 0 polygons
2026-09-08 12:56:06 +0800: Memory Usage (649956K) : metal3_blk has 0 polygons
2026-09-08 12:56:05 +0800: Memory Usage (626408K) : via1 has 24400 polygons
2026-09-08 12:56:06 +0800: Memory Usage (608920K) : well_diode_mk has 0 polygons
2026-09-08 12:56:06 +0800: Memory Usage (646900K) : metal2_res has 0 polygons
2026-09-08 12:56:06 +0800: Memory Usage (608920K) : ldmos_xtor has 0 polygons
2026-09-08 12:56:06 +0800: Memory Usage (646900K) : metal3_res has 0 polygons
2026-09-08 12:56:06 +0800: Memory Usage (608920K) : plfuse has 0 polygons
2026-09-08 12:56:06 +0800: Memory Usage (649956K) : via3 has 8264 polygons
2026-09-08 12:56:06 +0800: Memory Usage (646900K) : metal4_res has 0 polygons
2026-09-08 12:56:06 +0800: Memory Usage (661332K) : metal2_drawn has 17514 polygons
2026-09-08 12:56:06 +0800: Memory Usage (647296K) : metal6_res has 0 polygons
2026-09-08 12:56:06 +0800: Memory Usage (571348K) : Ruby Version for klayout: 3.1.2
2026-09-08 12:56:06 +0800: Memory Usage (608920K) : efuse_mk has 0 polygons
2026-09-08 12:56:06 +0800: Memory Usage (646900K) : metal5_res has 0 polygons
2026-09-08 12:56:06 +0800: Memory Usage (661332K) : metal2_dummy has 0 polygons
2026-09-08 12:56:06 +0800: Memory Usage (647296K) : pr_bndry has 1 polygons
2026-09-08 12:56:06 +0800: Memory Usage (593884K) : Loading database to memory is complete.
2026-09-08 12:56:06 +0800: Memory Usage (649956K) : metal4_drawn has 1492 polygons
2026-09-08 12:56:06 +0800: Memory Usage (661332K) : metal2_label has 31 polygons
2026-09-08 12:56:06 +0800: Memory Usage (593884K) : GF180MCU Klayout DRC runset output at: /workspace/iris_c3a247b9-0025-43e1-bae8-42a940fa0b63/Chip-Orchestra-review-latest/output/nanocgra_lite_3x3_opt/reports/signoff/foundry_drc_full/nanocgra_lite_3x3_opt_drc_bjt.lyrdb
2026-09-08 12:56:06 +0800: Memory Usage (647296K) : border has 0 polygons
2026-09-08 12:56:06 +0800: Memory Usage (649956K) : metal4_dummy has 0 polygons
2026-09-08 12:56:06 +0800: Memory Usage (608920K) : mcell_feol_mk has 0 polygons
2026-09-08 12:56:06 +0800: Memory Usage (593884K) : Evaluate switches.
2026-09-08 12:56:05 +0800: Memory Usage (610968K) : metal1_blk has 0 polygons
2026-09-08 12:56:06 +0800: Memory Usage (661332K) : metal2_slot has 0 polygons
2026-09-08 12:56:06 +0800: Memory Usage (649956K) : metal4_label has 0 polygons
2026-09-08 12:56:06 +0800: Memory Usage (647296K) : Total no. of polygons in the design is 114250
2026-09-08 12:56:07 +0800: Memory Usage (608920K) : ymtp_mk has 0 polygons
2026-09-08 12:56:07 +0800: Memory Usage (593884K) : table_name selected  drc_bjt
2026-09-08 12:56:06 +0800: Memory Usage (646900K) : metal6_res has 0 polygons
2026-09-08 12:56:07 +0800: Memory Usage (649956K) : metal4_slot has 0 polygons
2026-09-08 12:56:07 +0800: Memory Usage (608920K) : dev_wf_mk has 0 polygons
2026-09-08 12:56:07 +0800: Memory Usage (593884K) : CONNECTIVITY_RULES enabled: false
2026-09-08 12:56:07 +0800: Memory Usage (647596K) : metal2_drawn has 17514 polygons
2026-09-08 12:56:01 +0800: Memory Usage (601544K) : Starting deriving base layers.
2026-09-08 12:56:07 +0800: Memory Usage (646900K) : pr_bndry has 1 polygons
2026-09-08 12:56:06 +0800: Memory Usage (608944K) : pmndmy has 0 polygons
2026-09-08 12:56:07 +0800: Memory Usage (593884K) : Wedge enabled: false
2026-09-08 12:56:07 +0800: Memory Usage (608920K) : comp_label has 0 polygons
2026-09-08 12:56:07 +0800: Memory Usage (647596K) : metal2_dummy has 0 polygons
2026-09-08 12:56:07 +0800: Memory Usage (897224K) : Total area of the design is 302500.0 um^2.
2026-09-08 12:56:07 +0800: Memory Usage (649956K) : metal4_blk has 0 polygons
2026-09-08 12:56:07 +0800: Memory Usage (661332K) : metal2_blk has 0 polygons
2026-09-08 12:56:07 +0800: Memory Usage (593900K) : Ball enabled: false
2026-09-08 12:56:07 +0800: Memory Usage (646900K) : border has 0 polygons
2026-09-08 12:56:07 +0800: Memory Usage (608920K) : poly2_label has 0 polygons
2026-09-08 12:56:07 +0800: Memory Usage (897224K) : Starting GF180MCU DRC rules.
2026-09-08 12:56:07 +0800: Memory Usage (647596K) : metal2_label has 31 polygons
2026-09-08 12:56:07 +0800: Memory Usage (593900K) : Gold enabled: false
2026-09-08 12:56:07 +0800: Memory Usage (646900K) : Total no. of polygons in the design is 114250
2026-09-08 12:56:07 +0800: Memory Usage (649956K) : via4 has 4611 polygons
2026-09-08 12:56:07 +0800: Memory Usage (897224K) : Running all FEOL rules
2026-09-08 12:56:07 +0800: Memory Usage (608920K) : mdiode has 0 polygons
2026-09-08 12:56:07 +0800: Memory Usage (593900K) : MIM Option selected: B
2026-09-08 12:56:07 +0800: Memory Usage (647596K) : metal2_slot has 0 polygons
2026-09-08 12:56:07 +0800: Memory Usage (897224K) : Running all BEOL rules
2026-09-08 12:56:07 +0800: Memory Usage (649956K) : metal5_drawn has 269 polygons
2026-09-08 12:56:07 +0800: Memory Usage (593900K) : Offgrid enabled:  true
2026-09-08 12:56:07 +0800: Memory Usage (608920K) : ndmy has 0 polygons
2026-09-08 12:56:07 +0800: Memory Usage (593900K) : Number of threads to use 2
2026-09-08 12:56:06 +0800: Memory Usage (626344K) : metal1_blk has 0 polygons
2026-09-08 12:56:07 +0800: Memory Usage (661332K) : via2 has 21863 polygons
2026-09-08 12:56:07 +0800: Memory Usage (649956K) : metal5_dummy has 0 polygons
2026-09-08 12:56:07 +0800: Memory Usage (593900K) : Verbose mode: false
2026-09-08 12:56:06 +0800: Memory Usage (627384K) : metal1_blk has 0 polygons
2026-09-08 12:56:07 +0800: Memory Usage (593900K) : flat  mode is enabled for drc_bjt table
2026-09-08 12:56:07 +0800: Memory Usage (649956K) : metal5_label has 0 polygons
2026-09-08 12:56:07 +0800: Memory Usage (647596K) : metal2_blk has 0 polygons
2026-09-08 12:56:07 +0800: Memory Usage (661332K) : metal3_drawn has 9853 polygons
2026-09-08 12:56:07 +0800: Memory Usage (659692K) : metal2_drawn has 17514 polygons
2026-09-08 12:56:07 +0800: Memory Usage (593900K) : METAL_TOP Selected is 9K
2026-09-08 12:56:07 +0800: Memory Usage (649956K) : metal5_slot has 0 polygons
2026-09-08 12:56:07 +0800: Memory Usage (660084K) : metal2_drawn has 17514 polygons
2026-09-08 12:56:07 +0800: Memory Usage (661332K) : metal3_dummy has 0 polygons
2026-09-08 12:56:07 +0800: Memory Usage (593900K) : METAL_STACK Selected is 5LM
2026-09-08 12:56:07 +0800: Memory Usage (647596K) : metal3_drawn has 9853 polygons
2026-09-08 12:56:07 +0800: Memory Usage (897224K) : contact_split DRC Total Run time 14.720286727 seconds
2026-09-08 12:56:07 +0800: Memory Usage (593900K) : FEOL enabled: true
2026-09-08 12:56:07 +0800: Memory Usage (659692K) : metal2_dummy has 0 polygons
2026-09-08 12:56:07 +0800: Memory Usage (649956K) : metal5_blk has 0 polygons
2026-09-08 12:56:07 +0800: Memory Usage (661332K) : metal3_label has 0 polygons
2026-09-08 12:56:07 +0800: Memory Usage (660084K) : metal2_dummy has 0 polygons
2026-09-08 12:56:07 +0800: Memory Usage (647596K) : metal3_dummy has 0 polygons
2026-09-08 12:56:07 +0800: Memory Usage (593900K) : BEOL enabled: true
2026-09-08 12:56:07 +0800: Memory Usage (659692K) : metal2_label has 31 polygons
2026-09-08 12:56:07 +0800: Memory Usage (649956K) : pad has 0 polygons
2026-09-08 12:56:07 +0800: Memory Usage (661332K) : metal3_slot has 0 polygons
2026-09-08 12:56:07 +0800: Memory Usage (593900K) : SLOW_VIA enabled: false
2026-09-08 12:56:07 +0800: Memory Usage (660084K) : metal2_label has 31 polygons
2026-09-08 12:56:07 +0800: Memory Usage (647596K) : metal3_label has 0 polygons
2026-09-08 12:56:07 +0800: Memory Usage (659692K) : metal2_slot has 0 polygons
2026-09-08 12:56:07 +0800: Memory Usage (649956K) : ubmpperi has 0 polygons
2026-09-08 12:56:07 +0800: Memory Usage (660084K) : metal2_slot has 0 polygons
2026-09-08 12:56:07 +0800: Memory Usage (647596K) : metal3_slot has 0 polygons
2026-09-08 12:56:07 +0800: Memory Usage (661332K) : metal3_blk has 0 polygons
2026-09-08 12:56:07 +0800: Memory Usage (649956K) : ubmparray has 0 polygons
2026-09-08 12:56:07 +0800: Memory Usage (649956K) : ubmeplate has 0 polygons
2026-09-08 12:56:07 +0800: Memory Usage (647596K) : metal3_blk has 0 polygons
2026-09-08 12:56:08 +0800: Memory Usage (649956K) : metal1_res has 0 polygons
2026-09-08 12:56:07 +0800: Memory Usage (661332K) : via3 has 8264 polygons
2026-09-08 12:56:07 +0800: Memory Usage (659692K) : metal2_blk has 0 polygons
2026-09-08 12:56:08 +0800: Memory Usage (649956K) : metal2_res has 0 polygons
08-Sep-2026 12:56:08 | INFO    | Running Global Foundries 180nm MCU /workspace/iris_c3a247b9-0025-43e1-bae8-42a940fa0b63/Chip-Orchestra-review-latest/output/nanocgra_lite_3x3_opt/gds/nanocgra_lite_3x3_opt.gds checks on design efuse on cell NanoCGRA_Lite:
2026-09-08 12:56:07 +0800: Memory Usage (660084K) : metal2_blk has 0 polygons
2026-09-08 12:56:08 +0800: Memory Usage (649956K) : metal3_res has 0 polygons
2026-09-08 12:56:07 +0800: Memory Usage (593900K) : Read in polygons from layers.
2026-09-08 12:56:08 +0800: Memory Usage (647596K) : via3 has 8264 polygons
2026-09-08 12:56:08 +0800: Memory Usage (649956K) : metal4_res has 0 polygons
2026-09-08 12:56:08 +0800: Memory Usage (596164K) : comp has 17798 polygons
2026-09-08 12:56:08 +0800: Memory Usage (659692K) : metal3_drawn has 9853 polygons
2026-09-08 12:56:08 +0800: Memory Usage (649956K) : metal5_res has 0 polygons
2026-09-08 12:56:08 +0800: Memory Usage (661332K) : metal4_drawn has 1492 polygons
2026-09-08 12:56:08 +0800: Memory Usage (659692K) : metal3_dummy has 0 polygons
2026-09-08 12:56:08 +0800: Memory Usage (660084K) : metal3_drawn has 9853 polygons
2026-09-08 12:56:08 +0800: Memory Usage (647596K) : metal4_drawn has 1492 polygons
2026-09-08 12:56:08 +0800: Memory Usage (659692K) : metal3_label has 0 polygons
2026-09-08 12:56:08 +0800: Memory Usage (661332K) : metal4_dummy has 0 polygons
2026-09-08 12:56:08 +0800: Memory Usage (660084K) : metal3_dummy has 0 polygons
2026-09-08 12:56:08 +0800: Memory Usage (647596K) : metal4_dummy has 0 polygons
2026-09-08 12:56:08 +0800: Memory Usage (659692K) : metal3_slot has 0 polygons
2026-09-08 12:56:08 +0800: Memory Usage (661332K) : metal4_label has 0 polygons
2026-09-08 12:56:08 +0800: Memory Usage (660084K) : metal3_label has 0 polygons
2026-09-08 12:56:08 +0800: Memory Usage (647596K) : metal4_label has 0 polygons
2026-09-08 12:56:08 +0800: Memory Usage (649956K) : metal6_res has 0 polygons
2026-09-08 12:56:08 +0800: Memory Usage (596164K) : dnwell has 0 polygons
2026-09-08 12:56:08 +0800: Memory Usage (661332K) : metal4_slot has 0 polygons
2026-09-08 12:56:08 +0800: Memory Usage (660084K) : metal3_slot has 0 polygons
2026-09-08 12:56:08 +0800: Memory Usage (647596K) : metal4_slot has 0 polygons
2026-09-08 12:56:08 +0800: Memory Usage (659692K) : metal3_blk has 0 polygons
2026-09-08 12:56:08 +0800: Memory Usage (661332K) : metal4_blk has 0 polygons
2026-09-08 12:56:08 +0800: Memory Usage (649956K) : pr_bndry has 1 polygons
2026-09-08 12:56:08 +0800: Memory Usage (647596K) : metal4_blk has 0 polygons
2026-09-08 12:56:08 +0800: Memory Usage (660084K) : metal3_blk has 0 polygons
2026-09-08 12:56:08 +0800: Memory Usage (649956K) : border has 0 polygons
2026-09-08 12:56:08 +0800: Memory Usage (661332K) : via4 has 4611 polygons
2026-09-08 12:56:08 +0800: Memory Usage (649956K) : Total no. of polygons in the design is 160513
2026-09-08 12:56:08 +0800: Memory Usage (647596K) : via4 has 4611 polygons
2026-09-08 12:56:08 +0800: Memory Usage (659692K) : via3 has 8264 polygons
2026-09-08 12:56:08 +0800: Memory Usage (661332K) : metal5_drawn has 269 polygons
2026-09-08 12:56:08 +0800: Memory Usage (647596K) : metal5_drawn has 269 polygons
2026-09-08 12:56:07 +0800: Memory Usage (615416K) : contact has 106822 polygons
2026-09-08 12:56:08 +0800: Memory Usage (660084K) : via3 has 8264 polygons
2026-09-08 12:56:08 +0800: Memory Usage (600968K) : nwell has 67 polygons
2026-09-08 12:56:08 +0800: Memory Usage (647596K) : metal5_dummy has 0 polygons
2026-09-08 12:56:07 +0800: Memory Usage (608920K) : pmndmy has 0 polygons
2026-09-08 12:56:08 +0800: Memory Usage (659692K) : metal4_drawn has 1492 polygons
2026-09-08 12:56:08 +0800: Memory Usage (661332K) : metal5_dummy has 0 polygons
2026-09-08 12:56:08 +0800: Memory Usage (626288K) : metal1_drawn has 27195 polygons
2026-09-08 12:56:08 +0800: Memory Usage (660084K) : metal4_drawn has 1492 polygons
2026-09-08 12:56:08 +0800: Memory Usage (661332K) : metal5_label has 0 polygons
2026-09-08 12:56:08 +0800: Memory Usage (647596K) : metal5_label has 0 polygons
2026-09-08 12:56:08 +0800: Memory Usage (610772K) : metal1_drawn has 27195 polygons
2026-09-08 12:56:08 +0800: Memory Usage (659692K) : metal4_dummy has 0 polygons
2026-09-08 12:56:09 +0800: Memory Usage (660084K) : metal4_dummy has 0 polygons
2026-09-08 12:56:09 +0800: Memory Usage (647596K) : metal5_slot has 0 polygons
2026-09-08 12:56:08 +0800: Memory Usage (626288K) : metal1_dummy has 0 polygons
2026-09-08 12:56:09 +0800: Memory Usage (661332K) : metal5_slot has 0 polygons
2026-09-08 12:56:09 +0800: Memory Usage (659692K) : metal4_label has 0 polygons
2026-09-08 12:56:09 +0800: Memory Usage (610772K) : metal1_dummy has 0 polygons
2026-09-08 12:56:09 +0800: Memory Usage (660084K) : metal4_label has 0 polygons
2026-09-08 12:56:09 +0800: Memory Usage (647596K) : metal5_blk has 0 polygons
2026-09-08 12:56:09 +0800: Memory Usage (626288K) : metal1_label has 0 polygons
2026-09-08 12:56:09 +0800: Memory Usage (659692K) : metal4_slot has 0 polygons
2026-09-08 12:56:09 +0800: Memory Usage (661332K) : metal5_blk has 0 polygons
2026-09-08 12:56:09 +0800: Memory Usage (610772K) : metal1_label has 0 polygons
2026-09-08 12:56:08 +0800: Memory Usage (601112K) : lvpwell has 68 polygons
2026-09-08 12:56:09 +0800: Memory Usage (660084K) : metal4_slot has 0 polygons
2026-09-08 12:56:09 +0800: Memory Usage (647596K) : pad has 0 polygons
2026-09-08 12:56:09 +0800: Memory Usage (626288K) : metal1_slot has 0 polygons
2026-09-08 12:56:09 +0800: Memory Usage (661332K) : pad has 0 polygons
2026-09-08 12:56:09 +0800: Memory Usage (610772K) : metal1_slot has 0 polygons
2026-09-08 12:56:09 +0800: Memory Usage (659692K) : metal4_blk has 0 polygons
2026-09-08 12:56:09 +0800: Memory Usage (647596K) : ubmpperi has 0 polygons
2026-09-08 12:56:09 +0800: Memory Usage (661332K) : ubmpperi has 0 polygons
2026-09-08 12:56:09 +0800: Memory Usage (660084K) : metal4_blk has 0 polygons
2026-09-08 12:56:09 +0800: Memory Usage (647596K) : ubmparray has 0 polygons
2026-09-08 12:56:09 +0800: Memory Usage (659692K) : via4 has 4611 polygons
2026-09-08 12:56:09 +0800: Memory Usage (661332K) : ubmparray has 0 polygons
2026-09-08 12:56:09 +0800: Memory Usage (647596K) : ubmeplate has 0 polygons
2026-09-08 12:56:09 +0800: Memory Usage (660084K) : via4 has 4611 polygons
2026-09-08 12:56:09 +0800: Memory Usage (659692K) : metal5_drawn has 269 polygons
2026-09-08 12:56:09 +0800: Memory Usage (661332K) : ubmeplate has 0 polygons
2026-09-08 12:56:09 +0800: Memory Usage (660084K) : metal5_drawn has 269 polygons
2026-09-08 12:56:09 +0800: Memory Usage (647596K) : metal1_res has 0 polygons
2026-09-08 12:56:09 +0800: Memory Usage (647596K) : metal2_res has 0 polygons
2026-09-08 12:56:09 +0800: Memory Usage (659692K) : metal5_dummy has 0 polygons
2026-09-08 12:56:09 +0800: Memory Usage (661332K) : metal1_res has 0 polygons
2026-09-08 12:56:09 +0800: Memory Usage (660084K) : metal5_dummy has 0 polygons
2026-09-08 12:56:09 +0800: Memory Usage (659692K) : metal5_label has 0 polygons
2026-09-08 12:56:09 +0800: Memory Usage (661332K) : metal2_res has 0 polygons
2026-09-08 12:56:09 +0800: Memory Usage (660084K) : metal5_label has 0 polygons
2026-09-08 12:56:09 +0800: Memory Usage (659692K) : metal5_slot has 0 polygons
2026-09-08 12:56:09 +0800: Memory Usage (647596K) : metal3_res has 0 polygons
2026-09-08 12:56:09 +0800: Memory Usage (661332K) : metal3_res has 0 polygons
2026-09-08 12:56:09 +0800: Memory Usage (660084K) : metal5_slot has 0 polygons
2026-09-08 12:56:09 +0800: Memory Usage (659692K) : metal5_blk has 0 polygons
2026-09-08 12:56:09 +0800: Memory Usage (647596K) : metal4_res has 0 polygons
2026-09-08 12:56:09 +0800: Memory Usage (605096K) : dualgate has 1 polygons
2026-09-08 12:56:09 +0800: Memory Usage (661332K) : metal4_res has 0 polygons
2026-09-08 12:56:09 +0800: Memory Usage (660084K) : metal5_blk has 0 polygons
2026-09-08 12:56:09 +0800: Memory Usage (659692K) : pad has 0 polygons
2026-09-08 12:56:09 +0800: Memory Usage (647596K) : metal5_res has 0 polygons
2026-09-08 12:56:09 +0800: Memory Usage (661332K) : metal5_res has 0 polygons
2026-09-08 12:56:09 +0800: Memory Usage (660084K) : pad has 0 polygons
2026-09-08 12:56:09 +0800: Memory Usage (659692K) : ubmpperi has 0 polygons
2026-09-08 12:56:09 +0800: Memory Usage (659692K) : ubmparray has 0 polygons
2026-09-08 12:56:09 +0800: Memory Usage (660084K) : ubmpperi has 0 polygons
2026-09-08 12:56:09 +0800: Memory Usage (659692K) : ubmeplate has 0 polygons
2026-09-08 12:56:09 +0800: Memory Usage (660084K) : ubmparray has 0 polygons
2026-09-08 12:56:09 +0800: Memory Usage (659692K) : metal1_res has 0 polygons
2026-09-08 12:56:09 +0800: Memory Usage (647596K) : metal6_res has 0 polygons
2026-09-08 12:56:09 +0800: Memory Usage (605296K) : poly2 has 24914 polygons
2026-09-08 12:56:09 +0800: Memory Usage (660084K) : ubmeplate has 0 polygons
2026-09-08 12:56:10 +0800: Memory Usage (647596K) : pr_bndry has 1 polygons
2026-09-08 12:56:09 +0800: Memory Usage (661332K) : metal6_res has 0 polygons
2026-09-08 12:56:10 +0800: Memory Usage (647596K) : border has 0 polygons
2026-09-08 12:56:09 +0800: Memory Usage (610772K) : metal1_blk has 0 polygons
2026-09-08 12:56:09 +0800: Memory Usage (626288K) : metal1_blk has 0 polygons
2026-09-08 12:56:10 +0800: Memory Usage (647596K) : Total no. of polygons in the design is 114250
2026-09-08 12:56:10 +0800: Memory Usage (659692K) : metal2_res has 0 polygons
2026-09-08 12:56:10 +0800: Memory Usage (660084K) : metal1_res has 0 polygons
2026-09-08 12:56:10 +0800: Memory Usage (661332K) : pr_bndry has 1 polygons
2026-09-08 12:56:10 +0800: Memory Usage (659692K) : metal3_res has 0 polygons
2026-09-08 12:56:10 +0800: Memory Usage (660084K) : metal2_res has 0 polygons
2026-09-08 12:56:10 +0800: Memory Usage (661332K) : border has 0 polygons
2026-09-08 12:56:10 +0800: Memory Usage (659692K) : metal4_res has 0 polygons
2026-09-08 12:56:10 +0800: Memory Usage (647400K) : metal2_drawn has 17514 polygons
2026-09-08 12:56:10 +0800: Memory Usage (659696K) : metal2_drawn has 17514 polygons
2026-09-08 12:56:10 +0800: Memory Usage (660084K) : metal3_res has 0 polygons
2026-09-08 12:56:10 +0800: Memory Usage (661332K) : Total no. of polygons in the design is 267335
2026-09-08 12:56:10 +0800: Memory Usage (659692K) : metal5_res has 0 polygons
2026-09-08 12:56:10 +0800: Memory Usage (608880K) : nplus has 68 polygons
2026-09-08 12:56:10 +0800: Memory Usage (647400K) : metal2_dummy has 0 polygons
2026-09-08 12:56:10 +0800: Memory Usage (659696K) : metal2_dummy has 0 polygons
2026-09-08 12:56:10 +0800: Memory Usage (660084K) : metal4_res has 0 polygons
2026-09-08 12:56:10 +0800: Memory Usage (608880K) : pplus has 2103 polygons
2026-09-08 12:56:10 +0800: Memory Usage (647400K) : metal2_label has 31 polygons
2026-09-08 12:56:10 +0800: Memory Usage (660084K) : metal5_res has 0 polygons
2026-09-08 12:56:10 +0800: Memory Usage (659696K) : metal2_label has 31 polygons
2026-09-08 12:56:10 +0800: Memory Usage (608880K) : sab has 0 polygons
2026-09-08 12:56:10 +0800: Memory Usage (647400K) : metal2_slot has 0 polygons
2026-09-08 12:56:10 +0800: Memory Usage (659696K) : metal2_slot has 0 polygons
2026-09-08 12:56:10 +0800: Memory Usage (608880K) : esd has 0 polygons
2026-09-08 12:56:10 +0800: Memory Usage (659692K) : metal6_res has 0 polygons
2026-09-08 12:56:10 +0800: Memory Usage (608880K) : resistor has 0 polygons
2026-09-08 12:56:10 +0800: Memory Usage (659692K) : pr_bndry has 1 polygons
2026-09-08 12:56:10 +0800: Memory Usage (660084K) : metal6_res has 0 polygons
2026-09-08 12:56:10 +0800: Memory Usage (659692K) : border has 0 polygons
2026-09-08 12:56:10 +0800: Memory Usage (659692K) : Total no. of polygons in the design is 221072
2026-09-08 12:56:06 +0800: Memory Usage (647484K) : Starting deriving base layers.
2026-09-08 12:56:10 +0800: Memory Usage (608880K) : fhres has 0 polygons
2026-09-08 12:56:10 +0800: Memory Usage (647400K) : metal2_blk has 0 polygons
2026-09-08 12:56:10 +0800: Memory Usage (659696K) : metal2_blk has 0 polygons
2026-09-08 12:56:10 +0800: Memory Usage (665084K) : Total area of the design is 302500.0 um^2.
2026-09-08 12:56:10 +0800: Memory Usage (660084K) : pr_bndry has 1 polygons
2026-09-08 12:56:10 +0800: Memory Usage (608880K) : fusetop has 0 polygons
2026-09-08 12:56:10 +0800: Memory Usage (660084K) : border has 0 polygons
2026-09-08 12:56:10 +0800: Memory Usage (608880K) : fusewindow_d has 0 polygons
2026-09-08 12:56:10 +0800: Memory Usage (665084K) : Starting GF180MCU DRC rules.
2026-09-08 12:56:10 +0800: Memory Usage (660084K) : Total no. of polygons in the design is 221072
2026-09-08 12:56:10 +0800: Memory Usage (647400K) : metal3_drawn has 9853 polygons
2026-09-08 12:56:10 +0800: Memory Usage (608880K) : polyfuse has 0 polygons
2026-09-08 12:56:10 +0800: Memory Usage (659696K) : metal3_drawn has 9853 polygons
2026-09-08 12:56:10 +0800: Memory Usage (665084K) : Running all FEOL rules
2026-09-08 12:56:10 +0800: Memory Usage (571364K) : Starting running GF180MCU Klayout DRC runset on /workspace/iris_c3a247b9-0025-43e1-bae8-42a940fa0b63/Chip-Orchestra-review-latest/output/nanocgra_lite_3x3_opt/gds/nanocgra_lite_3x3_opt.gds
2026-09-08 12:56:10 +0800: Memory Usage (608880K) : mvsd has 0 polygons
2026-09-08 12:56:10 +0800: Memory Usage (665084K) : Running all BEOL rules
2026-09-08 12:56:10 +0800: Memory Usage (659696K) : metal3_dummy has 0 polygons
2026-09-08 12:56:10 +0800: Memory Usage (647400K) : metal3_dummy has 0 polygons
2026-09-08 12:56:11 +0800: Memory Usage (608880K) : mvpsd has 0 polygons
2026-09-08 12:56:11 +0800: Memory Usage (665084K) : Starting YMTP_MK derivations
2026-09-08 12:56:11 +0800: Memory Usage (647400K) : metal3_label has 0 polygons
2026-09-08 12:56:11 +0800: Memory Usage (659696K) : metal3_label has 0 polygons
2026-09-08 12:56:11 +0800: Memory Usage (608880K) : nat has 0 polygons
2026-09-08 12:56:11 +0800: Memory Usage (647400K) : metal3_slot has 0 polygons
2026-09-08 12:56:11 +0800: Memory Usage (659696K) : metal3_slot has 0 polygons
2026-09-08 12:56:11 +0800: Memory Usage (608880K) : comp_dummy has 0 polygons
2026-09-08 12:56:11 +0800: Memory Usage (608880K) : poly2_dummy has 0 polygons
2026-09-08 12:56:11 +0800: Memory Usage (665084K) : Executing rule Y.NW.2b_LV
2026-09-08 12:56:11 +0800: Memory Usage (647400K) : metal3_blk has 0 polygons
2026-09-08 12:56:11 +0800: Memory Usage (659696K) : metal3_blk has 0 polygons
2026-09-08 12:56:11 +0800: Memory Usage (665084K) : Executing rule Y.NW.2b_MV
2026-09-08 12:56:11 +0800: Memory Usage (571364K) : Ruby Version for klayout: 3.1.2
2026-09-08 12:56:11 +0800: Memory Usage (608880K) : schottky_diode has 0 polygons
2026-09-08 12:56:11 +0800: Memory Usage (593984K) : Loading database to memory is complete.
2026-09-08 12:56:11 +0800: Memory Usage (665084K) : Executing rule Y.DF.6_MV
2026-09-08 12:56:11 +0800: Memory Usage (593984K) : GF180MCU Klayout DRC runset output at: /workspace/iris_c3a247b9-0025-43e1-bae8-42a940fa0b63/Chip-Orchestra-review-latest/output/nanocgra_lite_3x3_opt/reports/signoff/foundry_drc_full/nanocgra_lite_3x3_opt_efuse.lyrdb
2026-09-08 12:56:11 +0800: Memory Usage (608880K) : zener has 0 polygons
2026-09-08 12:56:11 +0800: Memory Usage (665084K) : Executing rule Y.DF.16_LV
2026-09-08 12:56:11 +0800: Memory Usage (593984K) : Evaluate switches.
2026-09-08 12:56:11 +0800: Memory Usage (647400K) : via3 has 8264 polygons
2026-09-08 12:56:11 +0800: Memory Usage (659696K) : via3 has 8264 polygons
2026-09-08 12:56:11 +0800: Memory Usage (608880K) : res_mk has 0 polygons
2026-09-08 12:56:11 +0800: Memory Usage (593984K) : table_name selected  efuse
2026-09-08 12:56:11 +0800: Memory Usage (665084K) : Executing rule Y.DF.16_MV
2026-09-08 12:56:11 +0800: Memory Usage (593984K) : CONNECTIVITY_RULES enabled: false
2026-09-08 12:56:11 +0800: Memory Usage (647400K) : metal4_drawn has 1492 polygons
2026-09-08 12:56:11 +0800: Memory Usage (665084K) : Executing rule Y.PL.1_LV
2026-09-08 12:56:11 +0800: Memory Usage (594000K) : Wedge enabled: false
2026-09-08 12:56:11 +0800: Memory Usage (659696K) : metal4_drawn has 1492 polygons
2026-09-08 12:56:11 +0800: Memory Usage (647400K) : metal4_dummy has 0 polygons
2026-09-08 12:56:07 +0800: Memory Usage (647296K) : Starting deriving base layers.
2026-09-08 12:56:11 +0800: Memory Usage (594000K) : Ball enabled: false
2026-09-08 12:56:11 +0800: Memory Usage (665084K) : Executing rule Y.PL.1_MV
2026-09-08 12:56:11 +0800: Memory Usage (659696K) : metal4_dummy has 0 polygons
2026-09-08 12:56:11 +0800: Memory Usage (608880K) : opc_drc has 0 polygons
2026-09-08 12:56:07 +0800: Memory Usage (646900K) : Starting deriving base layers.
2026-09-08 12:56:11 +0800: Memory Usage (647400K) : metal4_label has 0 polygons
2026-09-08 12:56:11 +0800: Memory Usage (665028K) : Total area of the design is 302500.0 um^2.
2026-09-08 12:56:11 +0800: Memory Usage (594000K) : Gold enabled: false
2026-09-08 12:56:11 +0800: Memory Usage (608880K) : v5_xtor has 1 polygons
2026-09-08 12:56:11 +0800: Memory Usage (659696K) : metal4_label has 0 polygons
2026-09-08 12:56:11 +0800: Memory Usage (665012K) : Total area of the design is 302500.0 um^2.
2026-09-08 12:56:11 +0800: Memory Usage (647400K) : metal4_slot has 0 polygons
2026-09-08 12:56:11 +0800: Memory Usage (594000K) : MIM Option selected: B
2026-09-08 12:56:11 +0800: Memory Usage (665028K) : Starting GF180MCU DRC rules.
2026-09-08 12:56:11 +0800: Memory Usage (608880K) : cap_mk has 0 polygons
2026-09-08 12:56:11 +0800: Memory Usage (659696K) : metal4_slot has 0 polygons
2026-09-08 12:56:11 +0800: Memory Usage (665012K) : Starting GF180MCU DRC rules.
2026-09-08 12:56:11 +0800: Memory Usage (594000K) : Offgrid enabled:  true
2026-09-08 12:56:11 +0800: Memory Usage (665084K) : Executing rule Y.PL.2_LV
2026-09-08 12:56:11 +0800: Memory Usage (665028K) : Running all FEOL rules
2026-09-08 12:56:11 +0800: Memory Usage (647400K) : metal4_blk has 0 polygons
2026-09-08 12:56:11 +0800: Memory Usage (594000K) : Number of threads to use 2
2026-09-08 12:56:11 +0800: Memory Usage (665012K) : Running all FEOL rules
2026-09-08 12:56:11 +0800: Memory Usage (665028K) : Running all BEOL rules
2026-09-08 12:56:11 +0800: Memory Usage (659696K) : metal4_blk has 0 polygons
2026-09-08 12:56:11 +0800: Memory Usage (594000K) : Verbose mode: false
2026-09-08 12:56:11 +0800: Memory Usage (608880K) : mos_cap_mk has 0 polygons
2026-09-08 12:56:11 +0800: Memory Usage (647400K) : via4 has 4611 polygons
2026-09-08 12:56:11 +0800: Memory Usage (665084K) : Executing rule Y.PL.2_MV
2026-09-08 12:56:11 +0800: Memory Usage (665012K) : Running all BEOL rules
2026-09-08 12:56:11 +0800: Memory Usage (594000K) : flat  mode is enabled for efuse table
2026-09-08 12:56:12 +0800: Memory Usage (647400K) : metal5_drawn has 269 polygons
2026-09-08 12:56:11 +0800: Memory Usage (659696K) : via4 has 4611 polygons
2026-09-08 12:56:12 +0800: Memory Usage (608880K) : ind_mk has 0 polygons
2026-09-08 12:56:12 +0800: Memory Usage (668128K) : Executing rule Y.PL.4_MV
2026-09-08 12:56:12 +0800: Memory Usage (594000K) : METAL_TOP Selected is 9K
2026-09-08 12:56:12 +0800: Memory Usage (665012K) : Executing rule LVS_BJT.1
2026-09-08 12:56:12 +0800: Memory Usage (659696K) : metal5_drawn has 269 polygons
2026-09-08 12:56:12 +0800: Memory Usage (647400K) : metal5_dummy has 0 polygons
2026-09-08 12:56:12 +0800: Memory Usage (608880K) : diode_mk has 0 polygons
2026-09-08 12:56:12 +0800: Memory Usage (594000K) : METAL_STACK Selected is 5LM
2026-09-08 12:56:11 +0800: Memory Usage (665028K) : Executing rule M4.1
2026-09-08 12:56:12 +0800: Memory Usage (668128K) : Executing rule Y.PL.5a_LV
2026-09-08 12:56:12 +0800: Memory Usage (594000K) : FEOL enabled: true
2026-09-08 12:56:12 +0800: Memory Usage (608880K) : drc_bjt has 0 polygons
2026-09-08 12:56:12 +0800: Memory Usage (594000K) : BEOL enabled: true
2026-09-08 12:56:12 +0800: Memory Usage (665028K) : Executing rule M4.2a
2026-09-08 12:56:12 +0800: Memory Usage (668128K) : Executing rule Y.PL.5a_MV
2026-09-08 12:56:12 +0800: Memory Usage (647400K) : metal5_label has 0 polygons
2026-09-08 12:56:12 +0800: Memory Usage (608880K) : lvs_bjt has 0 polygons
2026-09-08 12:56:12 +0800: Memory Usage (594000K) : SLOW_VIA enabled: false
2026-09-08 12:56:12 +0800: Memory Usage (668128K) : Executing rule Y.PL.5b_LV
2026-09-08 12:56:12 +0800: Memory Usage (659696K) : metal5_dummy has 0 polygons
2026-09-08 12:56:12 +0800: Memory Usage (647400K) : metal5_slot has 0 polygons
2026-09-08 12:56:12 +0800: Memory Usage (608880K) : mim_l_mk has 0 polygons
2026-09-08 12:56:12 +0800: Memory Usage (659696K) : metal5_label has 0 polygons
2026-09-08 12:56:12 +0800: Memory Usage (665028K) : Executing rule M4.2b
2026-09-08 12:56:12 +0800: Memory Usage (647400K) : metal5_blk has 0 polygons
2026-09-08 12:56:12 +0800: Memory Usage (668128K) : Executing rule Y.PL.5b_MV
2026-09-08 12:56:12 +0800: Memory Usage (608880K) : latchup_mk has 0 polygons
2026-09-08 12:56:12 +0800: Memory Usage (647400K) : pad has 0 polygons
2026-09-08 12:56:12 +0800: Memory Usage (659696K) : metal5_slot has 0 polygons
2026-09-08 12:56:12 +0800: Memory Usage (665028K) : Executing rule M4.3
2026-09-08 12:56:12 +0800: Memory Usage (608880K) : guard_ring_mk has 0 polygons
2026-09-08 12:56:12 +0800: Memory Usage (647400K) : ubmpperi has 0 polygons
2026-09-08 12:56:12 +0800: Memory Usage (659696K) : metal5_blk has 0 polygons
2026-09-08 12:56:12 +0800: Memory Usage (665012K) : lvs_bjt DRC Total Run time 18.211596201 seconds
2026-09-08 12:56:12 +0800: Memory Usage (608880K) : otp_mk has 0 polygons
2026-09-08 12:56:12 +0800: Memory Usage (647400K) : ubmparray has 0 polygons
2026-09-08 12:56:12 +0800: Memory Usage (659696K) : pad has 0 polygons
2026-09-08 12:56:12 +0800: Memory Usage (647400K) : ubmeplate has 0 polygons
2026-09-08 12:56:12 +0800: Memory Usage (608880K) : mtpmark has 0 polygons
2026-09-08 12:56:12 +0800: Memory Usage (659696K) : ubmpperi has 0 polygons
2026-09-08 12:56:12 +0800: Memory Usage (647400K) : metal1_res has 0 polygons
2026-09-08 12:56:12 +0800: Memory Usage (608880K) : neo_ee_mk has 0 polygons
2026-09-08 12:56:12 +0800: Memory Usage (647400K) : metal2_res has 0 polygons
2026-09-08 12:56:12 +0800: Memory Usage (594000K) : Read in polygons from layers.
2026-09-08 12:56:12 +0800: Memory Usage (659696K) : ubmparray has 0 polygons
2026-09-08 12:56:12 +0800: Memory Usage (608880K) : sramcore has 0 polygons
2026-09-08 12:56:12 +0800: Memory Usage (596264K) : comp has 17798 polygons
2026-09-08 12:56:12 +0800: Memory Usage (659696K) : ubmeplate has 0 polygons
2026-09-08 12:56:12 +0800: Memory Usage (608880K) : lvs_rf has 0 polygons
2026-09-08 12:56:12 +0800: Memory Usage (647400K) : metal3_res has 0 polygons
2026-09-08 12:56:12 +0800: Memory Usage (608880K) : lvs_drain has 0 polygons
2026-09-08 12:56:12 +0800: Memory Usage (659696K) : metal1_res has 0 polygons
2026-09-08 12:56:12 +0800: Memory Usage (647400K) : metal4_res has 0 polygons
2026-09-08 12:56:12 +0800: Memory Usage (608880K) : ind_mk has 0 polygons
2026-09-08 12:56:12 +0800: Memory Usage (668128K) : ymtp_mk DRC Total Run time 20.205235417 seconds
08-Sep-2026 12:56:12 | INFO    | Running Global Foundries 180nm MCU /workspace/iris_c3a247b9-0025-43e1-bae8-42a940fa0b63/Chip-Orchestra-review-latest/output/nanocgra_lite_3x3_opt/gds/nanocgra_lite_3x3_opt.gds checks on design mim_a on cell NanoCGRA_Lite:
2026-09-08 12:56:12 +0800: Memory Usage (659696K) : metal2_res has 0 polygons
2026-09-08 12:56:08 +0800: Memory Usage (649956K) : Starting deriving base layers.
2026-09-08 12:56:12 +0800: Memory Usage (647400K) : metal5_res has 0 polygons
2026-09-08 12:56:12 +0800: Memory Usage (608880K) : hvpolyrs has 0 polygons
2026-09-08 12:56:12 +0800: Memory Usage (659696K) : metal3_res has 0 polygons
2026-09-08 12:56:12 +0800: Memory Usage (670548K) : Total area of the design is 302500.0 um^2.
2026-09-08 12:56:12 +0800: Memory Usage (608880K) : lvs_io has 0 polygons
2026-09-08 12:56:12 +0800: Memory Usage (665028K) : metal4 DRC Total Run time 18.499803173 seconds
2026-09-08 12:56:12 +0800: Memory Usage (596264K) : dnwell has 0 polygons
2026-09-08 12:56:13 +0800: Memory Usage (670548K) : Starting GF180MCU DRC rules.
2026-09-08 12:56:13 +0800: Memory Usage (659696K) : metal4_res has 0 polygons
2026-09-08 12:56:13 +0800: Memory Usage (608880K) : probe_mk has 0 polygons
2026-09-08 12:56:13 +0800: Memory Usage (670548K) : Running all FEOL rules
2026-09-08 12:56:13 +0800: Memory Usage (659696K) : metal5_res has 0 polygons
2026-09-08 12:56:12 +0800: Memory Usage (647400K) : metal6_res has 0 polygons
2026-09-08 12:56:13 +0800: Memory Usage (670548K) : Running all BEOL rules
2026-09-08 12:56:13 +0800: Memory Usage (608880K) : esd_mk has 0 polygons
2026-09-08 12:56:13 +0800: Memory Usage (647400K) : pr_bndry has 1 polygons
2026-09-08 12:56:13 +0800: Memory Usage (608880K) : lvs_source has 0 polygons
2026-09-08 12:56:13 +0800: Memory Usage (670548K) : MIM Capacitor Option B section
2026-09-08 12:56:13 +0800: Memory Usage (647400K) : border has 0 polygons
2026-09-08 12:56:13 +0800: Memory Usage (608880K) : well_diode_mk has 0 polygons
2026-09-08 12:56:13 +0800: Memory Usage (647400K) : Total no. of polygons in the design is 114250
2026-09-08 12:56:13 +0800: Memory Usage (659696K) : metal6_res has 0 polygons
2026-09-08 12:56:13 +0800: Memory Usage (608880K) : ldmos_xtor has 0 polygons
2026-09-08 12:56:13 +0800: Memory Usage (601060K) : nwell has 67 polygons
2026-09-08 12:56:13 +0800: Memory Usage (608880K) : plfuse has 0 polygons
2026-09-08 12:56:13 +0800: Memory Usage (670548K) : Executing rule MIMTM.1
2026-09-08 12:56:13 +0800: Memory Usage (608880K) : efuse_mk has 0 polygons
2026-09-08 12:56:13 +0800: Memory Usage (659696K) : pr_bndry has 1 polygons
2026-09-08 12:56:13 +0800: Memory Usage (670548K) : Executing rule MIMTM.2
2026-09-08 12:56:13 +0800: Memory Usage (608880K) : mcell_feol_mk has 0 polygons
2026-09-08 12:56:13 +0800: Memory Usage (659696K) : border has 0 polygons
08-Sep-2026 12:56:13 | INFO    | Running Global Foundries 180nm MCU /workspace/iris_c3a247b9-0025-43e1-bae8-42a940fa0b63/Chip-Orchestra-review-latest/output/nanocgra_lite_3x3_opt/gds/nanocgra_lite_3x3_opt.gds checks on design ldnmos on cell NanoCGRA_Lite:
2026-09-08 12:56:13 +0800: Memory Usage (670548K) : Executing rule MIMTM.3
2026-09-08 12:56:13 +0800: Memory Usage (608880K) : ymtp_mk has 0 polygons
2026-09-08 12:56:13 +0800: Memory Usage (659696K) : Total no. of polygons in the design is 221072
2026-09-08 12:56:13 +0800: Memory Usage (670548K) : Executing rule MIMTM.4
2026-09-08 12:56:13 +0800: Memory Usage (601200K) : lvpwell has 68 polygons
2026-09-08 12:56:13 +0800: Memory Usage (608880K) : dev_wf_mk has 0 polygons
2026-09-08 12:56:13 +0800: Memory Usage (670548K) : Executing rule MIMTM.5
08-Sep-2026 12:56:13 | INFO    | Running Global Foundries 180nm MCU /workspace/iris_c3a247b9-0025-43e1-bae8-42a940fa0b63/Chip-Orchestra-review-latest/output/nanocgra_lite_3x3_opt/gds/nanocgra_lite_3x3_opt.gds checks on design via3_split on cell NanoCGRA_Lite:
2026-09-08 12:56:13 +0800: Memory Usage (608880K) : comp_label has 0 polygons
2026-09-08 12:56:13 +0800: Memory Usage (670548K) : Executing rule MIMTM.6
2026-09-08 12:56:13 +0800: Memory Usage (608880K) : poly2_label has 0 polygons
2026-09-08 12:56:13 +0800: Memory Usage (670548K) : Executing rule MIMTM.7
2026-09-08 12:56:13 +0800: Memory Usage (608880K) : mdiode has 0 polygons
2026-09-08 12:56:13 +0800: Memory Usage (608880K) : ndmy has 0 polygons
2026-09-08 12:56:13 +0800: Memory Usage (670548K) : Executing rule MIMTM.8a
2026-09-08 12:56:14 +0800: Memory Usage (670548K) : Executing rule MIMTM.8b
2026-09-08 12:56:14 +0800: Memory Usage (670548K) : Executing rule MIMTM.9
2026-09-08 12:56:13 +0800: Memory Usage (605184K) : dualgate has 1 polygons
2026-09-08 12:56:14 +0800: Memory Usage (670548K) : Executing rule MIMTM.10
2026-09-08 12:56:14 +0800: Memory Usage (670548K) : Executing rule MIMTM.11
2026-09-08 12:56:14 +0800: Memory Usage (605384K) : poly2 has 24914 polygons
2026-09-08 12:56:14 +0800: Memory Usage (608968K) : nplus has 68 polygons
2026-09-08 12:56:10 +0800: Memory Usage (647596K) : Starting deriving base layers.
2026-09-08 12:56:14 +0800: Memory Usage (608968K) : pplus has 2103 polygons
2026-09-08 12:56:14 +0800: Memory Usage (664812K) : Total area of the design is 302500.0 um^2.
2026-09-08 12:56:14 +0800: Memory Usage (670548K) : mim_b DRC Total Run time 19.789577399 seconds
2026-09-08 12:56:14 +0800: Memory Usage (608968K) : sab has 0 polygons
2026-09-08 12:56:14 +0800: Memory Usage (664812K) : Starting GF180MCU DRC rules.
2026-09-08 12:56:10 +0800: Memory Usage (661332K) : Starting deriving base layers.
2026-09-08 12:56:14 +0800: Memory Usage (608968K) : esd has 0 polygons
2026-09-08 12:56:14 +0800: Memory Usage (664812K) : Running all FEOL rules
2026-09-08 12:56:15 +0800: Memory Usage (608968K) : resistor has 0 polygons
2026-09-08 12:56:15 +0800: Memory Usage (664812K) : Running all BEOL rules
2026-09-08 12:56:15 +0800: Memory Usage (608968K) : fhres has 0 polygons
2026-09-08 12:56:10 +0800: Memory Usage (659692K) : Starting deriving base layers.
2026-09-08 12:56:15 +0800: Memory Usage (608968K) : fusetop has 0 polygons
2026-09-08 12:56:15 +0800: Memory Usage (676588K) : Total area of the design is 302500.0 um^2.
2026-09-08 12:56:15 +0800: Memory Usage (608968K) : fusewindow_d has 0 polygons
2026-09-08 12:56:15 +0800: Memory Usage (664812K) : Starting PPLUS derivations
2026-09-08 12:56:15 +0800: Memory Usage (676588K) : Starting GF180MCU DRC rules.
2026-09-08 12:56:15 +0800: Memory Usage (608968K) : polyfuse has 0 polygons
2026-09-08 12:56:15 +0800: Memory Usage (664812K) : Executing rule PP.1
2026-09-08 12:56:15 +0800: Memory Usage (676588K) : Running all FEOL rules
2026-09-08 12:56:15 +0800: Memory Usage (608968K) : mvsd has 0 polygons
2026-09-08 12:56:13 +0800: Memory Usage (608880K) : pmndmy has 0 polygons
2026-09-08 12:56:15 +0800: Memory Usage (676588K) : Running all BEOL rules
2026-09-08 12:56:15 +0800: Memory Usage (664812K) : Executing rule PP.2
2026-09-08 12:56:15 +0800: Memory Usage (608968K) : mvpsd has 0 polygons
2026-09-08 12:56:15 +0800: Memory Usage (571456K) : Starting running GF180MCU Klayout DRC runset on /workspace/iris_c3a247b9-0025-43e1-bae8-42a940fa0b63/Chip-Orchestra-review-latest/output/nanocgra_lite_3x3_opt/gds/nanocgra_lite_3x3_opt.gds
2026-09-08 12:56:15 +0800: Memory Usage (610544K) : metal1_drawn has 27195 polygons
2026-09-08 12:56:15 +0800: Memory Usage (608968K) : nat has 0 polygons
08-Sep-2026 12:56:15 | INFO    | Running Global Foundries 180nm MCU /workspace/iris_c3a247b9-0025-43e1-bae8-42a940fa0b63/Chip-Orchestra-review-latest/output/nanocgra_lite_3x3_opt/gds/nanocgra_lite_3x3_opt.gds checks on design via5 on cell NanoCGRA_Lite:
2026-09-08 12:56:15 +0800: Memory Usage (608968K) : comp_dummy has 0 polygons
2026-09-08 12:56:15 +0800: Memory Usage (610544K) : metal1_dummy has 0 polygons
2026-09-08 12:56:15 +0800: Memory Usage (610544K) : metal1_label has 0 polygons
2026-09-08 12:56:10 +0800: Memory Usage (660084K) : Starting deriving base layers.
2026-09-08 12:56:15 +0800: Memory Usage (610544K) : metal1_slot has 0 polygons
2026-09-08 12:56:15 +0800: Memory Usage (664812K) : Executing rule PP.3a
2026-09-08 12:56:15 +0800: Memory Usage (608968K) : poly2_dummy has 0 polygons
2026-09-08 12:56:15 +0800: Memory Usage (664812K) : Executing rule PP.3bi
2026-09-08 12:56:15 +0800: Memory Usage (608968K) : schottky_diode has 0 polygons
2026-09-08 12:56:15 +0800: Memory Usage (571456K) : Ruby Version for klayout: 3.1.2
2026-09-08 12:56:15 +0800: Memory Usage (608968K) : zener has 0 polygons
2026-09-08 12:56:15 +0800: Memory Usage (664812K) : Executing rule PP.3bii
2026-09-08 12:56:15 +0800: Memory Usage (594228K) : Loading database to memory is complete.
2026-09-08 12:56:15 +0800: Memory Usage (608968K) : res_mk has 0 polygons
2026-09-08 12:56:16 +0800: Memory Usage (594228K) : GF180MCU Klayout DRC runset output at: /workspace/iris_c3a247b9-0025-43e1-bae8-42a940fa0b63/Chip-Orchestra-review-latest/output/nanocgra_lite_3x3_opt/reports/signoff/foundry_drc_full/nanocgra_lite_3x3_opt_mim_a.lyrdb
2026-09-08 12:56:16 +0800: Memory Usage (594228K) : Evaluate switches.
2026-09-08 12:56:15 +0800: Memory Usage (664812K) : Executing rule PP.3ci
2026-09-08 12:56:16 +0800: Memory Usage (594228K) : table_name selected  mim_a
2026-09-08 12:56:16 +0800: Memory Usage (594228K) : CONNECTIVITY_RULES enabled: false
2026-09-08 12:56:16 +0800: Memory Usage (608968K) : opc_drc has 0 polygons
2026-09-08 12:56:16 +0800: Memory Usage (594228K) : Wedge enabled: false
2026-09-08 12:56:16 +0800: Memory Usage (608968K) : v5_xtor has 1 polygons
2026-09-08 12:56:15 +0800: Memory Usage (682368K) : Construct connectivity for the design.
2026-09-08 12:56:16 +0800: Memory Usage (594244K) : Ball enabled: false
2026-09-08 12:56:16 +0800: Memory Usage (594244K) : Gold enabled: false
2026-09-08 12:56:16 +0800: Memory Usage (572748K) : Starting running GF180MCU Klayout DRC runset on /workspace/iris_c3a247b9-0025-43e1-bae8-42a940fa0b63/Chip-Orchestra-review-latest/output/nanocgra_lite_3x3_opt/gds/nanocgra_lite_3x3_opt.gds
2026-09-08 12:56:16 +0800: Memory Usage (664812K) : Executing rule PP.3cii
2026-09-08 12:56:16 +0800: Memory Usage (594244K) : MIM Option selected: B
2026-09-08 12:56:16 +0800: Memory Usage (608968K) : cap_mk has 0 polygons
2026-09-08 12:56:16 +0800: Memory Usage (594244K) : Offgrid enabled:  true
2026-09-08 12:56:16 +0800: Memory Usage (608968K) : mos_cap_mk has 0 polygons
2026-09-08 12:56:16 +0800: Memory Usage (594244K) : Number of threads to use 2
2026-09-08 12:56:16 +0800: Memory Usage (608968K) : ind_mk has 0 polygons
2026-09-08 12:56:16 +0800: Memory Usage (664812K) : Executing rule PP.3d
2026-09-08 12:56:16 +0800: Memory Usage (594244K) : Verbose mode: false
2026-09-08 12:56:16 +0800: Memory Usage (571172K) : Starting running GF180MCU Klayout DRC runset on /workspace/iris_c3a247b9-0025-43e1-bae8-42a940fa0b63/Chip-Orchestra-review-latest/output/nanocgra_lite_3x3_opt/gds/nanocgra_lite_3x3_opt.gds
2026-09-08 12:56:16 +0800: Memory Usage (594244K) : flat  mode is enabled for mim_a table
2026-09-08 12:56:16 +0800: Memory Usage (608968K) : diode_mk has 0 polygons
2026-09-08 12:56:16 +0800: Memory Usage (594244K) : METAL_TOP Selected is 9K
2026-09-08 12:56:16 +0800: Memory Usage (664812K) : Executing rule PP.3e
2026-09-08 12:56:16 +0800: Memory Usage (608968K) : drc_bjt has 0 polygons
2026-09-08 12:56:15 +0800: Memory Usage (676588K) : Starting HRES derivations
2026-09-08 12:56:16 +0800: Memory Usage (594244K) : METAL_STACK Selected is 5LM
2026-09-08 12:56:16 +0800: Memory Usage (572748K) : Ruby Version for klayout: 3.1.2
2026-09-08 12:56:16 +0800: Memory Usage (608968K) : lvs_bjt has 0 polygons
2026-09-08 12:56:16 +0800: Memory Usage (594244K) : FEOL enabled: true
2026-09-08 12:56:16 +0800: Memory Usage (595248K) : Loading database to memory is complete.
2026-09-08 12:56:15 +0800: Memory Usage (610544K) : metal1_blk has 0 polygons
2026-09-08 12:56:16 +0800: Memory Usage (692188K) : Executing rule HRES.1
2026-09-08 12:56:16 +0800: Memory Usage (594244K) : BEOL enabled: true
2026-09-08 12:56:16 +0800: Memory Usage (608968K) : mim_l_mk has 0 polygons
2026-09-08 12:56:16 +0800: Memory Usage (595248K) : GF180MCU Klayout DRC runset output at: /workspace/iris_c3a247b9-0025-43e1-bae8-42a940fa0b63/Chip-Orchestra-review-latest/output/nanocgra_lite_3x3_opt/reports/signoff/foundry_drc_full/nanocgra_lite_3x3_opt_ldnmos.lyrdb
2026-09-08 12:56:15 +0800: Memory Usage (678200K) : Construct connectivity for the design.
2026-09-08 12:56:16 +0800: Memory Usage (594244K) : SLOW_VIA enabled: false
2026-09-08 12:56:16 +0800: Memory Usage (595248K) : Evaluate switches.
2026-09-08 12:56:16 +0800: Memory Usage (692188K) : Executing rule HRES.2
2026-09-08 12:56:16 +0800: Memory Usage (608968K) : latchup_mk has 0 polygons
2026-09-08 12:56:16 +0800: Memory Usage (595248K) : table_name selected  ldnmos
2026-09-08 12:56:16 +0800: Memory Usage (647168K) : metal2_drawn has 17514 polygons
2026-09-08 12:56:16 +0800: Memory Usage (692188K) : Executing rule HRES.3
2026-09-08 12:56:16 +0800: Memory Usage (595248K) : CONNECTIVITY_RULES enabled: true
2026-09-08 12:56:16 +0800: Memory Usage (571172K) : Ruby Version for klayout: 3.1.2
2026-09-08 12:56:16 +0800: Memory Usage (595248K) : Wedge enabled: false
2026-09-08 12:56:16 +0800: Memory Usage (608968K) : guard_ring_mk has 0 polygons
2026-09-08 12:56:16 +0800: Memory Usage (692188K) : Executing rule HRES.4
2026-09-08 12:56:16 +0800: Memory Usage (647168K) : metal2_dummy has 0 polygons
2026-09-08 12:56:17 +0800: Memory Usage (593936K) : Loading database to memory is complete.
2026-09-08 12:56:17 +0800: Memory Usage (608968K) : otp_mk has 0 polygons
2026-09-08 12:56:17 +0800: Memory Usage (595248K) : Ball enabled: false
2026-09-08 12:56:17 +0800: Memory Usage (647168K) : metal2_label has 31 polygons
2026-09-08 12:56:17 +0800: Memory Usage (692188K) : Executing rule HRES.5
2026-09-08 12:56:17 +0800: Memory Usage (593936K) : GF180MCU Klayout DRC runset output at: /workspace/iris_c3a247b9-0025-43e1-bae8-42a940fa0b63/Chip-Orchestra-review-latest/output/nanocgra_lite_3x3_opt/reports/signoff/foundry_drc_full/nanocgra_lite_3x3_opt_via3_split.lyrdb
2026-09-08 12:56:17 +0800: Memory Usage (608968K) : mtpmark has 0 polygons
2026-09-08 12:56:17 +0800: Memory Usage (647168K) : metal2_slot has 0 polygons
2026-09-08 12:56:17 +0800: Memory Usage (595264K) : Gold enabled: false
2026-09-08 12:56:17 +0800: Memory Usage (692188K) : Executing rule HRES.6
2026-09-08 12:56:17 +0800: Memory Usage (593952K) : Evaluate switches.
2026-09-08 12:56:17 +0800: Memory Usage (608968K) : neo_ee_mk has 0 polygons
2026-09-08 12:56:17 +0800: Memory Usage (593952K) : table_name selected  via3_split
2026-09-08 12:56:17 +0800: Memory Usage (595264K) : MIM Option selected: B
2026-09-08 12:56:16 +0800: Memory Usage (594244K) : Read in polygons from layers.
2026-09-08 12:56:17 +0800: Memory Usage (608968K) : sramcore has 0 polygons
2026-09-08 12:56:17 +0800: Memory Usage (692188K) : Executing rule HRES.7
2026-09-08 12:56:17 +0800: Memory Usage (595264K) : Offgrid enabled:  true
2026-09-08 12:56:17 +0800: Memory Usage (596512K) : comp has 17798 polygons
2026-09-08 12:56:17 +0800: Memory Usage (593952K) : CONNECTIVITY_RULES enabled: false
2026-09-08 12:56:17 +0800: Memory Usage (608968K) : lvs_rf has 0 polygons
2026-09-08 12:56:17 +0800: Memory Usage (593952K) : Wedge enabled: false
2026-09-08 12:56:17 +0800: Memory Usage (595264K) : Number of threads to use 2
2026-09-08 12:56:17 +0800: Memory Usage (608968K) : lvs_drain has 0 polygons
2026-09-08 12:56:17 +0800: Memory Usage (593952K) : Ball enabled: false
2026-09-08 12:56:17 +0800: Memory Usage (595264K) : Verbose mode: false
2026-09-08 12:56:17 +0800: Memory Usage (608968K) : ind_mk has 0 polygons
2026-09-08 12:56:16 +0800: Memory Usage (664812K) : Executing rule PP.4a
2026-09-08 12:56:17 +0800: Memory Usage (593952K) : Gold enabled: false
2026-09-08 12:56:17 +0800: Memory Usage (647168K) : metal2_blk has 0 polygons
2026-09-08 12:56:17 +0800: Memory Usage (692188K) : Executing rule HRES.8
2026-09-08 12:56:17 +0800: Memory Usage (595264K) : flat  mode is enabled for ldnmos table
2026-09-08 12:56:17 +0800: Memory Usage (608968K) : hvpolyrs has 0 polygons
2026-09-08 12:56:17 +0800: Memory Usage (593952K) : MIM Option selected: B
2026-09-08 12:56:17 +0800: Memory Usage (608968K) : lvs_io has 0 polygons
2026-09-08 12:56:17 +0800: Memory Usage (593952K) : Offgrid enabled:  true
2026-09-08 12:56:17 +0800: Memory Usage (595264K) : METAL_TOP Selected is 9K
2026-09-08 12:56:17 +0800: Memory Usage (692188K) : Executing rule HRES.9
2026-09-08 12:56:17 +0800: Memory Usage (593952K) : Number of threads to use 2
2026-09-08 12:56:17 +0800: Memory Usage (596512K) : dnwell has 0 polygons
2026-09-08 12:56:17 +0800: Memory Usage (647168K) : metal3_drawn has 9853 polygons
2026-09-08 12:56:17 +0800: Memory Usage (595264K) : METAL_STACK Selected is 5LM
2026-09-08 12:56:17 +0800: Memory Usage (593952K) : Verbose mode: false
2026-09-08 12:56:17 +0800: Memory Usage (608968K) : probe_mk has 0 polygons
2026-09-08 12:56:17 +0800: Memory Usage (595264K) : FEOL enabled: true
2026-09-08 12:56:17 +0800: Memory Usage (647168K) : metal3_dummy has 0 polygons
2026-09-08 12:56:17 +0800: Memory Usage (692188K) : Executing rule HRES.10
2026-09-08 12:56:17 +0800: Memory Usage (593952K) : deep  mode is enabled for via3_split table
2026-09-08 12:56:17 +0800: Memory Usage (608968K) : esd_mk has 0 polygons
2026-09-08 12:56:17 +0800: Memory Usage (593952K) : METAL_TOP Selected is 9K
2026-09-08 12:56:17 +0800: Memory Usage (595264K) : BEOL enabled: true
2026-09-08 12:56:17 +0800: Memory Usage (647168K) : metal3_label has 0 polygons
2026-09-08 12:56:17 +0800: Memory Usage (608968K) : lvs_source has 0 polygons
2026-09-08 12:56:17 +0800: Memory Usage (593952K) : METAL_STACK Selected is 5LM
2026-09-08 12:56:17 +0800: Memory Usage (595264K) : SLOW_VIA enabled: false
2026-09-08 12:56:17 +0800: Memory Usage (647168K) : metal3_slot has 0 polygons
2026-09-08 12:56:17 +0800: Memory Usage (593952K) : FEOL enabled: true
2026-09-08 12:56:17 +0800: Memory Usage (608968K) : well_diode_mk has 0 polygons
2026-09-08 12:56:13 +0800: Memory Usage (647400K) : Starting deriving base layers.
2026-09-08 12:56:17 +0800: Memory Usage (593968K) : BEOL enabled: true
2026-09-08 12:56:17 +0800: Memory Usage (608968K) : ldmos_xtor has 0 polygons
2026-09-08 12:56:17 +0800: Memory Usage (665064K) : Total area of the design is 302500.0 um^2.
2026-09-08 12:56:17 +0800: Memory Usage (593968K) : SLOW_VIA enabled: false
2026-09-08 12:56:17 +0800: Memory Usage (601144K) : nwell has 67 polygons
2026-09-08 12:56:17 +0800: Memory Usage (647168K) : metal3_blk has 0 polygons
2026-09-08 12:56:17 +0800: Memory Usage (608968K) : plfuse has 0 polygons
2026-09-08 12:56:17 +0800: Memory Usage (665064K) : Starting GF180MCU DRC rules.
2026-09-08 12:56:17 +0800: Memory Usage (608968K) : efuse_mk has 0 polygons
2026-09-08 12:56:17 +0800: Memory Usage (665064K) : Running all FEOL rules
2026-09-08 12:56:17 +0800: Memory Usage (593968K) : Read in polygons from layers.
2026-09-08 12:56:18 +0800: Memory Usage (665064K) : Running all BEOL rules
2026-09-08 12:56:18 +0800: Memory Usage (608968K) : mcell_feol_mk has 0 polygons
2026-09-08 12:56:17 +0800: Memory Usage (647168K) : via3 has 8264 polygons
2026-09-08 12:56:18 +0800: Memory Usage (594608K) : comp has 17801 polygons
2026-09-08 12:56:18 +0800: Memory Usage (665064K) : Executing rule DV.1
2026-09-08 12:56:18 +0800: Memory Usage (594608K) : dnwell has 0 polygons
2026-09-08 12:56:13 +0800: Memory Usage (659696K) : Starting deriving base layers.
2026-09-08 12:56:17 +0800: Memory Usage (601284K) : lvpwell has 68 polygons
2026-09-08 12:56:18 +0800: Memory Usage (594608K) : nwell has 15936 polygons
2026-09-08 12:56:17 +0800: Memory Usage (595264K) : Read in polygons from layers.
2026-09-08 12:56:18 +0800: Memory Usage (676912K) : Total area of the design is 302500.0 um^2.
2026-09-08 12:56:18 +0800: Memory Usage (608968K) : ymtp_mk has 0 polygons
2026-09-08 12:56:18 +0800: Memory Usage (647168K) : metal4_drawn has 1492 polygons
2026-09-08 12:56:17 +0800: Memory Usage (692188K) : Executing rule HRES.12a
2026-09-08 12:56:18 +0800: Memory Usage (597532K) : comp has 17798 polygons
2026-09-08 12:56:18 +0800: Memory Usage (676912K) : Starting GF180MCU DRC rules.
2026-09-08 12:56:18 +0800: Memory Usage (594608K) : lvpwell has 15936 polygons
2026-09-08 12:56:18 +0800: Memory Usage (608968K) : dev_wf_mk has 0 polygons
2026-09-08 12:56:18 +0800: Memory Usage (647168K) : metal4_dummy has 0 polygons
2026-09-08 12:56:18 +0800: Memory Usage (665064K) : Executing rule DV.2
2026-09-08 12:56:18 +0800: Memory Usage (692188K) : Executing rule HRES.12b
2026-09-08 12:56:18 +0800: Memory Usage (608968K) : comp_label has 0 polygons
2026-09-08 12:56:18 +0800: Memory Usage (676912K) : Running all FEOL rules
2026-09-08 12:56:18 +0800: Memory Usage (647168K) : metal4_label has 0 polygons
2026-09-08 12:56:18 +0800: Memory Usage (594608K) : dualgate has 15936 polygons
2026-09-08 12:56:18 +0800: Memory Usage (608968K) : poly2_label has 0 polygons
2026-09-08 12:56:18 +0800: Memory Usage (676912K) : Running all BEOL rules
2026-09-08 12:56:18 +0800: Memory Usage (647168K) : metal4_slot has 0 polygons
2026-09-08 12:56:18 +0800: Memory Usage (594608K) : poly2 has 28468 polygons
2026-09-08 12:56:18 +0800: Memory Usage (571192K) : Starting running GF180MCU Klayout DRC runset on /workspace/iris_c3a247b9-0025-43e1-bae8-42a940fa0b63/Chip-Orchestra-review-latest/output/nanocgra_lite_3x3_opt/gds/nanocgra_lite_3x3_opt.gds
2026-09-08 12:56:18 +0800: Memory Usage (608968K) : mdiode has 0 polygons
2026-09-08 12:56:18 +0800: Memory Usage (676912K) : Starting sab derivations
2026-09-08 12:56:18 +0800: Memory Usage (647168K) : metal4_blk has 0 polygons
2026-09-08 12:56:18 +0800: Memory Usage (594608K) : nplus has 15936 polygons
2026-09-08 12:56:18 +0800: Memory Usage (608968K) : ndmy has 0 polygons
2026-09-08 12:56:18 +0800: Memory Usage (597532K) : dnwell has 0 polygons
2026-09-08 12:56:18 +0800: Memory Usage (647168K) : via4 has 4611 polygons
2026-09-08 12:56:18 +0800: Memory Usage (665064K) : Executing rule DV.3
2026-09-08 12:56:18 +0800: Memory Usage (676912K) : Executing rule SB.1
2026-09-08 12:56:18 +0800: Memory Usage (647168K) : metal5_drawn has 269 polygons
2026-09-08 12:56:18 +0800: Memory Usage (594608K) : pplus has 17972 polygons
2026-09-08 12:56:18 +0800: Memory Usage (676912K) : Executing rule SB.2
2026-09-08 12:56:18 +0800: Memory Usage (647168K) : metal5_dummy has 0 polygons
2026-09-08 12:56:18 +0800: Memory Usage (594608K) : sab has 0 polygons
2026-09-08 12:56:18 +0800: Memory Usage (605268K) : dualgate has 1 polygons
2026-09-08 12:56:18 +0800: Memory Usage (676912K) : Executing rule SB.3
2026-09-08 12:56:18 +0800: Memory Usage (594608K) : esd has 0 polygons
2026-09-08 12:56:18 +0800: Memory Usage (692188K) : hres DRC Total Run time 22.306168115 seconds
2026-09-08 12:56:18 +0800: Memory Usage (571192K) : Ruby Version for klayout: 3.1.2
2026-09-08 12:56:18 +0800: Memory Usage (647168K) : metal5_label has 0 polygons
2026-09-08 12:56:18 +0800: Memory Usage (594608K) : resistor has 0 polygons
2026-09-08 12:56:18 +0800: Memory Usage (676912K) : Executing rule SB.4
2026-09-08 12:56:18 +0800: Memory Usage (593964K) : Loading database to memory is complete.
2026-09-08 12:56:18 +0800: Memory Usage (602312K) : nwell has 67 polygons
2026-09-08 12:56:18 +0800: Memory Usage (594608K) : fhres has 0 polygons
2026-09-08 12:56:18 +0800: Memory Usage (647168K) : metal5_slot has 0 polygons
2026-09-08 12:56:18 +0800: Memory Usage (668564K) : Executing rule DV.5
2026-09-08 12:56:18 +0800: Memory Usage (593964K) : GF180MCU Klayout DRC runset output at: /workspace/iris_c3a247b9-0025-43e1-bae8-42a940fa0b63/Chip-Orchestra-review-latest/output/nanocgra_lite_3x3_opt/reports/signoff/foundry_drc_full/nanocgra_lite_3x3_opt_via5.lyrdb
2026-09-08 12:56:18 +0800: Memory Usage (594608K) : fusetop has 0 polygons
2026-09-08 12:56:18 +0800: Memory Usage (647168K) : metal5_blk has 0 polygons
2026-09-08 12:56:18 +0800: Memory Usage (593964K) : Evaluate switches.
2026-09-08 12:56:18 +0800: Memory Usage (594608K) : fusewindow_d has 0 polygons
2026-09-08 12:56:18 +0800: Memory Usage (647168K) : pad has 0 polygons
2026-09-08 12:56:19 +0800: Memory Usage (593964K) : table_name selected  via5
2026-09-08 12:56:19 +0800: Memory Usage (594608K) : polyfuse has 0 polygons
2026-09-08 12:56:18 +0800: Memory Usage (605472K) : poly2 has 24914 polygons
2026-09-08 12:56:19 +0800: Memory Usage (647168K) : ubmpperi has 0 polygons
2026-09-08 12:56:19 +0800: Memory Usage (593964K) : CONNECTIVITY_RULES enabled: false
2026-09-08 12:56:19 +0800: Memory Usage (594608K) : mvsd has 0 polygons
2026-09-08 12:56:19 +0800: Memory Usage (647168K) : ubmparray has 0 polygons
2026-09-08 12:56:19 +0800: Memory Usage (593964K) : Wedge enabled: false
2026-09-08 12:56:19 +0800: Memory Usage (594608K) : mvpsd has 0 polygons
2026-09-08 12:56:18 +0800: Memory Usage (602456K) : lvpwell has 68 polygons
2026-09-08 12:56:19 +0800: Memory Usage (647168K) : ubmeplate has 0 polygons
2026-09-08 12:56:19 +0800: Memory Usage (593964K) : Ball enabled: false
2026-09-08 12:56:19 +0800: Memory Usage (647168K) : metal1_res has 0 polygons
2026-09-08 12:56:19 +0800: Memory Usage (593964K) : Gold enabled: false
2026-09-08 12:56:19 +0800: Memory Usage (594608K) : nat has 0 polygons
2026-09-08 12:56:19 +0800: Memory Usage (593964K) : MIM Option selected: B
2026-09-08 12:56:19 +0800: Memory Usage (594608K) : comp_dummy has 0 polygons
2026-09-08 12:56:19 +0800: Memory Usage (593964K) : Offgrid enabled:  true
2026-09-08 12:56:19 +0800: Memory Usage (647168K) : metal2_res has 0 polygons
2026-09-08 12:56:19 +0800: Memory Usage (594608K) : poly2_dummy has 0 polygons
2026-09-08 12:56:19 +0800: Memory Usage (609056K) : nplus has 68 polygons
08-Sep-2026 12:56:19 | INFO    | Running Global Foundries 180nm MCU /workspace/iris_c3a247b9-0025-43e1-bae8-42a940fa0b63/Chip-Orchestra-review-latest/output/nanocgra_lite_3x3_opt/gds/nanocgra_lite_3x3_opt.gds checks on design lvpwell on cell NanoCGRA_Lite:
2026-09-08 12:56:19 +0800: Memory Usage (609056K) : pplus has 2103 polygons
2026-09-08 12:56:18 +0800: Memory Usage (608968K) : pmndmy has 0 polygons
2026-09-08 12:56:19 +0800: Memory Usage (647168K) : metal3_res has 0 polygons
2026-09-08 12:56:19 +0800: Memory Usage (593964K) : Number of threads to use 2
2026-09-08 12:56:19 +0800: Memory Usage (594608K) : schottky_diode has 0 polygons
2026-09-08 12:56:19 +0800: Memory Usage (609056K) : sab has 0 polygons
2026-09-08 12:56:19 +0800: Memory Usage (593964K) : Verbose mode: false
2026-09-08 12:56:19 +0800: Memory Usage (647168K) : metal4_res has 0 polygons
2026-09-08 12:56:19 +0800: Memory Usage (594608K) : zener has 0 polygons
2026-09-08 12:56:19 +0800: Memory Usage (609056K) : esd has 0 polygons
2026-09-08 12:56:19 +0800: Memory Usage (593964K) : flat  mode is enabled for via5 table
2026-09-08 12:56:19 +0800: Memory Usage (647168K) : metal5_res has 0 polygons
2026-09-08 12:56:19 +0800: Memory Usage (594608K) : res_mk has 0 polygons
2026-09-08 12:56:19 +0800: Memory Usage (609056K) : resistor has 0 polygons
2026-09-08 12:56:19 +0800: Memory Usage (593964K) : METAL_TOP Selected is 9K
2026-09-08 12:56:19 +0800: Memory Usage (609056K) : fhres has 0 polygons
2026-09-08 12:56:18 +0800: Memory Usage (668564K) : Executing rule DV.6
2026-09-08 12:56:19 +0800: Memory Usage (594608K) : opc_drc has 0 polygons
2026-09-08 12:56:19 +0800: Memory Usage (593980K) : METAL_STACK Selected is 5LM
2026-09-08 12:56:19 +0800: Memory Usage (594608K) : v5_xtor has 15936 polygons
2026-09-08 12:56:19 +0800: Memory Usage (593980K) : FEOL enabled: true
2026-09-08 12:56:19 +0800: Memory Usage (609056K) : fusetop has 0 polygons
2026-09-08 12:56:19 +0800: Memory Usage (606440K) : dualgate has 1 polygons
2026-09-08 12:56:19 +0800: Memory Usage (647168K) : metal6_res has 0 polygons
2026-09-08 12:56:19 +0800: Memory Usage (609056K) : fusewindow_d has 0 polygons
2026-09-08 12:56:19 +0800: Memory Usage (593980K) : BEOL enabled: true
2026-09-08 12:56:18 +0800: Memory Usage (676912K) : Executing rule SB.5a
2026-09-08 12:56:19 +0800: Memory Usage (647168K) : pr_bndry has 1 polygons
2026-09-08 12:56:19 +0800: Memory Usage (594608K) : cap_mk has 0 polygons
2026-09-08 12:56:19 +0800: Memory Usage (593980K) : SLOW_VIA enabled: false
2026-09-08 12:56:19 +0800: Memory Usage (609056K) : polyfuse has 0 polygons
2026-09-08 12:56:19 +0800: Memory Usage (594608K) : mos_cap_mk has 0 polygons
2026-09-08 12:56:19 +0800: Memory Usage (647168K) : border has 0 polygons
2026-09-08 12:56:17 +0800: Memory Usage (667884K) : Executing rule PP.4b
2026-09-08 12:56:19 +0800: Memory Usage (609056K) : mvsd has 0 polygons
2026-09-08 12:56:19 +0800: Memory Usage (594608K) : ind_mk has 0 polygons
2026-09-08 12:56:19 +0800: Memory Usage (647168K) : Total no. of polygons in the design is 114250
2026-09-08 12:56:19 +0800: Memory Usage (609056K) : mvpsd has 0 polygons
2026-09-08 12:56:20 +0800: Memory Usage (594608K) : diode_mk has 0 polygons
2026-09-08 12:56:20 +0800: Memory Usage (609056K) : nat has 0 polygons
2026-09-08 12:56:20 +0800: Memory Usage (594608K) : drc_bjt has 0 polygons
2026-09-08 12:56:20 +0800: Memory Usage (609056K) : comp_dummy has 0 polygons
2026-09-08 12:56:20 +0800: Memory Usage (594608K) : lvs_bjt has 0 polygons
2026-09-08 12:56:20 +0800: Memory Usage (594608K) : mim_l_mk has 0 polygons
2026-09-08 12:56:19 +0800: Memory Usage (606644K) : poly2 has 24914 polygons
2026-09-08 12:56:20 +0800: Memory Usage (609056K) : poly2_dummy has 0 polygons
2026-09-08 12:56:20 +0800: Memory Usage (594608K) : latchup_mk has 0 polygons
2026-09-08 12:56:19 +0800: Memory Usage (670104K) : Executing rule DV.7
2026-09-08 12:56:19 +0800: Memory Usage (593980K) : Read in polygons from layers.
2026-09-08 12:56:20 +0800: Memory Usage (594608K) : guard_ring_mk has 0 polygons
2026-09-08 12:56:20 +0800: Memory Usage (594608K) : otp_mk has 0 polygons
2026-09-08 12:56:20 +0800: Memory Usage (596228K) : comp has 17798 polygons
2026-09-08 12:56:20 +0800: Memory Usage (609056K) : schottky_diode has 0 polygons
2026-09-08 12:56:20 +0800: Memory Usage (609056K) : zener has 0 polygons
2026-09-08 12:56:20 +0800: Memory Usage (594608K) : mtpmark has 0 polygons
2026-09-08 12:56:20 +0800: Memory Usage (610228K) : nplus has 68 polygons
2026-09-08 12:56:20 +0800: Memory Usage (609056K) : res_mk has 0 polygons
2026-09-08 12:56:20 +0800: Memory Usage (594608K) : neo_ee_mk has 0 polygons
2026-09-08 12:56:20 +0800: Memory Usage (594608K) : sramcore has 0 polygons
2026-09-08 12:56:20 +0800: Memory Usage (594608K) : lvs_rf has 0 polygons
2026-09-08 12:56:20 +0800: Memory Usage (596228K) : dnwell has 0 polygons
2026-09-08 12:56:20 +0800: Memory Usage (610228K) : pplus has 2103 polygons
2026-09-08 12:56:20 +0800: Memory Usage (594608K) : lvs_drain has 0 polygons
2026-09-08 12:56:20 +0800: Memory Usage (609056K) : opc_drc has 0 polygons
2026-09-08 12:56:20 +0800: Memory Usage (610228K) : sab has 0 polygons
2026-09-08 12:56:20 +0800: Memory Usage (594608K) : ind_mk has 0 polygons
2026-09-08 12:56:20 +0800: Memory Usage (609056K) : v5_xtor has 1 polygons
2026-09-08 12:56:20 +0800: Memory Usage (610228K) : esd has 0 polygons
2026-09-08 12:56:19 +0800: Memory Usage (711760K) : Executing rule SB.5b
2026-09-08 12:56:20 +0800: Memory Usage (594608K) : hvpolyrs has 0 polygons
2026-09-08 12:56:20 +0800: Memory Usage (729124K) : Executing rule SB.6
2026-09-08 12:56:20 +0800: Memory Usage (609056K) : cap_mk has 0 polygons
2026-09-08 12:56:20 +0800: Memory Usage (610228K) : resistor has 0 polygons
2026-09-08 12:56:20 +0800: Memory Usage (594608K) : lvs_io has 0 polygons
2026-09-08 12:56:20 +0800: Memory Usage (729124K) : Executing rule SB.7
2026-09-08 12:56:20 +0800: Memory Usage (610228K) : fhres has 0 polygons
2026-09-08 12:56:16 +0800: Memory Usage (678620K) : Connectivity rules enabled, Netlist object will be generated.
2026-09-08 12:56:20 +0800: Memory Usage (594608K) : probe_mk has 0 polygons
2026-09-08 12:56:19 +0800: Memory Usage (667972K) : Executing rule PP.5a
2026-09-08 12:56:20 +0800: Memory Usage (601028K) : nwell has 67 polygons
2026-09-08 12:56:20 +0800: Memory Usage (610228K) : fusetop has 0 polygons
2026-09-08 12:56:20 +0800: Memory Usage (729124K) : Executing rule SB.8
2026-09-08 12:56:20 +0800: Memory Usage (609056K) : mos_cap_mk has 0 polygons
2026-09-08 12:56:20 +0800: Memory Usage (732444K) : Total area of the design is 302500.0 um^2.
2026-09-08 12:56:19 +0800: Memory Usage (615704K) : contact has 106822 polygons
2026-09-08 12:56:21 +0800: Memory Usage (610228K) : fusewindow_d has 0 polygons
2026-09-08 12:56:21 +0800: Memory Usage (609056K) : ind_mk has 0 polygons
2026-09-08 12:56:21 +0800: Memory Usage (729124K) : Executing rule SB.9
2026-09-08 12:56:21 +0800: Memory Usage (732444K) : Starting GF180MCU DRC rules.
2026-09-08 12:56:21 +0800: Memory Usage (609056K) : diode_mk has 0 polygons
2026-09-08 12:56:21 +0800: Memory Usage (610228K) : polyfuse has 0 polygons
2026-09-08 12:56:20 +0800: Memory Usage (594608K) : esd_mk has 0 polygons
2026-09-08 12:56:21 +0800: Memory Usage (729124K) : Executing rule SB.10
2026-09-08 12:56:21 +0800: Memory Usage (732444K) : Running all FEOL rules
2026-09-08 12:56:21 +0800: Memory Usage (609056K) : drc_bjt has 0 polygons
2026-09-08 12:56:21 +0800: Memory Usage (626504K) : metal1_drawn has 27195 polygons
2026-09-08 12:56:21 +0800: Memory Usage (594608K) : lvs_source has 0 polygons
2026-09-08 12:56:21 +0800: Memory Usage (729124K) : Executing rule SB.11
2026-09-08 12:56:21 +0800: Memory Usage (609056K) : lvs_bjt has 0 polygons
2026-09-08 12:56:21 +0800: Memory Usage (594608K) : well_diode_mk has 0 polygons
2026-09-08 12:56:20 +0800: Memory Usage (601172K) : lvpwell has 68 polygons
2026-09-08 12:56:21 +0800: Memory Usage (610228K) : mvsd has 0 polygons
2026-09-08 12:56:21 +0800: Memory Usage (626504K) : metal1_dummy has 0 polygons
2026-09-08 12:56:20 +0800: Memory Usage (677676K) : Executing rule PP.5b
2026-09-08 12:56:21 +0800: Memory Usage (594608K) : ldmos_xtor has 0 polygons
2026-09-08 12:56:21 +0800: Memory Usage (609056K) : mim_l_mk has 0 polygons
2026-09-08 12:56:21 +0800: Memory Usage (610228K) : mvpsd has 0 polygons
2026-09-08 12:56:21 +0800: Memory Usage (626504K) : metal1_label has 0 polygons
2026-09-08 12:56:21 +0800: Memory Usage (594608K) : plfuse has 0 polygons
2026-09-08 12:56:21 +0800: Memory Usage (609056K) : latchup_mk has 0 polygons
2026-09-08 12:56:21 +0800: Memory Usage (610228K) : nat has 0 polygons
2026-09-08 12:56:21 +0800: Memory Usage (729124K) : Executing rule SB.12
2026-09-08 12:56:21 +0800: Memory Usage (626504K) : metal1_slot has 0 polygons
2026-09-08 12:56:21 +0800: Memory Usage (594608K) : efuse_mk has 0 polygons
2026-09-08 12:56:21 +0800: Memory Usage (610228K) : comp_dummy has 0 polygons
2026-09-08 12:56:21 +0800: Memory Usage (609056K) : guard_ring_mk has 0 polygons
2026-09-08 12:56:21 +0800: Memory Usage (594608K) : mcell_feol_mk has 0 polygons
2026-09-08 12:56:21 +0800: Memory Usage (729124K) : Executing rule SB.13
2026-09-08 12:56:21 +0800: Memory Usage (677676K) : Executing rule PP.5ci
2026-09-08 12:56:21 +0800: Memory Usage (610228K) : poly2_dummy has 0 polygons
2026-09-08 12:56:21 +0800: Memory Usage (594608K) : ymtp_mk has 0 polygons
2026-09-08 12:56:21 +0800: Memory Usage (729124K) : Executing rule SB.14a
2026-09-08 12:56:21 +0800: Memory Usage (594608K) : dev_wf_mk has 0 polygons
2026-09-08 12:56:21 +0800: Memory Usage (610228K) : schottky_diode has 0 polygons
2026-09-08 12:56:21 +0800: Memory Usage (677676K) : Executing rule PP.5cii
2026-09-08 12:56:21 +0800: Memory Usage (729124K) : Executing rule SB.14b
2026-09-08 12:56:21 +0800: Memory Usage (594608K) : comp_label has 0 polygons
2026-09-08 12:56:21 +0800: Memory Usage (610228K) : zener has 0 polygons
2026-09-08 12:56:21 +0800: Memory Usage (609056K) : otp_mk has 0 polygons
2026-09-08 12:56:21 +0800: Memory Usage (610228K) : res_mk has 0 polygons
2026-09-08 12:56:21 +0800: Memory Usage (729124K) : Executing rule SB.15a
2026-09-08 12:56:21 +0800: Memory Usage (609056K) : mtpmark has 0 polygons
2026-09-08 12:56:21 +0800: Memory Usage (594608K) : poly2_label has 0 polygons
2026-09-08 12:56:21 +0800: Memory Usage (609056K) : neo_ee_mk has 0 polygons
2026-09-08 12:56:21 +0800: Memory Usage (594608K) : mdiode has 0 polygons
2026-09-08 12:56:21 +0800: Memory Usage (729124K) : Executing rule SB.15b
2026-09-08 12:56:21 +0800: Memory Usage (605156K) : dualgate has 1 polygons
2026-09-08 12:56:21 +0800: Memory Usage (609056K) : sramcore has 0 polygons
2026-09-08 12:56:21 +0800: Memory Usage (594608K) : ndmy has 0 polygons
2026-09-08 12:56:21 +0800: Memory Usage (732444K) : Running all BEOL rules
2026-09-08 12:56:21 +0800: Memory Usage (609056K) : lvs_rf has 0 polygons
2026-09-08 12:56:21 +0800: Memory Usage (739584K) : Executing rule MDP.1
2026-09-08 12:56:21 +0800: Memory Usage (594608K) : pmndmy has 0 polygons
2026-09-08 12:56:21 +0800: Memory Usage (609056K) : lvs_drain has 0 polygons
2026-09-08 12:56:21 +0800: Memory Usage (610228K) : opc_drc has 0 polygons
2026-09-08 12:56:21 +0800: Memory Usage (595128K) : metal1_drawn has 104857 polygons
2026-09-08 12:56:21 +0800: Memory Usage (729124K) : Executing rule SB.16
2026-09-08 12:56:22 +0800: Memory Usage (610228K) : v5_xtor has 1 polygons
2026-09-08 12:56:22 +0800: Memory Usage (609056K) : ind_mk has 0 polygons
2026-09-08 12:56:21 +0800: Memory Usage (739584K) : Executing rule MDP.1a
2026-09-08 12:56:21 +0800: Memory Usage (677676K) : Executing rule PP.5di
2026-09-08 12:56:22 +0800: Memory Usage (610228K) : cap_mk has 0 polygons
2026-09-08 12:56:22 +0800: Memory Usage (609056K) : hvpolyrs has 0 polygons
2026-09-08 12:56:22 +0800: Memory Usage (595128K) : metal1_dummy has 0 polygons
2026-09-08 12:56:22 +0800: Memory Usage (739584K) : Executing rule MDP.2
2026-09-08 12:56:22 +0800: Memory Usage (609056K) : lvs_io has 0 polygons
2026-09-08 12:56:22 +0800: Memory Usage (610228K) : mos_cap_mk has 0 polygons
2026-09-08 12:56:22 +0800: Memory Usage (595788K) : metal1_label has 0 polygons
2026-09-08 12:56:22 +0800: Memory Usage (571460K) : Starting running GF180MCU Klayout DRC runset on /workspace/iris_c3a247b9-0025-43e1-bae8-42a940fa0b63/Chip-Orchestra-review-latest/output/nanocgra_lite_3x3_opt/gds/nanocgra_lite_3x3_opt.gds
2026-09-08 12:56:22 +0800: Memory Usage (610228K) : ind_mk has 0 polygons
2026-09-08 12:56:22 +0800: Memory Usage (739584K) : Executing rule MDP.3
2026-09-08 12:56:22 +0800: Memory Usage (595788K) : metal1_slot has 0 polygons
2026-09-08 12:56:22 +0800: Memory Usage (610228K) : diode_mk has 0 polygons
2026-09-08 12:56:22 +0800: Memory Usage (609056K) : probe_mk has 0 polygons
2026-09-08 12:56:21 +0800: Memory Usage (605356K) : poly2 has 24914 polygons
2026-09-08 12:56:22 +0800: Memory Usage (610228K) : drc_bjt has 0 polygons
2026-09-08 12:56:22 +0800: Memory Usage (609056K) : esd_mk has 0 polygons
2026-09-08 12:56:22 +0800: Memory Usage (610228K) : lvs_bjt has 0 polygons
2026-09-08 12:56:22 +0800: Memory Usage (609056K) : lvs_source has 0 polygons
2026-09-08 12:56:22 +0800: Memory Usage (739584K) : Executing rule MDP.3ai
2026-09-08 12:56:21 +0800: Memory Usage (626504K) : metal1_blk has 0 polygons
2026-09-08 12:56:22 +0800: Memory Usage (609056K) : well_diode_mk has 0 polygons
2026-09-08 12:56:22 +0800: Memory Usage (595788K) : metal1_blk has 0 polygons
2026-09-08 12:56:22 +0800: Memory Usage (610228K) : mim_l_mk has 0 polygons
2026-09-08 12:56:20 +0800: Memory Usage (670248K) : Executing rule DV.8
2026-09-08 12:56:22 +0800: Memory Usage (677676K) : Executing rule PP.5dii
2026-09-08 12:56:22 +0800: Memory Usage (609056K) : ldmos_xtor has 0 polygons
2026-09-08 12:56:22 +0800: Memory Usage (610228K) : latchup_mk has 0 polygons
2026-09-08 12:56:22 +0800: Memory Usage (609056K) : plfuse has 0 polygons
2026-09-08 12:56:22 +0800: Memory Usage (598352K) : metal2_drawn has 68314 polygons
2026-09-08 12:56:22 +0800: Memory Usage (571460K) : Ruby Version for klayout: 3.1.2
2026-09-08 12:56:22 +0800: Memory Usage (610228K) : guard_ring_mk has 0 polygons
2026-09-08 12:56:22 +0800: Memory Usage (608940K) : nplus has 68 polygons
2026-09-08 12:56:22 +0800: Memory Usage (659720K) : metal2_drawn has 17514 polygons
2026-09-08 12:56:22 +0800: Memory Usage (609056K) : efuse_mk has 0 polygons
2026-09-08 12:56:22 +0800: Memory Usage (739584K) : Executing rule MDP.3aii
2026-09-08 12:56:22 +0800: Memory Usage (594216K) : Loading database to memory is complete.
2026-09-08 12:56:22 +0800: Memory Usage (598352K) : metal2_dummy has 0 polygons
2026-09-08 12:56:22 +0800: Memory Usage (610228K) : otp_mk has 0 polygons
2026-09-08 12:56:22 +0800: Memory Usage (609056K) : mcell_feol_mk has 0 polygons
2026-09-08 12:56:22 +0800: Memory Usage (594216K) : GF180MCU Klayout DRC runset output at: /workspace/iris_c3a247b9-0025-43e1-bae8-42a940fa0b63/Chip-Orchestra-review-latest/output/nanocgra_lite_3x3_opt/reports/signoff/foundry_drc_full/nanocgra_lite_3x3_opt_lvpwell.lyrdb
2026-09-08 12:56:16 +0800: Memory Usage (682792K) : Connectivity rules enabled, Netlist object will be generated.
2026-09-08 12:56:22 +0800: Memory Usage (739584K) : Executing rule MDP.3b
2026-09-08 12:56:22 +0800: Memory Usage (599420K) : metal2_label has 31 polygons
2026-09-08 12:56:22 +0800: Memory Usage (659720K) : metal2_dummy has 0 polygons
2026-09-08 12:56:22 +0800: Memory Usage (609056K) : ymtp_mk has 0 polygons
2026-09-08 12:56:22 +0800: Memory Usage (594216K) : Evaluate switches.
2026-09-08 12:56:22 +0800: Memory Usage (610228K) : mtpmark has 0 polygons
2026-09-08 12:56:22 +0800: Memory Usage (599420K) : metal2_slot has 0 polygons
2026-09-08 12:56:22 +0800: Memory Usage (745584K) : Total area of the design is 302500.0 um^2.
2026-09-08 12:56:22 +0800: Memory Usage (608940K) : pplus has 2103 polygons
2026-09-08 12:56:22 +0800: Memory Usage (659720K) : metal2_label has 31 polygons
2026-09-08 12:56:22 +0800: Memory Usage (729124K) : sab DRC Total Run time 22.98023973 seconds
2026-09-08 12:56:22 +0800: Memory Usage (609056K) : dev_wf_mk has 0 polygons
2026-09-08 12:56:22 +0800: Memory Usage (739584K) : Executing rule MDP.3c
2026-09-08 12:56:22 +0800: Memory Usage (594216K) : table_name selected  lvpwell
2026-09-08 12:56:22 +0800: Memory Usage (610228K) : neo_ee_mk has 0 polygons
2026-09-08 12:56:22 +0800: Memory Usage (608940K) : sab has 0 polygons
2026-09-08 12:56:22 +0800: Memory Usage (659720K) : metal2_slot has 0 polygons
2026-09-08 12:56:22 +0800: Memory Usage (745584K) : Starting GF180MCU DRC rules.
2026-09-08 12:56:22 +0800: Memory Usage (594216K) : CONNECTIVITY_RULES enabled: true
2026-09-08 12:56:22 +0800: Memory Usage (739584K) : Executing rule MDP.3d
2026-09-08 12:56:22 +0800: Memory Usage (610228K) : sramcore has 0 polygons
2026-09-08 12:56:22 +0800: Memory Usage (599420K) : metal2_blk has 0 polygons
2026-09-08 12:56:22 +0800: Memory Usage (609056K) : comp_label has 0 polygons
2026-09-08 12:56:22 +0800: Memory Usage (608940K) : esd has 0 polygons
2026-09-08 12:56:22 +0800: Memory Usage (745584K) : Running all FEOL rules
2026-09-08 12:56:22 +0800: Memory Usage (594216K) : Wedge enabled: false
2026-09-08 12:56:22 +0800: Memory Usage (600444K) : metal3_drawn has 35548 polygons
2026-09-08 12:56:22 +0800: Memory Usage (610228K) : lvs_rf has 0 polygons
2026-09-08 12:56:22 +0800: Memory Usage (609056K) : poly2_label has 0 polygons
2026-09-08 12:56:22 +0800: Memory Usage (608940K) : resistor has 0 polygons
2026-09-08 12:56:22 +0800: Memory Usage (677676K) : Executing rule PP.6
2026-09-08 12:56:22 +0800: Memory Usage (594216K) : Ball enabled: false
2026-09-08 12:56:22 +0800: Memory Usage (745584K) : Running all BEOL rules
2026-09-08 12:56:22 +0800: Memory Usage (609056K) : mdiode has 0 polygons
2026-09-08 12:56:22 +0800: Memory Usage (600444K) : metal3_dummy has 0 polygons
2026-09-08 12:56:22 +0800: Memory Usage (608940K) : fhres has 0 polygons
2026-09-08 12:56:22 +0800: Memory Usage (677676K) : Executing rule PP.7
2026-09-08 12:56:22 +0800: Memory Usage (594216K) : Gold enabled: false
2026-09-08 12:56:22 +0800: Memory Usage (609056K) : ndmy has 0 polygons
2026-09-08 12:56:22 +0800: Memory Usage (601556K) : metal3_label has 0 polygons
2026-09-08 12:56:22 +0800: Memory Usage (745584K) : Starting NWELL derivations
2026-09-08 12:56:22 +0800: Memory Usage (608940K) : fusetop has 0 polygons
2026-09-08 12:56:22 +0800: Memory Usage (594232K) : MIM Option selected: B
2026-09-08 12:56:22 +0800: Memory Usage (610228K) : lvs_drain has 0 polygons
2026-09-08 12:56:22 +0800: Memory Usage (677676K) : Executing rule PP.8a
2026-09-08 12:56:22 +0800: Memory Usage (659720K) : metal2_blk has 0 polygons
2026-09-08 12:56:22 +0800: Memory Usage (745584K) : Executing rule NW.1a_LV
2026-09-08 12:56:23 +0800: Memory Usage (594232K) : Offgrid enabled:  true
2026-09-08 12:56:23 +0800: Memory Usage (608940K) : fusewindow_d has 0 polygons
2026-09-08 12:56:23 +0800: Memory Usage (610228K) : ind_mk has 0 polygons
2026-09-08 12:56:22 +0800: Memory Usage (601556K) : metal3_slot has 0 polygons
2026-09-08 12:56:23 +0800: Memory Usage (677676K) : Executing rule PP.8b
2026-09-08 12:56:23 +0800: Memory Usage (594232K) : Number of threads to use 2
2026-09-08 12:56:23 +0800: Memory Usage (608940K) : polyfuse has 0 polygons
2026-09-08 12:56:23 +0800: Memory Usage (610228K) : hvpolyrs has 0 polygons
2026-09-08 12:56:23 +0800: Memory Usage (601556K) : metal3_blk has 0 polygons
2026-09-08 12:56:23 +0800: Memory Usage (594232K) : Verbose mode: false
2026-09-08 12:56:23 +0800: Memory Usage (659720K) : metal3_drawn has 9853 polygons
2026-09-08 12:56:23 +0800: Memory Usage (677676K) : Executing rule PP.9
2026-09-08 12:56:23 +0800: Memory Usage (610228K) : lvs_io has 0 polygons
2026-09-08 12:56:23 +0800: Memory Usage (594232K) : flat  mode is enabled for lvpwell table
2026-09-08 12:56:23 +0800: Memory Usage (601556K) : via3 has 8273 polygons
2026-09-08 12:56:23 +0800: Memory Usage (659720K) : metal3_dummy has 0 polygons
2026-09-08 12:56:23 +0800: Memory Usage (745584K) : Executing rule NW.1a_MV
2026-09-08 12:56:23 +0800: Memory Usage (608940K) : mvsd has 0 polygons
2026-09-08 12:56:23 +0800: Memory Usage (610228K) : probe_mk has 0 polygons
2026-09-08 12:56:23 +0800: Memory Usage (594232K) : METAL_TOP Selected is 9K
2026-09-08 12:56:23 +0800: Memory Usage (601556K) : metal4_drawn has 8015 polygons
2026-09-08 12:56:23 +0800: Memory Usage (677676K) : Executing rule PP.10
2026-09-08 12:56:23 +0800: Memory Usage (608940K) : mvpsd has 0 polygons
2026-09-08 12:56:23 +0800: Memory Usage (659720K) : metal3_label has 0 polygons
2026-09-08 12:56:23 +0800: Memory Usage (745584K) : Executing rule NW.1b_LV
2026-09-08 12:56:23 +0800: Memory Usage (610228K) : esd_mk has 0 polygons
2026-09-08 12:56:23 +0800: Memory Usage (594232K) : METAL_STACK Selected is 5LM
2026-09-08 12:56:23 +0800: Memory Usage (601556K) : metal4_dummy has 0 polygons
2026-09-08 12:56:23 +0800: Memory Usage (608940K) : nat has 0 polygons
2026-09-08 12:56:23 +0800: Memory Usage (659720K) : metal3_slot has 0 polygons
2026-09-08 12:56:23 +0800: Memory Usage (594232K) : FEOL enabled: true
2026-09-08 12:56:23 +0800: Memory Usage (610228K) : lvs_source has 0 polygons
2026-09-08 12:56:23 +0800: Memory Usage (745584K) : Executing rule NW.1b_MV
2026-09-08 12:56:23 +0800: Memory Usage (601556K) : metal4_label has 0 polygons
2026-09-08 12:56:23 +0800: Memory Usage (608940K) : comp_dummy has 0 polygons
2026-09-08 12:56:23 +0800: Memory Usage (677676K) : Executing rule PP.11
2026-09-08 12:56:23 +0800: Memory Usage (594232K) : BEOL enabled: true
2026-09-08 12:56:22 +0800: Memory Usage (682512K) : Executing rule DV.9
2026-09-08 12:56:23 +0800: Memory Usage (601556K) : metal4_slot has 0 polygons
2026-09-08 12:56:23 +0800: Memory Usage (610228K) : well_diode_mk has 0 polygons
08-Sep-2026 12:56:23 | INFO    | Running Global Foundries 180nm MCU /workspace/iris_c3a247b9-0025-43e1-bae8-42a940fa0b63/Chip-Orchestra-review-latest/output/nanocgra_lite_3x3_opt/gds/nanocgra_lite_3x3_opt.gds checks on design via4 on cell NanoCGRA_Lite:
2026-09-08 12:56:23 +0800: Memory Usage (594232K) : SLOW_VIA enabled: false
2026-09-08 12:56:23 +0800: Memory Usage (608940K) : poly2_dummy has 0 polygons
2026-09-08 12:56:23 +0800: Memory Usage (659720K) : metal3_blk has 0 polygons
2026-09-08 12:56:23 +0800: Memory Usage (601556K) : metal4_blk has 0 polygons
2026-09-08 12:56:23 +0800: Memory Usage (608940K) : schottky_diode has 0 polygons
2026-09-08 12:56:23 +0800: Memory Usage (608940K) : zener has 0 polygons
2026-09-08 12:56:23 +0800: Memory Usage (610228K) : ldmos_xtor has 0 polygons
2026-09-08 12:56:23 +0800: Memory Usage (608940K) : res_mk has 0 polygons
2026-09-08 12:56:23 +0800: Memory Usage (659720K) : via3 has 8264 polygons
2026-09-08 12:56:23 +0800: Memory Usage (601556K) : via4 has 4611 polygons
2026-09-08 12:56:23 +0800: Memory Usage (610228K) : plfuse has 0 polygons
2026-09-08 12:56:23 +0800: Memory Usage (601556K) : metal5_drawn has 1382 polygons
2026-09-08 12:56:23 +0800: Memory Usage (610228K) : efuse_mk has 0 polygons
2026-09-08 12:56:23 +0800: Memory Usage (601556K) : metal5_dummy has 0 polygons
2026-09-08 12:56:23 +0800: Memory Usage (594232K) : Read in polygons from layers.
2026-09-08 12:56:23 +0800: Memory Usage (610228K) : mcell_feol_mk has 0 polygons
2026-09-08 12:56:23 +0800: Memory Usage (659720K) : metal4_drawn has 1492 polygons
2026-09-08 12:56:23 +0800: Memory Usage (601556K) : metal5_label has 0 polygons
2026-09-08 12:56:23 +0800: Memory Usage (596500K) : comp has 17798 polygons
2026-09-08 12:56:23 +0800: Memory Usage (608940K) : opc_drc has 0 polygons
2026-09-08 12:56:23 +0800: Memory Usage (601556K) : metal5_slot has 0 polygons
2026-09-08 12:56:23 +0800: Memory Usage (610228K) : ymtp_mk has 0 polygons
2026-09-08 12:56:23 +0800: Memory Usage (659720K) : metal4_dummy has 0 polygons
2026-09-08 12:56:23 +0800: Memory Usage (601556K) : metal5_blk has 0 polygons
2026-09-08 12:56:23 +0800: Memory Usage (610228K) : dev_wf_mk has 0 polygons
2026-09-08 12:56:23 +0800: Memory Usage (659720K) : metal4_label has 0 polygons
2026-09-08 12:56:23 +0800: Memory Usage (601556K) : pad has 0 polygons
2026-09-08 12:56:23 +0800: Memory Usage (608940K) : v5_xtor has 1 polygons
2026-09-08 12:56:24 +0800: Memory Usage (610228K) : comp_label has 0 polygons
2026-09-08 12:56:24 +0800: Memory Usage (659720K) : metal4_slot has 0 polygons
2026-09-08 12:56:24 +0800: Memory Usage (601556K) : ubmpperi has 0 polygons
2026-09-08 12:56:23 +0800: Memory Usage (745584K) : CONNECTIVITY_RULES section
2026-09-08 12:56:23 +0800: Memory Usage (682512K) : dualgate DRC Total Run time 23.520711244 seconds
2026-09-08 12:56:24 +0800: Memory Usage (608940K) : cap_mk has 0 polygons
2026-09-08 12:56:24 +0800: Memory Usage (601556K) : ubmparray has 0 polygons
2026-09-08 12:56:24 +0800: Memory Usage (610228K) : poly2_label has 0 polygons
2026-09-08 12:56:24 +0800: Memory Usage (745584K) : Executing rule NW.2a_LV
2026-09-08 12:56:24 +0800: Memory Usage (608940K) : mos_cap_mk has 0 polygons
2026-09-08 12:56:24 +0800: Memory Usage (659720K) : metal4_blk has 0 polygons
2026-09-08 12:56:23 +0800: Memory Usage (677676K) : Executing rule PP.12
2026-09-08 12:56:23 +0800: Memory Usage (596500K) : dnwell has 0 polygons
2026-09-08 12:56:24 +0800: Memory Usage (601556K) : ubmeplate has 0 polygons
2026-09-08 12:56:24 +0800: Memory Usage (608940K) : ind_mk has 0 polygons
2026-09-08 12:56:24 +0800: Memory Usage (745584K) : Executing rule NW.2a_MV
2026-09-08 12:56:24 +0800: Memory Usage (659720K) : via4 has 4611 polygons
2026-09-08 12:56:24 +0800: Memory Usage (610228K) : mdiode has 0 polygons
2026-09-08 12:56:24 +0800: Memory Usage (608940K) : diode_mk has 0 polygons
2026-09-08 12:56:24 +0800: Memory Usage (745584K) : Executing rule NW.2b_LV
2026-09-08 12:56:24 +0800: Memory Usage (659720K) : metal5_drawn has 269 polygons
2026-09-08 12:56:24 +0800: Memory Usage (610228K) : ndmy has 0 polygons
2026-09-08 12:56:24 +0800: Memory Usage (608940K) : drc_bjt has 0 polygons
2026-09-08 12:56:24 +0800: Memory Usage (601556K) : metal1_res has 0 polygons
2026-09-08 12:56:24 +0800: Memory Usage (608940K) : lvs_bjt has 0 polygons
2026-09-08 12:56:24 +0800: Memory Usage (659720K) : metal5_dummy has 0 polygons
2026-09-08 12:56:24 +0800: Memory Usage (745584K) : Executing rule NW.2b_MV
2026-09-08 12:56:24 +0800: Memory Usage (608940K) : mim_l_mk has 0 polygons
2026-09-08 12:56:22 +0800: Memory Usage (609056K) : pmndmy has 0 polygons
2026-09-08 12:56:24 +0800: Memory Usage (601556K) : metal2_res has 0 polygons
2026-09-08 12:56:24 +0800: Memory Usage (745584K) : Executing rule NW.3
2026-09-08 12:56:24 +0800: Memory Usage (608940K) : latchup_mk has 0 polygons
2026-09-08 12:56:24 +0800: Memory Usage (601556K) : metal3_res has 0 polygons
2026-09-08 12:56:24 +0800: Memory Usage (659720K) : metal5_label has 0 polygons
2026-09-08 12:56:22 +0800: Memory Usage (739584K) : Executing rule MDP.4
2026-09-08 12:56:20 +0800: Memory Usage (647168K) : Starting deriving base layers.
2026-09-08 12:56:24 +0800: Memory Usage (608940K) : guard_ring_mk has 0 polygons
2026-09-08 12:56:24 +0800: Memory Usage (601136K) : nwell has 67 polygons
2026-09-08 12:56:24 +0800: Memory Usage (601556K) : metal4_res has 0 polygons
2026-09-08 12:56:24 +0800: Memory Usage (659720K) : metal5_slot has 0 polygons
2026-09-08 12:56:24 +0800: Memory Usage (757020K) : Executing rule MDP.4a
2026-09-08 12:56:24 +0800: Memory Usage (677676K) : pplus DRC Total Run time 27.195131393 seconds
2026-09-08 12:56:24 +0800: Memory Usage (665028K) : Total area of the design is 302500.0 um^2.
2026-09-08 12:56:24 +0800: Memory Usage (610716K) : metal1_drawn has 27195 polygons
2026-09-08 12:56:24 +0800: Memory Usage (601556K) : metal5_res has 0 polygons
2026-09-08 12:56:24 +0800: Memory Usage (659720K) : metal5_blk has 0 polygons
2026-09-08 12:56:24 +0800: Memory Usage (608940K) : otp_mk has 0 polygons
2026-09-08 12:56:24 +0800: Memory Usage (665028K) : Starting GF180MCU DRC rules.
2026-09-08 12:56:24 +0800: Memory Usage (757020K) : Executing rule MDP.4b
2026-09-08 12:56:24 +0800: Memory Usage (745584K) : Executing rule NW.4
2026-09-08 12:56:24 +0800: Memory Usage (659720K) : pad has 0 polygons
2026-09-08 12:56:24 +0800: Memory Usage (608940K) : mtpmark has 0 polygons
2026-09-08 12:56:24 +0800: Memory Usage (601556K) : metal6_res has 0 polygons
2026-09-08 12:56:24 +0800: Memory Usage (610716K) : metal1_dummy has 0 polygons
2026-09-08 12:56:24 +0800: Memory Usage (665028K) : Running all FEOL rules
2026-09-08 12:56:24 +0800: Memory Usage (659720K) : ubmpperi has 0 polygons
2026-09-08 12:56:24 +0800: Memory Usage (608940K) : neo_ee_mk has 0 polygons
2026-09-08 12:56:24 +0800: Memory Usage (745584K) : Executing rule NW.5_LV
2026-09-08 12:56:24 +0800: Memory Usage (610716K) : metal1_label has 0 polygons
2026-09-08 12:56:24 +0800: Memory Usage (665028K) : Running all BEOL rules
2026-09-08 12:56:24 +0800: Memory Usage (601556K) : pr_bndry has 15937 polygons
2026-09-08 12:56:24 +0800: Memory Usage (608940K) : sramcore has 0 polygons
2026-09-08 12:56:24 +0800: Memory Usage (659720K) : ubmparray has 0 polygons
2026-09-08 12:56:24 +0800: Memory Usage (601276K) : lvpwell has 68 polygons
2026-09-08 12:56:24 +0800: Memory Usage (610716K) : metal1_slot has 0 polygons
2026-09-08 12:56:24 +0800: Memory Usage (601556K) : border has 0 polygons
2026-09-08 12:56:24 +0800: Memory Usage (608940K) : lvs_rf has 0 polygons
2026-09-08 12:56:24 +0800: Memory Usage (745584K) : Executing rule NW.5_MV
2026-09-08 12:56:24 +0800: Memory Usage (659720K) : ubmeplate has 0 polygons
2026-09-08 12:56:24 +0800: Memory Usage (601556K) : Total no. of polygons in the design is 390889
2026-09-08 12:56:24 +0800: Memory Usage (608940K) : lvs_drain has 0 polygons
2026-09-08 12:56:24 +0800: Memory Usage (659720K) : metal1_res has 0 polygons
2026-09-08 12:56:24 +0800: Memory Usage (745584K) : Executing rule NW.6
2026-09-08 12:56:24 +0800: Memory Usage (608940K) : ind_mk has 0 polygons
08-Sep-2026 12:56:24 | INFO    | Running Global Foundries 180nm MCU /workspace/iris_c3a247b9-0025-43e1-bae8-42a940fa0b63/Chip-Orchestra-review-latest/output/nanocgra_lite_3x3_opt/gds/nanocgra_lite_3x3_opt.gds checks on design metal1_split on cell NanoCGRA_Lite:
2026-09-08 12:56:24 +0800: Memory Usage (665028K) : Executing rule BJT.1
2026-09-08 12:56:24 +0800: Memory Usage (659720K) : metal2_res has 0 polygons
2026-09-08 12:56:24 +0800: Memory Usage (608940K) : hvpolyrs has 0 polygons
2026-09-08 12:56:24 +0800: Memory Usage (608940K) : lvs_io has 0 polygons
2026-09-08 12:56:24 +0800: Memory Usage (610716K) : metal1_blk has 0 polygons
08-Sep-2026 12:56:25 | INFO    | Running Global Foundries 180nm MCU /workspace/iris_c3a247b9-0025-43e1-bae8-42a940fa0b63/Chip-Orchestra-review-latest/output/nanocgra_lite_3x3_opt/gds/nanocgra_lite_3x3_opt.gds checks on design poly2 on cell NanoCGRA_Lite:
2026-09-08 12:56:25 +0800: Memory Usage (608940K) : probe_mk has 0 polygons
2026-09-08 12:56:24 +0800: Memory Usage (659720K) : metal3_res has 0 polygons
2026-09-08 12:56:24 +0800: Memory Usage (665028K) : Executing rule BJT.2
2026-09-08 12:56:25 +0800: Memory Usage (659720K) : metal4_res has 0 polygons
2026-09-08 12:56:25 +0800: Memory Usage (665028K) : Executing rule BJT.3
2026-09-08 12:56:24 +0800: Memory Usage (610228K) : pmndmy has 0 polygons
2026-09-08 12:56:25 +0800: Memory Usage (608940K) : esd_mk has 0 polygons
2026-09-08 12:56:25 +0800: Memory Usage (659720K) : metal5_res has 0 polygons
2026-09-08 12:56:25 +0800: Memory Usage (608940K) : lvs_source has 0 polygons
2026-09-08 12:56:24 +0800: Memory Usage (605260K) : dualgate has 1 polygons
2026-09-08 12:56:24 +0800: Memory Usage (757020K) : Executing rule MDP.5
2026-09-08 12:56:25 +0800: Memory Usage (608940K) : well_diode_mk has 0 polygons
2026-09-08 12:56:25 +0800: Memory Usage (757020K) : Executing rule MDP.5a
2026-09-08 12:56:24 +0800: Memory Usage (745584K) : nwell DRC Total Run time 30.093146946 seconds
2026-09-08 12:56:25 +0800: Memory Usage (608940K) : ldmos_xtor has 0 polygons
2026-09-08 12:56:25 +0800: Memory Usage (659720K) : metal6_res has 0 polygons
2026-09-08 12:56:25 +0800: Memory Usage (608940K) : plfuse has 0 polygons
2026-09-08 12:56:25 +0800: Memory Usage (757020K) : Executing rule MDP.6
2026-09-08 12:56:25 +0800: Memory Usage (608940K) : efuse_mk has 0 polygons
2026-09-08 12:56:25 +0800: Memory Usage (659720K) : pr_bndry has 1 polygons
2026-09-08 12:56:25 +0800: Memory Usage (757020K) : Executing rule MDP.6a
2026-09-08 12:56:25 +0800: Memory Usage (605460K) : poly2 has 24914 polygons
2026-09-08 12:56:25 +0800: Memory Usage (608940K) : mcell_feol_mk has 0 polygons
2026-09-08 12:56:25 +0800: Memory Usage (659720K) : border has 0 polygons
2026-09-08 12:56:25 +0800: Memory Usage (757020K) : Executing rule MDP.7
2026-09-08 12:56:25 +0800: Memory Usage (659720K) : Total no. of polygons in the design is 221072
2026-09-08 12:56:25 +0800: Memory Usage (665028K) : drc_bjt DRC Total Run time 18.885407369 seconds
2026-09-08 12:56:25 +0800: Memory Usage (757020K) : Executing rule MDP.8
2026-09-08 12:56:25 +0800: Memory Usage (608940K) : ymtp_mk has 0 polygons
2026-09-08 12:56:25 +0800: Memory Usage (608940K) : dev_wf_mk has 0 polygons
2026-09-08 12:56:25 +0800: Memory Usage (608940K) : comp_label has 0 polygons
08-Sep-2026 12:56:26 | INFO    | Running Global Foundries 180nm MCU /workspace/iris_c3a247b9-0025-43e1-bae8-42a940fa0b63/Chip-Orchestra-review-latest/output/nanocgra_lite_3x3_opt/gds/nanocgra_lite_3x3_opt.gds checks on design nplus on cell NanoCGRA_Lite:
2026-09-08 12:56:25 +0800: Memory Usage (609044K) : nplus has 68 polygons
2026-09-08 12:56:25 +0800: Memory Usage (757020K) : Executing rule MDP.9a
2026-09-08 12:56:26 +0800: Memory Usage (609044K) : pplus has 2103 polygons
2026-09-08 12:56:26 +0800: Memory Usage (608940K) : poly2_label has 0 polygons
2026-09-08 12:56:26 +0800: Memory Usage (609044K) : sab has 0 polygons
2026-09-08 12:56:26 +0800: Memory Usage (608940K) : mdiode has 0 polygons
2026-09-08 12:56:26 +0800: Memory Usage (757020K) : Executing rule MDP.9b
2026-09-08 12:56:26 +0800: Memory Usage (609044K) : esd has 0 polygons
2026-09-08 12:56:25 +0800: Memory Usage (613508K) : via1 has 24400 polygons
2026-09-08 12:56:26 +0800: Memory Usage (608940K) : ndmy has 0 polygons
2026-09-08 12:56:26 +0800: Memory Usage (609044K) : resistor has 0 polygons
2026-09-08 12:56:26 +0800: Memory Usage (571196K) : Starting running GF180MCU Klayout DRC runset on /workspace/iris_c3a247b9-0025-43e1-bae8-42a940fa0b63/Chip-Orchestra-review-latest/output/nanocgra_lite_3x3_opt/gds/nanocgra_lite_3x3_opt.gds
2026-09-08 12:56:26 +0800: Memory Usage (649880K) : metal2_drawn has 17514 polygons
2026-09-08 12:56:26 +0800: Memory Usage (609044K) : fhres has 0 polygons
2026-09-08 12:56:26 +0800: Memory Usage (649880K) : metal2_dummy has 0 polygons
08-Sep-2026 12:56:26 | INFO    | Running Global Foundries 180nm MCU /workspace/iris_c3a247b9-0025-43e1-bae8-42a940fa0b63/Chip-Orchestra-review-latest/output/nanocgra_lite_3x3_opt/gds/nanocgra_lite_3x3_opt.gds checks on design contact on cell NanoCGRA_Lite:
2026-09-08 12:56:26 +0800: Memory Usage (609044K) : fusetop has 0 polygons
2026-09-08 12:56:26 +0800: Memory Usage (649880K) : metal2_label has 31 polygons
2026-09-08 12:56:26 +0800: Memory Usage (609044K) : fusewindow_d has 0 polygons
2026-09-08 12:56:26 +0800: Memory Usage (649880K) : metal2_slot has 0 polygons
2026-09-08 12:56:26 +0800: Memory Usage (609044K) : polyfuse has 0 polygons
2026-09-08 12:56:26 +0800: Memory Usage (571196K) : Ruby Version for klayout: 3.1.2
2026-09-08 12:56:26 +0800: Memory Usage (609044K) : mvsd has 0 polygons
2026-09-08 12:56:26 +0800: Memory Usage (593968K) : Loading database to memory is complete.
2026-09-08 12:56:26 +0800: Memory Usage (593968K) : GF180MCU Klayout DRC runset output at: /workspace/iris_c3a247b9-0025-43e1-bae8-42a940fa0b63/Chip-Orchestra-review-latest/output/nanocgra_lite_3x3_opt/reports/signoff/foundry_drc_full/nanocgra_lite_3x3_opt_via4.lyrdb
2026-09-08 12:56:26 +0800: Memory Usage (609044K) : mvpsd has 0 polygons
2026-09-08 12:56:26 +0800: Memory Usage (757020K) : Executing rule MDP.9c
2026-09-08 12:56:26 +0800: Memory Usage (649880K) : metal2_blk has 0 polygons
2026-09-08 12:56:26 +0800: Memory Usage (593968K) : Evaluate switches.
2026-09-08 12:56:26 +0800: Memory Usage (609044K) : nat has 0 polygons
2026-09-08 12:56:26 +0800: Memory Usage (593968K) : table_name selected  via4
2026-09-08 12:56:25 +0800: Memory Usage (616700K) : contact has 106822 polygons
2026-09-08 12:56:26 +0800: Memory Usage (609044K) : comp_dummy has 0 polygons
2026-09-08 12:56:26 +0800: Memory Usage (593968K) : CONNECTIVITY_RULES enabled: false
2026-09-08 12:56:26 +0800: Memory Usage (593968K) : Wedge enabled: false
2026-09-08 12:56:26 +0800: Memory Usage (627508K) : metal1_drawn has 27195 polygons
2026-09-08 12:56:26 +0800: Memory Usage (609044K) : poly2_dummy has 0 polygons
2026-09-08 12:56:26 +0800: Memory Usage (593968K) : Ball enabled: false
2026-09-08 12:56:27 +0800: Memory Usage (609044K) : schottky_diode has 0 polygons
2026-09-08 12:56:27 +0800: Memory Usage (593968K) : Gold enabled: false
2026-09-08 12:56:27 +0800: Memory Usage (627508K) : metal1_dummy has 0 polygons
2026-09-08 12:56:27 +0800: Memory Usage (609044K) : zener has 0 polygons
2026-09-08 12:56:27 +0800: Memory Usage (593968K) : MIM Option selected: B
2026-09-08 12:56:27 +0800: Memory Usage (627508K) : metal1_label has 0 polygons
2026-09-08 12:56:27 +0800: Memory Usage (593968K) : Offgrid enabled:  true
2026-09-08 12:56:27 +0800: Memory Usage (609044K) : res_mk has 0 polygons
2026-09-08 12:56:27 +0800: Memory Usage (627508K) : metal1_slot has 0 polygons
2026-09-08 12:56:26 +0800: Memory Usage (649880K) : via2 has 21863 polygons
2026-09-08 12:56:27 +0800: Memory Usage (593968K) : Number of threads to use 2
2026-09-08 12:56:27 +0800: Memory Usage (593968K) : Verbose mode: false
2026-09-08 12:56:27 +0800: Memory Usage (649880K) : metal3_drawn has 9853 polygons
2026-09-08 12:56:27 +0800: Memory Usage (593968K) : flat  mode is enabled for via4 table
2026-09-08 12:56:27 +0800: Memory Usage (649880K) : metal3_dummy has 0 polygons
2026-09-08 12:56:27 +0800: Memory Usage (593968K) : METAL_TOP Selected is 9K
2026-09-08 12:56:27 +0800: Memory Usage (609044K) : opc_drc has 0 polygons
2026-09-08 12:56:27 +0800: Memory Usage (649880K) : metal3_label has 0 polygons
2026-09-08 12:56:27 +0800: Memory Usage (593984K) : METAL_STACK Selected is 5LM
2026-09-08 12:56:27 +0800: Memory Usage (609044K) : v5_xtor has 1 polygons
2026-09-08 12:56:27 +0800: Memory Usage (593984K) : FEOL enabled: true
2026-09-08 12:56:27 +0800: Memory Usage (593984K) : BEOL enabled: true
2026-09-08 12:56:27 +0800: Memory Usage (649880K) : metal3_slot has 0 polygons
2026-09-08 12:56:27 +0800: Memory Usage (593984K) : SLOW_VIA enabled: false
2026-09-08 12:56:27 +0800: Memory Usage (609044K) : cap_mk has 0 polygons
2026-09-08 12:56:27 +0800: Memory Usage (649880K) : metal3_blk has 0 polygons
2026-09-08 12:56:27 +0800: Memory Usage (609044K) : mos_cap_mk has 0 polygons
2026-09-08 12:56:27 +0800: Memory Usage (609044K) : ind_mk has 0 polygons
2026-09-08 12:56:26 +0800: Memory Usage (608940K) : pmndmy has 0 polygons
2026-09-08 12:56:27 +0800: Memory Usage (609044K) : diode_mk has 0 polygons
2026-09-08 12:56:27 +0800: Memory Usage (571224K) : Starting running GF180MCU Klayout DRC runset on /workspace/iris_c3a247b9-0025-43e1-bae8-42a940fa0b63/Chip-Orchestra-review-latest/output/nanocgra_lite_3x3_opt/gds/nanocgra_lite_3x3_opt.gds
2026-09-08 12:56:27 +0800: Memory Usage (649880K) : via3 has 8264 polygons
2026-09-08 12:56:27 +0800: Memory Usage (609044K) : drc_bjt has 0 polygons
2026-09-08 12:56:27 +0800: Memory Usage (610732K) : metal1_drawn has 27195 polygons
2026-09-08 12:56:27 +0800: Memory Usage (649880K) : metal4_drawn has 1492 polygons
2026-09-08 12:56:27 +0800: Memory Usage (609044K) : lvs_bjt has 0 polygons
2026-09-08 12:56:27 +0800: Memory Usage (571348K) : Starting running GF180MCU Klayout DRC runset on /workspace/iris_c3a247b9-0025-43e1-bae8-42a940fa0b63/Chip-Orchestra-review-latest/output/nanocgra_lite_3x3_opt/gds/nanocgra_lite_3x3_opt.gds
2026-09-08 12:56:27 +0800: Memory Usage (593984K) : Read in polygons from layers.
2026-09-08 12:56:27 +0800: Memory Usage (609044K) : mim_l_mk has 0 polygons
2026-09-08 12:56:27 +0800: Memory Usage (610732K) : metal1_dummy has 0 polygons
2026-09-08 12:56:28 +0800: Memory Usage (596232K) : comp has 17798 polygons
2026-09-08 12:56:28 +0800: Memory Usage (610732K) : metal1_label has 0 polygons
2026-09-08 12:56:27 +0800: Memory Usage (649880K) : metal4_dummy has 0 polygons
2026-09-08 12:56:28 +0800: Memory Usage (610732K) : metal1_slot has 0 polygons
2026-09-08 12:56:27 +0800: Memory Usage (571224K) : Ruby Version for klayout: 3.1.2
2026-09-08 12:56:27 +0800: Memory Usage (627508K) : metal1_blk has 0 polygons
2026-09-08 12:56:28 +0800: Memory Usage (609044K) : latchup_mk has 0 polygons
2026-09-08 12:56:28 +0800: Memory Usage (649880K) : metal4_label has 0 polygons
2026-09-08 12:56:28 +0800: Memory Usage (593972K) : Loading database to memory is complete.
2026-09-08 12:56:28 +0800: Memory Usage (609044K) : guard_ring_mk has 0 polygons
2026-09-08 12:56:28 +0800: Memory Usage (593972K) : GF180MCU Klayout DRC runset output at: /workspace/iris_c3a247b9-0025-43e1-bae8-42a940fa0b63/Chip-Orchestra-review-latest/output/nanocgra_lite_3x3_opt/reports/signoff/foundry_drc_full/nanocgra_lite_3x3_opt_poly2.lyrdb
2026-09-08 12:56:28 +0800: Memory Usage (649880K) : metal4_slot has 0 polygons
2026-09-08 12:56:28 +0800: Memory Usage (596232K) : dnwell has 0 polygons
2026-09-08 12:56:28 +0800: Memory Usage (660084K) : metal2_drawn has 17514 polygons
2026-09-08 12:56:28 +0800: Memory Usage (571348K) : Ruby Version for klayout: 3.1.2
2026-09-08 12:56:28 +0800: Memory Usage (593972K) : Evaluate switches.
2026-09-08 12:56:28 +0800: Memory Usage (609044K) : otp_mk has 0 polygons
2026-09-08 12:56:28 +0800: Memory Usage (593864K) : Loading database to memory is complete.
2026-09-08 12:56:28 +0800: Memory Usage (593972K) : table_name selected  poly2
2026-09-08 12:56:28 +0800: Memory Usage (649880K) : metal4_blk has 0 polygons
2026-09-08 12:56:28 +0800: Memory Usage (609044K) : mtpmark has 0 polygons
2026-09-08 12:56:28 +0800: Memory Usage (660084K) : metal2_dummy has 0 polygons
2026-09-08 12:56:28 +0800: Memory Usage (593864K) : GF180MCU Klayout DRC runset output at: /workspace/iris_c3a247b9-0025-43e1-bae8-42a940fa0b63/Chip-Orchestra-review-latest/output/nanocgra_lite_3x3_opt/reports/signoff/foundry_drc_full/nanocgra_lite_3x3_opt_metal1_split.lyrdb
2026-09-08 12:56:28 +0800: Memory Usage (593972K) : CONNECTIVITY_RULES enabled: false
2026-09-08 12:56:28 +0800: Memory Usage (649880K) : via4 has 4611 polygons
2026-09-08 12:56:28 +0800: Memory Usage (609044K) : neo_ee_mk has 0 polygons
2026-09-08 12:56:28 +0800: Memory Usage (593972K) : Wedge enabled: false
2026-09-08 12:56:28 +0800: Memory Usage (593864K) : Evaluate switches.
2026-09-08 12:56:28 +0800: Memory Usage (660084K) : metal2_label has 31 polygons
2026-09-08 12:56:28 +0800: Memory Usage (649880K) : metal5_drawn has 269 polygons
2026-09-08 12:56:28 +0800: Memory Usage (593864K) : table_name selected  metal1_split
2026-09-08 12:56:28 +0800: Memory Usage (593972K) : Ball enabled: false
2026-09-08 12:56:28 +0800: Memory Usage (609044K) : sramcore has 0 polygons
2026-09-08 12:56:28 +0800: Memory Usage (660084K) : metal2_slot has 0 polygons
2026-09-08 12:56:28 +0800: Memory Usage (593972K) : Gold enabled: false
2026-09-08 12:56:28 +0800: Memory Usage (593864K) : CONNECTIVITY_RULES enabled: false
2026-09-08 12:56:28 +0800: Memory Usage (649880K) : metal5_dummy has 0 polygons
2026-09-08 12:56:28 +0800: Memory Usage (609044K) : lvs_rf has 0 polygons
2026-09-08 12:56:28 +0800: Memory Usage (593972K) : MIM Option selected: B
2026-09-08 12:56:28 +0800: Memory Usage (593864K) : Wedge enabled: false
2026-09-08 12:56:28 +0800: Memory Usage (609044K) : lvs_drain has 0 polygons
2026-09-08 12:56:28 +0800: Memory Usage (601028K) : nwell has 67 polygons
2026-09-08 12:56:28 +0800: Memory Usage (593864K) : Ball enabled: false
2026-09-08 12:56:28 +0800: Memory Usage (593988K) : Offgrid enabled:  true
2026-09-08 12:56:28 +0800: Memory Usage (593864K) : Gold enabled: false
2026-09-08 12:56:28 +0800: Memory Usage (593988K) : Number of threads to use 2
2026-09-08 12:56:28 +0800: Memory Usage (649880K) : metal5_label has 0 polygons
2026-09-08 12:56:28 +0800: Memory Usage (571220K) : Starting running GF180MCU Klayout DRC runset on /workspace/iris_c3a247b9-0025-43e1-bae8-42a940fa0b63/Chip-Orchestra-review-latest/output/nanocgra_lite_3x3_opt/gds/nanocgra_lite_3x3_opt.gds
2026-09-08 12:56:28 +0800: Memory Usage (593880K) : MIM Option selected: B
2026-09-08 12:56:28 +0800: Memory Usage (609044K) : ind_mk has 0 polygons
2026-09-08 12:56:28 +0800: Memory Usage (593988K) : Verbose mode: false
2026-09-08 12:56:28 +0800: Memory Usage (593880K) : Offgrid enabled:  true
2026-09-08 12:56:28 +0800: Memory Usage (649880K) : metal5_slot has 0 polygons
2026-09-08 12:56:28 +0800: Memory Usage (609044K) : hvpolyrs has 0 polygons
2026-09-08 12:56:28 +0800: Memory Usage (593880K) : Number of threads to use 2
2026-09-08 12:56:28 +0800: Memory Usage (593988K) : flat  mode is enabled for poly2 table
2026-09-08 12:56:28 +0800: Memory Usage (660084K) : metal2_blk has 0 polygons
2026-09-08 12:56:28 +0800: Memory Usage (649880K) : metal5_blk has 0 polygons
2026-09-08 12:56:28 +0800: Memory Usage (593880K) : Verbose mode: false
2026-09-08 12:56:28 +0800: Memory Usage (609044K) : lvs_io has 0 polygons
2026-09-08 12:56:28 +0800: Memory Usage (601172K) : lvpwell has 68 polygons
2026-09-08 12:56:28 +0800: Memory Usage (593988K) : METAL_TOP Selected is 9K
2026-09-08 12:56:28 +0800: Memory Usage (593880K) : deep  mode is enabled for metal1_split table
2026-09-08 12:56:28 +0800: Memory Usage (660084K) : metal3_drawn has 9853 polygons
2026-09-08 12:56:29 +0800: Memory Usage (609044K) : probe_mk has 0 polygons
2026-09-08 12:56:28 +0800: Memory Usage (649880K) : pad has 0 polygons
2026-09-08 12:56:28 +0800: Memory Usage (571220K) : Ruby Version for klayout: 3.1.2
2026-09-08 12:56:29 +0800: Memory Usage (593880K) : METAL_TOP Selected is 9K
2026-09-08 12:56:28 +0800: Memory Usage (610732K) : metal1_blk has 0 polygons
2026-09-08 12:56:29 +0800: Memory Usage (593988K) : METAL_STACK Selected is 5LM
2026-09-08 12:56:29 +0800: Memory Usage (660084K) : metal3_dummy has 0 polygons
2026-09-08 12:56:29 +0800: Memory Usage (594000K) : Loading database to memory is complete.
2026-09-08 12:56:29 +0800: Memory Usage (609044K) : esd_mk has 0 polygons
2026-09-08 12:56:29 +0800: Memory Usage (649880K) : ubmpperi has 0 polygons
2026-09-08 12:56:29 +0800: Memory Usage (593880K) : METAL_STACK Selected is 5LM
2026-09-08 12:56:29 +0800: Memory Usage (593988K) : FEOL enabled: true
2026-09-08 12:56:29 +0800: Memory Usage (594000K) : GF180MCU Klayout DRC runset output at: /workspace/iris_c3a247b9-0025-43e1-bae8-42a940fa0b63/Chip-Orchestra-review-latest/output/nanocgra_lite_3x3_opt/reports/signoff/foundry_drc_full/nanocgra_lite_3x3_opt_nplus.lyrdb
2026-09-08 12:56:29 +0800: Memory Usage (609044K) : lvs_source has 0 polygons
2026-09-08 12:56:29 +0800: Memory Usage (660084K) : metal3_label has 0 polygons
2026-09-08 12:56:29 +0800: Memory Usage (649880K) : ubmparray has 0 polygons
2026-09-08 12:56:29 +0800: Memory Usage (593880K) : FEOL enabled: true
2026-09-08 12:56:29 +0800: Memory Usage (593988K) : BEOL enabled: true
2026-09-08 12:56:29 +0800: Memory Usage (594000K) : Evaluate switches.
2026-09-08 12:56:29 +0800: Memory Usage (609044K) : well_diode_mk has 0 polygons
2026-09-08 12:56:29 +0800: Memory Usage (593880K) : BEOL enabled: true
2026-09-08 12:56:29 +0800: Memory Usage (660084K) : metal3_slot has 0 polygons
2026-09-08 12:56:29 +0800: Memory Usage (647356K) : metal2_drawn has 17514 polygons
2026-09-08 12:56:29 +0800: Memory Usage (593988K) : SLOW_VIA enabled: false
2026-09-08 12:56:29 +0800: Memory Usage (594000K) : table_name selected  nplus
2026-09-08 12:56:29 +0800: Memory Usage (593880K) : SLOW_VIA enabled: false
2026-09-08 12:56:29 +0800: Memory Usage (594016K) : CONNECTIVITY_RULES enabled: false
2026-09-08 12:56:29 +0800: Memory Usage (647356K) : metal2_dummy has 0 polygons
2026-09-08 12:56:29 +0800: Memory Usage (649880K) : ubmeplate has 0 polygons
2026-09-08 12:56:29 +0800: Memory Usage (594016K) : Wedge enabled: false
2026-09-08 12:56:29 +0800: Memory Usage (660084K) : metal3_blk has 0 polygons
2026-09-08 12:56:29 +0800: Memory Usage (609044K) : ldmos_xtor has 0 polygons
2026-09-08 12:56:29 +0800: Memory Usage (647356K) : metal2_label has 31 polygons
2026-09-08 12:56:29 +0800: Memory Usage (594016K) : Ball enabled: false
2026-09-08 12:56:29 +0800: Memory Usage (571212K) : Starting running GF180MCU Klayout DRC runset on /workspace/iris_c3a247b9-0025-43e1-bae8-42a940fa0b63/Chip-Orchestra-review-latest/output/nanocgra_lite_3x3_opt/gds/nanocgra_lite_3x3_opt.gds
2026-09-08 12:56:29 +0800: Memory Usage (649880K) : metal1_res has 0 polygons
2026-09-08 12:56:29 +0800: Memory Usage (609044K) : plfuse has 0 polygons
2026-09-08 12:56:29 +0800: Memory Usage (594016K) : Gold enabled: false
2026-09-08 12:56:29 +0800: Memory Usage (647356K) : metal2_slot has 0 polygons
2026-09-08 12:56:29 +0800: Memory Usage (649880K) : metal2_res has 0 polygons
2026-09-08 12:56:29 +0800: Memory Usage (593880K) : Read in polygons from layers.
2026-09-08 12:56:29 +0800: Memory Usage (594016K) : MIM Option selected: B
2026-09-08 12:56:29 +0800: Memory Usage (609044K) : efuse_mk has 0 polygons
2026-09-08 12:56:29 +0800: Memory Usage (605156K) : dualgate has 1 polygons
2026-09-08 12:56:29 +0800: Memory Usage (594016K) : Offgrid enabled:  true
2026-09-08 12:56:29 +0800: Memory Usage (649880K) : metal3_res has 0 polygons
2026-09-08 12:56:29 +0800: Memory Usage (594536K) : comp has 17801 polygons
2026-09-08 12:56:29 +0800: Memory Usage (609044K) : mcell_feol_mk has 0 polygons
2026-09-08 12:56:29 +0800: Memory Usage (594016K) : Number of threads to use 2
2026-09-08 12:56:29 +0800: Memory Usage (660084K) : via3 has 8264 polygons
2026-09-08 12:56:29 +0800: Memory Usage (649880K) : metal4_res has 0 polygons
2026-09-08 12:56:29 +0800: Memory Usage (594016K) : Verbose mode: false
2026-09-08 12:56:29 +0800: Memory Usage (594536K) : dnwell has 0 polygons
2026-09-08 12:56:29 +0800: Memory Usage (609044K) : ymtp_mk has 0 polygons
2026-09-08 12:56:29 +0800: Memory Usage (594016K) : flat  mode is enabled for nplus table
2026-09-08 12:56:29 +0800: Memory Usage (593988K) : Read in polygons from layers.
2026-09-08 12:56:29 +0800: Memory Usage (649880K) : metal5_res has 0 polygons
2026-09-08 12:56:29 +0800: Memory Usage (594016K) : METAL_TOP Selected is 9K
2026-09-08 12:56:29 +0800: Memory Usage (660084K) : metal4_drawn has 1492 polygons
2026-09-08 12:56:29 +0800: Memory Usage (609044K) : dev_wf_mk has 0 polygons
2026-09-08 12:56:29 +0800: Memory Usage (594536K) : nwell has 15936 polygons
2026-09-08 12:56:29 +0800: Memory Usage (596240K) : comp has 17798 polygons
2026-09-08 12:56:29 +0800: Memory Usage (594016K) : METAL_STACK Selected is 5LM
2026-09-08 12:56:29 +0800: Memory Usage (647356K) : metal2_blk has 0 polygons
2026-09-08 12:56:29 +0800: Memory Usage (660084K) : metal4_dummy has 0 polygons
2026-09-08 12:56:29 +0800: Memory Usage (609044K) : comp_label has 0 polygons
2026-09-08 12:56:29 +0800: Memory Usage (571228K) : Ruby Version for klayout: 3.1.2
2026-09-08 12:56:29 +0800: Memory Usage (594016K) : FEOL enabled: true
2026-09-08 12:56:29 +0800: Memory Usage (594536K) : lvpwell has 15936 polygons
2026-09-08 12:56:29 +0800: Memory Usage (660084K) : metal4_label has 0 polygons
2026-09-08 12:56:29 +0800: Memory Usage (594016K) : BEOL enabled: true
2026-09-08 12:56:29 +0800: Memory Usage (605360K) : poly2 has 24914 polygons
2026-09-08 12:56:29 +0800: Memory Usage (593976K) : Loading database to memory is complete.
2026-09-08 12:56:29 +0800: Memory Usage (609044K) : poly2_label has 0 polygons
2026-09-08 12:56:29 +0800: Memory Usage (594016K) : SLOW_VIA enabled: false
2026-09-08 12:56:29 +0800: Memory Usage (647356K) : metal3_drawn has 9853 polygons
2026-09-08 12:56:29 +0800: Memory Usage (660084K) : metal4_slot has 0 polygons
2026-09-08 12:56:29 +0800: Memory Usage (593976K) : GF180MCU Klayout DRC runset output at: /workspace/iris_c3a247b9-0025-43e1-bae8-42a940fa0b63/Chip-Orchestra-review-latest/output/nanocgra_lite_3x3_opt/reports/signoff/foundry_drc_full/nanocgra_lite_3x3_opt_contact.lyrdb
2026-09-08 12:56:29 +0800: Memory Usage (649880K) : metal6_res has 0 polygons
2026-09-08 12:56:29 +0800: Memory Usage (594536K) : dualgate has 15936 polygons
2026-09-08 12:56:30 +0800: Memory Usage (593976K) : Evaluate switches.
2026-09-08 12:56:30 +0800: Memory Usage (647356K) : metal3_dummy has 0 polygons
2026-09-08 12:56:29 +0800: Memory Usage (609044K) : mdiode has 0 polygons
2026-09-08 12:56:30 +0800: Memory Usage (660084K) : metal4_blk has 0 polygons
2026-09-08 12:56:30 +0800: Memory Usage (593976K) : table_name selected  contact
2026-09-08 12:56:30 +0800: Memory Usage (647356K) : metal3_label has 0 polygons
2026-09-08 12:56:30 +0800: Memory Usage (609044K) : ndmy has 0 polygons
2026-09-08 12:56:29 +0800: Memory Usage (596240K) : dnwell has 0 polygons
2026-09-08 12:56:30 +0800: Memory Usage (593976K) : CONNECTIVITY_RULES enabled: false
2026-09-08 12:56:30 +0800: Memory Usage (660084K) : via4 has 4611 polygons
2026-09-08 12:56:30 +0800: Memory Usage (594536K) : poly2 has 28468 polygons
2026-09-08 12:56:30 +0800: Memory Usage (647356K) : metal3_slot has 0 polygons
2026-09-08 12:56:30 +0800: Memory Usage (593976K) : Wedge enabled: false
2026-09-08 12:56:30 +0800: Memory Usage (649880K) : pr_bndry has 1 polygons
2026-09-08 12:56:26 +0800: Memory Usage (757020K) : Executing rule MDP.9d
2026-09-08 12:56:30 +0800: Memory Usage (660084K) : metal5_drawn has 269 polygons
2026-09-08 12:56:30 +0800: Memory Usage (593976K) : Ball enabled: false
2026-09-08 12:56:30 +0800: Memory Usage (649880K) : border has 0 polygons
2026-09-08 12:56:30 +0800: Memory Usage (594536K) : nplus has 15936 polygons
2026-09-08 12:56:30 +0800: Memory Usage (593976K) : Gold enabled: false
2026-09-08 12:56:30 +0800: Memory Usage (594536K) : pplus has 17972 polygons
2026-09-08 12:56:29 +0800: Memory Usage (608944K) : nplus has 68 polygons
2026-09-08 12:56:30 +0800: Memory Usage (757020K) : Executing rule MDP.9ei
2026-09-08 12:56:30 +0800: Memory Usage (647356K) : metal3_blk has 0 polygons
2026-09-08 12:56:30 +0800: Memory Usage (649880K) : Total no. of polygons in the design is 160513
2026-09-08 12:56:30 +0800: Memory Usage (594032K) : Read in polygons from layers.
2026-09-08 12:56:30 +0800: Memory Usage (593976K) : MIM Option selected: B
2026-09-08 12:56:30 +0800: Memory Usage (608944K) : pplus has 2103 polygons
2026-09-08 12:56:30 +0800: Memory Usage (594536K) : sab has 0 polygons
2026-09-08 12:56:30 +0800: Memory Usage (593976K) : Offgrid enabled:  true
2026-09-08 12:56:30 +0800: Memory Usage (596284K) : comp has 17798 polygons
2026-09-08 12:56:30 +0800: Memory Usage (608944K) : sab has 0 polygons
2026-09-08 12:56:30 +0800: Memory Usage (594536K) : esd has 0 polygons
2026-09-08 12:56:30 +0800: Memory Usage (660084K) : metal5_dummy has 0 polygons
2026-09-08 12:56:30 +0800: Memory Usage (593992K) : Number of threads to use 2
2026-09-08 12:56:30 +0800: Memory Usage (608944K) : esd has 0 polygons
2026-09-08 12:56:30 +0800: Memory Usage (757020K) : Executing rule MDP.9eii
2026-09-08 12:56:30 +0800: Memory Usage (660084K) : metal5_label has 0 polygons
2026-09-08 12:56:30 +0800: Memory Usage (593992K) : Verbose mode: false
2026-09-08 12:56:25 +0800: Memory Usage (659720K) : Starting deriving base layers.
2026-09-08 12:56:30 +0800: Memory Usage (601036K) : nwell has 67 polygons
2026-09-08 12:56:30 +0800: Memory Usage (594536K) : resistor has 0 polygons
2026-09-08 12:56:30 +0800: Memory Usage (608944K) : resistor has 0 polygons
2026-09-08 12:56:30 +0800: Memory Usage (593992K) : flat  mode is enabled for contact table
2026-09-08 12:56:30 +0800: Memory Usage (647356K) : via3 has 8264 polygons
2026-09-08 12:56:30 +0800: Memory Usage (660084K) : metal5_slot has 0 polygons
2026-09-08 12:56:30 +0800: Memory Usage (608944K) : fhres has 0 polygons
2026-09-08 12:56:30 +0800: Memory Usage (594536K) : fhres has 0 polygons
2026-09-08 12:56:30 +0800: Memory Usage (757020K) : Executing rule MDP.9f
2026-09-08 12:56:30 +0800: Memory Usage (676940K) : Total area of the design is 302500.0 um^2.
2026-09-08 12:56:30 +0800: Memory Usage (593992K) : METAL_TOP Selected is 9K
2026-09-08 12:56:30 +0800: Memory Usage (660084K) : metal5_blk has 0 polygons
2026-09-08 12:56:30 +0800: Memory Usage (594536K) : fusetop has 0 polygons
2026-09-08 12:56:30 +0800: Memory Usage (593992K) : METAL_STACK Selected is 5LM
2026-09-08 12:56:30 +0800: Memory Usage (676940K) : Starting GF180MCU DRC rules.
2026-09-08 12:56:24 +0800: Memory Usage (601556K) : Starting deriving base layers.
2026-09-08 12:56:30 +0800: Memory Usage (596284K) : dnwell has 0 polygons
2026-09-08 12:56:30 +0800: Memory Usage (757020K) : Executing rule MDP.10
2026-09-08 12:56:30 +0800: Memory Usage (608944K) : fusetop has 0 polygons
2026-09-08 12:56:30 +0800: Memory Usage (593992K) : FEOL enabled: true
2026-09-08 12:56:30 +0800: Memory Usage (660084K) : pad has 0 polygons
2026-09-08 12:56:30 +0800: Memory Usage (897236K) : Total area of the design is 302500.0 um^2.
2026-09-08 12:56:30 +0800: Memory Usage (676940K) : Running all FEOL rules
2026-09-08 12:56:30 +0800: Memory Usage (647356K) : metal4_drawn has 1492 polygons
2026-09-08 12:56:30 +0800: Memory Usage (608944K) : fusewindow_d has 0 polygons
2026-09-08 12:56:30 +0800: Memory Usage (593992K) : BEOL enabled: true
2026-09-08 12:56:30 +0800: Memory Usage (660084K) : ubmpperi has 0 polygons
2026-09-08 12:56:30 +0800: Memory Usage (897236K) : Starting GF180MCU DRC rules.
2026-09-08 12:56:30 +0800: Memory Usage (676940K) : Running all BEOL rules
2026-09-08 12:56:30 +0800: Memory Usage (593992K) : SLOW_VIA enabled: false
2026-09-08 12:56:30 +0800: Memory Usage (594536K) : fusewindow_d has 0 polygons
2026-09-08 12:56:30 +0800: Memory Usage (647356K) : metal4_dummy has 0 polygons
2026-09-08 12:56:30 +0800: Memory Usage (601176K) : lvpwell has 68 polygons
2026-09-08 12:56:30 +0800: Memory Usage (608944K) : polyfuse has 0 polygons
2026-09-08 12:56:30 +0800: Memory Usage (660084K) : ubmparray has 0 polygons
2026-09-08 12:56:30 +0800: Memory Usage (897236K) : Running all FEOL rules
2026-09-08 12:56:30 +0800: Memory Usage (757020K) : CONNECTIVITY_RULES section
2026-09-08 12:56:30 +0800: Memory Usage (647356K) : metal4_label has 0 polygons
2026-09-08 12:56:30 +0800: Memory Usage (594536K) : polyfuse has 0 polygons
2026-09-08 12:56:30 +0800: Memory Usage (608944K) : mvsd has 0 polygons
2026-09-08 12:56:30 +0800: Memory Usage (897236K) : Running all BEOL rules
2026-09-08 12:56:30 +0800: Memory Usage (660084K) : ubmeplate has 0 polygons
2026-09-08 12:56:30 +0800: Memory Usage (676940K) : Starting EFUSE derivations
2026-09-08 12:56:30 +0800: Memory Usage (608944K) : mvpsd has 0 polygons
2026-09-08 12:56:30 +0800: Memory Usage (594536K) : mvsd has 0 polygons
2026-09-08 12:56:30 +0800: Memory Usage (647356K) : metal4_slot has 0 polygons
2026-09-08 12:56:30 +0800: Memory Usage (757020K) : Executing rule MDP.10a
2026-09-08 12:56:30 +0800: Memory Usage (601072K) : nwell has 67 polygons
2026-09-08 12:56:30 +0800: Memory Usage (608944K) : nat has 0 polygons
2026-09-08 12:56:30 +0800: Memory Usage (594536K) : mvpsd has 0 polygons
2026-09-08 12:56:30 +0800: Memory Usage (676940K) : Executing rule EF.01
2026-09-08 12:56:30 +0800: Memory Usage (757020K) : Executing rule MDP.10b
2026-09-08 12:56:31 +0800: Memory Usage (608944K) : comp_dummy has 0 polygons
2026-09-08 12:56:30 +0800: Memory Usage (647356K) : metal4_blk has 0 polygons
2026-09-08 12:56:31 +0800: Memory Usage (594536K) : nat has 0 polygons
2026-09-08 12:56:31 +0800: Memory Usage (676940K) : Executing rule EF.02
2026-09-08 12:56:30 +0800: Memory Usage (660084K) : metal1_res has 0 polygons
2026-09-08 12:56:31 +0800: Memory Usage (608944K) : poly2_dummy has 0 polygons
2026-09-08 12:56:31 +0800: Memory Usage (594536K) : comp_dummy has 0 polygons
2026-09-08 12:56:30 +0800: Memory Usage (609044K) : pmndmy has 0 polygons
2026-09-08 12:56:31 +0800: Memory Usage (608944K) : schottky_diode has 0 polygons
2026-09-08 12:56:31 +0800: Memory Usage (660084K) : metal2_res has 0 polygons
2026-09-08 12:56:31 +0800: Memory Usage (647356K) : via4 has 4611 polygons
2026-09-08 12:56:31 +0800: Memory Usage (594536K) : poly2_dummy has 0 polygons
2026-09-08 12:56:31 +0800: Memory Usage (757020K) : Executing rule MDP.11
2026-09-08 12:56:30 +0800: Memory Usage (593992K) : Read in polygons from layers.
2026-09-08 12:56:31 +0800: Memory Usage (594536K) : schottky_diode has 0 polygons
2026-09-08 12:56:31 +0800: Memory Usage (596244K) : comp has 17798 polygons
2026-09-08 12:56:31 +0800: Memory Usage (660084K) : metal3_res has 0 polygons
2026-09-08 12:56:31 +0800: Memory Usage (647356K) : metal5_drawn has 269 polygons
2026-09-08 12:56:31 +0800: Memory Usage (601216K) : lvpwell has 68 polygons
2026-09-08 12:56:31 +0800: Memory Usage (594536K) : zener has 0 polygons
2026-09-08 12:56:31 +0800: Memory Usage (660084K) : metal4_res has 0 polygons
2026-09-08 12:56:31 +0800: Memory Usage (608944K) : zener has 0 polygons
2026-09-08 12:56:31 +0800: Memory Usage (594536K) : res_mk has 0 polygons
2026-09-08 12:56:31 +0800: Memory Usage (660084K) : metal5_res has 0 polygons
2026-09-08 12:56:31 +0800: Memory Usage (608944K) : res_mk has 0 polygons
2026-09-08 12:56:30 +0800: Memory Usage (605160K) : dualgate has 1 polygons
2026-09-08 12:56:31 +0800: Memory Usage (647356K) : metal5_dummy has 0 polygons
2026-09-08 12:56:31 +0800: Memory Usage (594536K) : opc_drc has 0 polygons
2026-09-08 12:56:30 +0800: Memory Usage (897236K) : via3_split DRC Total Run time 14.387161648 seconds
2026-09-08 12:56:31 +0800: Memory Usage (594536K) : v5_xtor has 15936 polygons
2026-09-08 12:56:31 +0800: Memory Usage (647356K) : metal5_label has 0 polygons
2026-09-08 12:56:31 +0800: Memory Usage (596244K) : dnwell has 0 polygons
2026-09-08 12:56:31 +0800: Memory Usage (594536K) : cap_mk has 0 polygons
2026-09-08 12:56:31 +0800: Memory Usage (647356K) : metal5_slot has 0 polygons
2026-09-08 12:56:31 +0800: Memory Usage (676940K) : Executing rule EF.03
2026-09-08 12:56:31 +0800: Memory Usage (594536K) : mos_cap_mk has 0 polygons
2026-09-08 12:56:31 +0800: Memory Usage (660084K) : metal6_res has 0 polygons
2026-09-08 12:56:31 +0800: Memory Usage (608944K) : opc_drc has 0 polygons
2026-09-08 12:56:31 +0800: Memory Usage (679108K) : Executing rule EF.04a
2026-09-08 12:56:31 +0800: Memory Usage (647356K) : metal5_blk has 0 polygons
2026-09-08 12:56:31 +0800: Memory Usage (757020K) : Executing rule MDP.12
2026-09-08 12:56:31 +0800: Memory Usage (594536K) : ind_mk has 0 polygons
2026-09-08 12:56:31 +0800: Memory Usage (608944K) : v5_xtor has 1 polygons
2026-09-08 12:56:31 +0800: Memory Usage (679108K) : Executing rule EF.04b
2026-09-08 12:56:31 +0800: Memory Usage (647356K) : pad has 0 polygons
2026-09-08 12:56:31 +0800: Memory Usage (594536K) : diode_mk has 0 polygons
2026-09-08 12:56:31 +0800: Memory Usage (605364K) : poly2 has 24914 polygons
2026-09-08 12:56:31 +0800: Memory Usage (608944K) : cap_mk has 0 polygons
2026-09-08 12:56:31 +0800: Memory Usage (594536K) : drc_bjt has 0 polygons
2026-09-08 12:56:31 +0800: Memory Usage (679108K) : Executing rule EF.04c
2026-09-08 12:56:31 +0800: Memory Usage (647356K) : ubmpperi has 0 polygons
2026-09-08 12:56:31 +0800: Memory Usage (660084K) : pr_bndry has 1 polygons
2026-09-08 12:56:31 +0800: Memory Usage (594536K) : lvs_bjt has 0 polygons
2026-09-08 12:56:31 +0800: Memory Usage (679108K) : Executing rule EF.04d
2026-09-08 12:56:31 +0800: Memory Usage (608944K) : mos_cap_mk has 0 polygons
2026-09-08 12:56:31 +0800: Memory Usage (647356K) : ubmparray has 0 polygons
2026-09-08 12:56:31 +0800: Memory Usage (601040K) : nwell has 67 polygons
2026-09-08 12:56:31 +0800: Memory Usage (660084K) : border has 0 polygons
2026-09-08 12:56:31 +0800: Memory Usage (594536K) : mim_l_mk has 0 polygons
2026-09-08 12:56:31 +0800: Memory Usage (679108K) : Executing rule EF.05
2026-09-08 12:56:31 +0800: Memory Usage (605200K) : dualgate has 1 polygons
2026-09-08 12:56:31 +0800: Memory Usage (647356K) : ubmeplate has 0 polygons
2026-09-08 12:56:31 +0800: Memory Usage (660084K) : Total no. of polygons in the design is 221072
2026-09-08 12:56:31 +0800: Memory Usage (679108K) : Executing rule EF.06
2026-09-08 12:56:31 +0800: Memory Usage (594536K) : latchup_mk has 0 polygons
2026-09-08 12:56:31 +0800: Memory Usage (608944K) : ind_mk has 0 polygons
2026-09-08 12:56:31 +0800: Memory Usage (679108K) : Executing rule EF.07
2026-09-08 12:56:31 +0800: Memory Usage (594536K) : guard_ring_mk has 0 polygons
2026-09-08 12:56:31 +0800: Memory Usage (608944K) : diode_mk has 0 polygons
2026-09-08 12:56:31 +0800: Memory Usage (608948K) : nplus has 68 polygons
2026-09-08 12:56:31 +0800: Memory Usage (647356K) : metal1_res has 0 polygons
2026-09-08 12:56:32 +0800: Memory Usage (594536K) : otp_mk has 0 polygons
2026-09-08 12:56:32 +0800: Memory Usage (608944K) : drc_bjt has 0 polygons
2026-09-08 12:56:31 +0800: Memory Usage (601180K) : lvpwell has 68 polygons
2026-09-08 12:56:32 +0800: Memory Usage (608948K) : pplus has 2103 polygons
2026-09-08 12:56:32 +0800: Memory Usage (647356K) : metal2_res has 0 polygons
2026-09-08 12:56:32 +0800: Memory Usage (594536K) : mtpmark has 0 polygons
2026-09-08 12:56:32 +0800: Memory Usage (679108K) : Executing rule EF.08
2026-09-08 12:56:32 +0800: Memory Usage (608944K) : lvs_bjt has 0 polygons
2026-09-08 12:56:32 +0800: Memory Usage (608948K) : sab has 0 polygons
2026-09-08 12:56:31 +0800: Memory Usage (605404K) : poly2 has 24914 polygons
2026-09-08 12:56:32 +0800: Memory Usage (608944K) : mim_l_mk has 0 polygons
2026-09-08 12:56:32 +0800: Memory Usage (647356K) : metal3_res has 0 polygons
2026-09-08 12:56:32 +0800: Memory Usage (608948K) : esd has 0 polygons
2026-09-08 12:56:32 +0800: Memory Usage (594536K) : neo_ee_mk has 0 polygons
2026-09-08 12:56:32 +0800: Memory Usage (679108K) : Executing rule EF.09
08-Sep-2026 12:56:32 | INFO    | Running Global Foundries 180nm MCU /workspace/iris_c3a247b9-0025-43e1-bae8-42a940fa0b63/Chip-Orchestra-review-latest/output/nanocgra_lite_3x3_opt/gds/nanocgra_lite_3x3_opt.gds checks on design via1_split on cell NanoCGRA_Lite:
2026-09-08 12:56:32 +0800: Memory Usage (608944K) : latchup_mk has 0 polygons
2026-09-08 12:56:32 +0800: Memory Usage (608948K) : resistor has 0 polygons
2026-09-08 12:56:32 +0800: Memory Usage (647356K) : metal4_res has 0 polygons
2026-09-08 12:56:32 +0800: Memory Usage (679108K) : Executing rule EF.10
2026-09-08 12:56:32 +0800: Memory Usage (594536K) : sramcore has 0 polygons
2026-09-08 12:56:32 +0800: Memory Usage (608944K) : guard_ring_mk has 0 polygons
2026-09-08 12:56:32 +0800: Memory Usage (608948K) : fhres has 0 polygons
2026-09-08 12:56:32 +0800: Memory Usage (647356K) : metal5_res has 0 polygons
2026-09-08 12:56:32 +0800: Memory Usage (594536K) : lvs_rf has 0 polygons
2026-09-08 12:56:32 +0800: Memory Usage (608944K) : otp_mk has 0 polygons
2026-09-08 12:56:32 +0800: Memory Usage (679108K) : Executing rule EF.11
2026-09-08 12:56:32 +0800: Memory Usage (594536K) : lvs_drain has 0 polygons
2026-09-08 12:56:32 +0800: Memory Usage (608944K) : mtpmark has 0 polygons
2026-09-08 12:56:32 +0800: Memory Usage (608948K) : fusetop has 0 polygons
2026-09-08 12:56:32 +0800: Memory Usage (594536K) : ind_mk has 0 polygons
2026-09-08 12:56:32 +0800: Memory Usage (679108K) : Executing rule EF.12
2026-09-08 12:56:32 +0800: Memory Usage (608944K) : neo_ee_mk has 0 polygons
2026-09-08 12:56:32 +0800: Memory Usage (608948K) : fusewindow_d has 0 polygons
2026-09-08 12:56:32 +0800: Memory Usage (679108K) : Executing rule EF.13
2026-09-08 12:56:32 +0800: Memory Usage (608948K) : polyfuse has 0 polygons
2026-09-08 12:56:32 +0800: Memory Usage (594536K) : hvpolyrs has 0 polygons
2026-09-08 12:56:32 +0800: Memory Usage (647356K) : metal6_res has 0 polygons
2026-09-08 12:56:32 +0800: Memory Usage (679108K) : Executing rule EF.14
2026-09-08 12:56:32 +0800: Memory Usage (608988K) : nplus has 68 polygons
2026-09-08 12:56:32 +0800: Memory Usage (608948K) : mvsd has 0 polygons
2026-09-08 12:56:32 +0800: Memory Usage (594536K) : lvs_io has 0 polygons
2026-09-08 12:56:32 +0800: Memory Usage (608944K) : sramcore has 0 polygons
2026-09-08 12:56:32 +0800: Memory Usage (608948K) : mvpsd has 0 polygons
2026-09-08 12:56:32 +0800: Memory Usage (594536K) : probe_mk has 0 polygons
2026-09-08 12:56:32 +0800: Memory Usage (679108K) : Executing rule EF.15
2026-09-08 12:56:32 +0800: Memory Usage (608988K) : pplus has 2103 polygons
2026-09-08 12:56:32 +0800: Memory Usage (605164K) : dualgate has 1 polygons
2026-09-08 12:56:32 +0800: Memory Usage (608944K) : lvs_rf has 0 polygons
2026-09-08 12:56:32 +0800: Memory Usage (608948K) : nat has 0 polygons
2026-09-08 12:56:32 +0800: Memory Usage (594536K) : esd_mk has 0 polygons
2026-09-08 12:56:32 +0800: Memory Usage (608988K) : sab has 0 polygons
2026-09-08 12:56:32 +0800: Memory Usage (647356K) : pr_bndry has 1 polygons
2026-09-08 12:56:32 +0800: Memory Usage (594536K) : lvs_source has 0 polygons
2026-09-08 12:56:32 +0800: Memory Usage (608948K) : comp_dummy has 0 polygons
2026-09-08 12:56:32 +0800: Memory Usage (608944K) : lvs_drain has 0 polygons
2026-09-08 12:56:31 +0800: Memory Usage (615516K) : contact has 106822 polygons
2026-09-08 12:56:32 +0800: Memory Usage (608988K) : esd has 0 polygons
2026-09-08 12:56:32 +0800: Memory Usage (647356K) : border has 0 polygons
2026-09-08 12:56:32 +0800: Memory Usage (594536K) : well_diode_mk has 0 polygons
2026-09-08 12:56:32 +0800: Memory Usage (608948K) : poly2_dummy has 0 polygons
2026-09-08 12:56:32 +0800: Memory Usage (608944K) : ind_mk has 0 polygons
2026-09-08 12:56:32 +0800: Memory Usage (679108K) : Executing rule EF.16a
2026-09-08 12:56:32 +0800: Memory Usage (608948K) : schottky_diode has 0 polygons
2026-09-08 12:56:32 +0800: Memory Usage (608944K) : hvpolyrs has 0 polygons
2026-09-08 12:56:32 +0800: Memory Usage (608988K) : resistor has 0 polygons
2026-09-08 12:56:32 +0800: Memory Usage (594536K) : ldmos_xtor has 0 polygons
2026-09-08 12:56:31 +0800: Memory Usage (757020K) : Executing rule MDP.13a
2026-09-08 12:56:32 +0800: Memory Usage (647356K) : Total no. of polygons in the design is 114250
2026-09-08 12:56:32 +0800: Memory Usage (626316K) : metal1_drawn has 27195 polygons
2026-09-08 12:56:32 +0800: Memory Usage (679108K) : Executing rule EF.16b
2026-09-08 12:56:32 +0800: Memory Usage (608944K) : lvs_io has 0 polygons
2026-09-08 12:56:32 +0800: Memory Usage (608948K) : zener has 0 polygons
2026-09-08 12:56:32 +0800: Memory Usage (594536K) : plfuse has 0 polygons
2026-09-08 12:56:32 +0800: Memory Usage (608948K) : res_mk has 0 polygons
2026-09-08 12:56:32 +0800: Memory Usage (626316K) : metal1_dummy has 0 polygons
2026-09-08 12:56:32 +0800: Memory Usage (608944K) : probe_mk has 0 polygons
2026-09-08 12:56:32 +0800: Memory Usage (594536K) : efuse_mk has 0 polygons
2026-09-08 12:56:32 +0800: Memory Usage (679108K) : Executing rule EF.17
2026-09-08 12:56:32 +0800: Memory Usage (605368K) : poly2 has 24914 polygons
2026-09-08 12:56:32 +0800: Memory Usage (626316K) : metal1_label has 0 polygons
2026-09-08 12:56:32 +0800: Memory Usage (608944K) : esd_mk has 0 polygons
2026-09-08 12:56:32 +0800: Memory Usage (594536K) : mcell_feol_mk has 0 polygons
2026-09-08 12:56:32 +0800: Memory Usage (608988K) : fhres has 0 polygons
2026-09-08 12:56:32 +0800: Memory Usage (608944K) : lvs_source has 0 polygons
2026-09-08 12:56:32 +0800: Memory Usage (757020K) : Executing rule MDP.13b
2026-09-08 12:56:32 +0800: Memory Usage (626316K) : metal1_slot has 0 polygons
2026-09-08 12:56:32 +0800: Memory Usage (594536K) : ymtp_mk has 0 polygons
2026-09-08 12:56:33 +0800: Memory Usage (608988K) : fusetop has 0 polygons
2026-09-08 12:56:32 +0800: Memory Usage (679108K) : Executing rule EF.18
2026-09-08 12:56:33 +0800: Memory Usage (608944K) : well_diode_mk has 0 polygons
2026-09-08 12:56:33 +0800: Memory Usage (608944K) : ldmos_xtor has 0 polygons
2026-09-08 12:56:33 +0800: Memory Usage (608988K) : fusewindow_d has 0 polygons
2026-09-08 12:56:33 +0800: Memory Usage (695920K) : Executing rule EF.19
2026-09-08 12:56:33 +0800: Memory Usage (594536K) : dev_wf_mk has 0 polygons
2026-09-08 12:56:32 +0800: Memory Usage (608948K) : opc_drc has 0 polygons
2026-09-08 12:56:33 +0800: Memory Usage (608988K) : polyfuse has 0 polygons
2026-09-08 12:56:33 +0800: Memory Usage (594536K) : comp_label has 0 polygons
2026-09-08 12:56:33 +0800: Memory Usage (608948K) : v5_xtor has 1 polygons
2026-09-08 12:56:33 +0800: Memory Usage (695920K) : Executing rule EF.20
2026-09-08 12:56:33 +0800: Memory Usage (626316K) : metal1_blk has 0 polygons
2026-09-08 12:56:33 +0800: Memory Usage (608988K) : mvsd has 0 polygons
2026-09-08 12:56:33 +0800: Memory Usage (594536K) : poly2_label has 0 polygons
2026-09-08 12:56:33 +0800: Memory Usage (608948K) : cap_mk has 0 polygons
2026-09-08 12:56:33 +0800: Memory Usage (608944K) : plfuse has 0 polygons
2026-09-08 12:56:33 +0800: Memory Usage (594536K) : mdiode has 0 polygons
2026-09-08 12:56:33 +0800: Memory Usage (608988K) : mvpsd has 0 polygons
2026-09-08 12:56:32 +0800: Memory Usage (608952K) : nplus has 68 polygons
2026-09-08 12:56:33 +0800: Memory Usage (608948K) : mos_cap_mk has 0 polygons
2026-09-08 12:56:33 +0800: Memory Usage (608944K) : efuse_mk has 0 polygons
2026-09-08 12:56:33 +0800: Memory Usage (608952K) : pplus has 2103 polygons
2026-09-08 12:56:33 +0800: Memory Usage (594536K) : ndmy has 0 polygons
2026-09-08 12:56:33 +0800: Memory Usage (608988K) : nat has 0 polygons
2026-09-08 12:56:33 +0800: Memory Usage (608948K) : ind_mk has 0 polygons
2026-09-08 12:56:33 +0800: Memory Usage (608952K) : sab has 0 polygons
2026-09-08 12:56:33 +0800: Memory Usage (608948K) : diode_mk has 0 polygons
2026-09-08 12:56:33 +0800: Memory Usage (608988K) : comp_dummy has 0 polygons
2026-09-08 12:56:33 +0800: Memory Usage (608944K) : mcell_feol_mk has 0 polygons
2026-09-08 12:56:33 +0800: Memory Usage (699380K) : Executing rule EF.21
2026-09-08 12:56:33 +0800: Memory Usage (608952K) : esd has 0 polygons
2026-09-08 12:56:33 +0800: Memory Usage (594536K) : pmndmy has 0 polygons
2026-09-08 12:56:33 +0800: Memory Usage (608948K) : drc_bjt has 0 polygons
2026-09-08 12:56:33 +0800: Memory Usage (608944K) : ymtp_mk has 0 polygons
2026-09-08 12:56:33 +0800: Memory Usage (699512K) : Executing rule EF.22a
2026-09-08 12:56:33 +0800: Memory Usage (595056K) : metal1_drawn has 104857 polygons
2026-09-08 12:56:33 +0800: Memory Usage (608952K) : resistor has 0 polygons
2026-09-08 12:56:33 +0800: Memory Usage (608952K) : fhres has 0 polygons
2026-09-08 12:56:33 +0800: Memory Usage (699512K) : Executing rule EF.22b
2026-09-08 12:56:33 +0800: Memory Usage (608944K) : dev_wf_mk has 0 polygons
2026-09-08 12:56:33 +0800: Memory Usage (608988K) : poly2_dummy has 0 polygons
2026-09-08 12:56:33 +0800: Memory Usage (595056K) : metal1_dummy has 0 polygons
2026-09-08 12:56:33 +0800: Memory Usage (608948K) : lvs_bjt has 0 polygons
2026-09-08 12:56:33 +0800: Memory Usage (608944K) : comp_label has 0 polygons
2026-09-08 12:56:33 +0800: Memory Usage (608948K) : mim_l_mk has 0 polygons
2026-09-08 12:56:33 +0800: Memory Usage (595712K) : metal1_label has 0 polygons
2026-09-08 12:56:33 +0800: Memory Usage (608988K) : schottky_diode has 0 polygons
2026-09-08 12:56:33 +0800: Memory Usage (608944K) : poly2_label has 0 polygons
2026-09-08 12:56:33 +0800: Memory Usage (608948K) : latchup_mk has 0 polygons
2026-09-08 12:56:33 +0800: Memory Usage (608988K) : zener has 0 polygons
2026-09-08 12:56:33 +0800: Memory Usage (608952K) : fusetop has 0 polygons
2026-09-08 12:56:33 +0800: Memory Usage (608948K) : guard_ring_mk has 0 polygons
2026-09-08 12:56:33 +0800: Memory Usage (608944K) : mdiode has 0 polygons
2026-09-08 12:56:33 +0800: Memory Usage (608988K) : res_mk has 0 polygons
2026-09-08 12:56:33 +0800: Memory Usage (608952K) : fusewindow_d has 0 polygons
2026-09-08 12:56:33 +0800: Memory Usage (595712K) : metal1_slot has 0 polygons
2026-09-08 12:56:33 +0800: Memory Usage (608948K) : otp_mk has 0 polygons
2026-09-08 12:56:33 +0800: Memory Usage (608952K) : polyfuse has 0 polygons
2026-09-08 12:56:33 +0800: Memory Usage (757020K) : Executing rule MDP.13c
2026-09-08 12:56:33 +0800: Memory Usage (608944K) : ndmy has 0 polygons
2026-09-08 12:56:33 +0800: Memory Usage (608948K) : mtpmark has 0 polygons
2026-09-08 12:56:33 +0800: Memory Usage (608952K) : mvsd has 0 polygons
2026-09-08 12:56:33 +0800: Memory Usage (757020K) : Executing rule MDP.15
2026-09-08 12:56:33 +0800: Memory Usage (608948K) : neo_ee_mk has 0 polygons
2026-09-08 12:56:33 +0800: Memory Usage (608952K) : mvpsd has 0 polygons
2026-09-08 12:56:33 +0800: Memory Usage (608988K) : opc_drc has 0 polygons
2026-09-08 12:56:33 +0800: Memory Usage (608948K) : sramcore has 0 polygons
2026-09-08 12:56:33 +0800: Memory Usage (595712K) : metal1_blk has 0 polygons
2026-09-08 12:56:33 +0800: Memory Usage (757020K) : Executing rule MDP.16a
2026-09-08 12:56:33 +0800: Memory Usage (699512K) : efuse DRC Total Run time 22.599219908 seconds
2026-09-08 12:56:33 +0800: Memory Usage (608952K) : nat has 0 polygons
2026-09-08 12:56:33 +0800: Memory Usage (608988K) : v5_xtor has 1 polygons
2026-09-08 12:56:34 +0800: Memory Usage (598276K) : metal2_drawn has 68314 polygons
2026-09-08 12:56:34 +0800: Memory Usage (757020K) : Executing rule MDP.16b
2026-09-08 12:56:34 +0800: Memory Usage (608952K) : comp_dummy has 0 polygons
2026-09-08 12:56:34 +0800: Memory Usage (608952K) : poly2_dummy has 0 polygons
2026-09-08 12:56:34 +0800: Memory Usage (598276K) : metal2_dummy has 0 polygons
2026-09-08 12:56:34 +0800: Memory Usage (608948K) : lvs_rf has 0 polygons
2026-09-08 12:56:33 +0800: Memory Usage (626316K) : via1 has 24400 polygons
2026-09-08 12:56:34 +0800: Memory Usage (608988K) : cap_mk has 0 polygons
2026-09-08 12:56:34 +0800: Memory Usage (599344K) : metal2_label has 31 polygons
2026-09-08 12:56:34 +0800: Memory Usage (608948K) : lvs_drain has 0 polygons
2026-09-08 12:56:34 +0800: Memory Usage (757020K) : Executing rule MDP.17a
2026-09-08 12:56:34 +0800: Memory Usage (608952K) : schottky_diode has 0 polygons
2026-09-08 12:56:34 +0800: Memory Usage (608988K) : mos_cap_mk has 0 polygons
2026-09-08 12:56:34 +0800: Memory Usage (608948K) : ind_mk has 0 polygons
2026-09-08 12:56:34 +0800: Memory Usage (661432K) : metal2_drawn has 17514 polygons
2026-09-08 12:56:34 +0800: Memory Usage (608952K) : zener has 0 polygons
2026-09-08 12:56:34 +0800: Memory Usage (608948K) : hvpolyrs has 0 polygons
2026-09-08 12:56:34 +0800: Memory Usage (608988K) : ind_mk has 0 polygons
2026-09-08 12:56:34 +0800: Memory Usage (608952K) : res_mk has 0 polygons
2026-09-08 12:56:34 +0800: Memory Usage (661432K) : metal2_dummy has 0 polygons
2026-09-08 12:56:34 +0800: Memory Usage (608948K) : lvs_io has 0 polygons
2026-09-08 12:56:34 +0800: Memory Usage (599344K) : metal2_slot has 0 polygons
2026-09-08 12:56:34 +0800: Memory Usage (608988K) : diode_mk has 0 polygons
2026-09-08 12:56:34 +0800: Memory Usage (661432K) : metal2_label has 31 polygons
2026-09-08 12:56:34 +0800: Memory Usage (757020K) : Executing rule MDP.17c
2026-09-08 12:56:34 +0800: Memory Usage (608948K) : probe_mk has 0 polygons
2026-09-08 12:56:34 +0800: Memory Usage (661432K) : metal2_slot has 0 polygons
2026-09-08 12:56:34 +0800: Memory Usage (608948K) : esd_mk has 0 polygons
08-Sep-2026 12:56:34 | INFO    | Running Global Foundries 180nm MCU /workspace/iris_c3a247b9-0025-43e1-bae8-42a940fa0b63/Chip-Orchestra-review-latest/output/nanocgra_lite_3x3_opt/gds/nanocgra_lite_3x3_opt.gds checks on design dnwell on cell NanoCGRA_Lite:
2026-09-08 12:56:34 +0800: Memory Usage (608988K) : drc_bjt has 0 polygons
2026-09-08 12:56:34 +0800: Memory Usage (599344K) : metal2_blk has 0 polygons
2026-09-08 12:56:34 +0800: Memory Usage (608948K) : lvs_source has 0 polygons
2026-09-08 12:56:34 +0800: Memory Usage (608988K) : lvs_bjt has 0 polygons
2026-09-08 12:56:34 +0800: Memory Usage (608952K) : opc_drc has 0 polygons
2026-09-08 12:56:34 +0800: Memory Usage (608948K) : well_diode_mk has 0 polygons
2026-09-08 12:56:34 +0800: Memory Usage (600368K) : metal3_drawn has 35548 polygons
2026-09-08 12:56:34 +0800: Memory Usage (608988K) : mim_l_mk has 0 polygons
2026-09-08 12:56:34 +0800: Memory Usage (608952K) : v5_xtor has 1 polygons
2026-09-08 12:56:34 +0800: Memory Usage (608948K) : ldmos_xtor has 0 polygons
2026-09-08 12:56:34 +0800: Memory Usage (661432K) : metal2_blk has 0 polygons
2026-09-08 12:56:34 +0800: Memory Usage (600368K) : metal3_dummy has 0 polygons
2026-09-08 12:56:34 +0800: Memory Usage (608952K) : cap_mk has 0 polygons
2026-09-08 12:56:34 +0800: Memory Usage (608988K) : latchup_mk has 0 polygons
2026-09-08 12:56:34 +0800: Memory Usage (601480K) : metal3_label has 0 polygons
2026-09-08 12:56:34 +0800: Memory Usage (608952K) : mos_cap_mk has 0 polygons
2026-09-08 12:56:34 +0800: Memory Usage (608948K) : plfuse has 0 polygons
2026-09-08 12:56:34 +0800: Memory Usage (601480K) : metal3_slot has 0 polygons
2026-09-08 12:56:34 +0800: Memory Usage (608988K) : guard_ring_mk has 0 polygons
2026-09-08 12:56:34 +0800: Memory Usage (608948K) : efuse_mk has 0 polygons
2026-09-08 12:56:34 +0800: Memory Usage (608988K) : otp_mk has 0 polygons
2026-09-08 12:56:34 +0800: Memory Usage (608948K) : mcell_feol_mk has 0 polygons
2026-09-08 12:56:34 +0800: Memory Usage (608952K) : ind_mk has 0 polygons
2026-09-08 12:56:34 +0800: Memory Usage (601480K) : metal3_blk has 0 polygons
2026-09-08 12:56:34 +0800: Memory Usage (608952K) : diode_mk has 0 polygons
2026-09-08 12:56:34 +0800: Memory Usage (608988K) : mtpmark has 0 polygons
2026-09-08 12:56:34 +0800: Memory Usage (608948K) : ymtp_mk has 0 polygons
2026-09-08 12:56:30 +0800: Memory Usage (649880K) : Starting deriving base layers.
2026-09-08 12:56:34 +0800: Memory Usage (661432K) : via2 has 21863 polygons
2026-09-08 12:56:34 +0800: Memory Usage (608948K) : dev_wf_mk has 0 polygons
2026-09-08 12:56:34 +0800: Memory Usage (608988K) : neo_ee_mk has 0 polygons
2026-09-08 12:56:34 +0800: Memory Usage (608952K) : drc_bjt has 0 polygons
2026-09-08 12:56:34 +0800: Memory Usage (670660K) : Total area of the design is 302500.0 um^2.
2026-09-08 12:56:35 +0800: Memory Usage (608952K) : lvs_bjt has 0 polygons
2026-09-08 12:56:34 +0800: Memory Usage (757020K) : ldpmos DRC Total Run time 38.192859564 seconds
2026-09-08 12:56:35 +0800: Memory Usage (608948K) : comp_label has 0 polygons
2026-09-08 12:56:35 +0800: Memory Usage (608988K) : sramcore has 0 polygons
2026-09-08 12:56:35 +0800: Memory Usage (670660K) : Starting GF180MCU DRC rules.
2026-09-08 12:56:35 +0800: Memory Usage (608952K) : mim_l_mk has 0 polygons
2026-09-08 12:56:35 +0800: Memory Usage (571180K) : Starting running GF180MCU Klayout DRC runset on /workspace/iris_c3a247b9-0025-43e1-bae8-42a940fa0b63/Chip-Orchestra-review-latest/output/nanocgra_lite_3x3_opt/gds/nanocgra_lite_3x3_opt.gds
2026-09-08 12:56:34 +0800: Memory Usage (601480K) : via3 has 8273 polygons
2026-09-08 12:56:35 +0800: Memory Usage (608948K) : poly2_label has 0 polygons
2026-09-08 12:56:35 +0800: Memory Usage (608988K) : lvs_rf has 0 polygons
2026-09-08 12:56:34 +0800: Memory Usage (661432K) : metal3_drawn has 9853 polygons
2026-09-08 12:56:35 +0800: Memory Usage (670660K) : Running all FEOL rules
2026-09-08 12:56:35 +0800: Memory Usage (608952K) : latchup_mk has 0 polygons
2026-09-08 12:56:35 +0800: Memory Usage (601480K) : metal4_drawn has 8015 polygons
2026-09-08 12:56:35 +0800: Memory Usage (608948K) : mdiode has 0 polygons
2026-09-08 12:56:35 +0800: Memory Usage (608988K) : lvs_drain has 0 polygons
2026-09-08 12:56:35 +0800: Memory Usage (670660K) : Running all BEOL rules
2026-09-08 12:56:35 +0800: Memory Usage (661432K) : metal3_dummy has 0 polygons
2026-09-08 12:56:35 +0800: Memory Usage (608952K) : guard_ring_mk has 0 polygons
2026-09-08 12:56:35 +0800: Memory Usage (608988K) : ind_mk has 0 polygons
2026-09-08 12:56:35 +0800: Memory Usage (608948K) : ndmy has 0 polygons
2026-09-08 12:56:35 +0800: Memory Usage (601480K) : metal4_dummy has 0 polygons
2026-09-08 12:56:35 +0800: Memory Usage (661432K) : metal3_label has 0 polygons
2026-09-08 12:56:35 +0800: Memory Usage (608952K) : otp_mk has 0 polygons
2026-09-08 12:56:35 +0800: Memory Usage (608988K) : hvpolyrs has 0 polygons
2026-09-08 12:56:35 +0800: Memory Usage (601480K) : metal4_label has 0 polygons
2026-09-08 12:56:35 +0800: Memory Usage (608952K) : mtpmark has 0 polygons
2026-09-08 12:56:35 +0800: Memory Usage (661432K) : metal3_slot has 0 polygons
2026-09-08 12:56:35 +0800: Memory Usage (601480K) : metal4_slot has 0 polygons
2026-09-08 12:56:33 +0800: Memory Usage (608944K) : pmndmy has 0 polygons
2026-09-08 12:56:35 +0800: Memory Usage (571180K) : Ruby Version for klayout: 3.1.2
2026-09-08 12:56:35 +0800: Memory Usage (601480K) : metal4_blk has 0 polygons
2026-09-08 12:56:35 +0800: Memory Usage (608988K) : lvs_io has 0 polygons
2026-09-08 12:56:35 +0800: Memory Usage (661432K) : metal3_blk has 0 polygons
2026-09-08 12:56:35 +0800: Memory Usage (593936K) : Loading database to memory is complete.
2026-09-08 12:56:35 +0800: Memory Usage (608952K) : neo_ee_mk has 0 polygons
2026-09-08 12:56:35 +0800: Memory Usage (593936K) : GF180MCU Klayout DRC runset output at: /workspace/iris_c3a247b9-0025-43e1-bae8-42a940fa0b63/Chip-Orchestra-review-latest/output/nanocgra_lite_3x3_opt/reports/signoff/foundry_drc_full/nanocgra_lite_3x3_opt_via1_split.lyrdb
2026-09-08 12:56:35 +0800: Memory Usage (610412K) : metal1_drawn has 27195 polygons
2026-09-08 12:56:35 +0800: Memory Usage (608988K) : probe_mk has 0 polygons
2026-09-08 12:56:35 +0800: Memory Usage (601480K) : via4 has 4611 polygons
2026-09-08 12:56:35 +0800: Memory Usage (593936K) : Evaluate switches.
2026-09-08 12:56:35 +0800: Memory Usage (608952K) : sramcore has 0 polygons
08-Sep-2026 12:56:35 | INFO    | Running Global Foundries 180nm MCU /workspace/iris_c3a247b9-0025-43e1-bae8-42a940fa0b63/Chip-Orchestra-review-latest/output/nanocgra_lite_3x3_opt/gds/nanocgra_lite_3x3_opt.gds checks on design lvpwell_split on cell NanoCGRA_Lite:
2026-09-08 12:56:35 +0800: Memory Usage (610412K) : metal1_dummy has 0 polygons
2026-09-08 12:56:35 +0800: Memory Usage (593952K) : table_name selected  via1_split
2026-09-08 12:56:35 +0800: Memory Usage (608988K) : esd_mk has 0 polygons
2026-09-08 12:56:35 +0800: Memory Usage (608952K) : lvs_rf has 0 polygons
2026-09-08 12:56:35 +0800: Memory Usage (670660K) : mim_a DRC Total Run time 19.600033758 seconds
2026-09-08 12:56:35 +0800: Memory Usage (610412K) : metal1_label has 0 polygons
2026-09-08 12:56:35 +0800: Memory Usage (661432K) : via3 has 8264 polygons
2026-09-08 12:56:35 +0800: Memory Usage (593952K) : CONNECTIVITY_RULES enabled: false
2026-09-08 12:56:35 +0800: Memory Usage (608988K) : lvs_source has 0 polygons
2026-09-08 12:56:35 +0800: Memory Usage (610412K) : metal1_slot has 0 polygons
2026-09-08 12:56:35 +0800: Memory Usage (608952K) : lvs_drain has 0 polygons
2026-09-08 12:56:35 +0800: Memory Usage (593952K) : Wedge enabled: false
2026-09-08 12:56:35 +0800: Memory Usage (601480K) : metal5_drawn has 1382 polygons
2026-09-08 12:56:35 +0800: Memory Usage (608988K) : well_diode_mk has 0 polygons
2026-09-08 12:56:35 +0800: Memory Usage (593952K) : Ball enabled: false
2026-09-08 12:56:35 +0800: Memory Usage (661432K) : metal4_drawn has 1492 polygons
2026-09-08 12:56:35 +0800: Memory Usage (608952K) : ind_mk has 0 polygons
2026-09-08 12:56:35 +0800: Memory Usage (593952K) : Gold enabled: false
2026-09-08 12:56:35 +0800: Memory Usage (601480K) : metal5_dummy has 0 polygons
2026-09-08 12:56:35 +0800: Memory Usage (608988K) : ldmos_xtor has 0 polygons
2026-09-08 12:56:35 +0800: Memory Usage (661432K) : metal4_dummy has 0 polygons
2026-09-08 12:56:35 +0800: Memory Usage (608952K) : hvpolyrs has 0 polygons
2026-09-08 12:56:35 +0800: Memory Usage (593952K) : MIM Option selected: B
2026-09-08 12:56:35 +0800: Memory Usage (608988K) : plfuse has 0 polygons
2026-09-08 12:56:35 +0800: Memory Usage (661432K) : metal4_label has 0 polygons
2026-09-08 12:56:35 +0800: Memory Usage (601480K) : metal5_label has 0 polygons
2026-09-08 12:56:35 +0800: Memory Usage (608952K) : lvs_io has 0 polygons
2026-09-08 12:56:35 +0800: Memory Usage (593952K) : Offgrid enabled:  true
2026-09-08 12:56:35 +0800: Memory Usage (601480K) : metal5_slot has 0 polygons
2026-09-08 12:56:35 +0800: Memory Usage (661432K) : metal4_slot has 0 polygons
2026-09-08 12:56:36 +0800: Memory Usage (593952K) : Number of threads to use 2
2026-09-08 12:56:36 +0800: Memory Usage (601480K) : metal5_blk has 0 polygons
2026-09-08 12:56:36 +0800: Memory Usage (608952K) : probe_mk has 0 polygons
2026-09-08 12:56:35 +0800: Memory Usage (608988K) : efuse_mk has 0 polygons
2026-09-08 12:56:36 +0800: Memory Usage (593952K) : Verbose mode: false
2026-09-08 12:56:36 +0800: Memory Usage (601480K) : pad has 0 polygons
2026-09-08 12:56:36 +0800: Memory Usage (608952K) : esd_mk has 0 polygons
2026-09-08 12:56:36 +0800: Memory Usage (661432K) : metal4_blk has 0 polygons
2026-09-08 12:56:36 +0800: Memory Usage (608988K) : mcell_feol_mk has 0 polygons
08-Sep-2026 12:56:36 | INFO    | Running Global Foundries 180nm MCU /workspace/iris_c3a247b9-0025-43e1-bae8-42a940fa0b63/Chip-Orchestra-review-latest/output/nanocgra_lite_3x3_opt/gds/nanocgra_lite_3x3_opt.gds checks on design sram_5p0 on cell NanoCGRA_Lite:
2026-09-08 12:56:36 +0800: Memory Usage (593952K) : deep  mode is enabled for via1_split table
2026-09-08 12:56:36 +0800: Memory Usage (601480K) : ubmpperi has 0 polygons
2026-09-08 12:56:36 +0800: Memory Usage (608952K) : lvs_source has 0 polygons
2026-09-08 12:56:36 +0800: Memory Usage (608988K) : ymtp_mk has 0 polygons
2026-09-08 12:56:36 +0800: Memory Usage (601480K) : ubmparray has 0 polygons
2026-09-08 12:56:36 +0800: Memory Usage (661432K) : via4 has 4611 polygons
2026-09-08 12:56:36 +0800: Memory Usage (593952K) : METAL_TOP Selected is 9K
2026-09-08 12:56:36 +0800: Memory Usage (608952K) : well_diode_mk has 0 polygons
2026-09-08 12:56:36 +0800: Memory Usage (608988K) : dev_wf_mk has 0 polygons
2026-09-08 12:56:36 +0800: Memory Usage (593952K) : METAL_STACK Selected is 5LM
2026-09-08 12:56:36 +0800: Memory Usage (608952K) : ldmos_xtor has 0 polygons
2026-09-08 12:56:36 +0800: Memory Usage (601480K) : ubmeplate has 0 polygons
2026-09-08 12:56:36 +0800: Memory Usage (608988K) : comp_label has 0 polygons
2026-09-08 12:56:36 +0800: Memory Usage (593952K) : FEOL enabled: true
2026-09-08 12:56:36 +0800: Memory Usage (661432K) : metal5_drawn has 269 polygons
2026-09-08 12:56:36 +0800: Memory Usage (608952K) : plfuse has 0 polygons
2026-09-08 12:56:36 +0800: Memory Usage (601480K) : metal1_res has 0 polygons
2026-09-08 12:56:36 +0800: Memory Usage (608988K) : poly2_label has 0 polygons
2026-09-08 12:56:36 +0800: Memory Usage (593952K) : BEOL enabled: true
2026-09-08 12:56:36 +0800: Memory Usage (661432K) : metal5_dummy has 0 polygons
2026-09-08 12:56:36 +0800: Memory Usage (608952K) : efuse_mk has 0 polygons
2026-09-08 12:56:36 +0800: Memory Usage (601480K) : metal2_res has 0 polygons
2026-09-08 12:56:36 +0800: Memory Usage (593968K) : SLOW_VIA enabled: false
2026-09-08 12:56:36 +0800: Memory Usage (608988K) : mdiode has 0 polygons
2026-09-08 12:56:36 +0800: Memory Usage (661432K) : metal5_label has 0 polygons
2026-09-08 12:56:36 +0800: Memory Usage (608952K) : mcell_feol_mk has 0 polygons
2026-09-08 12:56:36 +0800: Memory Usage (601480K) : metal3_res has 0 polygons
2026-09-08 12:56:31 +0800: Memory Usage (660084K) : Starting deriving base layers.
2026-09-08 12:56:36 +0800: Memory Usage (608988K) : ndmy has 0 polygons
2026-09-08 12:56:36 +0800: Memory Usage (601480K) : metal4_res has 0 polygons
2026-09-08 12:56:36 +0800: Memory Usage (661432K) : metal5_slot has 0 polygons
2026-09-08 12:56:36 +0800: Memory Usage (608952K) : ymtp_mk has 0 polygons
2026-09-08 12:56:36 +0800: Memory Usage (601480K) : metal5_res has 0 polygons
2026-09-08 12:56:36 +0800: Memory Usage (661432K) : metal5_blk has 0 polygons
2026-09-08 12:56:36 +0800: Memory Usage (593968K) : Read in polygons from layers.
2026-09-08 12:56:36 +0800: Memory Usage (661432K) : pad has 0 polygons
2026-09-08 12:56:35 +0800: Memory Usage (610412K) : metal1_blk has 0 polygons
2026-09-08 12:56:36 +0800: Memory Usage (601480K) : metal6_res has 0 polygons
2026-09-08 12:56:36 +0800: Memory Usage (594608K) : comp has 17801 polygons
2026-09-08 12:56:36 +0800: Memory Usage (601480K) : pr_bndry has 15937 polygons
2026-09-08 12:56:36 +0800: Memory Usage (608952K) : dev_wf_mk has 0 polygons
2026-09-08 12:56:36 +0800: Memory Usage (661432K) : ubmpperi has 0 polygons
2026-09-08 12:56:36 +0800: Memory Usage (601480K) : border has 0 polygons
2026-09-08 12:56:36 +0800: Memory Usage (647040K) : metal2_drawn has 17514 polygons
2026-09-08 12:56:36 +0800: Memory Usage (608952K) : comp_label has 0 polygons
2026-09-08 12:56:36 +0800: Memory Usage (594608K) : dnwell has 0 polygons
2026-09-08 12:56:36 +0800: Memory Usage (661432K) : ubmparray has 0 polygons
2026-09-08 12:56:36 +0800: Memory Usage (601480K) : Total no. of polygons in the design is 390889
2026-09-08 12:56:36 +0800: Memory Usage (647040K) : metal2_dummy has 0 polygons
2026-09-08 12:56:36 +0800: Memory Usage (608952K) : poly2_label has 0 polygons
2026-09-08 12:56:35 +0800: Memory Usage (608948K) : pmndmy has 0 polygons
2026-09-08 12:56:36 +0800: Memory Usage (594608K) : nwell has 15936 polygons
2026-09-08 12:56:36 +0800: Memory Usage (647040K) : metal2_label has 31 polygons
2026-09-08 12:56:36 +0800: Memory Usage (608952K) : mdiode has 0 polygons
2026-09-08 12:56:36 +0800: Memory Usage (647040K) : metal2_slot has 0 polygons
2026-09-08 12:56:36 +0800: Memory Usage (594608K) : lvpwell has 15936 polygons
2026-09-08 12:56:36 +0800: Memory Usage (661432K) : ubmeplate has 0 polygons
2026-09-08 12:56:36 +0800: Memory Usage (610352K) : metal1_drawn has 27195 polygons
2026-09-08 12:56:37 +0800: Memory Usage (608952K) : ndmy has 0 polygons
2026-09-08 12:56:37 +0800: Memory Usage (661432K) : metal1_res has 0 polygons
2026-09-08 12:56:37 +0800: Memory Usage (594608K) : dualgate has 15936 polygons
2026-09-08 12:56:37 +0800: Memory Usage (610352K) : metal1_dummy has 0 polygons
2026-09-08 12:56:37 +0800: Memory Usage (661432K) : metal2_res has 0 polygons
2026-09-08 12:56:37 +0800: Memory Usage (610352K) : metal1_label has 0 polygons
2026-09-08 12:56:37 +0800: Memory Usage (661432K) : metal3_res has 0 polygons
2026-09-08 12:56:37 +0800: Memory Usage (610352K) : metal1_slot has 0 polygons
2026-09-08 12:56:37 +0800: Memory Usage (661432K) : metal4_res has 0 polygons
2026-09-08 12:56:37 +0800: Memory Usage (594608K) : poly2 has 28468 polygons
2026-09-08 12:56:37 +0800: Memory Usage (647040K) : metal2_blk has 0 polygons
2026-09-08 12:56:37 +0800: Memory Usage (661432K) : metal5_res has 0 polygons
2026-09-08 12:56:37 +0800: Memory Usage (594608K) : nplus has 15936 polygons
2026-09-08 12:56:37 +0800: Memory Usage (647040K) : metal3_drawn has 9853 polygons
2026-09-08 12:56:37 +0800: Memory Usage (594608K) : pplus has 17972 polygons
2026-09-08 12:56:37 +0800: Memory Usage (571032K) : Starting running GF180MCU Klayout DRC runset on /workspace/iris_c3a247b9-0025-43e1-bae8-42a940fa0b63/Chip-Orchestra-review-latest/output/nanocgra_lite_3x3_opt/gds/nanocgra_lite_3x3_opt.gds
2026-09-08 12:56:37 +0800: Memory Usage (647040K) : metal3_dummy has 0 polygons
2026-09-08 12:56:37 +0800: Memory Usage (594608K) : sab has 0 polygons
2026-09-08 12:56:32 +0800: Memory Usage (647356K) : Starting deriving base layers.
2026-09-08 12:56:37 +0800: Memory Usage (661432K) : metal6_res has 0 polygons
2026-09-08 12:56:37 +0800: Memory Usage (665084K) : Total area of the design is 302500.0 um^2.
2026-09-08 12:56:37 +0800: Memory Usage (647040K) : metal3_label has 0 polygons
2026-09-08 12:56:37 +0800: Memory Usage (594608K) : esd has 0 polygons
2026-09-08 12:56:36 +0800: Memory Usage (678196K) : Construct connectivity for the design.
2026-09-08 12:56:37 +0800: Memory Usage (665084K) : Starting GF180MCU DRC rules.
2026-09-08 12:56:37 +0800: Memory Usage (647040K) : metal3_slot has 0 polygons
2026-09-08 12:56:37 +0800: Memory Usage (594608K) : resistor has 0 polygons
2026-09-08 12:56:37 +0800: Memory Usage (665084K) : Running all FEOL rules
2026-09-08 12:56:37 +0800: Memory Usage (661432K) : pr_bndry has 1 polygons
2026-09-08 12:56:37 +0800: Memory Usage (647040K) : metal3_blk has 0 polygons
2026-09-08 12:56:37 +0800: Memory Usage (665084K) : Running all BEOL rules
2026-09-08 12:56:37 +0800: Memory Usage (594608K) : fhres has 0 polygons
2026-09-08 12:56:37 +0800: Memory Usage (661432K) : border has 0 polygons
2026-09-08 12:56:37 +0800: Memory Usage (594608K) : fusetop has 0 polygons
2026-09-08 12:56:37 +0800: Memory Usage (571032K) : Ruby Version for klayout: 3.1.2
2026-09-08 12:56:37 +0800: Memory Usage (661432K) : Total no. of polygons in the design is 267335
2026-09-08 12:56:37 +0800: Memory Usage (593916K) : Loading database to memory is complete.
2026-09-08 12:56:37 +0800: Memory Usage (594608K) : fusewindow_d has 0 polygons
2026-09-08 12:56:37 +0800: Memory Usage (647040K) : via3 has 8264 polygons
2026-09-08 12:56:37 +0800: Memory Usage (594608K) : polyfuse has 0 polygons
2026-09-08 12:56:37 +0800: Memory Usage (593916K) : GF180MCU Klayout DRC runset output at: /workspace/iris_c3a247b9-0025-43e1-bae8-42a940fa0b63/Chip-Orchestra-review-latest/output/nanocgra_lite_3x3_opt/reports/signoff/foundry_drc_full/nanocgra_lite_3x3_opt_dnwell.lyrdb
2026-09-08 12:56:37 +0800: Memory Usage (608952K) : pmndmy has 0 polygons
2026-09-08 12:56:38 +0800: Memory Usage (593916K) : Evaluate switches.
2026-09-08 12:56:38 +0800: Memory Usage (594608K) : mvsd has 0 polygons
2026-09-08 12:56:38 +0800: Memory Usage (593916K) : table_name selected  dnwell
2026-09-08 12:56:38 +0800: Memory Usage (594608K) : mvpsd has 0 polygons
2026-09-08 12:56:38 +0800: Memory Usage (647040K) : metal4_drawn has 1492 polygons
2026-09-08 12:56:38 +0800: Memory Usage (593916K) : CONNECTIVITY_RULES enabled: true
2026-09-08 12:56:38 +0800: Memory Usage (594608K) : nat has 0 polygons
2026-09-08 12:56:36 +0800: Memory Usage (608988K) : pmndmy has 0 polygons
2026-09-08 12:56:38 +0800: Memory Usage (593932K) : Wedge enabled: false
2026-09-08 12:56:38 +0800: Memory Usage (594608K) : comp_dummy has 0 polygons
2026-09-08 12:56:38 +0800: Memory Usage (647040K) : metal4_dummy has 0 polygons
2026-09-08 12:56:37 +0800: Memory Usage (610352K) : metal1_blk has 0 polygons
2026-09-08 12:56:38 +0800: Memory Usage (593932K) : Ball enabled: false
2026-09-08 12:56:38 +0800: Memory Usage (594608K) : poly2_dummy has 0 polygons
2026-09-08 12:56:38 +0800: Memory Usage (647040K) : metal4_label has 0 polygons
2026-09-08 12:56:38 +0800: Memory Usage (610396K) : metal1_drawn has 27195 polygons
2026-09-08 12:56:38 +0800: Memory Usage (593932K) : Gold enabled: false
2026-09-08 12:56:38 +0800: Memory Usage (594608K) : schottky_diode has 0 polygons
2026-09-08 12:56:38 +0800: Memory Usage (647040K) : metal4_slot has 0 polygons
2026-09-08 12:56:38 +0800: Memory Usage (593932K) : MIM Option selected: B
2026-09-08 12:56:38 +0800: Memory Usage (646980K) : metal2_drawn has 17514 polygons
2026-09-08 12:56:38 +0800: Memory Usage (610396K) : metal1_dummy has 0 polygons
2026-09-08 12:56:38 +0800: Memory Usage (610396K) : metal1_label has 0 polygons
2026-09-08 12:56:38 +0800: Memory Usage (593932K) : Offgrid enabled:  true
2026-09-08 12:56:37 +0800: Memory Usage (665084K) : via5 DRC Total Run time 19.482877194 seconds
2026-09-08 12:56:38 +0800: Memory Usage (594608K) : zener has 0 polygons
2026-09-08 12:56:38 +0800: Memory Usage (647040K) : metal4_blk has 0 polygons
2026-09-08 12:56:38 +0800: Memory Usage (646980K) : metal2_dummy has 0 polygons
2026-09-08 12:56:38 +0800: Memory Usage (610396K) : metal1_slot has 0 polygons
2026-09-08 12:56:38 +0800: Memory Usage (593932K) : Number of threads to use 2
2026-09-08 12:56:38 +0800: Memory Usage (594608K) : res_mk has 0 polygons
2026-09-08 12:56:38 +0800: Memory Usage (647040K) : via4 has 4611 polygons
2026-09-08 12:56:38 +0800: Memory Usage (646980K) : metal2_label has 31 polygons
2026-09-08 12:56:38 +0800: Memory Usage (593932K) : Verbose mode: false
2026-09-08 12:56:38 +0800: Memory Usage (594608K) : opc_drc has 0 polygons
2026-09-08 12:56:38 +0800: Memory Usage (647040K) : metal5_drawn has 269 polygons
2026-09-08 12:56:38 +0800: Memory Usage (593932K) : flat  mode is enabled for dnwell table
2026-09-08 12:56:38 +0800: Memory Usage (571348K) : Starting running GF180MCU Klayout DRC runset on /workspace/iris_c3a247b9-0025-43e1-bae8-42a940fa0b63/Chip-Orchestra-review-latest/output/nanocgra_lite_3x3_opt/gds/nanocgra_lite_3x3_opt.gds
2026-09-08 12:56:38 +0800: Memory Usage (646980K) : metal2_slot has 0 polygons
2026-09-08 12:56:38 +0800: Memory Usage (594608K) : v5_xtor has 15936 polygons
2026-09-08 12:56:38 +0800: Memory Usage (647040K) : metal5_dummy has 0 polygons
2026-09-08 12:56:38 +0800: Memory Usage (593932K) : METAL_TOP Selected is 9K
2026-09-08 12:56:38 +0800: Memory Usage (594608K) : cap_mk has 0 polygons
2026-09-08 12:56:38 +0800: Memory Usage (593932K) : METAL_STACK Selected is 5LM
2026-09-08 12:56:38 +0800: Memory Usage (594608K) : mos_cap_mk has 0 polygons
2026-09-08 12:56:38 +0800: Memory Usage (593932K) : FEOL enabled: true
2026-09-08 12:56:38 +0800: Memory Usage (594608K) : ind_mk has 0 polygons
2026-09-08 12:56:38 +0800: Memory Usage (647040K) : metal5_label has 0 polygons
2026-09-08 12:56:38 +0800: Memory Usage (593932K) : BEOL enabled: true
2026-09-08 12:56:38 +0800: Memory Usage (594608K) : diode_mk has 0 polygons
2026-09-08 12:56:38 +0800: Memory Usage (593932K) : SLOW_VIA enabled: false
2026-09-08 12:56:38 +0800: Memory Usage (647040K) : metal5_slot has 0 polygons
2026-09-08 12:56:38 +0800: Memory Usage (594608K) : drc_bjt has 0 polygons
2026-09-08 12:56:38 +0800: Memory Usage (646980K) : metal2_blk has 0 polygons
2026-09-08 12:56:38 +0800: Memory Usage (594608K) : lvs_bjt has 0 polygons
2026-09-08 12:56:38 +0800: Memory Usage (647040K) : metal5_blk has 0 polygons
2026-09-08 12:56:38 +0800: Memory Usage (571348K) : Ruby Version for klayout: 3.1.2
08-Sep-2026 12:56:39 | INFO    | Running Global Foundries 180nm MCU /workspace/iris_c3a247b9-0025-43e1-bae8-42a940fa0b63/Chip-Orchestra-review-latest/output/nanocgra_lite_3x3_opt/gds/nanocgra_lite_3x3_opt.gds checks on design pres on cell NanoCGRA_Lite:
2026-09-08 12:56:38 +0800: Memory Usage (647040K) : pad has 0 polygons
2026-09-08 12:56:38 +0800: Memory Usage (594608K) : mim_l_mk has 0 polygons
2026-09-08 12:56:39 +0800: Memory Usage (593924K) : Loading database to memory is complete.
2026-09-08 12:56:38 +0800: Memory Usage (646980K) : metal3_drawn has 9853 polygons
2026-09-08 12:56:39 +0800: Memory Usage (593924K) : GF180MCU Klayout DRC runset output at: /workspace/iris_c3a247b9-0025-43e1-bae8-42a940fa0b63/Chip-Orchestra-review-latest/output/nanocgra_lite_3x3_opt/reports/signoff/foundry_drc_full/nanocgra_lite_3x3_opt_lvpwell_split.lyrdb
2026-09-08 12:56:39 +0800: Memory Usage (594608K) : latchup_mk has 0 polygons
2026-09-08 12:56:39 +0800: Memory Usage (647040K) : ubmpperi has 0 polygons
2026-09-08 12:56:39 +0800: Memory Usage (646980K) : metal3_dummy has 0 polygons
2026-09-08 12:56:39 +0800: Memory Usage (593924K) : Evaluate switches.
2026-09-08 12:56:39 +0800: Memory Usage (594608K) : guard_ring_mk has 0 polygons
2026-09-08 12:56:39 +0800: Memory Usage (647040K) : ubmparray has 0 polygons
2026-09-08 12:56:39 +0800: Memory Usage (593924K) : table_name selected  lvpwell_split
2026-09-08 12:56:39 +0800: Memory Usage (646980K) : metal3_label has 0 polygons
2026-09-08 12:56:39 +0800: Memory Usage (594608K) : otp_mk has 0 polygons
2026-09-08 12:56:39 +0800: Memory Usage (647040K) : ubmeplate has 0 polygons
2026-09-08 12:56:38 +0800: Memory Usage (593932K) : Read in polygons from layers.
2026-09-08 12:56:39 +0800: Memory Usage (593940K) : CONNECTIVITY_RULES enabled: true
2026-09-08 12:56:39 +0800: Memory Usage (594608K) : mtpmark has 0 polygons
2026-09-08 12:56:39 +0800: Memory Usage (646980K) : metal3_slot has 0 polygons
2026-09-08 12:56:39 +0800: Memory Usage (593940K) : Wedge enabled: false
2026-09-08 12:56:39 +0800: Memory Usage (596200K) : comp has 17798 polygons
2026-09-08 12:56:39 +0800: Memory Usage (593940K) : Ball enabled: false
2026-09-08 12:56:39 +0800: Memory Usage (594608K) : neo_ee_mk has 0 polygons
2026-09-08 12:56:39 +0800: Memory Usage (647040K) : metal1_res has 0 polygons
2026-09-08 12:56:39 +0800: Memory Usage (593940K) : Gold enabled: false
2026-09-08 12:56:39 +0800: Memory Usage (594608K) : sramcore has 0 polygons
2026-09-08 12:56:39 +0800: Memory Usage (647040K) : metal2_res has 0 polygons
2026-09-08 12:56:39 +0800: Memory Usage (646980K) : metal3_blk has 0 polygons
2026-09-08 12:56:39 +0800: Memory Usage (593940K) : MIM Option selected: B
2026-09-08 12:56:39 +0800: Memory Usage (594608K) : lvs_rf has 0 polygons
2026-09-08 12:56:39 +0800: Memory Usage (647040K) : metal3_res has 0 polygons
2026-09-08 12:56:39 +0800: Memory Usage (571172K) : Starting running GF180MCU Klayout DRC runset on /workspace/iris_c3a247b9-0025-43e1-bae8-42a940fa0b63/Chip-Orchestra-review-latest/output/nanocgra_lite_3x3_opt/gds/nanocgra_lite_3x3_opt.gds
2026-09-08 12:56:39 +0800: Memory Usage (593940K) : Offgrid enabled:  true
2026-09-08 12:56:39 +0800: Memory Usage (594608K) : lvs_drain has 0 polygons
2026-09-08 12:56:39 +0800: Memory Usage (647040K) : metal4_res has 0 polygons
2026-09-08 12:56:38 +0800: Memory Usage (610396K) : metal1_blk has 0 polygons
2026-09-08 12:56:39 +0800: Memory Usage (593940K) : Number of threads to use 2
2026-09-08 12:56:39 +0800: Memory Usage (647040K) : metal5_res has 0 polygons
2026-09-08 12:56:38 +0800: Memory Usage (615556K) : contact has 106822 polygons
2026-09-08 12:56:39 +0800: Memory Usage (593940K) : Verbose mode: false
2026-09-08 12:56:39 +0800: Memory Usage (596200K) : dnwell has 0 polygons
2026-09-08 12:56:39 +0800: Memory Usage (594608K) : ind_mk has 0 polygons
2026-09-08 12:56:39 +0800: Memory Usage (593940K) : deep  mode is enabled for lvpwell_split table
2026-09-08 12:56:39 +0800: Memory Usage (646980K) : via3 has 8264 polygons
2026-09-08 12:56:39 +0800: Memory Usage (647020K) : metal2_drawn has 17514 polygons
2026-09-08 12:56:39 +0800: Memory Usage (594608K) : hvpolyrs has 0 polygons
2026-09-08 12:56:39 +0800: Memory Usage (593940K) : METAL_TOP Selected is 9K
2026-09-08 12:56:39 +0800: Memory Usage (647020K) : metal2_dummy has 0 polygons
2026-09-08 12:56:39 +0800: Memory Usage (626420K) : metal1_drawn has 27195 polygons
2026-09-08 12:56:39 +0800: Memory Usage (594608K) : lvs_io has 0 polygons
2026-09-08 12:56:39 +0800: Memory Usage (593940K) : METAL_STACK Selected is 5LM
2026-09-08 12:56:39 +0800: Memory Usage (593940K) : FEOL enabled: true
2026-09-08 12:56:39 +0800: Memory Usage (647040K) : metal6_res has 0 polygons
2026-09-08 12:56:39 +0800: Memory Usage (594608K) : probe_mk has 0 polygons
2026-09-08 12:56:39 +0800: Memory Usage (647020K) : metal2_label has 31 polygons
2026-09-08 12:56:39 +0800: Memory Usage (646980K) : metal4_drawn has 1492 polygons
2026-09-08 12:56:39 +0800: Memory Usage (626420K) : metal1_dummy has 0 polygons
2026-09-08 12:56:39 +0800: Memory Usage (593940K) : BEOL enabled: true
2026-09-08 12:56:39 +0800: Memory Usage (594608K) : esd_mk has 0 polygons
2026-09-08 12:56:39 +0800: Memory Usage (647040K) : pr_bndry has 1 polygons
2026-09-08 12:56:39 +0800: Memory Usage (593940K) : SLOW_VIA enabled: false
2026-09-08 12:56:39 +0800: Memory Usage (626420K) : metal1_label has 0 polygons
2026-09-08 12:56:39 +0800: Memory Usage (647020K) : metal2_slot has 0 polygons
2026-09-08 12:56:39 +0800: Memory Usage (647040K) : border has 0 polygons
2026-09-08 12:56:39 +0800: Memory Usage (646980K) : metal4_dummy has 0 polygons
2026-09-08 12:56:39 +0800: Memory Usage (594608K) : lvs_source has 0 polygons
2026-09-08 12:56:39 +0800: Memory Usage (571172K) : Ruby Version for klayout: 3.1.2
2026-09-08 12:56:39 +0800: Memory Usage (647040K) : Total no. of polygons in the design is 114250
2026-09-08 12:56:39 +0800: Memory Usage (594608K) : well_diode_mk has 0 polygons
2026-09-08 12:56:39 +0800: Memory Usage (646980K) : metal4_label has 0 polygons
2026-09-08 12:56:39 +0800: Memory Usage (601000K) : nwell has 67 polygons
2026-09-08 12:56:39 +0800: Memory Usage (626420K) : metal1_slot has 0 polygons
2026-09-08 12:56:39 +0800: Memory Usage (593932K) : Loading database to memory is complete.
2026-09-08 12:56:39 +0800: Memory Usage (594608K) : ldmos_xtor has 0 polygons
2026-09-08 12:56:39 +0800: Memory Usage (646980K) : metal4_slot has 0 polygons
2026-09-08 12:56:40 +0800: Memory Usage (593932K) : GF180MCU Klayout DRC runset output at: /workspace/iris_c3a247b9-0025-43e1-bae8-42a940fa0b63/Chip-Orchestra-review-latest/output/nanocgra_lite_3x3_opt/reports/signoff/foundry_drc_full/nanocgra_lite_3x3_opt_sram_5p0.lyrdb
2026-09-08 12:56:40 +0800: Memory Usage (594608K) : plfuse has 0 polygons
2026-09-08 12:56:40 +0800: Memory Usage (593932K) : Evaluate switches.
2026-09-08 12:56:39 +0800: Memory Usage (593956K) : Read in polygons from layers.
2026-09-08 12:56:40 +0800: Memory Usage (594608K) : efuse_mk has 0 polygons
2026-09-08 12:56:40 +0800: Memory Usage (593948K) : table_name selected  sram_5p0
2026-09-08 12:56:40 +0800: Memory Usage (646980K) : metal4_blk has 0 polygons
2026-09-08 12:56:40 +0800: Memory Usage (594596K) : comp has 17801 polygons
2026-09-08 12:56:39 +0800: Memory Usage (647020K) : metal2_blk has 0 polygons
2026-09-08 12:56:40 +0800: Memory Usage (593948K) : CONNECTIVITY_RULES enabled: false
2026-09-08 12:56:40 +0800: Memory Usage (594608K) : mcell_feol_mk has 0 polygons
2026-09-08 12:56:40 +0800: Memory Usage (593948K) : Wedge enabled: false
2026-09-08 12:56:39 +0800: Memory Usage (601144K) : lvpwell has 68 polygons
2026-09-08 12:56:40 +0800: Memory Usage (594596K) : dnwell has 0 polygons
2026-09-08 12:56:40 +0800: Memory Usage (646980K) : via4 has 4611 polygons
2026-09-08 12:56:40 +0800: Memory Usage (594608K) : ymtp_mk has 0 polygons
2026-09-08 12:56:40 +0800: Memory Usage (647020K) : metal3_drawn has 9853 polygons
2026-09-08 12:56:40 +0800: Memory Usage (593948K) : Ball enabled: false
2026-09-08 12:56:40 +0800: Memory Usage (594596K) : nwell has 15936 polygons
2026-09-08 12:56:40 +0800: Memory Usage (594608K) : dev_wf_mk has 0 polygons
2026-09-08 12:56:40 +0800: Memory Usage (593948K) : Gold enabled: false
2026-09-08 12:56:40 +0800: Memory Usage (647020K) : metal3_dummy has 0 polygons
2026-09-08 12:56:40 +0800: Memory Usage (594608K) : comp_label has 0 polygons
2026-09-08 12:56:40 +0800: Memory Usage (594596K) : lvpwell has 15936 polygons
2026-09-08 12:56:40 +0800: Memory Usage (646980K) : metal5_drawn has 269 polygons
2026-09-08 12:56:40 +0800: Memory Usage (593948K) : MIM Option selected: B
2026-09-08 12:56:40 +0800: Memory Usage (647020K) : metal3_label has 0 polygons
2026-09-08 12:56:40 +0800: Memory Usage (594608K) : poly2_label has 0 polygons
2026-09-08 12:56:40 +0800: Memory Usage (593948K) : Offgrid enabled:  true
2026-09-08 12:56:40 +0800: Memory Usage (647020K) : metal3_slot has 0 polygons
2026-09-08 12:56:40 +0800: Memory Usage (646980K) : metal5_dummy has 0 polygons
2026-09-08 12:56:40 +0800: Memory Usage (594596K) : dualgate has 15936 polygons
2026-09-08 12:56:40 +0800: Memory Usage (594608K) : mdiode has 0 polygons
2026-09-08 12:56:40 +0800: Memory Usage (593948K) : Number of threads to use 2
2026-09-08 12:56:40 +0800: Memory Usage (646980K) : metal5_label has 0 polygons
2026-09-08 12:56:40 +0800: Memory Usage (594608K) : ndmy has 0 polygons
2026-09-08 12:56:40 +0800: Memory Usage (594596K) : poly2 has 28468 polygons
2026-09-08 12:56:40 +0800: Memory Usage (593948K) : Verbose mode: false
2026-09-08 12:56:40 +0800: Memory Usage (647020K) : metal3_blk has 0 polygons
2026-09-08 12:56:40 +0800: Memory Usage (646980K) : metal5_slot has 0 polygons
2026-09-08 12:56:40 +0800: Memory Usage (593948K) : flat  mode is enabled for sram_5p0 table
2026-09-08 12:56:40 +0800: Memory Usage (594608K) : pmndmy has 0 polygons
2026-09-08 12:56:40 +0800: Memory Usage (593948K) : METAL_TOP Selected is 9K
2026-09-08 12:56:40 +0800: Memory Usage (646980K) : metal5_blk has 0 polygons
2026-09-08 12:56:40 +0800: Memory Usage (594596K) : nplus has 15936 polygons
2026-09-08 12:56:40 +0800: Memory Usage (593948K) : METAL_STACK Selected is 5LM
2026-09-08 12:56:40 +0800: Memory Usage (646980K) : pad has 0 polygons
2026-09-08 12:56:40 +0800: Memory Usage (594596K) : pplus has 17972 polygons
2026-09-08 12:56:40 +0800: Memory Usage (605128K) : dualgate has 1 polygons
2026-09-08 12:56:40 +0800: Memory Usage (593948K) : FEOL enabled: true
2026-09-08 12:56:40 +0800: Memory Usage (647020K) : via3 has 8264 polygons
2026-09-08 12:56:40 +0800: Memory Usage (646980K) : ubmpperi has 0 polygons
2026-09-08 12:56:40 +0800: Memory Usage (594596K) : sab has 0 polygons
2026-09-08 12:56:40 +0800: Memory Usage (593964K) : BEOL enabled: true
2026-09-08 12:56:40 +0800: Memory Usage (595128K) : metal1_drawn has 104857 polygons
2026-09-08 12:56:40 +0800: Memory Usage (594596K) : esd has 0 polygons
2026-09-08 12:56:40 +0800: Memory Usage (646980K) : ubmparray has 0 polygons
2026-09-08 12:56:40 +0800: Memory Usage (593964K) : SLOW_VIA enabled: false
2026-09-08 12:56:40 +0800: Memory Usage (647020K) : metal4_drawn has 1492 polygons
2026-09-08 12:56:40 +0800: Memory Usage (594596K) : resistor has 0 polygons
2026-09-08 12:56:40 +0800: Memory Usage (595128K) : metal1_dummy has 0 polygons
2026-09-08 12:56:39 +0800: Memory Usage (626420K) : metal1_blk has 0 polygons
2026-09-08 12:56:40 +0800: Memory Usage (647020K) : metal4_dummy has 0 polygons
2026-09-08 12:56:40 +0800: Memory Usage (594596K) : fhres has 0 polygons
2026-09-08 12:56:40 +0800: Memory Usage (595788K) : metal1_label has 0 polygons
2026-09-08 12:56:40 +0800: Memory Usage (647020K) : metal4_label has 0 polygons
2026-09-08 12:56:40 +0800: Memory Usage (594596K) : fusetop has 0 polygons
2026-09-08 12:56:40 +0800: Memory Usage (646980K) : ubmeplate has 0 polygons
2026-09-08 12:56:41 +0800: Memory Usage (594596K) : fusewindow_d has 0 polygons
2026-09-08 12:56:41 +0800: Memory Usage (647020K) : metal4_slot has 0 polygons
2026-09-08 12:56:40 +0800: Memory Usage (605332K) : poly2 has 24914 polygons
2026-09-08 12:56:41 +0800: Memory Usage (595788K) : metal1_slot has 0 polygons
2026-09-08 12:56:41 +0800: Memory Usage (646980K) : metal1_res has 0 polygons
2026-09-08 12:56:41 +0800: Memory Usage (594596K) : polyfuse has 0 polygons
2026-09-08 12:56:40 +0800: Memory Usage (659700K) : metal2_drawn has 17514 polygons
2026-09-08 12:56:41 +0800: Memory Usage (594596K) : mvsd has 0 polygons
2026-09-08 12:56:41 +0800: Memory Usage (647020K) : metal4_blk has 0 polygons
2026-09-08 12:56:41 +0800: Memory Usage (595788K) : metal1_blk has 0 polygons
2026-09-08 12:56:41 +0800: Memory Usage (646980K) : metal2_res has 0 polygons
2026-09-08 12:56:41 +0800: Memory Usage (659700K) : metal2_dummy has 0 polygons
2026-09-08 12:56:41 +0800: Memory Usage (647020K) : via4 has 4611 polygons
2026-09-08 12:56:40 +0800: Memory Usage (593964K) : Read in polygons from layers.
2026-09-08 12:56:41 +0800: Memory Usage (646980K) : metal3_res has 0 polygons
2026-09-08 12:56:41 +0800: Memory Usage (659700K) : metal2_label has 31 polygons
2026-09-08 12:56:41 +0800: Memory Usage (647020K) : metal5_drawn has 269 polygons
2026-09-08 12:56:41 +0800: Memory Usage (596212K) : comp has 17798 polygons
2026-09-08 12:56:41 +0800: Memory Usage (594596K) : mvpsd has 0 polygons
2026-09-08 12:56:41 +0800: Memory Usage (646980K) : metal4_res has 0 polygons
2026-09-08 12:56:41 +0800: Memory Usage (659700K) : metal2_slot has 0 polygons
2026-09-08 12:56:41 +0800: Memory Usage (596300K) : via1 has 24400 polygons
2026-09-08 12:56:41 +0800: Memory Usage (608916K) : nplus has 68 polygons
2026-09-08 12:56:41 +0800: Memory Usage (647020K) : metal5_dummy has 0 polygons
2026-09-08 12:56:41 +0800: Memory Usage (594596K) : nat has 0 polygons
2026-09-08 12:56:41 +0800: Memory Usage (646980K) : metal5_res has 0 polygons
2026-09-08 12:56:41 +0800: Memory Usage (647020K) : metal5_label has 0 polygons
2026-09-08 12:56:41 +0800: Memory Usage (608916K) : pplus has 2103 polygons
2026-09-08 12:56:41 +0800: Memory Usage (594596K) : comp_dummy has 0 polygons
2026-09-08 12:56:41 +0800: Memory Usage (647020K) : metal5_slot has 0 polygons
2026-09-08 12:56:41 +0800: Memory Usage (608916K) : sab has 0 polygons
2026-09-08 12:56:41 +0800: Memory Usage (598864K) : metal2_drawn has 68314 polygons
2026-09-08 12:56:41 +0800: Memory Usage (647020K) : metal5_blk has 0 polygons
2026-09-08 12:56:41 +0800: Memory Usage (596212K) : dnwell has 0 polygons
2026-09-08 12:56:41 +0800: Memory Usage (594596K) : poly2_dummy has 0 polygons
2026-09-08 12:56:41 +0800: Memory Usage (608916K) : esd has 0 polygons
2026-09-08 12:56:41 +0800: Memory Usage (647020K) : pad has 0 polygons
2026-09-08 12:56:41 +0800: Memory Usage (594596K) : schottky_diode has 0 polygons
2026-09-08 12:56:41 +0800: Memory Usage (598864K) : metal2_dummy has 0 polygons
2026-09-08 12:56:41 +0800: Memory Usage (659700K) : metal2_blk has 0 polygons
2026-09-08 12:56:41 +0800: Memory Usage (647020K) : ubmpperi has 0 polygons
2026-09-08 12:56:41 +0800: Memory Usage (594596K) : zener has 0 polygons
2026-09-08 12:56:41 +0800: Memory Usage (608916K) : resistor has 0 polygons
2026-09-08 12:56:41 +0800: Memory Usage (599932K) : metal2_label has 31 polygons
2026-09-08 12:56:41 +0800: Memory Usage (646980K) : metal6_res has 0 polygons
2026-09-08 12:56:41 +0800: Memory Usage (647020K) : ubmparray has 0 polygons
2026-09-08 12:56:41 +0800: Memory Usage (594596K) : res_mk has 0 polygons
2026-09-08 12:56:41 +0800: Memory Usage (608916K) : fhres has 0 polygons
2026-09-08 12:56:41 +0800: Memory Usage (599932K) : metal2_slot has 0 polygons
2026-09-08 12:56:37 +0800: Memory Usage (678628K) : Connectivity rules enabled, Netlist object will be generated.
2026-09-08 12:56:41 +0800: Memory Usage (646980K) : pr_bndry has 1 polygons
2026-09-08 12:56:41 +0800: Memory Usage (608916K) : fusetop has 0 polygons
2026-09-08 12:56:41 +0800: Memory Usage (647020K) : ubmeplate has 0 polygons
2026-09-08 12:56:41 +0800: Memory Usage (571168K) : Starting running GF180MCU Klayout DRC runset on /workspace/iris_c3a247b9-0025-43e1-bae8-42a940fa0b63/Chip-Orchestra-review-latest/output/nanocgra_lite_3x3_opt/gds/nanocgra_lite_3x3_opt.gds
2026-09-08 12:56:41 +0800: Memory Usage (732104K) : Total area of the design is 302500.0 um^2.
2026-09-08 12:56:41 +0800: Memory Usage (659700K) : metal3_drawn has 9853 polygons
2026-09-08 12:56:41 +0800: Memory Usage (601012K) : nwell has 67 polygons
2026-09-08 12:56:41 +0800: Memory Usage (608916K) : fusewindow_d has 0 polygons
2026-09-08 12:56:41 +0800: Memory Usage (646980K) : border has 0 polygons
2026-09-08 12:56:41 +0800: Memory Usage (599932K) : metal2_blk has 0 polygons
2026-09-08 12:56:41 +0800: Memory Usage (608916K) : polyfuse has 0 polygons
2026-09-08 12:56:41 +0800: Memory Usage (646980K) : Total no. of polygons in the design is 114250
2026-09-08 12:56:41 +0800: Memory Usage (732104K) : Starting GF180MCU DRC rules.
2026-09-08 12:56:41 +0800: Memory Usage (659700K) : metal3_dummy has 0 polygons
2026-09-08 12:56:41 +0800: Memory Usage (594596K) : opc_drc has 0 polygons
2026-09-08 12:56:41 +0800: Memory Usage (647020K) : metal1_res has 0 polygons
2026-09-08 12:56:42 +0800: Memory Usage (600956K) : metal3_drawn has 35548 polygons
2026-09-08 12:56:42 +0800: Memory Usage (608916K) : mvsd has 0 polygons
2026-09-08 12:56:42 +0800: Memory Usage (732104K) : Running all FEOL rules
2026-09-08 12:56:42 +0800: Memory Usage (659700K) : metal3_label has 0 polygons
2026-09-08 12:56:42 +0800: Memory Usage (594596K) : v5_xtor has 15936 polygons
2026-09-08 12:56:42 +0800: Memory Usage (608916K) : mvpsd has 0 polygons
2026-09-08 12:56:42 +0800: Memory Usage (647020K) : metal2_res has 0 polygons
2026-09-08 12:56:42 +0800: Memory Usage (659700K) : metal3_slot has 0 polygons
2026-09-08 12:56:42 +0800: Memory Usage (594596K) : cap_mk has 0 polygons
2026-09-08 12:56:42 +0800: Memory Usage (732104K) : Running all BEOL rules
2026-09-08 12:56:42 +0800: Memory Usage (608916K) : nat has 0 polygons
2026-09-08 12:56:42 +0800: Memory Usage (647020K) : metal3_res has 0 polygons
2026-09-08 12:56:42 +0800: Memory Usage (594596K) : mos_cap_mk has 0 polygons
2026-09-08 12:56:41 +0800: Memory Usage (601156K) : lvpwell has 68 polygons
2026-09-08 12:56:42 +0800: Memory Usage (608916K) : comp_dummy has 0 polygons
2026-09-08 12:56:42 +0800: Memory Usage (600956K) : metal3_dummy has 0 polygons
2026-09-08 12:56:42 +0800: Memory Usage (647020K) : metal4_res has 0 polygons
2026-09-08 12:56:42 +0800: Memory Usage (659700K) : metal3_blk has 0 polygons
2026-09-08 12:56:41 +0800: Memory Usage (571168K) : Ruby Version for klayout: 3.1.2
2026-09-08 12:56:42 +0800: Memory Usage (594596K) : ind_mk has 0 polygons
2026-09-08 12:56:42 +0800: Memory Usage (732104K) : Starting 10V LDNMOS derivations
2026-09-08 12:56:42 +0800: Memory Usage (593928K) : Loading database to memory is complete.
2026-09-08 12:56:42 +0800: Memory Usage (602068K) : metal3_label has 0 polygons
2026-09-08 12:56:42 +0800: Memory Usage (647020K) : metal5_res has 0 polygons
2026-09-08 12:56:42 +0800: Memory Usage (593928K) : GF180MCU Klayout DRC runset output at: /workspace/iris_c3a247b9-0025-43e1-bae8-42a940fa0b63/Chip-Orchestra-review-latest/output/nanocgra_lite_3x3_opt/reports/signoff/foundry_drc_full/nanocgra_lite_3x3_opt_pres.lyrdb
2026-09-08 12:56:42 +0800: Memory Usage (594596K) : diode_mk has 0 polygons
2026-09-08 12:56:42 +0800: Memory Usage (608916K) : poly2_dummy has 0 polygons
2026-09-08 12:56:42 +0800: Memory Usage (602068K) : metal3_slot has 0 polygons
2026-09-08 12:56:42 +0800: Memory Usage (593944K) : Evaluate switches.
2026-09-08 12:56:42 +0800: Memory Usage (608916K) : schottky_diode has 0 polygons
2026-09-08 12:56:42 +0800: Memory Usage (594596K) : drc_bjt has 0 polygons
2026-09-08 12:56:42 +0800: Memory Usage (602068K) : metal3_blk has 0 polygons
2026-09-08 12:56:42 +0800: Memory Usage (593944K) : table_name selected  pres
2026-09-08 12:56:42 +0800: Memory Usage (594596K) : lvs_bjt has 0 polygons
2026-09-08 12:56:42 +0800: Memory Usage (659700K) : via3 has 8264 polygons
2026-09-08 12:56:42 +0800: Memory Usage (608916K) : zener has 0 polygons
2026-09-08 12:56:42 +0800: Memory Usage (732104K) : Executing rule MDN.1
2026-09-08 12:56:36 +0800: Memory Usage (601480K) : Starting deriving base layers.
2026-09-08 12:56:42 +0800: Memory Usage (594596K) : mim_l_mk has 0 polygons
2026-09-08 12:56:42 +0800: Memory Usage (608916K) : res_mk has 0 polygons
2026-09-08 12:56:42 +0800: Memory Usage (593944K) : CONNECTIVITY_RULES enabled: false
2026-09-08 12:56:42 +0800: Memory Usage (602068K) : via3 has 8273 polygons
2026-09-08 12:56:42 +0800: Memory Usage (897164K) : Total area of the design is 302500.0 um^2.
2026-09-08 12:56:42 +0800: Memory Usage (732104K) : CONNECTIVITY_RULES section
2026-09-08 12:56:42 +0800: Memory Usage (647020K) : metal6_res has 0 polygons
2026-09-08 12:56:42 +0800: Memory Usage (593944K) : Wedge enabled: false
2026-09-08 12:56:42 +0800: Memory Usage (602068K) : metal4_drawn has 8015 polygons
2026-09-08 12:56:42 +0800: Memory Usage (659700K) : metal4_drawn has 1492 polygons
2026-09-08 12:56:42 +0800: Memory Usage (897164K) : Starting GF180MCU DRC rules.
2026-09-08 12:56:42 +0800: Memory Usage (593944K) : Ball enabled: false
2026-09-08 12:56:42 +0800: Memory Usage (732104K) : Executing rule MDN.2a
2026-09-08 12:56:42 +0800: Memory Usage (602068K) : metal4_dummy has 0 polygons
2026-09-08 12:56:42 +0800: Memory Usage (593944K) : Gold enabled: false
2026-09-08 12:56:42 +0800: Memory Usage (594596K) : latchup_mk has 0 polygons
2026-09-08 12:56:42 +0800: Memory Usage (897164K) : Running all FEOL rules
2026-09-08 12:56:42 +0800: Memory Usage (659700K) : metal4_dummy has 0 polygons
2026-09-08 12:56:42 +0800: Memory Usage (593944K) : MIM Option selected: B
2026-09-08 12:56:42 +0800: Memory Usage (602068K) : metal4_label has 0 polygons
2026-09-08 12:56:42 +0800: Memory Usage (647020K) : pr_bndry has 1 polygons
2026-09-08 12:56:42 +0800: Memory Usage (732104K) : Executing rule MDN.2b
2026-09-08 12:56:42 +0800: Memory Usage (897164K) : Running all BEOL rules
2026-09-08 12:56:42 +0800: Memory Usage (608916K) : opc_drc has 0 polygons
2026-09-08 12:56:42 +0800: Memory Usage (594596K) : guard_ring_mk has 0 polygons
2026-09-08 12:56:42 +0800: Memory Usage (593944K) : Offgrid enabled:  true
2026-09-08 12:56:42 +0800: Memory Usage (659700K) : metal4_label has 0 polygons
2026-09-08 12:56:37 +0800: Memory Usage (661432K) : Starting deriving base layers.
2026-09-08 12:56:42 +0800: Memory Usage (647020K) : border has 0 polygons
2026-09-08 12:56:42 +0800: Memory Usage (605140K) : dualgate has 1 polygons
2026-09-08 12:56:42 +0800: Memory Usage (732104K) : Executing rule MDN.3a
2026-09-08 12:56:42 +0800: Memory Usage (608916K) : v5_xtor has 1 polygons
2026-09-08 12:56:42 +0800: Memory Usage (593944K) : Number of threads to use 2
2026-09-08 12:56:42 +0800: Memory Usage (594596K) : otp_mk has 0 polygons
2026-09-08 12:56:42 +0800: Memory Usage (647020K) : Total no. of polygons in the design is 114250
2026-09-08 12:56:42 +0800: Memory Usage (659700K) : metal4_slot has 0 polygons
2026-09-08 12:56:42 +0800: Memory Usage (602068K) : metal4_slot has 0 polygons
2026-09-08 12:56:42 +0800: Memory Usage (593944K) : Verbose mode: false
2026-09-08 12:56:42 +0800: Memory Usage (732104K) : Executing rule MDN.3b
2026-09-08 12:56:42 +0800: Memory Usage (594596K) : mtpmark has 0 polygons
2026-09-08 12:56:42 +0800: Memory Usage (602068K) : metal4_blk has 0 polygons
2026-09-08 12:56:42 +0800: Memory Usage (659700K) : metal4_blk has 0 polygons
2026-09-08 12:56:42 +0800: Memory Usage (593944K) : flat  mode is enabled for pres table
2026-09-08 12:56:42 +0800: Memory Usage (594596K) : neo_ee_mk has 0 polygons
2026-09-08 12:56:42 +0800: Memory Usage (732104K) : Executing rule MDN.4a
2026-09-08 12:56:42 +0800: Memory Usage (593944K) : METAL_TOP Selected is 9K
2026-09-08 12:56:42 +0800: Memory Usage (608916K) : cap_mk has 0 polygons
2026-09-08 12:56:42 +0800: Memory Usage (594596K) : sramcore has 0 polygons
2026-09-08 12:56:42 +0800: Memory Usage (659700K) : via4 has 4611 polygons
2026-09-08 12:56:42 +0800: Memory Usage (602068K) : via4 has 4611 polygons
2026-09-08 12:56:43 +0800: Memory Usage (593944K) : METAL_STACK Selected is 5LM
2026-09-08 12:56:43 +0800: Memory Usage (608916K) : mos_cap_mk has 0 polygons
2026-09-08 12:56:43 +0800: Memory Usage (594596K) : lvs_rf has 0 polygons
2026-09-08 12:56:43 +0800: Memory Usage (659700K) : metal5_drawn has 269 polygons
2026-09-08 12:56:43 +0800: Memory Usage (602068K) : metal5_drawn has 1382 polygons
2026-09-08 12:56:43 +0800: Memory Usage (593944K) : FEOL enabled: true
2026-09-08 12:56:42 +0800: Memory Usage (897164K) : metal1_split DRC Total Run time 14.798022306 seconds
2026-09-08 12:56:42 +0800: Memory Usage (605344K) : poly2 has 24914 polygons
2026-09-08 12:56:43 +0800: Memory Usage (594596K) : lvs_drain has 0 polygons
2026-09-08 12:56:43 +0800: Memory Usage (608916K) : ind_mk has 0 polygons
2026-09-08 12:56:43 +0800: Memory Usage (732104K) : Executing rule MDN.4b
2026-09-08 12:56:43 +0800: Memory Usage (593960K) : BEOL enabled: true
2026-09-08 12:56:43 +0800: Memory Usage (594596K) : ind_mk has 0 polygons
2026-09-08 12:56:43 +0800: Memory Usage (602068K) : metal5_dummy has 0 polygons
2026-09-08 12:56:43 +0800: Memory Usage (608916K) : diode_mk has 0 polygons
2026-09-08 12:56:43 +0800: Memory Usage (593960K) : SLOW_VIA enabled: false
2026-09-08 12:56:43 +0800: Memory Usage (732104K) : Executing rule MDN.5ai
2026-09-08 12:56:43 +0800: Memory Usage (659700K) : metal5_dummy has 0 polygons
2026-09-08 12:56:43 +0800: Memory Usage (608916K) : drc_bjt has 0 polygons
2026-09-08 12:56:43 +0800: Memory Usage (602068K) : metal5_label has 0 polygons
2026-09-08 12:56:43 +0800: Memory Usage (732104K) : Executing rule MDN.5aii
2026-09-08 12:56:43 +0800: Memory Usage (659700K) : metal5_label has 0 polygons
2026-09-08 12:56:43 +0800: Memory Usage (594596K) : hvpolyrs has 0 polygons
2026-09-08 12:56:43 +0800: Memory Usage (608916K) : lvs_bjt has 0 polygons
2026-09-08 12:56:43 +0800: Memory Usage (602068K) : metal5_slot has 0 polygons
2026-09-08 12:56:43 +0800: Memory Usage (594596K) : lvs_io has 0 polygons
2026-09-08 12:56:43 +0800: Memory Usage (659700K) : metal5_slot has 0 polygons
2026-09-08 12:56:43 +0800: Memory Usage (608916K) : mim_l_mk has 0 polygons
2026-09-08 12:56:43 +0800: Memory Usage (732104K) : Executing rule MDN.5b
2026-09-08 12:56:43 +0800: Memory Usage (594596K) : probe_mk has 0 polygons
2026-09-08 12:56:43 +0800: Memory Usage (608916K) : latchup_mk has 0 polygons
2026-09-08 12:56:43 +0800: Memory Usage (659700K) : metal5_blk has 0 polygons
2026-09-08 12:56:43 +0800: Memory Usage (594596K) : esd_mk has 0 polygons
2026-09-08 12:56:43 +0800: Memory Usage (608928K) : nplus has 68 polygons
2026-09-08 12:56:43 +0800: Memory Usage (732104K) : Executing rule MDN.5c
2026-09-08 12:56:43 +0800: Memory Usage (594596K) : lvs_source has 0 polygons
2026-09-08 12:56:43 +0800: Memory Usage (608916K) : guard_ring_mk has 0 polygons
2026-09-08 12:56:43 +0800: Memory Usage (659700K) : pad has 0 polygons
2026-09-08 12:56:43 +0800: Memory Usage (602068K) : metal5_blk has 0 polygons
2026-09-08 12:56:43 +0800: Memory Usage (608928K) : pplus has 2103 polygons
2026-09-08 12:56:43 +0800: Memory Usage (594596K) : well_diode_mk has 0 polygons
2026-09-08 12:56:43 +0800: Memory Usage (659700K) : ubmpperi has 0 polygons
2026-09-08 12:56:43 +0800: Memory Usage (608928K) : sab has 0 polygons
2026-09-08 12:56:43 +0800: Memory Usage (602068K) : pad has 0 polygons
2026-09-08 12:56:43 +0800: Memory Usage (732104K) : Executing rule MDN.6
2026-09-08 12:56:43 +0800: Memory Usage (594596K) : ldmos_xtor has 0 polygons
08-Sep-2026 12:56:43 | INFO    | Running Global Foundries 180nm MCU /workspace/iris_c3a247b9-0025-43e1-bae8-42a940fa0b63/Chip-Orchestra-review-latest/output/nanocgra_lite_3x3_opt/gds/nanocgra_lite_3x3_opt.gds checks on design via1 on cell NanoCGRA_Lite:
2026-09-08 12:56:43 +0800: Memory Usage (593960K) : Read in polygons from layers.
2026-09-08 12:56:43 +0800: Memory Usage (608916K) : otp_mk has 0 polygons
2026-09-08 12:56:43 +0800: Memory Usage (608928K) : esd has 0 polygons
2026-09-08 12:56:43 +0800: Memory Usage (594596K) : plfuse has 0 polygons
2026-09-08 12:56:43 +0800: Memory Usage (659700K) : ubmparray has 0 polygons
2026-09-08 12:56:43 +0800: Memory Usage (602068K) : ubmpperi has 0 polygons
2026-09-08 12:56:43 +0800: Memory Usage (596212K) : comp has 17798 polygons
2026-09-08 12:56:43 +0800: Memory Usage (608916K) : mtpmark has 0 polygons
2026-09-08 12:56:43 +0800: Memory Usage (594596K) : efuse_mk has 0 polygons
2026-09-08 12:56:43 +0800: Memory Usage (608928K) : resistor has 0 polygons
2026-09-08 12:56:43 +0800: Memory Usage (659700K) : ubmeplate has 0 polygons
2026-09-08 12:56:43 +0800: Memory Usage (602068K) : ubmparray has 0 polygons
2026-09-08 12:56:43 +0800: Memory Usage (608916K) : neo_ee_mk has 0 polygons
2026-09-08 12:56:43 +0800: Memory Usage (594596K) : mcell_feol_mk has 0 polygons
2026-09-08 12:56:43 +0800: Memory Usage (608928K) : fhres has 0 polygons
2026-09-08 12:56:43 +0800: Memory Usage (732104K) : Executing rule MDN.6a
2026-09-08 12:56:43 +0800: Memory Usage (602068K) : ubmeplate has 0 polygons
2026-09-08 12:56:43 +0800: Memory Usage (594596K) : ymtp_mk has 0 polygons
2026-09-08 12:56:43 +0800: Memory Usage (608916K) : sramcore has 0 polygons
2026-09-08 12:56:43 +0800: Memory Usage (602068K) : metal1_res has 0 polygons
2026-09-08 12:56:43 +0800: Memory Usage (659700K) : metal1_res has 0 polygons
2026-09-08 12:56:43 +0800: Memory Usage (732104K) : Executing rule MDN.7
2026-09-08 12:56:43 +0800: Memory Usage (608916K) : lvs_rf has 0 polygons
2026-09-08 12:56:43 +0800: Memory Usage (602068K) : metal2_res has 0 polygons
2026-09-08 12:56:43 +0800: Memory Usage (659700K) : metal2_res has 0 polygons
2026-09-08 12:56:43 +0800: Memory Usage (608928K) : fusetop has 0 polygons
2026-09-08 12:56:43 +0800: Memory Usage (732104K) : Executing rule MDN.7a
2026-09-08 12:56:43 +0800: Memory Usage (594596K) : dev_wf_mk has 0 polygons
2026-09-08 12:56:43 +0800: Memory Usage (596212K) : dnwell has 0 polygons
2026-09-08 12:56:43 +0800: Memory Usage (602068K) : metal3_res has 0 polygons
2026-09-08 12:56:43 +0800: Memory Usage (608916K) : lvs_drain has 0 polygons
2026-09-08 12:56:43 +0800: Memory Usage (608928K) : fusewindow_d has 0 polygons
2026-09-08 12:56:43 +0800: Memory Usage (659700K) : metal3_res has 0 polygons
2026-09-08 12:56:43 +0800: Memory Usage (594596K) : comp_label has 0 polygons
2026-09-08 12:56:43 +0800: Memory Usage (602068K) : metal4_res has 0 polygons
2026-09-08 12:56:43 +0800: Memory Usage (608916K) : ind_mk has 0 polygons
2026-09-08 12:56:43 +0800: Memory Usage (608928K) : polyfuse has 0 polygons
2026-09-08 12:56:43 +0800: Memory Usage (594596K) : poly2_label has 0 polygons
2026-09-08 12:56:43 +0800: Memory Usage (659700K) : metal4_res has 0 polygons
2026-09-08 12:56:43 +0800: Memory Usage (608916K) : hvpolyrs has 0 polygons
2026-09-08 12:56:43 +0800: Memory Usage (608928K) : mvsd has 0 polygons
2026-09-08 12:56:44 +0800: Memory Usage (594596K) : mdiode has 0 polygons
2026-09-08 12:56:44 +0800: Memory Usage (659700K) : metal5_res has 0 polygons
2026-09-08 12:56:44 +0800: Memory Usage (608928K) : mvpsd has 0 polygons
2026-09-08 12:56:43 +0800: Memory Usage (602068K) : metal5_res has 0 polygons
2026-09-08 12:56:44 +0800: Memory Usage (608916K) : lvs_io has 0 polygons
2026-09-08 12:56:44 +0800: Memory Usage (594596K) : ndmy has 0 polygons
2026-09-08 12:56:42 +0800: Memory Usage (682468K) : Construct connectivity for the design.
2026-09-08 12:56:44 +0800: Memory Usage (608928K) : nat has 0 polygons
2026-09-08 12:56:44 +0800: Memory Usage (602068K) : metal6_res has 0 polygons
2026-09-08 12:56:44 +0800: Memory Usage (594596K) : pmndmy has 0 polygons
2026-09-08 12:56:44 +0800: Memory Usage (608928K) : comp_dummy has 0 polygons
2026-09-08 12:56:39 +0800: Memory Usage (647040K) : Starting deriving base layers.
2026-09-08 12:56:43 +0800: Memory Usage (601012K) : nwell has 67 polygons
2026-09-08 12:56:44 +0800: Memory Usage (602068K) : pr_bndry has 15937 polygons
2026-09-08 12:56:44 +0800: Memory Usage (608916K) : probe_mk has 0 polygons
2026-09-08 12:56:44 +0800: Memory Usage (595112K) : metal1_drawn has 104857 polygons
2026-09-08 12:56:44 +0800: Memory Usage (608928K) : poly2_dummy has 0 polygons
2026-09-08 12:56:44 +0800: Memory Usage (665088K) : Total area of the design is 302500.0 um^2.
2026-09-08 12:56:44 +0800: Memory Usage (602068K) : border has 0 polygons
2026-09-08 12:56:44 +0800: Memory Usage (659700K) : metal6_res has 0 polygons
2026-09-08 12:56:44 +0800: Memory Usage (608928K) : schottky_diode has 0 polygons
2026-09-08 12:56:44 +0800: Memory Usage (608916K) : esd_mk has 0 polygons
2026-09-08 12:56:44 +0800: Memory Usage (665088K) : Starting GF180MCU DRC rules.
2026-09-08 12:56:44 +0800: Memory Usage (595112K) : metal1_dummy has 0 polygons
2026-09-08 12:56:44 +0800: Memory Usage (602068K) : Total no. of polygons in the design is 415289
2026-09-08 12:56:44 +0800: Memory Usage (608916K) : lvs_source has 0 polygons
2026-09-08 12:56:44 +0800: Memory Usage (608928K) : zener has 0 polygons
2026-09-08 12:56:44 +0800: Memory Usage (665088K) : Running all FEOL rules
2026-09-08 12:56:44 +0800: Memory Usage (595772K) : metal1_label has 0 polygons
2026-09-08 12:56:44 +0800: Memory Usage (665088K) : Running all BEOL rules
2026-09-08 12:56:44 +0800: Memory Usage (608916K) : well_diode_mk has 0 polygons
2026-09-08 12:56:44 +0800: Memory Usage (608916K) : ldmos_xtor has 0 polygons
2026-09-08 12:56:44 +0800: Memory Usage (659700K) : pr_bndry has 1 polygons
2026-09-08 12:56:44 +0800: Memory Usage (595772K) : metal1_slot has 0 polygons
2026-09-08 12:56:44 +0800: Memory Usage (608928K) : res_mk has 0 polygons
2026-09-08 12:56:44 +0800: Memory Usage (601152K) : lvpwell has 68 polygons
2026-09-08 12:56:44 +0800: Memory Usage (665088K) : Executing rule V4.1
2026-09-08 12:56:44 +0800: Memory Usage (659700K) : border has 0 polygons
2026-09-08 12:56:44 +0800: Memory Usage (608916K) : plfuse has 0 polygons
2026-09-08 12:56:44 +0800: Memory Usage (608916K) : efuse_mk has 0 polygons
2026-09-08 12:56:44 +0800: Memory Usage (659700K) : Total no. of polygons in the design is 221072
2026-09-08 12:56:44 +0800: Memory Usage (665088K) : Executing rule V4.2a
2026-09-08 12:56:44 +0800: Memory Usage (608916K) : mcell_feol_mk has 0 polygons
2026-09-08 12:56:44 +0800: Memory Usage (595772K) : metal1_blk has 0 polygons
2026-09-08 12:56:44 +0800: Memory Usage (608928K) : opc_drc has 0 polygons
2026-09-08 12:56:43 +0800: Memory Usage (732104K) : CONNECTIVITY_RULES section
2026-09-08 12:56:44 +0800: Memory Usage (608916K) : ymtp_mk has 0 polygons
2026-09-08 12:56:44 +0800: Memory Usage (598336K) : metal2_drawn has 68314 polygons
2026-09-08 12:56:44 +0800: Memory Usage (608928K) : v5_xtor has 1 polygons
2026-09-08 12:56:44 +0800: Memory Usage (665088K) : Executing rule V4.2b
2026-09-08 12:56:44 +0800: Memory Usage (732104K) : Executing rule MDN.8a
2026-09-08 12:56:44 +0800: Memory Usage (608928K) : cap_mk has 0 polygons
2026-09-08 12:56:44 +0800: Memory Usage (598336K) : metal2_dummy has 0 polygons
2026-09-08 12:56:44 +0800: Memory Usage (608928K) : mos_cap_mk has 0 polygons
2026-09-08 12:56:44 +0800: Memory Usage (599404K) : metal2_label has 31 polygons
2026-09-08 12:56:44 +0800: Memory Usage (732104K) : Executing rule MDN.8b
2026-09-08 12:56:44 +0800: Memory Usage (608916K) : dev_wf_mk has 0 polygons
2026-09-08 12:56:44 +0800: Memory Usage (665088K) : Executing rule V4.3b
2026-09-08 12:56:44 +0800: Memory Usage (608928K) : ind_mk has 0 polygons
2026-09-08 12:56:44 +0800: Memory Usage (599404K) : metal2_slot has 0 polygons
2026-09-08 12:56:44 +0800: Memory Usage (608916K) : comp_label has 0 polygons
2026-09-08 12:56:44 +0800: Memory Usage (608916K) : poly2_label has 0 polygons
2026-09-08 12:56:44 +0800: Memory Usage (608928K) : diode_mk has 0 polygons
2026-09-08 12:56:45 +0800: Memory Usage (608916K) : mdiode has 0 polygons
2026-09-08 12:56:44 +0800: Memory Usage (605136K) : dualgate has 1 polygons
2026-09-08 12:56:44 +0800: Memory Usage (665088K) : Executing rule V4.3c
2026-09-08 12:56:45 +0800: Memory Usage (608928K) : drc_bjt has 0 polygons
2026-09-08 12:56:45 +0800: Memory Usage (608916K) : ndmy has 0 polygons
2026-09-08 12:56:45 +0800: Memory Usage (608928K) : lvs_bjt has 0 polygons
2026-09-08 12:56:44 +0800: Memory Usage (599404K) : metal2_blk has 0 polygons
2026-09-08 12:56:45 +0800: Memory Usage (608928K) : mim_l_mk has 0 polygons
2026-09-08 12:56:45 +0800: Memory Usage (600428K) : metal3_drawn has 35548 polygons
2026-09-08 12:56:45 +0800: Memory Usage (608928K) : latchup_mk has 0 polygons
2026-09-08 12:56:44 +0800: Memory Usage (732104K) : Executing rule MDN.9
2026-09-08 12:56:45 +0800: Memory Usage (608928K) : guard_ring_mk has 0 polygons
2026-09-08 12:56:45 +0800: Memory Usage (600428K) : metal3_dummy has 0 polygons
2026-09-08 12:56:45 +0800: Memory Usage (608928K) : otp_mk has 0 polygons
2026-09-08 12:56:45 +0800: Memory Usage (601540K) : metal3_label has 0 polygons
2026-09-08 12:56:45 +0800: Memory Usage (605340K) : poly2 has 24914 polygons
2026-09-08 12:56:45 +0800: Memory Usage (732104K) : Executing rule MDN.10a
2026-09-08 12:56:45 +0800: Memory Usage (665088K) : Executing rule V4.3d
2026-09-08 12:56:45 +0800: Memory Usage (608928K) : mtpmark has 0 polygons
2026-09-08 12:56:45 +0800: Memory Usage (601540K) : metal3_slot has 0 polygons
2026-09-08 12:56:45 +0800: Memory Usage (608928K) : neo_ee_mk has 0 polygons
2026-09-08 12:56:45 +0800: Memory Usage (665088K) : Executing rule V4.4a
2026-09-08 12:56:45 +0800: Memory Usage (601540K) : metal3_blk has 0 polygons
2026-09-08 12:56:45 +0800: Memory Usage (608928K) : sramcore has 0 polygons
2026-09-08 12:56:45 +0800: Memory Usage (665088K) : Executing rule V4.4b
2026-09-08 12:56:45 +0800: Memory Usage (608928K) : lvs_rf has 0 polygons
2026-09-08 12:56:45 +0800: Memory Usage (601540K) : via3 has 8273 polygons
2026-09-08 12:56:45 +0800: Memory Usage (608928K) : lvs_drain has 0 polygons
2026-09-08 12:56:45 +0800: Memory Usage (608924K) : nplus has 68 polygons
2026-09-08 12:56:45 +0800: Memory Usage (608928K) : ind_mk has 0 polygons
2026-09-08 12:56:45 +0800: Memory Usage (601540K) : metal4_drawn has 8015 polygons
2026-09-08 12:56:45 +0800: Memory Usage (608924K) : pplus has 2103 polygons
2026-09-08 12:56:45 +0800: Memory Usage (732104K) : Executing rule MDN.10b
2026-09-08 12:56:45 +0800: Memory Usage (608928K) : hvpolyrs has 0 polygons
2026-09-08 12:56:45 +0800: Memory Usage (601540K) : metal4_dummy has 0 polygons
2026-09-08 12:56:45 +0800: Memory Usage (665088K) : Executing rule V4.4c
2026-09-08 12:56:45 +0800: Memory Usage (608928K) : lvs_io has 0 polygons
2026-09-08 12:56:45 +0800: Memory Usage (608924K) : sab has 0 polygons
2026-09-08 12:56:45 +0800: Memory Usage (732104K) : Executing rule MDN.10c
2026-09-08 12:56:45 +0800: Memory Usage (601540K) : metal4_label has 0 polygons
2026-09-08 12:56:45 +0800: Memory Usage (608928K) : probe_mk has 0 polygons
2026-09-08 12:56:45 +0800: Memory Usage (608924K) : esd has 0 polygons
2026-09-08 12:56:45 +0800: Memory Usage (601540K) : metal4_slot has 0 polygons
2026-09-08 12:56:45 +0800: Memory Usage (608928K) : esd_mk has 0 polygons
2026-09-08 12:56:45 +0800: Memory Usage (608924K) : resistor has 0 polygons
2026-09-08 12:56:46 +0800: Memory Usage (601540K) : metal4_blk has 0 polygons
2026-09-08 12:56:46 +0800: Memory Usage (608928K) : lvs_source has 0 polygons
2026-09-08 12:56:45 +0800: Memory Usage (608916K) : pmndmy has 0 polygons
2026-09-08 12:56:46 +0800: Memory Usage (601540K) : via4 has 4611 polygons
2026-09-08 12:56:46 +0800: Memory Usage (601540K) : metal5_drawn has 1382 polygons
2026-09-08 12:56:46 +0800: Memory Usage (608924K) : fhres has 0 polygons
2026-09-08 12:56:46 +0800: Memory Usage (608928K) : well_diode_mk has 0 polygons
2026-09-08 12:56:46 +0800: Memory Usage (608924K) : fusetop has 0 polygons
2026-09-08 12:56:46 +0800: Memory Usage (608928K) : ldmos_xtor has 0 polygons
2026-09-08 12:56:46 +0800: Memory Usage (601540K) : metal5_dummy has 0 polygons
2026-09-08 12:56:45 +0800: Memory Usage (665088K) : via4 DRC Total Run time 19.690569354 seconds
2026-09-08 12:56:46 +0800: Memory Usage (608928K) : plfuse has 0 polygons
2026-09-08 12:56:46 +0800: Memory Usage (608924K) : fusewindow_d has 0 polygons
2026-09-08 12:56:46 +0800: Memory Usage (601540K) : metal5_label has 0 polygons
2026-09-08 12:56:46 +0800: Memory Usage (608924K) : polyfuse has 0 polygons
2026-09-08 12:56:46 +0800: Memory Usage (608928K) : efuse_mk has 0 polygons
2026-09-08 12:56:46 +0800: Memory Usage (601540K) : metal5_slot has 0 polygons
2026-09-08 12:56:46 +0800: Memory Usage (608924K) : mvsd has 0 polygons
2026-09-08 12:56:46 +0800: Memory Usage (571188K) : Starting running GF180MCU Klayout DRC runset on /workspace/iris_c3a247b9-0025-43e1-bae8-42a940fa0b63/Chip-Orchestra-review-latest/output/nanocgra_lite_3x3_opt/gds/nanocgra_lite_3x3_opt.gds
2026-09-08 12:56:46 +0800: Memory Usage (608928K) : mcell_feol_mk has 0 polygons
2026-09-08 12:56:46 +0800: Memory Usage (601540K) : metal5_blk has 0 polygons
2026-09-08 12:56:46 +0800: Memory Usage (608924K) : mvpsd has 0 polygons
2026-09-08 12:56:46 +0800: Memory Usage (608928K) : ymtp_mk has 0 polygons
2026-09-08 12:56:42 +0800: Memory Usage (646980K) : Starting deriving base layers.
2026-09-08 12:56:46 +0800: Memory Usage (608924K) : nat has 0 polygons
2026-09-08 12:56:46 +0800: Memory Usage (601540K) : pad has 0 polygons
2026-09-08 12:56:46 +0800: Memory Usage (665088K) : Total area of the design is 302500.0 um^2.
2026-09-08 12:56:46 +0800: Memory Usage (608928K) : dev_wf_mk has 0 polygons
2026-09-08 12:56:46 +0800: Memory Usage (608924K) : comp_dummy has 0 polygons
2026-09-08 12:56:46 +0800: Memory Usage (601540K) : ubmpperi has 0 polygons
2026-09-08 12:56:46 +0800: Memory Usage (608924K) : poly2_dummy has 0 polygons
2026-09-08 12:56:46 +0800: Memory Usage (608928K) : comp_label has 0 polygons
2026-09-08 12:56:46 +0800: Memory Usage (601540K) : ubmparray has 0 polygons
2026-09-08 12:56:46 +0800: Memory Usage (665088K) : Starting GF180MCU DRC rules.
2026-09-08 12:56:46 +0800: Memory Usage (608928K) : poly2_label has 0 polygons
2026-09-08 12:56:46 +0800: Memory Usage (601540K) : ubmeplate has 0 polygons
2026-09-08 12:56:46 +0800: Memory Usage (665088K) : Running all FEOL rules
2026-09-08 12:56:46 +0800: Memory Usage (601540K) : metal1_res has 0 polygons
2026-09-08 12:56:46 +0800: Memory Usage (608924K) : schottky_diode has 0 polygons
2026-09-08 12:56:46 +0800: Memory Usage (665088K) : Running all BEOL rules
08-Sep-2026 12:56:46 | INFO    | Running Global Foundries 180nm MCU /workspace/iris_c3a247b9-0025-43e1-bae8-42a940fa0b63/Chip-Orchestra-review-latest/output/nanocgra_lite_3x3_opt/gds/nanocgra_lite_3x3_opt.gds checks on design nat on cell NanoCGRA_Lite:
2026-09-08 12:56:46 +0800: Memory Usage (601540K) : metal2_res has 0 polygons
2026-09-08 12:56:46 +0800: Memory Usage (608928K) : mdiode has 0 polygons
2026-09-08 12:56:46 +0800: Memory Usage (608924K) : zener has 0 polygons
2026-09-08 12:56:46 +0800: Memory Usage (571188K) : Ruby Version for klayout: 3.1.2
2026-09-08 12:56:46 +0800: Memory Usage (608928K) : ndmy has 0 polygons
2026-09-08 12:56:46 +0800: Memory Usage (601540K) : metal3_res has 0 polygons
2026-09-08 12:56:46 +0800: Memory Usage (608924K) : res_mk has 0 polygons
2026-09-08 12:56:46 +0800: Memory Usage (593948K) : Loading database to memory is complete.
2026-09-08 12:56:46 +0800: Memory Usage (601540K) : metal4_res has 0 polygons
2026-09-08 12:56:46 +0800: Memory Usage (593964K) : GF180MCU Klayout DRC runset output at: /workspace/iris_c3a247b9-0025-43e1-bae8-42a940fa0b63/Chip-Orchestra-review-latest/output/nanocgra_lite_3x3_opt/reports/signoff/foundry_drc_full/nanocgra_lite_3x3_opt_via1.lyrdb
2026-09-08 12:56:46 +0800: Memory Usage (601540K) : metal5_res has 0 polygons
2026-09-08 12:56:46 +0800: Memory Usage (593964K) : Evaluate switches.
2026-09-08 12:56:46 +0800: Memory Usage (601540K) : metal6_res has 0 polygons
2026-09-08 12:56:47 +0800: Memory Usage (601540K) : pr_bndry has 15937 polygons
2026-09-08 12:56:47 +0800: Memory Usage (593964K) : table_name selected  via1
2026-09-08 12:56:46 +0800: Memory Usage (608924K) : opc_drc has 0 polygons
2026-09-08 12:56:47 +0800: Memory Usage (593964K) : CONNECTIVITY_RULES enabled: false
2026-09-08 12:56:47 +0800: Memory Usage (601540K) : border has 0 polygons
2026-09-08 12:56:47 +0800: Memory Usage (608924K) : v5_xtor has 1 polygons
2026-09-08 12:56:47 +0800: Memory Usage (601540K) : Total no. of polygons in the design is 390889
2026-09-08 12:56:47 +0800: Memory Usage (593964K) : Wedge enabled: false
2026-09-08 12:56:47 +0800: Memory Usage (608924K) : cap_mk has 0 polygons
2026-09-08 12:56:47 +0800: Memory Usage (593964K) : Ball enabled: false
2026-09-08 12:56:47 +0800: Memory Usage (593964K) : Gold enabled: false
2026-09-08 12:56:47 +0800: Memory Usage (608924K) : mos_cap_mk has 0 polygons
2026-09-08 12:56:47 +0800: Memory Usage (608924K) : ind_mk has 0 polygons
2026-09-08 12:56:47 +0800: Memory Usage (593964K) : MIM Option selected: B
2026-09-08 12:56:47 +0800: Memory Usage (608924K) : diode_mk has 0 polygons
2026-09-08 12:56:47 +0800: Memory Usage (593964K) : Offgrid enabled:  true
2026-09-08 12:56:47 +0800: Memory Usage (608924K) : drc_bjt has 0 polygons
2026-09-08 12:56:47 +0800: Memory Usage (593964K) : Number of threads to use 2
2026-09-08 12:56:47 +0800: Memory Usage (608924K) : lvs_bjt has 0 polygons
2026-09-08 12:56:47 +0800: Memory Usage (593964K) : Verbose mode: false
2026-09-08 12:56:47 +0800: Memory Usage (608924K) : mim_l_mk has 0 polygons
2026-09-08 12:56:47 +0800: Memory Usage (593964K) : flat  mode is enabled for via1 table
2026-09-08 12:56:42 +0800: Memory Usage (647020K) : Starting deriving base layers.
2026-09-08 12:56:47 +0800: Memory Usage (608924K) : latchup_mk has 0 polygons
2026-09-08 12:56:47 +0800: Memory Usage (593964K) : METAL_TOP Selected is 9K
2026-09-08 12:56:47 +0800: Memory Usage (665132K) : Total area of the design is 302500.0 um^2.
2026-09-08 12:56:47 +0800: Memory Usage (608924K) : guard_ring_mk has 0 polygons
2026-09-08 12:56:46 +0800: Memory Usage (615520K) : contact has 106822 polygons
2026-09-08 12:56:47 +0800: Memory Usage (665132K) : Starting GF180MCU DRC rules.
2026-09-08 12:56:47 +0800: Memory Usage (593980K) : METAL_STACK Selected is 5LM
2026-09-08 12:56:47 +0800: Memory Usage (608924K) : otp_mk has 0 polygons
2026-09-08 12:56:47 +0800: Memory Usage (665132K) : Running all FEOL rules
2026-09-08 12:56:47 +0800: Memory Usage (593980K) : FEOL enabled: true
2026-09-08 12:56:47 +0800: Memory Usage (626384K) : metal1_drawn has 27195 polygons
2026-09-08 12:56:47 +0800: Memory Usage (665132K) : Running all BEOL rules
2026-09-08 12:56:47 +0800: Memory Usage (593980K) : BEOL enabled: true
2026-09-08 12:56:46 +0800: Memory Usage (608928K) : pmndmy has 0 polygons
2026-09-08 12:56:47 +0800: Memory Usage (626384K) : metal1_dummy has 0 polygons
2026-09-08 12:56:47 +0800: Memory Usage (593980K) : SLOW_VIA enabled: false
2026-09-08 12:56:47 +0800: Memory Usage (608924K) : mtpmark has 0 polygons
2026-09-08 12:56:47 +0800: Memory Usage (626384K) : metal1_label has 0 polygons
2026-09-08 12:56:47 +0800: Memory Usage (608924K) : neo_ee_mk has 0 polygons
2026-09-08 12:56:48 +0800: Memory Usage (626384K) : metal1_slot has 0 polygons
2026-09-08 12:56:48 +0800: Memory Usage (608924K) : sramcore has 0 polygons
2026-09-08 12:56:47 +0800: Memory Usage (665132K) : Starting NPLUS derivations
2026-09-08 12:56:48 +0800: Memory Usage (608924K) : lvs_rf has 0 polygons
2026-09-08 12:56:48 +0800: Memory Usage (665132K) : Executing rule NP.1
2026-09-08 12:56:48 +0800: Memory Usage (608924K) : lvs_drain has 0 polygons
2026-09-08 12:56:48 +0800: Memory Usage (608924K) : ind_mk has 0 polygons
2026-09-08 12:56:48 +0800: Memory Usage (665132K) : Executing rule NP.2
2026-09-08 12:56:48 +0800: Memory Usage (626384K) : metal1_blk has 0 polygons
2026-09-08 12:56:47 +0800: Memory Usage (593980K) : Read in polygons from layers.
2026-09-08 12:56:48 +0800: Memory Usage (608924K) : hvpolyrs has 0 polygons
2026-09-08 12:56:48 +0800: Memory Usage (596228K) : comp has 17798 polygons
2026-09-08 12:56:48 +0800: Memory Usage (608924K) : lvs_io has 0 polygons
2026-09-08 12:56:45 +0800: Memory Usage (732104K) : Executing rule MDN.10d
2026-09-08 12:56:48 +0800: Memory Usage (608924K) : probe_mk has 0 polygons
2026-09-08 12:56:48 +0800: Memory Usage (608924K) : esd_mk has 0 polygons
2026-09-08 12:56:48 +0800: Memory Usage (608924K) : lvs_source has 0 polygons
2026-09-08 12:56:48 +0800: Memory Usage (596228K) : dnwell has 0 polygons
2026-09-08 12:56:48 +0800: Memory Usage (665132K) : Executing rule NP.3a
2026-09-08 12:56:48 +0800: Memory Usage (608924K) : well_diode_mk has 0 polygons
2026-09-08 12:56:48 +0800: Memory Usage (753356K) : Executing rule MDN.10ei
2026-09-08 12:56:48 +0800: Memory Usage (665132K) : Executing rule NP.3bi
2026-09-08 12:56:48 +0800: Memory Usage (608924K) : ldmos_xtor has 0 polygons
2026-09-08 12:56:48 +0800: Memory Usage (665132K) : Executing rule NP.3bii
2026-09-08 12:56:48 +0800: Memory Usage (753356K) : Executing rule MDN.10eii
2026-09-08 12:56:48 +0800: Memory Usage (608924K) : plfuse has 0 polygons
2026-09-08 12:56:48 +0800: Memory Usage (608924K) : efuse_mk has 0 polygons
2026-09-08 12:56:48 +0800: Memory Usage (753356K) : Executing rule MDN.10f
2026-09-08 12:56:48 +0800: Memory Usage (608924K) : mcell_feol_mk has 0 polygons
2026-09-08 12:56:48 +0800: Memory Usage (608924K) : ymtp_mk has 0 polygons
2026-09-08 12:56:48 +0800: Memory Usage (665132K) : Executing rule NP.3ci
2026-09-08 12:56:48 +0800: Memory Usage (601028K) : nwell has 67 polygons
2026-09-08 12:56:49 +0800: Memory Usage (608924K) : dev_wf_mk has 0 polygons
2026-09-08 12:56:44 +0800: Memory Usage (659700K) : Starting deriving base layers.
2026-09-08 12:56:49 +0800: Memory Usage (608924K) : comp_label has 0 polygons
2026-09-08 12:56:49 +0800: Memory Usage (676916K) : Total area of the design is 302500.0 um^2.
2026-09-08 12:56:49 +0800: Memory Usage (665132K) : Executing rule NP.3cii
2026-09-08 12:56:44 +0800: Memory Usage (602068K) : Starting deriving base layers.
2026-09-08 12:56:49 +0800: Memory Usage (676916K) : Starting GF180MCU DRC rules.
2026-09-08 12:56:49 +0800: Memory Usage (608924K) : poly2_label has 0 polygons
2026-09-08 12:56:48 +0800: Memory Usage (626384K) : via1 has 24400 polygons
2026-09-08 12:56:49 +0800: Memory Usage (601168K) : lvpwell has 68 polygons
2026-09-08 12:56:49 +0800: Memory Usage (897748K) : Total area of the design is 302500.0 um^2.
2026-09-08 12:56:49 +0800: Memory Usage (676916K) : Running all FEOL rules
2026-09-08 12:56:49 +0800: Memory Usage (608924K) : mdiode has 0 polygons
2026-09-08 12:56:47 +0800: Memory Usage (615400K) : contact has 106822 polygons
2026-09-08 12:56:49 +0800: Memory Usage (897748K) : Starting GF180MCU DRC rules.
2026-09-08 12:56:49 +0800: Memory Usage (571184K) : Starting running GF180MCU Klayout DRC runset on /workspace/iris_c3a247b9-0025-43e1-bae8-42a940fa0b63/Chip-Orchestra-review-latest/output/nanocgra_lite_3x3_opt/gds/nanocgra_lite_3x3_opt.gds
2026-09-08 12:56:46 +0800: Memory Usage (665088K) : Starting POLY2 derivations
2026-09-08 12:56:49 +0800: Memory Usage (676916K) : Running all BEOL rules
2026-09-08 12:56:49 +0800: Memory Usage (665132K) : Executing rule NP.3d
2026-09-08 12:56:49 +0800: Memory Usage (608924K) : ndmy has 0 polygons
2026-09-08 12:56:49 +0800: Memory Usage (897748K) : Running all FEOL rules
2026-09-08 12:56:49 +0800: Memory Usage (679488K) : Executing rule PL.1_LV
2026-09-08 12:56:49 +0800: Memory Usage (661308K) : metal2_drawn has 17514 polygons
2026-09-08 12:56:49 +0800: Memory Usage (897748K) : Running all BEOL rules
2026-09-08 12:56:49 +0800: Memory Usage (626204K) : metal1_drawn has 27195 polygons
2026-09-08 12:56:49 +0800: Memory Usage (661308K) : metal2_dummy has 0 polygons
2026-09-08 12:56:49 +0800: Memory Usage (665132K) : Executing rule NP.3e
2026-09-08 12:56:49 +0800: Memory Usage (626204K) : metal1_dummy has 0 polygons
2026-09-08 12:56:49 +0800: Memory Usage (679488K) : Executing rule PL.1_MV
2026-09-08 12:56:49 +0800: Memory Usage (661308K) : metal2_label has 31 polygons
2026-09-08 12:56:49 +0800: Memory Usage (626204K) : metal1_label has 0 polygons
2026-09-08 12:56:49 +0800: Memory Usage (661308K) : metal2_slot has 0 polygons
2026-09-08 12:56:49 +0800: Memory Usage (679488K) : Executing rule PL.1a_LV
2026-09-08 12:56:48 +0800: Memory Usage (753356K) : Executing rule MDN.11
2026-09-08 12:56:49 +0800: Memory Usage (626204K) : metal1_slot has 0 polygons
2026-09-08 12:56:49 +0800: Memory Usage (679488K) : Executing rule PL.1a_MV
2026-09-08 12:56:49 +0800: Memory Usage (571184K) : Ruby Version for klayout: 3.1.2
2026-09-08 12:56:49 +0800: Memory Usage (679488K) : Executing rule PL.2_LV
2026-09-08 12:56:49 +0800: Memory Usage (593940K) : Loading database to memory is complete.
2026-09-08 12:56:49 +0800: Memory Usage (605152K) : dualgate has 1 polygons
2026-09-08 12:56:49 +0800: Memory Usage (593956K) : GF180MCU Klayout DRC runset output at: /workspace/iris_c3a247b9-0025-43e1-bae8-42a940fa0b63/Chip-Orchestra-review-latest/output/nanocgra_lite_3x3_opt/reports/signoff/foundry_drc_full/nanocgra_lite_3x3_opt_nat.lyrdb
2026-09-08 12:56:49 +0800: Memory Usage (661308K) : metal2_blk has 0 polygons
2026-09-08 12:56:49 +0800: Memory Usage (593956K) : Evaluate switches.
2026-09-08 12:56:50 +0800: Memory Usage (593956K) : table_name selected  nat
2026-09-08 12:56:50 +0800: Memory Usage (593956K) : CONNECTIVITY_RULES enabled: true
2026-09-08 12:56:49 +0800: Memory Usage (897748K) : via1_split DRC Total Run time 14.515438505 seconds
2026-09-08 12:56:50 +0800: Memory Usage (593956K) : Wedge enabled: false
2026-09-08 12:56:50 +0800: Memory Usage (593956K) : Ball enabled: false
2026-09-08 12:56:49 +0800: Memory Usage (605356K) : poly2 has 24914 polygons
2026-09-08 12:56:49 +0800: Memory Usage (661308K) : via2 has 21863 polygons
2026-09-08 12:56:50 +0800: Memory Usage (593956K) : Gold enabled: false
2026-09-08 12:56:50 +0800: Memory Usage (593956K) : MIM Option selected: B
2026-09-08 12:56:50 +0800: Memory Usage (661308K) : metal3_drawn has 9853 polygons
2026-09-08 12:56:50 +0800: Memory Usage (593956K) : Offgrid enabled:  true
2026-09-08 12:56:50 +0800: Memory Usage (593956K) : Number of threads to use 2
2026-09-08 12:56:50 +0800: Memory Usage (661308K) : metal3_dummy has 0 polygons
2026-09-08 12:56:49 +0800: Memory Usage (608924K) : pmndmy has 0 polygons
2026-09-08 12:56:50 +0800: Memory Usage (661308K) : metal3_label has 0 polygons
2026-09-08 12:56:50 +0800: Memory Usage (593956K) : Verbose mode: false
2026-09-08 12:56:50 +0800: Memory Usage (608940K) : nplus has 68 polygons
2026-09-08 12:56:50 +0800: Memory Usage (661308K) : metal3_slot has 0 polygons
2026-09-08 12:56:50 +0800: Memory Usage (593956K) : flat  mode is enabled for nat table
2026-09-08 12:56:44 +0800: Memory Usage (682836K) : Connectivity rules enabled, Netlist object will be generated.
2026-09-08 12:56:50 +0800: Memory Usage (608940K) : pplus has 2103 polygons
2026-09-08 12:56:49 +0800: Memory Usage (753356K) : Executing rule MDN.12
2026-09-08 12:56:50 +0800: Memory Usage (593956K) : METAL_TOP Selected is 9K
2026-09-08 12:56:50 +0800: Memory Usage (608940K) : sab has 0 polygons
2026-09-08 12:56:50 +0800: Memory Usage (745700K) : Total area of the design is 302500.0 um^2.
2026-09-08 12:56:50 +0800: Memory Usage (753356K) : Executing rule MDN.13a
2026-09-08 12:56:50 +0800: Memory Usage (661308K) : metal3_blk has 0 polygons
2026-09-08 12:56:50 +0800: Memory Usage (593972K) : METAL_STACK Selected is 5LM
2026-09-08 12:56:50 +0800: Memory Usage (745700K) : Starting GF180MCU DRC rules.
2026-09-08 12:56:50 +0800: Memory Usage (608940K) : esd has 0 polygons
2026-09-08 12:56:50 +0800: Memory Usage (593972K) : FEOL enabled: true
2026-09-08 12:56:50 +0800: Memory Usage (608940K) : resistor has 0 polygons
2026-09-08 12:56:50 +0800: Memory Usage (745700K) : Running all FEOL rules
2026-09-08 12:56:49 +0800: Memory Usage (626204K) : metal1_blk has 0 polygons
2026-09-08 12:56:50 +0800: Memory Usage (593972K) : BEOL enabled: true
2026-09-08 12:56:50 +0800: Memory Usage (753356K) : Executing rule MDN.13b
2026-09-08 12:56:50 +0800: Memory Usage (608940K) : fhres has 0 polygons
2026-09-08 12:56:50 +0800: Memory Usage (745700K) : Running all BEOL rules
08-Sep-2026 12:56:50 | INFO    | Running Global Foundries 180nm MCU /workspace/iris_c3a247b9-0025-43e1-bae8-42a940fa0b63/Chip-Orchestra-review-latest/output/nanocgra_lite_3x3_opt/gds/nanocgra_lite_3x3_opt.gds checks on design via3 on cell NanoCGRA_Lite:
2026-09-08 12:56:50 +0800: Memory Usage (593972K) : SLOW_VIA enabled: false
2026-09-08 12:56:50 +0800: Memory Usage (661308K) : via3 has 8264 polygons
2026-09-08 12:56:50 +0800: Memory Usage (608940K) : fusetop has 0 polygons
2026-09-08 12:56:49 +0800: Memory Usage (676916K) : Starting CONTACT derivations
2026-09-08 12:56:50 +0800: Memory Usage (745700K) : Starting LVPWELL derivations
2026-09-08 12:56:50 +0800: Memory Usage (658780K) : metal2_drawn has 17514 polygons
2026-09-08 12:56:50 +0800: Memory Usage (608940K) : fusewindow_d has 0 polygons
2026-09-08 12:56:50 +0800: Memory Usage (661308K) : metal4_drawn has 1492 polygons
2026-09-08 12:56:50 +0800: Memory Usage (658780K) : metal2_dummy has 0 polygons
2026-09-08 12:56:50 +0800: Memory Usage (608940K) : polyfuse has 0 polygons
2026-09-08 12:56:50 +0800: Memory Usage (745700K) : Executing rule LPW.1_LV
2026-09-08 12:56:51 +0800: Memory Usage (661308K) : metal4_dummy has 0 polygons
2026-09-08 12:56:51 +0800: Memory Usage (608940K) : mvsd has 0 polygons
2026-09-08 12:56:51 +0800: Memory Usage (658780K) : metal2_label has 31 polygons
2026-09-08 12:56:51 +0800: Memory Usage (608940K) : mvpsd has 0 polygons
2026-09-08 12:56:51 +0800: Memory Usage (658780K) : metal2_slot has 0 polygons
2026-09-08 12:56:51 +0800: Memory Usage (661308K) : metal4_label has 0 polygons
2026-09-08 12:56:51 +0800: Memory Usage (608940K) : nat has 0 polygons
2026-09-08 12:56:51 +0800: Memory Usage (745700K) : Executing rule LPW.1_MV
2026-09-08 12:56:51 +0800: Memory Usage (661308K) : metal4_slot has 0 polygons
2026-09-08 12:56:51 +0800: Memory Usage (608940K) : comp_dummy has 0 polygons
2026-09-08 12:56:50 +0800: Memory Usage (593972K) : Read in polygons from layers.
2026-09-08 12:56:51 +0800: Memory Usage (745700K) : CONNECTIVITY_RULES section
2026-09-08 12:56:51 +0800: Memory Usage (608940K) : poly2_dummy has 0 polygons
2026-09-08 12:56:51 +0800: Memory Usage (661308K) : metal4_blk has 0 polygons
2026-09-08 12:56:51 +0800: Memory Usage (596220K) : comp has 17798 polygons
2026-09-08 12:56:51 +0800: Memory Usage (608940K) : schottky_diode has 0 polygons
2026-09-08 12:56:51 +0800: Memory Usage (745700K) : Executing rule LPW.2a_LV
2026-09-08 12:56:51 +0800: Memory Usage (661308K) : via4 has 4611 polygons
2026-09-08 12:56:51 +0800: Memory Usage (658780K) : metal2_blk has 0 polygons
2026-09-08 12:56:51 +0800: Memory Usage (661308K) : metal5_drawn has 269 polygons
2026-09-08 12:56:51 +0800: Memory Usage (745700K) : Executing rule LPW.2a_MV
2026-09-08 12:56:51 +0800: Memory Usage (608940K) : zener has 0 polygons
2026-09-08 12:56:49 +0800: Memory Usage (679488K) : Executing rule PL.2_MV
2026-09-08 12:56:51 +0800: Memory Usage (745700K) : Executing rule LPW.2b_LV
2026-09-08 12:56:51 +0800: Memory Usage (608940K) : res_mk has 0 polygons
2026-09-08 12:56:51 +0800: Memory Usage (661308K) : metal5_dummy has 0 polygons
2026-09-08 12:56:50 +0800: Memory Usage (753356K) : Executing rule MDN.13c
2026-09-08 12:56:51 +0800: Memory Usage (658780K) : metal3_drawn has 9853 polygons
2026-09-08 12:56:51 +0800: Memory Usage (745700K) : Executing rule LPW.2b_MV
2026-09-08 12:56:51 +0800: Memory Usage (596220K) : dnwell has 0 polygons
2026-09-08 12:56:51 +0800: Memory Usage (661308K) : metal5_label has 0 polygons
2026-09-08 12:56:51 +0800: Memory Usage (658780K) : metal3_dummy has 0 polygons
2026-09-08 12:56:51 +0800: Memory Usage (661308K) : metal5_slot has 0 polygons
2026-09-08 12:56:51 +0800: Memory Usage (658780K) : metal3_label has 0 polygons
2026-09-08 12:56:51 +0800: Memory Usage (608940K) : opc_drc has 0 polygons
2026-09-08 12:56:51 +0800: Memory Usage (661308K) : metal5_blk has 0 polygons
2026-09-08 12:56:51 +0800: Memory Usage (658780K) : metal3_slot has 0 polygons
2026-09-08 12:56:51 +0800: Memory Usage (745700K) : Executing rule LPW.3_LV
2026-09-08 12:56:51 +0800: Memory Usage (608940K) : v5_xtor has 1 polygons
2026-09-08 12:56:51 +0800: Memory Usage (661308K) : pad has 0 polygons
2026-09-08 12:56:51 +0800: Memory Usage (608940K) : cap_mk has 0 polygons
2026-09-08 12:56:51 +0800: Memory Usage (608940K) : mos_cap_mk has 0 polygons
2026-09-08 12:56:51 +0800: Memory Usage (661308K) : ubmpperi has 0 polygons
2026-09-08 12:56:51 +0800: Memory Usage (658780K) : metal3_blk has 0 polygons
2026-09-08 12:56:51 +0800: Memory Usage (745700K) : Executing rule LPW.5
2026-09-08 12:56:51 +0800: Memory Usage (608940K) : ind_mk has 0 polygons
2026-09-08 12:56:51 +0800: Memory Usage (661308K) : ubmparray has 0 polygons
2026-09-08 12:56:50 +0800: Memory Usage (710660K) : Executing rule CO.1
2026-09-08 12:56:50 +0800: Memory Usage (615528K) : contact has 106822 polygons
2026-09-08 12:56:51 +0800: Memory Usage (601016K) : nwell has 67 polygons
2026-09-08 12:56:47 +0800: Memory Usage (601540K) : Starting deriving base layers.
2026-09-08 12:56:51 +0800: Memory Usage (745700K) : Executing rule LPW.11
2026-09-08 12:56:52 +0800: Memory Usage (661308K) : ubmeplate has 0 polygons
2026-09-08 12:56:52 +0800: Memory Usage (896724K) : Construct connectivity for the design.
2026-09-08 12:56:51 +0800: Memory Usage (608940K) : diode_mk has 0 polygons
2026-09-08 12:56:52 +0800: Memory Usage (626396K) : metal1_drawn has 27195 polygons
2026-09-08 12:56:52 +0800: Memory Usage (745700K) : Executing rule LPW.12
2026-09-08 12:56:52 +0800: Memory Usage (608940K) : drc_bjt has 0 polygons
2026-09-08 12:56:51 +0800: Memory Usage (658780K) : via3 has 8264 polygons
2026-09-08 12:56:52 +0800: Memory Usage (608940K) : lvs_bjt has 0 polygons
2026-09-08 12:56:52 +0800: Memory Usage (626396K) : metal1_dummy has 0 polygons
2026-09-08 12:56:52 +0800: Memory Usage (661308K) : metal1_res has 0 polygons
2026-09-08 12:56:52 +0800: Memory Usage (608940K) : mim_l_mk has 0 polygons
2026-09-08 12:56:52 +0800: Memory Usage (626396K) : metal1_label has 0 polygons
2026-09-08 12:56:52 +0800: Memory Usage (661308K) : metal2_res has 0 polygons
2026-09-08 12:56:52 +0800: Memory Usage (608940K) : latchup_mk has 0 polygons
2026-09-08 12:56:52 +0800: Memory Usage (658780K) : metal4_drawn has 1492 polygons
2026-09-08 12:56:52 +0800: Memory Usage (626396K) : metal1_slot has 0 polygons
2026-09-08 12:56:52 +0800: Memory Usage (601160K) : lvpwell has 68 polygons
2026-09-08 12:56:52 +0800: Memory Usage (608940K) : guard_ring_mk has 0 polygons
2026-09-08 12:56:52 +0800: Memory Usage (658780K) : metal4_dummy has 0 polygons
2026-09-08 12:56:52 +0800: Memory Usage (661308K) : metal3_res has 0 polygons
2026-09-08 12:56:52 +0800: Memory Usage (608940K) : otp_mk has 0 polygons
2026-09-08 12:56:52 +0800: Memory Usage (658780K) : metal4_label has 0 polygons
2026-09-08 12:56:52 +0800: Memory Usage (661308K) : metal4_res has 0 polygons
2026-09-08 12:56:49 +0800: Memory Usage (665132K) : Executing rule NP.4a
2026-09-08 12:56:52 +0800: Memory Usage (608940K) : mtpmark has 0 polygons
2026-09-08 12:56:52 +0800: Memory Usage (658780K) : metal4_slot has 0 polygons
2026-09-08 12:56:52 +0800: Memory Usage (661308K) : metal5_res has 0 polygons
2026-09-08 12:56:52 +0800: Memory Usage (608940K) : neo_ee_mk has 0 polygons
2026-09-08 12:56:52 +0800: Memory Usage (608940K) : sramcore has 0 polygons
2026-09-08 12:56:52 +0800: Memory Usage (658780K) : metal4_blk has 0 polygons
2026-09-08 12:56:52 +0800: Memory Usage (658780K) : via4 has 4611 polygons
2026-09-08 12:56:52 +0800: Memory Usage (608940K) : lvs_rf has 0 polygons
2026-09-08 12:56:52 +0800: Memory Usage (706160K) : Executing rule NP.4b
2026-09-08 12:56:52 +0800: Memory Usage (661308K) : metal6_res has 0 polygons
2026-09-08 12:56:52 +0800: Memory Usage (658780K) : metal5_drawn has 269 polygons
2026-09-08 12:56:52 +0800: Memory Usage (608940K) : lvs_drain has 0 polygons
2026-09-08 12:56:52 +0800: Memory Usage (728088K) : Executing rule CO.2a
2026-09-08 12:56:52 +0800: Memory Usage (608940K) : ind_mk has 0 polygons
2026-09-08 12:56:52 +0800: Memory Usage (658780K) : metal5_dummy has 0 polygons
2026-09-08 12:56:52 +0800: Memory Usage (745700K) : lvpwell DRC Total Run time 29.927044993 seconds
2026-09-08 12:56:52 +0800: Memory Usage (661308K) : pr_bndry has 1 polygons
2026-09-08 12:56:52 +0800: Memory Usage (608940K) : hvpolyrs has 0 polygons
2026-09-08 12:56:52 +0800: Memory Usage (608940K) : lvs_io has 0 polygons
2026-09-08 12:56:52 +0800: Memory Usage (661308K) : border has 0 polygons
2026-09-08 12:56:52 +0800: Memory Usage (658780K) : metal5_label has 0 polygons
2026-09-08 12:56:52 +0800: Memory Usage (605144K) : dualgate has 1 polygons
2026-09-08 12:56:52 +0800: Memory Usage (608940K) : probe_mk has 0 polygons
2026-09-08 12:56:52 +0800: Memory Usage (661308K) : Total no. of polygons in the design is 267335
2026-09-08 12:56:52 +0800: Memory Usage (658780K) : metal5_slot has 0 polygons
2026-09-08 12:56:52 +0800: Memory Usage (608940K) : esd_mk has 0 polygons
2026-09-08 12:56:52 +0800: Memory Usage (608940K) : lvs_source has 0 polygons
2026-09-08 12:56:52 +0800: Memory Usage (658780K) : metal5_blk has 0 polygons
2026-09-08 12:56:53 +0800: Memory Usage (608940K) : well_diode_mk has 0 polygons
2026-09-08 12:56:53 +0800: Memory Usage (658780K) : pad has 0 polygons
2026-09-08 12:56:53 +0800: Memory Usage (608940K) : ldmos_xtor has 0 polygons
2026-09-08 12:56:51 +0800: Memory Usage (753356K) : Executing rule MDN.13d
2026-09-08 12:56:53 +0800: Memory Usage (658780K) : ubmpperi has 0 polygons
2026-09-08 12:56:52 +0800: Memory Usage (605348K) : poly2 has 24914 polygons
2026-09-08 12:56:53 +0800: Memory Usage (753356K) : Executing rule MDN.14
2026-09-08 12:56:53 +0800: Memory Usage (658780K) : ubmparray has 0 polygons
2026-09-08 12:56:53 +0800: Memory Usage (608940K) : plfuse has 0 polygons
2026-09-08 12:56:52 +0800: Memory Usage (626396K) : metal1_blk has 0 polygons
2026-09-08 12:56:53 +0800: Memory Usage (753356K) : Executing rule MDN.15a
2026-09-08 12:56:53 +0800: Memory Usage (658780K) : ubmeplate has 0 polygons
2026-09-08 12:56:53 +0800: Memory Usage (608940K) : efuse_mk has 0 polygons
2026-09-08 12:56:53 +0800: Memory Usage (658780K) : metal1_res has 0 polygons
2026-09-08 12:56:53 +0800: Memory Usage (608940K) : mcell_feol_mk has 0 polygons
2026-09-08 12:56:53 +0800: Memory Usage (753356K) : Executing rule MDN.15b
2026-09-08 12:56:53 +0800: Memory Usage (659676K) : metal2_drawn has 17514 polygons
2026-09-08 12:56:53 +0800: Memory Usage (608940K) : ymtp_mk has 0 polygons
2026-09-08 12:56:53 +0800: Memory Usage (753356K) : Executing rule MDN.17
2026-09-08 12:56:53 +0800: Memory Usage (659676K) : metal2_dummy has 0 polygons
2026-09-08 12:56:53 +0800: Memory Usage (658780K) : metal2_res has 0 polygons
2026-09-08 12:56:53 +0800: Memory Usage (608940K) : dev_wf_mk has 0 polygons
08-Sep-2026 12:56:53 | INFO    | Running Global Foundries 180nm MCU /workspace/iris_c3a247b9-0025-43e1-bae8-42a940fa0b63/Chip-Orchestra-review-latest/output/nanocgra_lite_3x3_opt/gds/nanocgra_lite_3x3_opt.gds checks on design metal5 on cell NanoCGRA_Lite:
2026-09-08 12:56:53 +0800: Memory Usage (659676K) : metal2_label has 31 polygons
2026-09-08 12:56:53 +0800: Memory Usage (658780K) : metal3_res has 0 polygons
2026-09-08 12:56:53 +0800: Memory Usage (608932K) : nplus has 68 polygons
2026-09-08 12:56:53 +0800: Memory Usage (608940K) : comp_label has 0 polygons
2026-09-08 12:56:53 +0800: Memory Usage (659676K) : metal2_slot has 0 polygons
2026-09-08 12:56:53 +0800: Memory Usage (658780K) : metal4_res has 0 polygons
2026-09-08 12:56:53 +0800: Memory Usage (608932K) : pplus has 2103 polygons
2026-09-08 12:56:53 +0800: Memory Usage (608940K) : poly2_label has 0 polygons
2026-09-08 12:56:53 +0800: Memory Usage (658780K) : metal5_res has 0 polygons
2026-09-08 12:56:53 +0800: Memory Usage (608932K) : sab has 0 polygons
2026-09-08 12:56:53 +0800: Memory Usage (608940K) : mdiode has 0 polygons
2026-09-08 12:56:53 +0800: Memory Usage (608932K) : esd has 0 polygons
2026-09-08 12:56:53 +0800: Memory Usage (608932K) : resistor has 0 polygons
2026-09-08 12:56:51 +0800: Memory Usage (680132K) : Executing rule PL.3a
2026-09-08 12:56:53 +0800: Memory Usage (571196K) : Starting running GF180MCU Klayout DRC runset on /workspace/iris_c3a247b9-0025-43e1-bae8-42a940fa0b63/Chip-Orchestra-review-latest/output/nanocgra_lite_3x3_opt/gds/nanocgra_lite_3x3_opt.gds
2026-09-08 12:56:53 +0800: Memory Usage (608940K) : ndmy has 0 polygons
2026-09-08 12:56:53 +0800: Memory Usage (659676K) : metal2_blk has 0 polygons
2026-09-08 12:56:53 +0800: Memory Usage (658780K) : metal6_res has 0 polygons
2026-09-08 12:56:53 +0800: Memory Usage (713220K) : Executing rule PL.4_LV
2026-09-08 12:56:53 +0800: Memory Usage (658780K) : pr_bndry has 1 polygons
2026-09-08 12:56:53 +0800: Memory Usage (608932K) : fhres has 0 polygons
2026-09-08 12:56:53 +0800: Memory Usage (658780K) : border has 0 polygons
2026-09-08 12:56:53 +0800: Memory Usage (608932K) : fusetop has 0 polygons
2026-09-08 12:56:53 +0800: Memory Usage (659676K) : metal3_drawn has 9853 polygons
2026-09-08 12:56:52 +0800: Memory Usage (706160K) : Executing rule NP.5a
2026-09-08 12:56:53 +0800: Memory Usage (658780K) : Total no. of polygons in the design is 221072
2026-09-08 12:56:54 +0800: Memory Usage (608932K) : fusewindow_d has 0 polygons
2026-09-08 12:56:54 +0800: Memory Usage (659676K) : metal3_dummy has 0 polygons
2026-09-08 12:56:53 +0800: Memory Usage (753356K) : ldnmos DRC Total Run time 37.097535983 seconds
2026-09-08 12:56:54 +0800: Memory Usage (608932K) : polyfuse has 0 polygons
2026-09-08 12:56:54 +0800: Memory Usage (659676K) : metal3_label has 0 polygons
2026-09-08 12:56:53 +0800: Memory Usage (571196K) : Ruby Version for klayout: 3.1.2
2026-09-08 12:56:54 +0800: Memory Usage (608932K) : mvsd has 0 polygons
2026-09-08 12:56:52 +0800: Memory Usage (896724K) : Connectivity rules enabled, Netlist object will be generated.
2026-09-08 12:56:54 +0800: Memory Usage (659676K) : metal3_slot has 0 polygons
2026-09-08 12:56:54 +0800: Memory Usage (593964K) : Loading database to memory is complete.
2026-09-08 12:56:54 +0800: Memory Usage (918840K) : Total area of the design is 302500.0 um^2.
2026-09-08 12:56:54 +0800: Memory Usage (608932K) : mvpsd has 0 polygons
2026-09-08 12:56:54 +0800: Memory Usage (593964K) : GF180MCU Klayout DRC runset output at: /workspace/iris_c3a247b9-0025-43e1-bae8-42a940fa0b63/Chip-Orchestra-review-latest/output/nanocgra_lite_3x3_opt/reports/signoff/foundry_drc_full/nanocgra_lite_3x3_opt_via3.lyrdb
2026-09-08 12:56:54 +0800: Memory Usage (918840K) : Starting GF180MCU DRC rules.
2026-09-08 12:56:54 +0800: Memory Usage (608932K) : nat has 0 polygons
2026-09-08 12:56:54 +0800: Memory Usage (659676K) : metal3_blk has 0 polygons
2026-09-08 12:56:54 +0800: Memory Usage (593964K) : Evaluate switches.
2026-09-08 12:56:54 +0800: Memory Usage (918840K) : Running all FEOL rules
2026-09-08 12:56:54 +0800: Memory Usage (608932K) : comp_dummy has 0 polygons
2026-09-08 12:56:54 +0800: Memory Usage (593964K) : table_name selected  via3
2026-09-08 12:56:53 +0800: Memory Usage (713220K) : Executing rule PL.4_MV
2026-09-08 12:56:54 +0800: Memory Usage (918840K) : Running all BEOL rules
2026-09-08 12:56:54 +0800: Memory Usage (608932K) : poly2_dummy has 0 polygons
2026-09-08 12:56:54 +0800: Memory Usage (593964K) : CONNECTIVITY_RULES enabled: false
2026-09-08 12:56:54 +0800: Memory Usage (713220K) : Executing rule PL.5a_LV
2026-09-08 12:56:54 +0800: Memory Usage (706160K) : Executing rule PP.5b
2026-09-08 12:56:54 +0800: Memory Usage (593964K) : Wedge enabled: false
2026-09-08 12:56:54 +0800: Memory Usage (659676K) : via3 has 8264 polygons
2026-09-08 12:56:54 +0800: Memory Usage (593964K) : Ball enabled: false
2026-09-08 12:56:54 +0800: Memory Usage (608932K) : schottky_diode has 0 polygons
2026-09-08 12:56:54 +0800: Memory Usage (593964K) : Gold enabled: false
2026-09-08 12:56:54 +0800: Memory Usage (608932K) : zener has 0 polygons
2026-09-08 12:56:54 +0800: Memory Usage (593964K) : MIM Option selected: B
2026-09-08 12:56:54 +0800: Memory Usage (659676K) : metal4_drawn has 1492 polygons
2026-09-08 12:56:54 +0800: Memory Usage (608932K) : res_mk has 0 polygons
2026-09-08 12:56:54 +0800: Memory Usage (593964K) : Offgrid enabled:  true
2026-09-08 12:56:54 +0800: Memory Usage (659676K) : metal4_dummy has 0 polygons
2026-09-08 12:56:54 +0800: Memory Usage (593964K) : Number of threads to use 2
2026-09-08 12:56:54 +0800: Memory Usage (706160K) : Executing rule NP.5ci
2026-09-08 12:56:54 +0800: Memory Usage (659676K) : metal4_label has 0 polygons
2026-09-08 12:56:54 +0800: Memory Usage (593964K) : Verbose mode: false
08-Sep-2026 12:56:54 | INFO    | Running Global Foundries 180nm MCU /workspace/iris_c3a247b9-0025-43e1-bae8-42a940fa0b63/Chip-Orchestra-review-latest/output/nanocgra_lite_3x3_opt/gds/nanocgra_lite_3x3_opt.gds checks on design sram_3p3 on cell NanoCGRA_Lite:
2026-09-08 12:56:54 +0800: Memory Usage (593964K) : flat  mode is enabled for via3 table
2026-09-08 12:56:54 +0800: Memory Usage (659676K) : metal4_slot has 0 polygons
2026-09-08 12:56:54 +0800: Memory Usage (608932K) : opc_drc has 0 polygons
2026-09-08 12:56:54 +0800: Memory Usage (593980K) : METAL_TOP Selected is 9K
2026-09-08 12:56:54 +0800: Memory Usage (659676K) : metal4_blk has 0 polygons
2026-09-08 12:56:54 +0800: Memory Usage (593980K) : METAL_STACK Selected is 5LM
2026-09-08 12:56:54 +0800: Memory Usage (706160K) : Executing rule NP.5cii
2026-09-08 12:56:54 +0800: Memory Usage (608932K) : v5_xtor has 1 polygons
2026-09-08 12:56:54 +0800: Memory Usage (713220K) : Executing rule PL.5a_MV
2026-09-08 12:56:54 +0800: Memory Usage (918840K) : lvpwell_split DRC Total Run time 15.812793428 seconds
2026-09-08 12:56:54 +0800: Memory Usage (659676K) : via4 has 4611 polygons
2026-09-08 12:56:55 +0800: Memory Usage (593980K) : FEOL enabled: true
2026-09-08 12:56:55 +0800: Memory Usage (713220K) : Executing rule PL.5b_LV
2026-09-08 12:56:55 +0800: Memory Usage (608932K) : cap_mk has 0 polygons
2026-09-08 12:56:55 +0800: Memory Usage (659676K) : metal5_drawn has 269 polygons
2026-09-08 12:56:55 +0800: Memory Usage (593980K) : BEOL enabled: true
2026-09-08 12:56:55 +0800: Memory Usage (659676K) : metal5_dummy has 0 polygons
2026-09-08 12:56:55 +0800: Memory Usage (593980K) : SLOW_VIA enabled: false
2026-09-08 12:56:55 +0800: Memory Usage (608932K) : mos_cap_mk has 0 polygons
2026-09-08 12:56:55 +0800: Memory Usage (659676K) : metal5_label has 0 polygons
2026-09-08 12:56:55 +0800: Memory Usage (608932K) : ind_mk has 0 polygons
2026-09-08 12:56:53 +0800: Memory Usage (608940K) : pmndmy has 0 polygons
2026-09-08 12:56:55 +0800: Memory Usage (659676K) : metal5_slot has 0 polygons
2026-09-08 12:56:55 +0800: Memory Usage (608932K) : diode_mk has 0 polygons
2026-09-08 12:56:55 +0800: Memory Usage (706160K) : Executing rule NP.5di
2026-09-08 12:56:55 +0800: Memory Usage (659676K) : metal5_blk has 0 polygons
2026-09-08 12:56:55 +0800: Memory Usage (610408K) : metal1_drawn has 27195 polygons
2026-09-08 12:56:52 +0800: Memory Usage (739836K) : Executing rule CO.2b
2026-09-08 12:56:55 +0800: Memory Usage (608932K) : drc_bjt has 0 polygons
2026-09-08 12:56:55 +0800: Memory Usage (713220K) : Executing rule PL.5b_MV
2026-09-08 12:56:55 +0800: Memory Usage (659676K) : pad has 0 polygons
2026-09-08 12:56:55 +0800: Memory Usage (608932K) : lvs_bjt has 0 polygons
2026-09-08 12:56:55 +0800: Memory Usage (610408K) : metal1_dummy has 0 polygons
2026-09-08 12:56:55 +0800: Memory Usage (593980K) : Read in polygons from layers.
2026-09-08 12:56:55 +0800: Memory Usage (610408K) : metal1_label has 0 polygons
2026-09-08 12:56:55 +0800: Memory Usage (659676K) : ubmpperi has 0 polygons
2026-09-08 12:56:55 +0800: Memory Usage (608932K) : mim_l_mk has 0 polygons
2026-09-08 12:56:55 +0800: Memory Usage (596232K) : comp has 17798 polygons
2026-09-08 12:56:55 +0800: Memory Usage (610408K) : metal1_slot has 0 polygons
2026-09-08 12:56:55 +0800: Memory Usage (659676K) : ubmparray has 0 polygons
2026-09-08 12:56:55 +0800: Memory Usage (608932K) : latchup_mk has 0 polygons
2026-09-08 12:56:55 +0800: Memory Usage (659676K) : ubmeplate has 0 polygons
2026-09-08 12:56:55 +0800: Memory Usage (608932K) : guard_ring_mk has 0 polygons
2026-09-08 12:56:55 +0800: Memory Usage (706160K) : Executing rule NP.5dii
08-Sep-2026 12:56:55 | INFO    | Running Global Foundries 180nm MCU /workspace/iris_c3a247b9-0025-43e1-bae8-42a940fa0b63/Chip-Orchestra-review-latest/output/nanocgra_lite_3x3_opt/gds/nanocgra_lite_3x3_opt.gds checks on design metaltop_30k on cell NanoCGRA_Lite:
2026-09-08 12:56:55 +0800: Memory Usage (659676K) : metal1_res has 0 polygons
2026-09-08 12:56:55 +0800: Memory Usage (610408K) : metal1_blk has 0 polygons
2026-09-08 12:56:55 +0800: Memory Usage (596232K) : dnwell has 0 polygons
2026-09-08 12:56:55 +0800: Memory Usage (608932K) : otp_mk has 0 polygons
2026-09-08 12:56:55 +0800: Memory Usage (608932K) : mtpmark has 0 polygons
2026-09-08 12:56:55 +0800: Memory Usage (659676K) : metal2_res has 0 polygons
2026-09-08 12:56:55 +0800: Memory Usage (608932K) : neo_ee_mk has 0 polygons
2026-09-08 12:56:55 +0800: Memory Usage (659676K) : metal3_res has 0 polygons
2026-09-08 12:56:55 +0800: Memory Usage (608932K) : sramcore has 0 polygons
2026-09-08 12:56:56 +0800: Memory Usage (659676K) : metal4_res has 0 polygons
2026-09-08 12:56:56 +0800: Memory Usage (608932K) : lvs_rf has 0 polygons
2026-09-08 12:56:56 +0800: Memory Usage (659676K) : metal5_res has 0 polygons
2026-09-08 12:56:56 +0800: Memory Usage (608932K) : lvs_drain has 0 polygons
2026-09-08 12:56:56 +0800: Memory Usage (571612K) : Starting running GF180MCU Klayout DRC runset on /workspace/iris_c3a247b9-0025-43e1-bae8-42a940fa0b63/Chip-Orchestra-review-latest/output/nanocgra_lite_3x3_opt/gds/nanocgra_lite_3x3_opt.gds
2026-09-08 12:56:56 +0800: Memory Usage (608932K) : ind_mk has 0 polygons
2026-09-08 12:56:55 +0800: Memory Usage (601028K) : nwell has 67 polygons
2026-09-08 12:56:56 +0800: Memory Usage (608932K) : hvpolyrs has 0 polygons
2026-09-08 12:56:56 +0800: Memory Usage (608932K) : lvs_io has 0 polygons
2026-09-08 12:56:56 +0800: Memory Usage (608932K) : probe_mk has 0 polygons
2026-09-08 12:56:56 +0800: Memory Usage (659676K) : metal6_res has 0 polygons
2026-09-08 12:56:56 +0800: Memory Usage (608932K) : esd_mk has 0 polygons
2026-09-08 12:56:56 +0800: Memory Usage (659676K) : pr_bndry has 1 polygons
2026-09-08 12:56:56 +0800: Memory Usage (608932K) : lvs_source has 0 polygons
2026-09-08 12:56:56 +0800: Memory Usage (601172K) : lvpwell has 68 polygons
2026-09-08 12:56:55 +0800: Memory Usage (706160K) : Executing rule NP.6
2026-09-08 12:56:56 +0800: Memory Usage (571612K) : Ruby Version for klayout: 3.1.2
2026-09-08 12:56:56 +0800: Memory Usage (659676K) : border has 0 polygons
2026-09-08 12:56:56 +0800: Memory Usage (608932K) : well_diode_mk has 0 polygons
2026-09-08 12:56:56 +0800: Memory Usage (594148K) : Loading database to memory is complete.
2026-09-08 12:56:56 +0800: Memory Usage (706160K) : Executing rule NP.7
2026-09-08 12:56:56 +0800: Memory Usage (659676K) : Total no. of polygons in the design is 221072
2026-09-08 12:56:56 +0800: Memory Usage (594164K) : GF180MCU Klayout DRC runset output at: /workspace/iris_c3a247b9-0025-43e1-bae8-42a940fa0b63/Chip-Orchestra-review-latest/output/nanocgra_lite_3x3_opt/reports/signoff/foundry_drc_full/nanocgra_lite_3x3_opt_metal5.lyrdb
2026-09-08 12:56:56 +0800: Memory Usage (608932K) : ldmos_xtor has 0 polygons
2026-09-08 12:56:56 +0800: Memory Usage (706160K) : Executing rule NP.8a
2026-09-08 12:56:56 +0800: Memory Usage (594164K) : Evaluate switches.
2026-09-08 12:56:56 +0800: Memory Usage (608932K) : plfuse has 0 polygons
2026-09-08 12:56:56 +0800: Memory Usage (706160K) : Executing rule NP.8b
2026-09-08 12:56:56 +0800: Memory Usage (594164K) : table_name selected  metal5
2026-09-08 12:56:56 +0800: Memory Usage (608932K) : efuse_mk has 0 polygons
2026-09-08 12:56:56 +0800: Memory Usage (594164K) : CONNECTIVITY_RULES enabled: false
2026-09-08 12:56:56 +0800: Memory Usage (706160K) : Executing rule NP.9
2026-09-08 12:56:56 +0800: Memory Usage (608932K) : mcell_feol_mk has 0 polygons
2026-09-08 12:56:56 +0800: Memory Usage (594164K) : Wedge enabled: false
2026-09-08 12:56:55 +0800: Memory Usage (613204K) : via1 has 24400 polygons
2026-09-08 12:56:56 +0800: Memory Usage (608932K) : ymtp_mk has 0 polygons
2026-09-08 12:56:56 +0800: Memory Usage (706160K) : Executing rule NP.10
2026-09-08 12:56:56 +0800: Memory Usage (594164K) : Ball enabled: false
2026-09-08 12:56:56 +0800: Memory Usage (594164K) : Gold enabled: false
2026-09-08 12:56:56 +0800: Memory Usage (608932K) : dev_wf_mk has 0 polygons
2026-09-08 12:56:56 +0800: Memory Usage (649572K) : metal2_drawn has 17514 polygons
2026-09-08 12:56:56 +0800: Memory Usage (706160K) : Executing rule NP.11
2026-09-08 12:56:56 +0800: Memory Usage (594164K) : MIM Option selected: B
2026-09-08 12:56:56 +0800: Memory Usage (594164K) : Offgrid enabled:  true
2026-09-08 12:56:56 +0800: Memory Usage (649572K) : metal2_dummy has 0 polygons
2026-09-08 12:56:56 +0800: Memory Usage (605156K) : dualgate has 1 polygons
2026-09-08 12:56:57 +0800: Memory Usage (594164K) : Number of threads to use 2
2026-09-08 12:56:57 +0800: Memory Usage (649572K) : metal2_label has 31 polygons
2026-09-08 12:56:57 +0800: Memory Usage (594164K) : Verbose mode: false
2026-09-08 12:56:56 +0800: Memory Usage (608932K) : comp_label has 0 polygons
2026-09-08 12:56:57 +0800: Memory Usage (649572K) : metal2_slot has 0 polygons
2026-09-08 12:56:57 +0800: Memory Usage (594164K) : flat  mode is enabled for metal5 table
2026-09-08 12:56:57 +0800: Memory Usage (608932K) : poly2_label has 0 polygons
2026-09-08 12:56:57 +0800: Memory Usage (594164K) : METAL_TOP Selected is 9K
2026-09-08 12:56:57 +0800: Memory Usage (608932K) : mdiode has 0 polygons
2026-09-08 12:56:57 +0800: Memory Usage (594180K) : METAL_STACK Selected is 5LM
2026-09-08 12:56:57 +0800: Memory Usage (608932K) : ndmy has 0 polygons
2026-09-08 12:56:52 +0800: Memory Usage (661308K) : Starting deriving base layers.
2026-09-08 12:56:57 +0800: Memory Usage (594180K) : FEOL enabled: true
2026-09-08 12:56:57 +0800: Memory Usage (649572K) : metal2_blk has 0 polygons
2026-09-08 12:56:57 +0800: Memory Usage (594180K) : BEOL enabled: true
2026-09-08 12:56:57 +0800: Memory Usage (605360K) : poly2 has 24914 polygons
2026-09-08 12:56:57 +0800: Memory Usage (594180K) : SLOW_VIA enabled: false
2026-09-08 12:56:57 +0800: Memory Usage (649572K) : metal3_drawn has 9853 polygons
2026-09-08 12:56:57 +0800: Memory Usage (649572K) : metal3_dummy has 0 polygons
2026-09-08 12:56:57 +0800: Memory Usage (571172K) : Starting running GF180MCU Klayout DRC runset on /workspace/iris_c3a247b9-0025-43e1-bae8-42a940fa0b63/Chip-Orchestra-review-latest/output/nanocgra_lite_3x3_opt/gds/nanocgra_lite_3x3_opt.gds
2026-09-08 12:56:57 +0800: Memory Usage (649572K) : metal3_label has 0 polygons
2026-09-08 12:56:57 +0800: Memory Usage (649572K) : metal3_slot has 0 polygons
2026-09-08 12:56:57 +0800: Memory Usage (608944K) : nplus has 68 polygons
2026-09-08 12:56:57 +0800: Memory Usage (649572K) : metal3_blk has 0 polygons
2026-09-08 12:56:57 +0800: Memory Usage (608944K) : pplus has 2103 polygons
2026-09-08 12:56:57 +0800: Memory Usage (594180K) : Read in polygons from layers.
2026-09-08 12:56:56 +0800: Memory Usage (706160K) : Executing rule NP.12
2026-09-08 12:56:57 +0800: Memory Usage (608944K) : sab has 0 polygons
2026-09-08 12:56:57 +0800: Memory Usage (596432K) : comp has 17798 polygons
2026-09-08 12:56:57 +0800: Memory Usage (608944K) : esd has 0 polygons
2026-09-08 12:56:57 +0800: Memory Usage (571172K) : Ruby Version for klayout: 3.1.2
2026-09-08 12:56:57 +0800: Memory Usage (649572K) : via3 has 8264 polygons
2026-09-08 12:56:58 +0800: Memory Usage (593932K) : Loading database to memory is complete.
2026-09-08 12:56:57 +0800: Memory Usage (608944K) : resistor has 0 polygons
2026-09-08 12:56:58 +0800: Memory Usage (593932K) : GF180MCU Klayout DRC runset output at: /workspace/iris_c3a247b9-0025-43e1-bae8-42a940fa0b63/Chip-Orchestra-review-latest/output/nanocgra_lite_3x3_opt/reports/signoff/foundry_drc_full/nanocgra_lite_3x3_opt_sram_3p3.lyrdb
2026-09-08 12:56:58 +0800: Memory Usage (608944K) : fhres has 0 polygons
2026-09-08 12:56:58 +0800: Memory Usage (649572K) : metal4_drawn has 1492 polygons
2026-09-08 12:56:58 +0800: Memory Usage (593932K) : Evaluate switches.
2026-09-08 12:56:58 +0800: Memory Usage (608944K) : fusetop has 0 polygons
2026-09-08 12:56:58 +0800: Memory Usage (593948K) : table_name selected  sram_3p3
2026-09-08 12:56:58 +0800: Memory Usage (649572K) : metal4_dummy has 0 polygons
2026-09-08 12:56:58 +0800: Memory Usage (608944K) : fusewindow_d has 0 polygons
2026-09-08 12:56:58 +0800: Memory Usage (593948K) : CONNECTIVITY_RULES enabled: false
2026-09-08 12:56:58 +0800: Memory Usage (649572K) : metal4_label has 0 polygons
2026-09-08 12:56:57 +0800: Memory Usage (596432K) : dnwell has 0 polygons
2026-09-08 12:56:55 +0800: Memory Usage (749692K) : Executing rule CO.3
2026-09-08 12:56:58 +0800: Memory Usage (608944K) : polyfuse has 0 polygons
2026-09-08 12:56:58 +0800: Memory Usage (593948K) : Wedge enabled: false
2026-09-08 12:56:58 +0800: Memory Usage (649572K) : metal4_slot has 0 polygons
2026-09-08 12:56:57 +0800: Memory Usage (608932K) : pmndmy has 0 polygons
2026-09-08 12:56:58 +0800: Memory Usage (608944K) : mvsd has 0 polygons
2026-09-08 12:56:58 +0800: Memory Usage (593948K) : Ball enabled: false
2026-09-08 12:56:58 +0800: Memory Usage (649572K) : metal4_blk has 0 polygons
2026-09-08 12:56:58 +0800: Memory Usage (593948K) : Gold enabled: false
2026-09-08 12:56:58 +0800: Memory Usage (608944K) : mvpsd has 0 polygons
2026-09-08 12:56:58 +0800: Memory Usage (649572K) : via4 has 4611 polygons
2026-09-08 12:56:58 +0800: Memory Usage (593948K) : MIM Option selected: B
2026-09-08 12:56:58 +0800: Memory Usage (608944K) : nat has 0 polygons
2026-09-08 12:56:58 +0800: Memory Usage (571344K) : Starting running GF180MCU Klayout DRC runset on /workspace/iris_c3a247b9-0025-43e1-bae8-42a940fa0b63/Chip-Orchestra-review-latest/output/nanocgra_lite_3x3_opt/gds/nanocgra_lite_3x3_opt.gds
2026-09-08 12:56:58 +0800: Memory Usage (649572K) : metal5_drawn has 269 polygons
2026-09-08 12:56:57 +0800: Memory Usage (706160K) : nplus DRC Total Run time 29.085864914 seconds
2026-09-08 12:56:58 +0800: Memory Usage (593948K) : Offgrid enabled:  true
2026-09-08 12:56:58 +0800: Memory Usage (608944K) : comp_dummy has 0 polygons
2026-09-08 12:56:58 +0800: Memory Usage (649572K) : metal5_dummy has 0 polygons
2026-09-08 12:56:58 +0800: Memory Usage (601072K) : nwell has 67 polygons
2026-09-08 12:56:54 +0800: Memory Usage (658780K) : Starting deriving base layers.
2026-09-08 12:56:58 +0800: Memory Usage (593948K) : Number of threads to use 2
2026-09-08 12:56:58 +0800: Memory Usage (608944K) : poly2_dummy has 0 polygons
2026-09-08 12:56:58 +0800: Memory Usage (593948K) : Verbose mode: false
2026-09-08 12:56:58 +0800: Memory Usage (676580K) : Total area of the design is 302500.0 um^2.
2026-09-08 12:56:57 +0800: Memory Usage (682344K) : Construct connectivity for the design.
2026-09-08 12:56:58 +0800: Memory Usage (608944K) : schottky_diode has 0 polygons
2026-09-08 12:56:58 +0800: Memory Usage (649572K) : metal5_label has 0 polygons
2026-09-08 12:56:58 +0800: Memory Usage (593948K) : flat  mode is enabled for sram_3p3 table
2026-09-08 12:56:58 +0800: Memory Usage (676580K) : Starting GF180MCU DRC rules.
2026-09-08 12:56:58 +0800: Memory Usage (608944K) : zener has 0 polygons
2026-09-08 12:56:58 +0800: Memory Usage (649572K) : metal5_slot has 0 polygons
2026-09-08 12:56:58 +0800: Memory Usage (593948K) : METAL_TOP Selected is 9K
2026-09-08 12:56:58 +0800: Memory Usage (649572K) : metal5_blk has 0 polygons
2026-09-08 12:56:58 +0800: Memory Usage (608944K) : res_mk has 0 polygons
2026-09-08 12:56:58 +0800: Memory Usage (676580K) : Running all FEOL rules
2026-09-08 12:56:58 +0800: Memory Usage (593948K) : METAL_STACK Selected is 5LM
2026-09-08 12:56:58 +0800: Memory Usage (649572K) : pad has 0 polygons
2026-09-08 12:56:58 +0800: Memory Usage (571344K) : Ruby Version for klayout: 3.1.2
2026-09-08 12:56:58 +0800: Memory Usage (601212K) : lvpwell has 68 polygons
2026-09-08 12:56:58 +0800: Memory Usage (676580K) : Running all BEOL rules
2026-09-08 12:56:58 +0800: Memory Usage (593944K) : Loading database to memory is complete.
2026-09-08 12:56:58 +0800: Memory Usage (593948K) : FEOL enabled: true
2026-09-08 12:56:58 +0800: Memory Usage (649572K) : ubmpperi has 0 polygons
2026-09-08 12:56:58 +0800: Memory Usage (593944K) : GF180MCU Klayout DRC runset output at: /workspace/iris_c3a247b9-0025-43e1-bae8-42a940fa0b63/Chip-Orchestra-review-latest/output/nanocgra_lite_3x3_opt/reports/signoff/foundry_drc_full/nanocgra_lite_3x3_opt_metaltop_30k.lyrdb
2026-09-08 12:56:58 +0800: Memory Usage (593948K) : BEOL enabled: true
2026-09-08 12:56:58 +0800: Memory Usage (593960K) : Evaluate switches.
2026-09-08 12:56:58 +0800: Memory Usage (649572K) : ubmparray has 0 polygons
2026-09-08 12:56:58 +0800: Memory Usage (608944K) : opc_drc has 0 polygons
2026-09-08 12:56:59 +0800: Memory Usage (593960K) : table_name selected  metaltop_30k
2026-09-08 12:56:58 +0800: Memory Usage (676580K) : Starting 5V SRAM derivations
2026-09-08 12:56:59 +0800: Memory Usage (593964K) : SLOW_VIA enabled: false
2026-09-08 12:56:59 +0800: Memory Usage (649572K) : ubmeplate has 0 polygons
2026-09-08 12:56:59 +0800: Memory Usage (593960K) : CONNECTIVITY_RULES enabled: false
2026-09-08 12:56:59 +0800: Memory Usage (676580K) : Executing rule S.DF.4c_MV
2026-09-08 12:56:59 +0800: Memory Usage (593960K) : Wedge enabled: false
2026-09-08 12:56:59 +0800: Memory Usage (649572K) : metal1_res has 0 polygons
2026-09-08 12:56:59 +0800: Memory Usage (608944K) : v5_xtor has 1 polygons
2026-09-08 12:56:59 +0800: Memory Usage (593960K) : Ball enabled: false
2026-09-08 12:56:59 +0800: Memory Usage (676580K) : Executing rule S.DF.6_MV
2026-09-08 12:56:59 +0800: Memory Usage (593960K) : Gold enabled: false
2026-09-08 12:56:59 +0800: Memory Usage (676580K) : Executing rule S.DF.7_MV
2026-09-08 12:56:59 +0800: Memory Usage (608944K) : cap_mk has 0 polygons
2026-09-08 12:56:59 +0800: Memory Usage (593960K) : MIM Option selected: B
2026-09-08 12:56:59 +0800: Memory Usage (608944K) : mos_cap_mk has 0 polygons
2026-09-08 12:56:59 +0800: Memory Usage (676580K) : Executing rule S.DF.8_MV
2026-09-08 12:56:59 +0800: Memory Usage (593960K) : Offgrid enabled:  true
2026-09-08 12:56:59 +0800: Memory Usage (649572K) : metal2_res has 0 polygons
2026-09-08 12:56:59 +0800: Memory Usage (608944K) : ind_mk has 0 polygons
2026-09-08 12:56:59 +0800: Memory Usage (593960K) : Number of threads to use 2
08-Sep-2026 12:56:59 | INFO    | Running Global Foundries 180nm MCU /workspace/iris_c3a247b9-0025-43e1-bae8-42a940fa0b63/Chip-Orchestra-review-latest/output/nanocgra_lite_3x3_opt/gds/nanocgra_lite_3x3_opt.gds checks on design nat_split on cell NanoCGRA_Lite:
2026-09-08 12:56:59 +0800: Memory Usage (649572K) : metal3_res has 0 polygons
2026-09-08 12:56:58 +0800: Memory Usage (605196K) : dualgate has 1 polygons
2026-09-08 12:56:59 +0800: Memory Usage (608944K) : diode_mk has 0 polygons
2026-09-08 12:56:59 +0800: Memory Usage (593960K) : Verbose mode: false
2026-09-08 12:56:59 +0800: Memory Usage (676580K) : Executing rule S.DF.16_MV
2026-09-08 12:56:59 +0800: Memory Usage (593964K) : Read in polygons from layers.
2026-09-08 12:56:59 +0800: Memory Usage (649572K) : metal4_res has 0 polygons
2026-09-08 12:56:59 +0800: Memory Usage (608944K) : drc_bjt has 0 polygons
2026-09-08 12:56:59 +0800: Memory Usage (593960K) : flat  mode is enabled for metaltop_30k table
2026-09-08 12:56:59 +0800: Memory Usage (676580K) : Executing rule S.PL.5a_MV
2026-09-08 12:56:59 +0800: Memory Usage (596212K) : comp has 17798 polygons
2026-09-08 12:56:59 +0800: Memory Usage (608944K) : lvs_bjt has 0 polygons
2026-09-08 12:56:59 +0800: Memory Usage (649572K) : metal5_res has 0 polygons
2026-09-08 12:56:59 +0800: Memory Usage (593960K) : METAL_TOP Selected is 9K
2026-09-08 12:56:59 +0800: Memory Usage (608944K) : mim_l_mk has 0 polygons
2026-09-08 12:56:59 +0800: Memory Usage (593960K) : METAL_STACK Selected is 5LM
2026-09-08 12:56:59 +0800: Memory Usage (676580K) : Executing rule S.PL.5b_MV
2026-09-08 12:56:59 +0800: Memory Usage (593976K) : FEOL enabled: true
2026-09-08 12:56:59 +0800: Memory Usage (605400K) : poly2 has 24914 polygons
2026-09-08 12:56:59 +0800: Memory Usage (676580K) : Executing rule S.CO.4_MV
2026-09-08 12:56:59 +0800: Memory Usage (593976K) : BEOL enabled: true
2026-09-08 12:56:59 +0800: Memory Usage (649572K) : metal6_res has 0 polygons
2026-09-08 12:56:59 +0800: Memory Usage (608944K) : latchup_mk has 0 polygons
2026-09-08 12:56:59 +0800: Memory Usage (596212K) : dnwell has 0 polygons
2026-09-08 12:56:59 +0800: Memory Usage (593976K) : SLOW_VIA enabled: false
2026-09-08 12:56:59 +0800: Memory Usage (608944K) : guard_ring_mk has 0 polygons
2026-09-08 12:56:59 +0800: Memory Usage (649572K) : pr_bndry has 1 polygons
2026-09-08 12:56:59 +0800: Memory Usage (608944K) : otp_mk has 0 polygons
2026-09-08 12:56:58 +0800: Memory Usage (615536K) : contact has 106822 polygons
2026-09-08 12:56:59 +0800: Memory Usage (649572K) : border has 0 polygons
2026-09-08 12:56:55 +0800: Memory Usage (713220K) : Executing rule PL.6
2026-09-08 12:56:59 +0800: Memory Usage (608944K) : mtpmark has 0 polygons
2026-09-08 12:56:59 +0800: Memory Usage (649572K) : Total no. of polygons in the design is 138650
2026-09-08 12:56:59 +0800: Memory Usage (749380K) : Executing rule PL.7_LV
2026-09-08 12:56:59 +0800: Memory Usage (608944K) : neo_ee_mk has 0 polygons
2026-09-08 12:56:59 +0800: Memory Usage (626336K) : metal1_drawn has 27195 polygons
2026-09-08 12:56:59 +0800: Memory Usage (608984K) : nplus has 68 polygons
2026-09-08 12:57:00 +0800: Memory Usage (608944K) : sramcore has 0 polygons
2026-09-08 12:57:00 +0800: Memory Usage (626336K) : metal1_dummy has 0 polygons
2026-09-08 12:57:00 +0800: Memory Usage (608984K) : pplus has 2103 polygons
2026-09-08 12:57:00 +0800: Memory Usage (608944K) : lvs_rf has 0 polygons
2026-09-08 12:56:59 +0800: Memory Usage (601012K) : nwell has 67 polygons
2026-09-08 12:57:00 +0800: Memory Usage (626336K) : metal1_label has 0 polygons
2026-09-08 12:56:59 +0800: Memory Usage (593976K) : Read in polygons from layers.
2026-09-08 12:57:00 +0800: Memory Usage (608984K) : sab has 0 polygons
2026-09-08 12:57:00 +0800: Memory Usage (608944K) : lvs_drain has 0 polygons
2026-09-08 12:57:00 +0800: Memory Usage (596224K) : comp has 17798 polygons
2026-09-08 12:57:00 +0800: Memory Usage (626336K) : metal1_slot has 0 polygons
2026-09-08 12:57:00 +0800: Memory Usage (608984K) : esd has 0 polygons
2026-09-08 12:57:00 +0800: Memory Usage (608944K) : ind_mk has 0 polygons
2026-09-08 12:57:00 +0800: Memory Usage (608984K) : resistor has 0 polygons
2026-09-08 12:56:59 +0800: Memory Usage (676580K) : sram_5p0 DRC Total Run time 20.300757286 seconds
2026-09-08 12:57:00 +0800: Memory Usage (608944K) : hvpolyrs has 0 polygons
2026-09-08 12:57:00 +0800: Memory Usage (608984K) : fhres has 0 polygons
2026-09-08 12:57:00 +0800: Memory Usage (608944K) : lvs_io has 0 polygons
2026-09-08 12:57:00 +0800: Memory Usage (601156K) : lvpwell has 68 polygons
2026-09-08 12:57:00 +0800: Memory Usage (626336K) : metal1_blk has 0 polygons
2026-09-08 12:57:00 +0800: Memory Usage (608984K) : fusetop has 0 polygons
2026-09-08 12:57:00 +0800: Memory Usage (608944K) : probe_mk has 0 polygons
2026-09-08 12:57:00 +0800: Memory Usage (596224K) : dnwell has 0 polygons
2026-09-08 12:57:00 +0800: Memory Usage (608984K) : fusewindow_d has 0 polygons
2026-09-08 12:57:00 +0800: Memory Usage (608944K) : esd_mk has 0 polygons
2026-09-08 12:57:00 +0800: Memory Usage (608984K) : polyfuse has 0 polygons
2026-09-08 12:57:00 +0800: Memory Usage (608984K) : mvsd has 0 polygons
2026-09-08 12:57:00 +0800: Memory Usage (608944K) : lvs_source has 0 polygons
2026-09-08 12:57:00 +0800: Memory Usage (608984K) : mvpsd has 0 polygons
2026-09-08 12:57:00 +0800: Memory Usage (608944K) : well_diode_mk has 0 polygons
2026-09-08 12:57:00 +0800: Memory Usage (608984K) : nat has 0 polygons
2026-09-08 12:57:00 +0800: Memory Usage (608944K) : ldmos_xtor has 0 polygons
2026-09-08 12:57:00 +0800: Memory Usage (608984K) : comp_dummy has 0 polygons
2026-09-08 12:57:00 +0800: Memory Usage (608944K) : plfuse has 0 polygons
2026-09-08 12:57:00 +0800: Memory Usage (608984K) : poly2_dummy has 0 polygons
2026-09-08 12:57:00 +0800: Memory Usage (601024K) : nwell has 67 polygons
2026-09-08 12:57:00 +0800: Memory Usage (608944K) : efuse_mk has 0 polygons
2026-09-08 12:57:00 +0800: Memory Usage (608984K) : schottky_diode has 0 polygons
2026-09-08 12:57:00 +0800: Memory Usage (608984K) : zener has 0 polygons
08-Sep-2026 12:57:01 | INFO    | Running Global Foundries 180nm MCU /workspace/iris_c3a247b9-0025-43e1-bae8-42a940fa0b63/Chip-Orchestra-review-latest/output/nanocgra_lite_3x3_opt/gds/nanocgra_lite_3x3_opt.gds checks on design metal1 on cell NanoCGRA_Lite:
2026-09-08 12:57:00 +0800: Memory Usage (608944K) : mcell_feol_mk has 0 polygons
2026-09-08 12:57:00 +0800: Memory Usage (608984K) : res_mk has 0 polygons
2026-09-08 12:57:00 +0800: Memory Usage (605140K) : dualgate has 1 polygons
2026-09-08 12:57:01 +0800: Memory Usage (608944K) : ymtp_mk has 0 polygons
2026-09-08 12:57:01 +0800: Memory Usage (608944K) : dev_wf_mk has 0 polygons
2026-09-08 12:57:00 +0800: Memory Usage (601164K) : lvpwell has 68 polygons
2026-09-08 12:57:01 +0800: Memory Usage (608944K) : comp_label has 0 polygons
2026-09-08 12:57:01 +0800: Memory Usage (608944K) : poly2_label has 0 polygons
2026-09-08 12:57:01 +0800: Memory Usage (608984K) : opc_drc has 0 polygons
2026-09-08 12:57:01 +0800: Memory Usage (608984K) : v5_xtor has 1 polygons
2026-09-08 12:57:01 +0800: Memory Usage (608944K) : mdiode has 0 polygons
2026-09-08 12:56:58 +0800: Memory Usage (773788K) : Executing rule CO.4
2026-09-08 12:57:01 +0800: Memory Usage (608944K) : ndmy has 0 polygons
2026-09-08 12:57:01 +0800: Memory Usage (608984K) : cap_mk has 0 polygons
2026-09-08 12:57:01 +0800: Memory Usage (781316K) : Executing rule CO.5a
2026-09-08 12:57:01 +0800: Memory Usage (608984K) : mos_cap_mk has 0 polygons
2026-09-08 12:57:01 +0800: Memory Usage (605344K) : poly2 has 24914 polygons
2026-09-08 12:57:01 +0800: Memory Usage (608984K) : ind_mk has 0 polygons
2026-09-08 12:57:01 +0800: Memory Usage (781316K) : Executing rule CO.5b
2026-09-08 12:56:56 +0800: Memory Usage (659676K) : Starting deriving base layers.
2026-09-08 12:57:00 +0800: Memory Usage (626336K) : via1 has 24400 polygons
2026-09-08 12:57:01 +0800: Memory Usage (677668K) : Total area of the design is 302500.0 um^2.
2026-09-08 12:57:01 +0800: Memory Usage (608984K) : diode_mk has 0 polygons
2026-09-08 12:57:01 +0800: Memory Usage (677668K) : Starting GF180MCU DRC rules.
2026-09-08 12:57:01 +0800: Memory Usage (661320K) : metal2_drawn has 17514 polygons
2026-09-08 12:57:01 +0800: Memory Usage (608984K) : drc_bjt has 0 polygons
2026-09-08 12:57:01 +0800: Memory Usage (677668K) : Running all FEOL rules
2026-09-08 12:57:01 +0800: Memory Usage (608928K) : nplus has 68 polygons
2026-09-08 12:57:01 +0800: Memory Usage (605148K) : dualgate has 1 polygons
2026-09-08 12:57:01 +0800: Memory Usage (608984K) : lvs_bjt has 0 polygons
2026-09-08 12:57:01 +0800: Memory Usage (677668K) : Running all BEOL rules
2026-09-08 12:57:01 +0800: Memory Usage (661320K) : metal2_dummy has 0 polygons
2026-09-08 12:57:01 +0800: Memory Usage (608984K) : mim_l_mk has 0 polygons
2026-09-08 12:57:01 +0800: Memory Usage (661320K) : metal2_label has 31 polygons
2026-09-08 12:57:01 +0800: Memory Usage (608928K) : pplus has 2103 polygons
2026-09-08 12:57:01 +0800: Memory Usage (608984K) : latchup_mk has 0 polygons
2026-09-08 12:57:01 +0800: Memory Usage (661320K) : metal2_slot has 0 polygons
2026-09-08 12:57:01 +0800: Memory Usage (608928K) : sab has 0 polygons
2026-09-08 12:57:01 +0800: Memory Usage (608984K) : guard_ring_mk has 0 polygons
2026-09-08 12:57:01 +0800: Memory Usage (608928K) : esd has 0 polygons
2026-09-08 12:57:02 +0800: Memory Usage (608984K) : otp_mk has 0 polygons
2026-09-08 12:57:02 +0800: Memory Usage (608928K) : resistor has 0 polygons
2026-09-08 12:57:02 +0800: Memory Usage (608984K) : mtpmark has 0 polygons
2026-09-08 12:57:02 +0800: Memory Usage (571336K) : Starting running GF180MCU Klayout DRC runset on /workspace/iris_c3a247b9-0025-43e1-bae8-42a940fa0b63/Chip-Orchestra-review-latest/output/nanocgra_lite_3x3_opt/gds/nanocgra_lite_3x3_opt.gds
2026-09-08 12:57:01 +0800: Memory Usage (661320K) : metal2_blk has 0 polygons
2026-09-08 12:57:02 +0800: Memory Usage (608928K) : fhres has 0 polygons
2026-09-08 12:57:01 +0800: Memory Usage (605356K) : poly2 has 24914 polygons
2026-09-08 12:57:02 +0800: Memory Usage (608984K) : neo_ee_mk has 0 polygons
2026-09-08 12:57:02 +0800: Memory Usage (608928K) : fusetop has 0 polygons
2026-09-08 12:57:02 +0800: Memory Usage (608928K) : fusewindow_d has 0 polygons
2026-09-08 12:57:00 +0800: Memory Usage (749380K) : Executing rule PL.7_MV
2026-09-08 12:57:02 +0800: Memory Usage (608928K) : polyfuse has 0 polygons
2026-09-08 12:57:02 +0800: Memory Usage (608984K) : sramcore has 0 polygons
2026-09-08 12:57:01 +0800: Memory Usage (677668K) : Starting PRES derivations
2026-09-08 12:57:02 +0800: Memory Usage (608984K) : lvs_rf has 0 polygons
2026-09-08 12:57:02 +0800: Memory Usage (608940K) : nplus has 68 polygons
2026-09-08 12:57:02 +0800: Memory Usage (661320K) : via2 has 21863 polygons
2026-09-08 12:57:02 +0800: Memory Usage (683040K) : Executing rule PRES.1
2026-09-08 12:57:02 +0800: Memory Usage (608984K) : lvs_drain has 0 polygons
2026-09-08 12:57:02 +0800: Memory Usage (608928K) : mvsd has 0 polygons
2026-09-08 12:57:02 +0800: Memory Usage (571336K) : Ruby Version for klayout: 3.1.2
2026-09-08 12:57:02 +0800: Memory Usage (608984K) : ind_mk has 0 polygons
2026-09-08 12:57:02 +0800: Memory Usage (608940K) : pplus has 2103 polygons
2026-09-08 12:57:02 +0800: Memory Usage (608928K) : mvpsd has 0 polygons
2026-09-08 12:57:02 +0800: Memory Usage (594132K) : Loading database to memory is complete.
2026-09-08 12:57:02 +0800: Memory Usage (661320K) : metal3_drawn has 9853 polygons
2026-09-08 12:57:02 +0800: Memory Usage (608984K) : hvpolyrs has 0 polygons
2026-09-08 12:57:02 +0800: Memory Usage (683040K) : Executing rule PRES.2
2026-09-08 12:57:02 +0800: Memory Usage (608940K) : sab has 0 polygons
2026-09-08 12:57:02 +0800: Memory Usage (594132K) : GF180MCU Klayout DRC runset output at: /workspace/iris_c3a247b9-0025-43e1-bae8-42a940fa0b63/Chip-Orchestra-review-latest/output/nanocgra_lite_3x3_opt/reports/signoff/foundry_drc_full/nanocgra_lite_3x3_opt_nat_split.lyrdb
2026-09-08 12:57:02 +0800: Memory Usage (608928K) : nat has 0 polygons
2026-09-08 12:57:02 +0800: Memory Usage (661320K) : metal3_dummy has 0 polygons
2026-09-08 12:57:02 +0800: Memory Usage (608984K) : lvs_io has 0 polygons
2026-09-08 12:57:02 +0800: Memory Usage (594148K) : Evaluate switches.
2026-09-08 12:57:02 +0800: Memory Usage (608940K) : esd has 0 polygons
2026-09-08 12:57:02 +0800: Memory Usage (608928K) : comp_dummy has 0 polygons
2026-09-08 12:57:02 +0800: Memory Usage (683040K) : Executing rule PRES.3
2026-09-08 12:57:02 +0800: Memory Usage (661320K) : metal3_label has 0 polygons
2026-09-08 12:57:02 +0800: Memory Usage (608984K) : probe_mk has 0 polygons
2026-09-08 12:57:02 +0800: Memory Usage (594148K) : table_name selected  nat_split
2026-09-08 12:57:02 +0800: Memory Usage (608940K) : resistor has 0 polygons
2026-09-08 12:57:02 +0800: Memory Usage (608928K) : poly2_dummy has 0 polygons
2026-09-08 12:57:02 +0800: Memory Usage (683040K) : Executing rule PRES.4
2026-09-08 12:57:02 +0800: Memory Usage (661320K) : metal3_slot has 0 polygons
2026-09-08 12:57:02 +0800: Memory Usage (594148K) : CONNECTIVITY_RULES enabled: true
2026-09-08 12:57:02 +0800: Memory Usage (608984K) : esd_mk has 0 polygons
2026-09-08 12:57:02 +0800: Memory Usage (608940K) : fhres has 0 polygons
2026-09-08 12:57:02 +0800: Memory Usage (608928K) : schottky_diode has 0 polygons
2026-09-08 12:57:02 +0800: Memory Usage (683040K) : Executing rule PRES.5
2026-09-08 12:57:02 +0800: Memory Usage (594148K) : Wedge enabled: false
2026-09-08 12:57:02 +0800: Memory Usage (608940K) : fusetop has 0 polygons
2026-09-08 12:57:02 +0800: Memory Usage (608928K) : zener has 0 polygons
2026-09-08 12:57:02 +0800: Memory Usage (661320K) : metal3_blk has 0 polygons
2026-09-08 12:57:02 +0800: Memory Usage (683040K) : Executing rule PRES.6
2026-09-08 12:57:02 +0800: Memory Usage (691728K) : Executing rule PL.9
2026-09-08 12:57:02 +0800: Memory Usage (594148K) : Ball enabled: false
2026-09-08 12:57:01 +0800: Memory Usage (608944K) : pmndmy has 0 polygons
2026-09-08 12:57:02 +0800: Memory Usage (608940K) : fusewindow_d has 0 polygons
2026-09-08 12:57:02 +0800: Memory Usage (608928K) : res_mk has 0 polygons
2026-09-08 12:57:02 +0800: Memory Usage (608984K) : lvs_source has 0 polygons
2026-09-08 12:57:02 +0800: Memory Usage (594148K) : Gold enabled: false
2026-09-08 12:57:02 +0800: Memory Usage (683040K) : Executing rule PRES.7
2026-09-08 12:57:02 +0800: Memory Usage (608940K) : polyfuse has 0 polygons
2026-09-08 12:57:02 +0800: Memory Usage (697560K) : Executing rule PL.11
2026-09-08 12:57:02 +0800: Memory Usage (608984K) : well_diode_mk has 0 polygons
2026-09-08 12:57:02 +0800: Memory Usage (608940K) : mvsd has 0 polygons
2026-09-08 12:57:02 +0800: Memory Usage (594148K) : MIM Option selected: B
2026-09-08 12:57:02 +0800: Memory Usage (610796K) : metal1_drawn has 27195 polygons
2026-09-08 12:57:03 +0800: Memory Usage (608984K) : ldmos_xtor has 0 polygons
2026-09-08 12:57:03 +0800: Memory Usage (594148K) : Offgrid enabled:  true
2026-09-08 12:57:02 +0800: Memory Usage (661320K) : via3 has 8264 polygons
2026-09-08 12:57:03 +0800: Memory Usage (610796K) : metal1_dummy has 0 polygons
2026-09-08 12:57:03 +0800: Memory Usage (594148K) : Number of threads to use 2
2026-09-08 12:57:03 +0800: Memory Usage (608984K) : plfuse has 0 polygons
2026-09-08 12:57:02 +0800: Memory Usage (608928K) : opc_drc has 0 polygons
2026-09-08 12:57:03 +0800: Memory Usage (594148K) : Verbose mode: false
2026-09-08 12:57:03 +0800: Memory Usage (610796K) : metal1_label has 0 polygons
2026-09-08 12:57:03 +0800: Memory Usage (608940K) : mvpsd has 0 polygons
2026-09-08 12:57:03 +0800: Memory Usage (608984K) : efuse_mk has 0 polygons
2026-09-08 12:57:03 +0800: Memory Usage (594148K) : deep  mode is enabled for nat_split table
2026-09-08 12:57:03 +0800: Memory Usage (610796K) : metal1_slot has 0 polygons
2026-09-08 12:57:03 +0800: Memory Usage (608940K) : nat has 0 polygons
2026-09-08 12:57:03 +0800: Memory Usage (661320K) : metal4_drawn has 1492 polygons
2026-09-08 12:57:03 +0800: Memory Usage (608984K) : mcell_feol_mk has 0 polygons
2026-09-08 12:57:03 +0800: Memory Usage (594148K) : METAL_TOP Selected is 9K
2026-09-08 12:57:03 +0800: Memory Usage (608940K) : comp_dummy has 0 polygons
2026-09-08 12:57:03 +0800: Memory Usage (594148K) : METAL_STACK Selected is 5LM
2026-09-08 12:57:03 +0800: Memory Usage (608928K) : v5_xtor has 1 polygons
2026-09-08 12:57:03 +0800: Memory Usage (661320K) : metal4_dummy has 0 polygons
2026-09-08 12:57:03 +0800: Memory Usage (608984K) : ymtp_mk has 0 polygons
2026-09-08 12:57:03 +0800: Memory Usage (608940K) : poly2_dummy has 0 polygons
2026-09-08 12:57:03 +0800: Memory Usage (594164K) : FEOL enabled: true
2026-09-08 12:57:03 +0800: Memory Usage (608928K) : cap_mk has 0 polygons
2026-09-08 12:57:03 +0800: Memory Usage (608984K) : dev_wf_mk has 0 polygons
2026-09-08 12:57:03 +0800: Memory Usage (608940K) : schottky_diode has 0 polygons
2026-09-08 12:57:03 +0800: Memory Usage (661320K) : metal4_label has 0 polygons
2026-09-08 12:57:03 +0800: Memory Usage (594164K) : BEOL enabled: true
2026-09-08 12:57:03 +0800: Memory Usage (608984K) : comp_label has 0 polygons
2026-09-08 12:57:03 +0800: Memory Usage (608940K) : zener has 0 polygons
2026-09-08 12:57:03 +0800: Memory Usage (608928K) : mos_cap_mk has 0 polygons
2026-09-08 12:57:03 +0800: Memory Usage (594164K) : SLOW_VIA enabled: false
2026-09-08 12:57:03 +0800: Memory Usage (661320K) : metal4_slot has 0 polygons
2026-09-08 12:57:03 +0800: Memory Usage (608940K) : res_mk has 0 polygons
2026-09-08 12:57:03 +0800: Memory Usage (608928K) : ind_mk has 0 polygons
2026-09-08 12:57:03 +0800: Memory Usage (661320K) : metal4_blk has 0 polygons
2026-09-08 12:57:03 +0800: Memory Usage (608984K) : poly2_label has 0 polygons
2026-09-08 12:57:02 +0800: Memory Usage (683040K) : Executing rule PRES.9a
2026-09-08 12:57:03 +0800: Memory Usage (608928K) : diode_mk has 0 polygons
2026-09-08 12:57:03 +0800: Memory Usage (594164K) : Read in polygons from layers.
2026-09-08 12:57:03 +0800: Memory Usage (608984K) : mdiode has 0 polygons
2026-09-08 12:57:03 +0800: Memory Usage (571048K) : Starting running GF180MCU Klayout DRC runset on /workspace/iris_c3a247b9-0025-43e1-bae8-42a940fa0b63/Chip-Orchestra-review-latest/output/nanocgra_lite_3x3_opt/gds/nanocgra_lite_3x3_opt.gds
2026-09-08 12:57:03 +0800: Memory Usage (686536K) : Executing rule PRES.9b
2026-09-08 12:57:03 +0800: Memory Usage (661320K) : via4 has 4611 polygons
2026-09-08 12:57:03 +0800: Memory Usage (594800K) : comp has 17801 polygons
2026-09-08 12:57:03 +0800: Memory Usage (608928K) : drc_bjt has 0 polygons
2026-09-08 12:57:03 +0800: Memory Usage (608984K) : ndmy has 0 polygons
2026-09-08 12:57:03 +0800: Memory Usage (608940K) : opc_drc has 0 polygons
2026-09-08 12:57:03 +0800: Memory Usage (661320K) : metal5_drawn has 269 polygons
2026-09-08 12:57:03 +0800: Memory Usage (594800K) : dnwell has 0 polygons
2026-09-08 12:57:03 +0800: Memory Usage (608928K) : lvs_bjt has 0 polygons
2026-09-08 12:57:03 +0800: Memory Usage (608928K) : mim_l_mk has 0 polygons
2026-09-08 12:57:03 +0800: Memory Usage (594800K) : nwell has 15936 polygons
2026-09-08 12:57:03 +0800: Memory Usage (608940K) : v5_xtor has 1 polygons
2026-09-08 12:57:03 +0800: Memory Usage (608940K) : cap_mk has 0 polygons
2026-09-08 12:57:03 +0800: Memory Usage (594800K) : lvpwell has 15936 polygons
2026-09-08 12:57:03 +0800: Memory Usage (661320K) : metal5_dummy has 0 polygons
2026-09-08 12:57:03 +0800: Memory Usage (608940K) : mos_cap_mk has 0 polygons
2026-09-08 12:57:03 +0800: Memory Usage (594800K) : dualgate has 15936 polygons
2026-09-08 12:57:03 +0800: Memory Usage (661320K) : metal5_label has 0 polygons
2026-09-08 12:57:03 +0800: Memory Usage (608928K) : latchup_mk has 0 polygons
2026-09-08 12:57:03 +0800: Memory Usage (608940K) : ind_mk has 0 polygons
2026-09-08 12:57:03 +0800: Memory Usage (594800K) : poly2 has 28468 polygons
2026-09-08 12:57:03 +0800: Memory Usage (608940K) : diode_mk has 0 polygons
2026-09-08 12:57:03 +0800: Memory Usage (571048K) : Ruby Version for klayout: 3.1.2
2026-09-08 12:57:03 +0800: Memory Usage (661320K) : metal5_slot has 0 polygons
2026-09-08 12:57:03 +0800: Memory Usage (608928K) : guard_ring_mk has 0 polygons
2026-09-08 12:57:04 +0800: Memory Usage (593884K) : Loading database to memory is complete.
2026-09-08 12:57:04 +0800: Memory Usage (594800K) : nplus has 15936 polygons
2026-09-08 12:57:04 +0800: Memory Usage (608940K) : drc_bjt has 0 polygons
2026-09-08 12:57:04 +0800: Memory Usage (661320K) : metal5_blk has 0 polygons
2026-09-08 12:57:04 +0800: Memory Usage (608928K) : otp_mk has 0 polygons
2026-09-08 12:57:04 +0800: Memory Usage (593884K) : GF180MCU Klayout DRC runset output at: /workspace/iris_c3a247b9-0025-43e1-bae8-42a940fa0b63/Chip-Orchestra-review-latest/output/nanocgra_lite_3x3_opt/reports/signoff/foundry_drc_full/nanocgra_lite_3x3_opt_metal1.lyrdb
2026-09-08 12:57:03 +0800: Memory Usage (686536K) : pres DRC Total Run time 21.777720812 seconds
2026-09-08 12:57:04 +0800: Memory Usage (608940K) : lvs_bjt has 0 polygons
2026-09-08 12:57:04 +0800: Memory Usage (593884K) : Evaluate switches.
2026-09-08 12:57:04 +0800: Memory Usage (661320K) : pad has 0 polygons
2026-09-08 12:57:04 +0800: Memory Usage (608928K) : mtpmark has 0 polygons
2026-09-08 12:57:04 +0800: Memory Usage (594800K) : pplus has 17972 polygons
2026-09-08 12:57:04 +0800: Memory Usage (608940K) : mim_l_mk has 0 polygons
2026-09-08 12:57:04 +0800: Memory Usage (593884K) : table_name selected  metal1
2026-09-08 12:57:03 +0800: Memory Usage (610796K) : metal1_blk has 0 polygons
2026-09-08 12:57:04 +0800: Memory Usage (608928K) : neo_ee_mk has 0 polygons
2026-09-08 12:57:04 +0800: Memory Usage (661320K) : ubmpperi has 0 polygons
2026-09-08 12:57:04 +0800: Memory Usage (594800K) : sab has 0 polygons
2026-09-08 12:57:04 +0800: Memory Usage (593884K) : CONNECTIVITY_RULES enabled: false
2026-09-08 12:57:04 +0800: Memory Usage (608940K) : latchup_mk has 0 polygons
2026-09-08 12:57:04 +0800: Memory Usage (608928K) : sramcore has 0 polygons
2026-09-08 12:57:04 +0800: Memory Usage (593884K) : Wedge enabled: false
2026-09-08 12:57:04 +0800: Memory Usage (661320K) : ubmparray has 0 polygons
2026-09-08 12:57:04 +0800: Memory Usage (594800K) : esd has 0 polygons
2026-09-08 12:57:04 +0800: Memory Usage (608940K) : guard_ring_mk has 0 polygons
2026-09-08 12:57:00 +0800: Memory Usage (649572K) : Starting deriving base layers.
2026-09-08 12:57:04 +0800: Memory Usage (608928K) : lvs_rf has 0 polygons
2026-09-08 12:57:04 +0800: Memory Usage (593900K) : Ball enabled: false
2026-09-08 12:57:04 +0800: Memory Usage (647420K) : metal2_drawn has 17514 polygons
2026-09-08 12:57:04 +0800: Memory Usage (594800K) : resistor has 0 polygons
2026-09-08 12:57:04 +0800: Memory Usage (667892K) : Total area of the design is 302500.0 um^2.
2026-09-08 12:57:04 +0800: Memory Usage (661320K) : ubmeplate has 0 polygons
2026-09-08 12:57:04 +0800: Memory Usage (608928K) : lvs_drain has 0 polygons
2026-09-08 12:57:04 +0800: Memory Usage (593900K) : Gold enabled: false
2026-09-08 12:57:04 +0800: Memory Usage (608940K) : otp_mk has 0 polygons
2026-09-08 12:57:04 +0800: Memory Usage (594800K) : fhres has 0 polygons
2026-09-08 12:57:04 +0800: Memory Usage (593900K) : MIM Option selected: B
2026-09-08 12:57:04 +0800: Memory Usage (608928K) : ind_mk has 0 polygons
2026-09-08 12:57:04 +0800: Memory Usage (647420K) : metal2_dummy has 0 polygons
2026-09-08 12:57:04 +0800: Memory Usage (667892K) : Starting GF180MCU DRC rules.
2026-09-08 12:57:04 +0800: Memory Usage (608940K) : mtpmark has 0 polygons
2026-09-08 12:57:04 +0800: Memory Usage (594800K) : fusetop has 0 polygons
2026-09-08 12:57:04 +0800: Memory Usage (593900K) : Offgrid enabled:  true
2026-09-08 12:57:04 +0800: Memory Usage (647420K) : metal2_label has 31 polygons
2026-09-08 12:57:04 +0800: Memory Usage (667892K) : Running all FEOL rules
2026-09-08 12:57:04 +0800: Memory Usage (608940K) : neo_ee_mk has 0 polygons
2026-09-08 12:57:04 +0800: Memory Usage (594800K) : fusewindow_d has 0 polygons
2026-09-08 12:57:04 +0800: Memory Usage (661320K) : metal1_res has 0 polygons
2026-09-08 12:57:04 +0800: Memory Usage (608928K) : hvpolyrs has 0 polygons
08-Sep-2026 12:57:04 | INFO    | Running Global Foundries 180nm MCU /workspace/iris_c3a247b9-0025-43e1-bae8-42a940fa0b63/Chip-Orchestra-review-latest/output/nanocgra_lite_3x3_opt/gds/nanocgra_lite_3x3_opt.gds checks on design otp_mk on cell NanoCGRA_Lite:
2026-09-08 12:57:04 +0800: Memory Usage (593900K) : Number of threads to use 2
2026-09-08 12:57:04 +0800: Memory Usage (667892K) : Running all BEOL rules
2026-09-08 12:57:04 +0800: Memory Usage (647420K) : metal2_slot has 0 polygons
2026-09-08 12:57:04 +0800: Memory Usage (608940K) : sramcore has 0 polygons
2026-09-08 12:57:04 +0800: Memory Usage (594800K) : polyfuse has 0 polygons
2026-09-08 12:57:04 +0800: Memory Usage (608928K) : lvs_io has 0 polygons
2026-09-08 12:57:04 +0800: Memory Usage (661320K) : metal2_res has 0 polygons
2026-09-08 12:56:58 +0800: Memory Usage (682768K) : Connectivity rules enabled, Netlist object will be generated.
2026-09-08 12:57:04 +0800: Memory Usage (594800K) : mvsd has 0 polygons
2026-09-08 12:57:04 +0800: Memory Usage (593900K) : Verbose mode: false
2026-09-08 12:57:04 +0800: Memory Usage (608940K) : lvs_rf has 0 polygons
2026-09-08 12:57:04 +0800: Memory Usage (608928K) : probe_mk has 0 polygons
2026-09-08 12:57:04 +0800: Memory Usage (745564K) : Total area of the design is 302500.0 um^2.
2026-09-08 12:57:02 +0800: Memory Usage (697560K) : Executing rule PL.12
2026-09-08 12:57:04 +0800: Memory Usage (661320K) : metal3_res has 0 polygons
2026-09-08 12:57:04 +0800: Memory Usage (594800K) : mvpsd has 0 polygons
2026-09-08 12:57:04 +0800: Memory Usage (608940K) : lvs_drain has 0 polygons
2026-09-08 12:57:04 +0800: Memory Usage (593900K) : flat  mode is enabled for metal1 table
2026-09-08 12:57:04 +0800: Memory Usage (608928K) : esd_mk has 0 polygons
2026-09-08 12:57:04 +0800: Memory Usage (608940K) : ind_mk has 0 polygons
2026-09-08 12:57:04 +0800: Memory Usage (745564K) : Starting GF180MCU DRC rules.
2026-09-08 12:57:04 +0800: Memory Usage (593900K) : METAL_TOP Selected is 9K
2026-09-08 12:57:04 +0800: Memory Usage (608928K) : lvs_source has 0 polygons
2026-09-08 12:57:04 +0800: Memory Usage (661320K) : metal4_res has 0 polygons
2026-09-08 12:57:04 +0800: Memory Usage (608940K) : hvpolyrs has 0 polygons
2026-09-08 12:57:04 +0800: Memory Usage (608928K) : well_diode_mk has 0 polygons
2026-09-08 12:57:04 +0800: Memory Usage (593900K) : METAL_STACK Selected is 5LM
2026-09-08 12:57:04 +0800: Memory Usage (594800K) : nat has 0 polygons
2026-09-08 12:57:04 +0800: Memory Usage (745564K) : Running all FEOL rules
2026-09-08 12:57:04 +0800: Memory Usage (608940K) : lvs_io has 0 polygons
2026-09-08 12:57:04 +0800: Memory Usage (661320K) : metal5_res has 0 polygons
2026-09-08 12:57:04 +0800: Memory Usage (608928K) : ldmos_xtor has 0 polygons
2026-09-08 12:57:04 +0800: Memory Usage (594800K) : comp_dummy has 0 polygons
2026-09-08 12:57:04 +0800: Memory Usage (647420K) : metal2_blk has 0 polygons
2026-09-08 12:57:04 +0800: Memory Usage (593900K) : FEOL enabled: true
2026-09-08 12:57:04 +0800: Memory Usage (745564K) : Running all BEOL rules
2026-09-08 12:57:04 +0800: Memory Usage (608940K) : probe_mk has 0 polygons
2026-09-08 12:57:04 +0800: Memory Usage (608928K) : plfuse has 0 polygons
2026-09-08 12:57:04 +0800: Memory Usage (594800K) : poly2_dummy has 0 polygons
2026-09-08 12:57:04 +0800: Memory Usage (593900K) : BEOL enabled: true
2026-09-08 12:57:04 +0800: Memory Usage (745564K) : Executing rule DN.1
2026-09-08 12:57:04 +0800: Memory Usage (608928K) : efuse_mk has 0 polygons
2026-09-08 12:57:04 +0800: Memory Usage (667892K) : Executing rule V1.1
2026-09-08 12:57:04 +0800: Memory Usage (594800K) : schottky_diode has 0 polygons
2026-09-08 12:57:04 +0800: Memory Usage (593900K) : SLOW_VIA enabled: false
2026-09-08 12:57:04 +0800: Memory Usage (608940K) : esd_mk has 0 polygons
2026-09-08 12:57:04 +0800: Memory Usage (608928K) : mcell_feol_mk has 0 polygons
2026-09-08 12:57:04 +0800: Memory Usage (647420K) : metal3_drawn has 9853 polygons
2026-09-08 12:57:04 +0800: Memory Usage (745564K) : CONNECTIVITY_RULES section
2026-09-08 12:57:04 +0800: Memory Usage (594800K) : zener has 0 polygons
2026-09-08 12:57:04 +0800: Memory Usage (608940K) : lvs_source has 0 polygons
2026-09-08 12:57:04 +0800: Memory Usage (608928K) : ymtp_mk has 0 polygons
2026-09-08 12:57:04 +0800: Memory Usage (661320K) : metal6_res has 0 polygons
2026-09-08 12:57:05 +0800: Memory Usage (594800K) : res_mk has 0 polygons
2026-09-08 12:57:05 +0800: Memory Usage (608940K) : well_diode_mk has 0 polygons
2026-09-08 12:57:05 +0800: Memory Usage (647420K) : metal3_dummy has 0 polygons
2026-09-08 12:57:05 +0800: Memory Usage (745564K) : Executing rule DN.2a
2026-09-08 12:57:05 +0800: Memory Usage (608940K) : ldmos_xtor has 0 polygons
2026-09-08 12:57:04 +0800: Memory Usage (667892K) : Executing rule V1.2a
2026-09-08 12:57:04 +0800: Memory Usage (690416K) : poly2 DRC Total Run time 36.881424334 seconds
2026-09-08 12:57:05 +0800: Memory Usage (647420K) : metal3_label has 0 polygons
2026-09-08 12:57:05 +0800: Memory Usage (608928K) : dev_wf_mk has 0 polygons
2026-09-08 12:57:05 +0800: Memory Usage (594800K) : opc_drc has 0 polygons
2026-09-08 12:57:05 +0800: Memory Usage (608940K) : plfuse has 0 polygons
2026-09-08 12:57:03 +0800: Memory Usage (608984K) : pmndmy has 0 polygons
2026-09-08 12:57:05 +0800: Memory Usage (608928K) : comp_label has 0 polygons
2026-09-08 12:57:05 +0800: Memory Usage (594800K) : v5_xtor has 15936 polygons
2026-09-08 12:57:05 +0800: Memory Usage (608940K) : efuse_mk has 0 polygons
2026-09-08 12:57:05 +0800: Memory Usage (647420K) : metal3_slot has 0 polygons
2026-09-08 12:57:05 +0800: Memory Usage (661320K) : pr_bndry has 1 polygons
2026-09-08 12:57:05 +0800: Memory Usage (745564K) : Executing rule DN.2b
2026-09-08 12:57:05 +0800: Memory Usage (608928K) : poly2_label has 0 polygons
2026-09-08 12:57:05 +0800: Memory Usage (608940K) : mcell_feol_mk has 0 polygons
2026-09-08 12:57:05 +0800: Memory Usage (594800K) : cap_mk has 0 polygons
2026-09-08 12:57:05 +0800: Memory Usage (610576K) : metal1_drawn has 27195 polygons
2026-09-08 12:57:05 +0800: Memory Usage (661320K) : border has 0 polygons
2026-09-08 12:57:05 +0800: Memory Usage (608928K) : mdiode has 0 polygons
2026-09-08 12:57:05 +0800: Memory Usage (608940K) : ymtp_mk has 0 polygons
2026-09-08 12:57:05 +0800: Memory Usage (647420K) : metal3_blk has 0 polygons
2026-09-08 12:57:05 +0800: Memory Usage (610576K) : metal1_dummy has 0 polygons
2026-09-08 12:57:05 +0800: Memory Usage (608928K) : ndmy has 0 polygons
2026-09-08 12:57:05 +0800: Memory Usage (608940K) : dev_wf_mk has 0 polygons
2026-09-08 12:57:05 +0800: Memory Usage (661320K) : Total no. of polygons in the design is 267335
2026-09-08 12:57:05 +0800: Memory Usage (610576K) : metal1_label has 0 polygons
2026-09-08 12:57:04 +0800: Memory Usage (593900K) : Read in polygons from layers.
2026-09-08 12:57:05 +0800: Memory Usage (608940K) : comp_label has 0 polygons
2026-09-08 12:57:05 +0800: Memory Usage (594800K) : mos_cap_mk has 0 polygons
2026-09-08 12:57:05 +0800: Memory Usage (745564K) : Executing rule DN.3
2026-09-08 12:57:05 +0800: Memory Usage (610576K) : metal1_slot has 0 polygons
2026-09-08 12:57:05 +0800: Memory Usage (608940K) : poly2_label has 0 polygons
2026-09-08 12:57:05 +0800: Memory Usage (594800K) : ind_mk has 0 polygons
2026-09-08 12:57:05 +0800: Memory Usage (596168K) : comp has 17798 polygons
2026-09-08 12:57:05 +0800: Memory Usage (608940K) : mdiode has 0 polygons
2026-09-08 12:57:05 +0800: Memory Usage (594800K) : diode_mk has 0 polygons
2026-09-08 12:57:05 +0800: Memory Usage (647420K) : via3 has 8264 polygons
2026-09-08 12:57:05 +0800: Memory Usage (594800K) : drc_bjt has 0 polygons
08-Sep-2026 12:57:05 | INFO    | Running Global Foundries 180nm MCU /workspace/iris_c3a247b9-0025-43e1-bae8-42a940fa0b63/Chip-Orchestra-review-latest/output/nanocgra_lite_3x3_opt/gds/nanocgra_lite_3x3_opt.gds checks on design metaltop on cell NanoCGRA_Lite:
2026-09-08 12:57:05 +0800: Memory Usage (608940K) : ndmy has 0 polygons
2026-09-08 12:57:05 +0800: Memory Usage (594800K) : lvs_bjt has 0 polygons
2026-09-08 12:57:05 +0800: Memory Usage (647420K) : metal4_drawn has 1492 polygons
2026-09-08 12:57:05 +0800: Memory Usage (596168K) : dnwell has 0 polygons
2026-09-08 12:57:05 +0800: Memory Usage (594800K) : mim_l_mk has 0 polygons
2026-09-08 12:57:05 +0800: Memory Usage (668636K) : Executing rule V1.2b
2026-09-08 12:57:05 +0800: Memory Usage (647420K) : metal4_dummy has 0 polygons
2026-09-08 12:57:05 +0800: Memory Usage (594800K) : latchup_mk has 0 polygons
2026-09-08 12:57:05 +0800: Memory Usage (594800K) : guard_ring_mk has 0 polygons
2026-09-08 12:57:05 +0800: Memory Usage (647420K) : metal4_label has 0 polygons
2026-09-08 12:57:05 +0800: Memory Usage (647420K) : metal4_slot has 0 polygons
2026-09-08 12:57:05 +0800: Memory Usage (594800K) : otp_mk has 0 polygons
2026-09-08 12:57:05 +0800: Memory Usage (594800K) : mtpmark has 0 polygons
2026-09-08 12:57:05 +0800: Memory Usage (647420K) : metal4_blk has 0 polygons
2026-09-08 12:57:05 +0800: Memory Usage (600972K) : nwell has 67 polygons
2026-09-08 12:57:06 +0800: Memory Usage (594800K) : neo_ee_mk has 0 polygons
2026-09-08 12:57:05 +0800: Memory Usage (745564K) : dnwell DRC Total Run time 27.894860719 seconds
2026-09-08 12:57:06 +0800: Memory Usage (647420K) : via4 has 4611 polygons
2026-09-08 12:57:06 +0800: Memory Usage (594800K) : sramcore has 0 polygons
2026-09-08 12:57:06 +0800: Memory Usage (647420K) : metal5_drawn has 269 polygons
2026-09-08 12:57:06 +0800: Memory Usage (594800K) : lvs_rf has 0 polygons
2026-09-08 12:57:06 +0800: Memory Usage (594800K) : lvs_drain has 0 polygons
2026-09-08 12:57:05 +0800: Memory Usage (608928K) : pmndmy has 0 polygons
2026-09-08 12:57:06 +0800: Memory Usage (647420K) : metal5_dummy has 0 polygons
2026-09-08 12:57:06 +0800: Memory Usage (594800K) : ind_mk has 0 polygons
2026-09-08 12:57:06 +0800: Memory Usage (601112K) : lvpwell has 68 polygons
2026-09-08 12:57:06 +0800: Memory Usage (647420K) : metal5_label has 0 polygons
2026-09-08 12:57:06 +0800: Memory Usage (594800K) : hvpolyrs has 0 polygons
2026-09-08 12:57:05 +0800: Memory Usage (610576K) : metal1_blk has 0 polygons
2026-09-08 12:57:06 +0800: Memory Usage (647420K) : metal5_slot has 0 polygons
2026-09-08 12:57:06 +0800: Memory Usage (647420K) : metal5_blk has 0 polygons
2026-09-08 12:57:06 +0800: Memory Usage (594800K) : lvs_io has 0 polygons
2026-09-08 12:57:06 +0800: Memory Usage (647420K) : pad has 0 polygons
2026-09-08 12:57:06 +0800: Memory Usage (647200K) : metal2_drawn has 17514 polygons
2026-09-08 12:57:06 +0800: Memory Usage (594800K) : probe_mk has 0 polygons
2026-09-08 12:57:06 +0800: Memory Usage (647420K) : ubmpperi has 0 polygons
2026-09-08 12:57:06 +0800: Memory Usage (647200K) : metal2_dummy has 0 polygons
2026-09-08 12:57:06 +0800: Memory Usage (594800K) : esd_mk has 0 polygons
2026-09-08 12:57:06 +0800: Memory Usage (647420K) : ubmparray has 0 polygons
08-Sep-2026 12:57:06 | INFO    | Running Global Foundries 180nm MCU /workspace/iris_c3a247b9-0025-43e1-bae8-42a940fa0b63/Chip-Orchestra-review-latest/output/nanocgra_lite_3x3_opt/gds/nanocgra_lite_3x3_opt.gds checks on design comp on cell NanoCGRA_Lite:
2026-09-08 12:57:06 +0800: Memory Usage (647200K) : metal2_label has 31 polygons
2026-09-08 12:57:06 +0800: Memory Usage (647420K) : ubmeplate has 0 polygons
2026-09-08 12:57:06 +0800: Memory Usage (594800K) : lvs_source has 0 polygons
2026-09-08 12:57:06 +0800: Memory Usage (647200K) : metal2_slot has 0 polygons
2026-09-08 12:57:05 +0800: Memory Usage (672124K) : Executing rule V1.3a
2026-09-08 12:57:06 +0800: Memory Usage (647420K) : metal1_res has 0 polygons
2026-09-08 12:57:06 +0800: Memory Usage (594800K) : well_diode_mk has 0 polygons
2026-09-08 12:57:06 +0800: Memory Usage (605096K) : dualgate has 1 polygons
2026-09-08 12:57:06 +0800: Memory Usage (594800K) : ldmos_xtor has 0 polygons
2026-09-08 12:57:06 +0800: Memory Usage (647420K) : metal2_res has 0 polygons
2026-09-08 12:57:06 +0800: Memory Usage (594800K) : plfuse has 0 polygons
2026-09-08 12:57:06 +0800: Memory Usage (647420K) : metal3_res has 0 polygons
2026-09-08 12:57:06 +0800: Memory Usage (594800K) : efuse_mk has 0 polygons
2026-09-08 12:57:07 +0800: Memory Usage (647420K) : metal4_res has 0 polygons
2026-09-08 12:57:06 +0800: Memory Usage (647200K) : metal2_blk has 0 polygons
2026-09-08 12:57:07 +0800: Memory Usage (647420K) : metal5_res has 0 polygons
2026-09-08 12:57:05 +0800: Memory Usage (608940K) : pmndmy has 0 polygons
2026-09-08 12:57:07 +0800: Memory Usage (647200K) : metal3_drawn has 9853 polygons
2026-09-08 12:57:06 +0800: Memory Usage (605300K) : poly2 has 24914 polygons
2026-09-08 12:57:07 +0800: Memory Usage (594800K) : mcell_feol_mk has 0 polygons
2026-09-08 12:57:07 +0800: Memory Usage (647200K) : metal3_dummy has 0 polygons
2026-09-08 12:57:07 +0800: Memory Usage (594800K) : ymtp_mk has 0 polygons
2026-09-08 12:57:07 +0800: Memory Usage (571348K) : Starting running GF180MCU Klayout DRC runset on /workspace/iris_c3a247b9-0025-43e1-bae8-42a940fa0b63/Chip-Orchestra-review-latest/output/nanocgra_lite_3x3_opt/gds/nanocgra_lite_3x3_opt.gds
2026-09-08 12:57:07 +0800: Memory Usage (610408K) : metal1_drawn has 27195 polygons
2026-09-08 12:57:07 +0800: Memory Usage (647200K) : metal3_label has 0 polygons
2026-09-08 12:57:07 +0800: Memory Usage (594800K) : dev_wf_mk has 0 polygons
2026-09-08 12:57:07 +0800: Memory Usage (647420K) : metal6_res has 0 polygons
2026-09-08 12:57:07 +0800: Memory Usage (610408K) : metal1_dummy has 0 polygons
2026-09-08 12:57:07 +0800: Memory Usage (647200K) : metal3_slot has 0 polygons
2026-09-08 12:57:07 +0800: Memory Usage (594800K) : comp_label has 0 polygons
2026-09-08 12:57:07 +0800: Memory Usage (647420K) : pr_bndry has 1 polygons
2026-09-08 12:57:07 +0800: Memory Usage (610408K) : metal1_label has 0 polygons
2026-09-08 12:57:07 +0800: Memory Usage (594800K) : poly2_label has 0 polygons
2026-09-08 12:57:07 +0800: Memory Usage (647420K) : border has 0 polygons
2026-09-08 12:57:07 +0800: Memory Usage (647200K) : metal3_blk has 0 polygons
2026-09-08 12:57:07 +0800: Memory Usage (610408K) : metal1_slot has 0 polygons
2026-09-08 12:57:07 +0800: Memory Usage (608884K) : nplus has 68 polygons
2026-09-08 12:57:07 +0800: Memory Usage (594800K) : mdiode has 0 polygons
2026-09-08 12:57:07 +0800: Memory Usage (647420K) : Total no. of polygons in the design is 114250
2026-09-08 12:57:07 +0800: Memory Usage (608884K) : pplus has 2103 polygons
2026-09-08 12:57:07 +0800: Memory Usage (608884K) : sab has 0 polygons
2026-09-08 12:57:07 +0800: Memory Usage (594800K) : ndmy has 0 polygons
2026-09-08 12:57:07 +0800: Memory Usage (647200K) : via3 has 8264 polygons
2026-09-08 12:57:07 +0800: Memory Usage (571348K) : Ruby Version for klayout: 3.1.2
2026-09-08 12:57:07 +0800: Memory Usage (608884K) : esd has 0 polygons
2026-09-08 12:57:07 +0800: Memory Usage (610408K) : metal1_blk has 0 polygons
2026-09-08 12:57:07 +0800: Memory Usage (594800K) : pmndmy has 0 polygons
2026-09-08 12:57:07 +0800: Memory Usage (593960K) : Loading database to memory is complete.
2026-09-08 12:57:07 +0800: Memory Usage (608884K) : resistor has 0 polygons
2026-09-08 12:57:07 +0800: Memory Usage (593960K) : GF180MCU Klayout DRC runset output at: /workspace/iris_c3a247b9-0025-43e1-bae8-42a940fa0b63/Chip-Orchestra-review-latest/output/nanocgra_lite_3x3_opt/reports/signoff/foundry_drc_full/nanocgra_lite_3x3_opt_otp_mk.lyrdb
2026-09-08 12:57:07 +0800: Memory Usage (647200K) : metal4_drawn has 1492 polygons
2026-09-08 12:57:07 +0800: Memory Usage (595320K) : metal1_drawn has 104857 polygons
2026-09-08 12:57:07 +0800: Memory Usage (593960K) : Evaluate switches.
2026-09-08 12:57:07 +0800: Memory Usage (647200K) : metal4_dummy has 0 polygons
2026-09-08 12:57:07 +0800: Memory Usage (608884K) : fhres has 0 polygons
2026-09-08 12:57:07 +0800: Memory Usage (595320K) : metal1_dummy has 0 polygons
2026-09-08 12:57:07 +0800: Memory Usage (593960K) : table_name selected  otp_mk
2026-09-08 12:57:07 +0800: Memory Usage (608884K) : fusetop has 0 polygons
2026-09-08 12:57:07 +0800: Memory Usage (647200K) : metal4_label has 0 polygons
2026-09-08 12:57:07 +0800: Memory Usage (595980K) : metal1_label has 0 polygons
2026-09-08 12:57:06 +0800: Memory Usage (615532K) : contact has 106822 polygons
2026-09-08 12:57:07 +0800: Memory Usage (608884K) : fusewindow_d has 0 polygons
2026-09-08 12:57:07 +0800: Memory Usage (593960K) : CONNECTIVITY_RULES enabled: false
2026-09-08 12:57:07 +0800: Memory Usage (647200K) : metal4_slot has 0 polygons
2026-09-08 12:57:07 +0800: Memory Usage (595980K) : metal1_slot has 0 polygons
2026-09-08 12:57:07 +0800: Memory Usage (608884K) : polyfuse has 0 polygons
2026-09-08 12:57:07 +0800: Memory Usage (593960K) : Wedge enabled: false
2026-09-08 12:57:07 +0800: Memory Usage (647200K) : metal4_blk has 0 polygons
2026-09-08 12:57:08 +0800: Memory Usage (608884K) : mvsd has 0 polygons
2026-09-08 12:57:08 +0800: Memory Usage (593960K) : Ball enabled: false
2026-09-08 12:57:07 +0800: Memory Usage (626396K) : metal1_drawn has 27195 polygons
2026-09-08 12:57:08 +0800: Memory Usage (593960K) : Gold enabled: false
2026-09-08 12:57:08 +0800: Memory Usage (608884K) : mvpsd has 0 polygons
2026-09-08 12:57:08 +0800: Memory Usage (647200K) : via4 has 4611 polygons
2026-09-08 12:57:08 +0800: Memory Usage (593960K) : MIM Option selected: B
2026-09-08 12:57:08 +0800: Memory Usage (595980K) : metal1_blk has 0 polygons
2026-09-08 12:57:08 +0800: Memory Usage (608884K) : nat has 0 polygons
2026-09-08 12:57:08 +0800: Memory Usage (647200K) : metal5_drawn has 269 polygons
2026-09-08 12:57:08 +0800: Memory Usage (626396K) : metal1_dummy has 0 polygons
2026-09-08 12:57:08 +0800: Memory Usage (593960K) : Offgrid enabled:  true
2026-09-08 12:57:08 +0800: Memory Usage (598544K) : metal2_drawn has 68314 polygons
2026-09-08 12:57:08 +0800: Memory Usage (647200K) : metal5_dummy has 0 polygons
2026-09-08 12:57:08 +0800: Memory Usage (608884K) : comp_dummy has 0 polygons
2026-09-08 12:57:08 +0800: Memory Usage (593960K) : Number of threads to use 2
2026-09-08 12:57:08 +0800: Memory Usage (626396K) : metal1_label has 0 polygons
2026-09-08 12:57:08 +0800: Memory Usage (593960K) : Verbose mode: false
2026-09-08 12:57:08 +0800: Memory Usage (608884K) : poly2_dummy has 0 polygons
2026-09-08 12:57:08 +0800: Memory Usage (626396K) : metal1_slot has 0 polygons
2026-09-08 12:57:08 +0800: Memory Usage (571036K) : Starting running GF180MCU Klayout DRC runset on /workspace/iris_c3a247b9-0025-43e1-bae8-42a940fa0b63/Chip-Orchestra-review-latest/output/nanocgra_lite_3x3_opt/gds/nanocgra_lite_3x3_opt.gds
2026-09-08 12:57:08 +0800: Memory Usage (647200K) : metal5_label has 0 polygons
2026-09-08 12:57:08 +0800: Memory Usage (593976K) : flat  mode is enabled for otp_mk table
2026-09-08 12:57:08 +0800: Memory Usage (598544K) : metal2_dummy has 0 polygons
2026-09-08 12:57:08 +0800: Memory Usage (593976K) : METAL_TOP Selected is 9K
2026-09-08 12:57:08 +0800: Memory Usage (599612K) : metal2_label has 31 polygons
2026-09-08 12:57:08 +0800: Memory Usage (647200K) : metal5_slot has 0 polygons
2026-09-08 12:57:08 +0800: Memory Usage (593976K) : METAL_STACK Selected is 5LM
2026-09-08 12:57:08 +0800: Memory Usage (647200K) : metal5_blk has 0 polygons
2026-09-08 12:57:08 +0800: Memory Usage (599612K) : metal2_slot has 0 polygons
2026-09-08 12:57:08 +0800: Memory Usage (608884K) : schottky_diode has 0 polygons
2026-09-08 12:57:08 +0800: Memory Usage (593976K) : FEOL enabled: true
2026-09-08 12:57:08 +0800: Memory Usage (647200K) : pad has 0 polygons
2026-09-08 12:57:08 +0800: Memory Usage (608884K) : zener has 0 polygons
2026-09-08 12:57:08 +0800: Memory Usage (593976K) : BEOL enabled: true
2026-09-08 12:57:08 +0800: Memory Usage (647200K) : ubmpperi has 0 polygons
2026-09-08 12:57:08 +0800: Memory Usage (599612K) : metal2_blk has 0 polygons
2026-09-08 12:57:08 +0800: Memory Usage (608884K) : res_mk has 0 polygons
2026-09-08 12:57:08 +0800: Memory Usage (647200K) : ubmparray has 0 polygons
2026-09-08 12:57:08 +0800: Memory Usage (593976K) : SLOW_VIA enabled: false
2026-09-08 12:57:08 +0800: Memory Usage (600636K) : metal3_drawn has 35548 polygons
2026-09-08 12:57:07 +0800: Memory Usage (613200K) : via1 has 24400 polygons
2026-09-08 12:57:08 +0800: Memory Usage (647200K) : ubmeplate has 0 polygons
2026-09-08 12:57:08 +0800: Memory Usage (571036K) : Ruby Version for klayout: 3.1.2
2026-09-08 12:57:08 +0800: Memory Usage (600636K) : metal3_dummy has 0 polygons
2026-09-08 12:57:08 +0800: Memory Usage (647200K) : metal1_res has 0 polygons
2026-09-08 12:57:08 +0800: Memory Usage (593920K) : Loading database to memory is complete.
2026-09-08 12:57:08 +0800: Memory Usage (601748K) : metal3_label has 0 polygons
2026-09-08 12:57:08 +0800: Memory Usage (593920K) : GF180MCU Klayout DRC runset output at: /workspace/iris_c3a247b9-0025-43e1-bae8-42a940fa0b63/Chip-Orchestra-review-latest/output/nanocgra_lite_3x3_opt/reports/signoff/foundry_drc_full/nanocgra_lite_3x3_opt_metaltop.lyrdb
2026-09-08 12:57:08 +0800: Memory Usage (649572K) : metal2_drawn has 17514 polygons
2026-09-08 12:57:08 +0800: Memory Usage (647200K) : metal2_res has 0 polygons
2026-09-08 12:57:08 +0800: Memory Usage (608884K) : opc_drc has 0 polygons
2026-09-08 12:57:08 +0800: Memory Usage (593920K) : Evaluate switches.
2026-09-08 12:57:08 +0800: Memory Usage (649572K) : metal2_dummy has 0 polygons
2026-09-08 12:57:08 +0800: Memory Usage (608884K) : v5_xtor has 1 polygons
2026-09-08 12:57:08 +0800: Memory Usage (593920K) : table_name selected  metaltop
2026-09-08 12:57:08 +0800: Memory Usage (649572K) : metal2_label has 31 polygons
2026-09-08 12:57:08 +0800: Memory Usage (601748K) : metal3_slot has 0 polygons
2026-09-08 12:57:08 +0800: Memory Usage (647200K) : metal3_res has 0 polygons
2026-09-08 12:57:08 +0800: Memory Usage (593936K) : CONNECTIVITY_RULES enabled: false
2026-09-08 12:57:08 +0800: Memory Usage (608884K) : cap_mk has 0 polygons
2026-09-08 12:57:09 +0800: Memory Usage (649572K) : metal2_slot has 0 polygons
2026-09-08 12:57:08 +0800: Memory Usage (593976K) : Read in polygons from layers.
2026-09-08 12:57:09 +0800: Memory Usage (601748K) : metal3_blk has 0 polygons
2026-09-08 12:57:09 +0800: Memory Usage (647200K) : metal4_res has 0 polygons
2026-09-08 12:57:09 +0800: Memory Usage (593936K) : Wedge enabled: false
2026-09-08 12:57:09 +0800: Memory Usage (596228K) : comp has 17798 polygons
2026-09-08 12:57:09 +0800: Memory Usage (647200K) : metal5_res has 0 polygons
2026-09-08 12:57:09 +0800: Memory Usage (593936K) : Ball enabled: false
2026-09-08 12:57:09 +0800: Memory Usage (601748K) : via3 has 8273 polygons
2026-09-08 12:57:09 +0800: Memory Usage (608884K) : mos_cap_mk has 0 polygons
2026-09-08 12:57:09 +0800: Memory Usage (593936K) : Gold enabled: false
2026-09-08 12:57:09 +0800: Memory Usage (608884K) : ind_mk has 0 polygons
2026-09-08 12:57:09 +0800: Memory Usage (601748K) : metal4_drawn has 8015 polygons
2026-09-08 12:57:09 +0800: Memory Usage (649572K) : metal2_blk has 0 polygons
2026-09-08 12:57:09 +0800: Memory Usage (593936K) : MIM Option selected: B
2026-09-08 12:57:09 +0800: Memory Usage (608884K) : diode_mk has 0 polygons
2026-09-08 12:57:09 +0800: Memory Usage (601748K) : metal4_dummy has 0 polygons
2026-09-08 12:57:09 +0800: Memory Usage (593936K) : Offgrid enabled:  true
2026-09-08 12:57:09 +0800: Memory Usage (647200K) : metal6_res has 0 polygons
2026-09-08 12:57:09 +0800: Memory Usage (608884K) : drc_bjt has 0 polygons
2026-09-08 12:57:09 +0800: Memory Usage (601748K) : metal4_label has 0 polygons
2026-09-08 12:57:09 +0800: Memory Usage (647200K) : pr_bndry has 1 polygons
2026-09-08 12:57:09 +0800: Memory Usage (596228K) : dnwell has 0 polygons
2026-09-08 12:57:09 +0800: Memory Usage (593936K) : Number of threads to use 2
2026-09-08 12:57:09 +0800: Memory Usage (608884K) : lvs_bjt has 0 polygons
2026-09-08 12:57:08 +0800: Memory Usage (626396K) : metal1_blk has 0 polygons
2026-09-08 12:57:09 +0800: Memory Usage (647200K) : border has 0 polygons
2026-09-08 12:57:09 +0800: Memory Usage (601748K) : metal4_slot has 0 polygons
2026-09-08 12:57:09 +0800: Memory Usage (608884K) : mim_l_mk has 0 polygons
2026-09-08 12:57:09 +0800: Memory Usage (593936K) : Verbose mode: false
2026-09-08 12:57:09 +0800: Memory Usage (572720K) : Starting running GF180MCU Klayout DRC runset on /workspace/iris_c3a247b9-0025-43e1-bae8-42a940fa0b63/Chip-Orchestra-review-latest/output/nanocgra_lite_3x3_opt/gds/nanocgra_lite_3x3_opt.gds
2026-09-08 12:57:09 +0800: Memory Usage (647200K) : Total no. of polygons in the design is 114250
2026-09-08 12:57:09 +0800: Memory Usage (608884K) : latchup_mk has 0 polygons
2026-09-08 12:57:09 +0800: Memory Usage (649572K) : via2 has 21863 polygons
2026-09-08 12:57:09 +0800: Memory Usage (593936K) : flat  mode is enabled for metaltop table
2026-09-08 12:57:09 +0800: Memory Usage (608884K) : guard_ring_mk has 0 polygons
2026-09-08 12:57:09 +0800: Memory Usage (593936K) : METAL_TOP Selected is 9K
2026-09-08 12:57:09 +0800: Memory Usage (659676K) : metal2_drawn has 17514 polygons
2026-09-08 12:57:09 +0800: Memory Usage (649572K) : metal3_drawn has 9853 polygons
2026-09-08 12:57:09 +0800: Memory Usage (601748K) : metal4_blk has 0 polygons
2026-09-08 12:57:09 +0800: Memory Usage (593936K) : METAL_STACK Selected is 5LM
2026-09-08 12:57:09 +0800: Memory Usage (659676K) : metal2_dummy has 0 polygons
2026-09-08 12:57:09 +0800: Memory Usage (649572K) : metal3_dummy has 0 polygons
2026-09-08 12:57:09 +0800: Memory Usage (601748K) : via4 has 4611 polygons
2026-09-08 12:57:09 +0800: Memory Usage (593936K) : FEOL enabled: true
2026-09-08 12:57:09 +0800: Memory Usage (608884K) : otp_mk has 0 polygons
2026-09-08 12:57:09 +0800: Memory Usage (601024K) : nwell has 67 polygons
2026-09-08 12:57:09 +0800: Memory Usage (649572K) : metal3_label has 0 polygons
2026-09-08 12:57:09 +0800: Memory Usage (659676K) : metal2_label has 31 polygons
2026-09-08 12:57:09 +0800: Memory Usage (593936K) : BEOL enabled: true
2026-09-08 12:57:09 +0800: Memory Usage (601748K) : metal5_drawn has 1382 polygons
2026-09-08 12:57:09 +0800: Memory Usage (608884K) : mtpmark has 0 polygons
2026-09-08 12:57:09 +0800: Memory Usage (649572K) : metal3_slot has 0 polygons
2026-09-08 12:57:09 +0800: Memory Usage (659676K) : metal2_slot has 0 polygons
2026-09-08 12:57:09 +0800: Memory Usage (593952K) : SLOW_VIA enabled: false
2026-09-08 12:57:09 +0800: Memory Usage (572720K) : Ruby Version for klayout: 3.1.2
2026-09-08 12:57:09 +0800: Memory Usage (608884K) : neo_ee_mk has 0 polygons
2026-09-08 12:57:09 +0800: Memory Usage (601748K) : metal5_dummy has 0 polygons
2026-09-08 12:57:09 +0800: Memory Usage (595244K) : Loading database to memory is complete.
2026-09-08 12:57:09 +0800: Memory Usage (649572K) : metal3_blk has 0 polygons
2026-09-08 12:57:09 +0800: Memory Usage (608884K) : sramcore has 0 polygons
2026-09-08 12:57:09 +0800: Memory Usage (601748K) : metal5_label has 0 polygons
2026-09-08 12:57:09 +0800: Memory Usage (595244K) : GF180MCU Klayout DRC runset output at: /workspace/iris_c3a247b9-0025-43e1-bae8-42a940fa0b63/Chip-Orchestra-review-latest/output/nanocgra_lite_3x3_opt/reports/signoff/foundry_drc_full/nanocgra_lite_3x3_opt_comp.lyrdb
2026-09-08 12:57:05 +0800: Memory Usage (661320K) : Starting deriving base layers.
2026-09-08 12:57:09 +0800: Memory Usage (608884K) : lvs_rf has 0 polygons
2026-09-08 12:57:09 +0800: Memory Usage (601748K) : metal5_slot has 0 polygons
2026-09-08 12:57:10 +0800: Memory Usage (595244K) : Evaluate switches.
2026-09-08 12:57:09 +0800: Memory Usage (601164K) : lvpwell has 68 polygons
2026-09-08 12:57:10 +0800: Memory Usage (608884K) : lvs_drain has 0 polygons
2026-09-08 12:57:10 +0800: Memory Usage (601748K) : metal5_blk has 0 polygons
2026-09-08 12:57:10 +0800: Memory Usage (595244K) : table_name selected  comp
2026-09-08 12:57:09 +0800: Memory Usage (649572K) : via3 has 8264 polygons
2026-09-08 12:57:10 +0800: Memory Usage (608884K) : ind_mk has 0 polygons
2026-09-08 12:57:10 +0800: Memory Usage (595244K) : CONNECTIVITY_RULES enabled: false
2026-09-08 12:57:09 +0800: Memory Usage (659676K) : metal2_blk has 0 polygons
2026-09-08 12:57:10 +0800: Memory Usage (608884K) : hvpolyrs has 0 polygons
2026-09-08 12:57:10 +0800: Memory Usage (595244K) : Wedge enabled: false
2026-09-08 12:57:10 +0800: Memory Usage (649572K) : metal4_drawn has 1492 polygons
2026-09-08 12:57:10 +0800: Memory Usage (608884K) : lvs_io has 0 polygons
2026-09-08 12:57:10 +0800: Memory Usage (601748K) : pad has 0 polygons
2026-09-08 12:57:09 +0800: Memory Usage (593952K) : Read in polygons from layers.
2026-09-08 12:57:10 +0800: Memory Usage (595260K) : Ball enabled: false
2026-09-08 12:57:10 +0800: Memory Usage (649572K) : metal4_dummy has 0 polygons
2026-09-08 12:57:10 +0800: Memory Usage (649572K) : metal4_label has 0 polygons
2026-09-08 12:57:10 +0800: Memory Usage (595260K) : Gold enabled: false
2026-09-08 12:57:10 +0800: Memory Usage (659676K) : metal3_drawn has 9853 polygons
2026-09-08 12:57:10 +0800: Memory Usage (601748K) : ubmpperi has 0 polygons
2026-09-08 12:57:10 +0800: Memory Usage (596200K) : comp has 17798 polygons
2026-09-08 12:57:10 +0800: Memory Usage (649572K) : metal4_slot has 0 polygons
2026-09-08 12:57:10 +0800: Memory Usage (595260K) : MIM Option selected: B
2026-09-08 12:57:10 +0800: Memory Usage (601748K) : ubmparray has 0 polygons
2026-09-08 12:57:10 +0800: Memory Usage (659676K) : metal3_dummy has 0 polygons
2026-09-08 12:57:10 +0800: Memory Usage (608884K) : probe_mk has 0 polygons
2026-09-08 12:57:10 +0800: Memory Usage (595260K) : Offgrid enabled:  true
2026-09-08 12:57:10 +0800: Memory Usage (649572K) : metal4_blk has 0 polygons
2026-09-08 12:57:10 +0800: Memory Usage (659676K) : metal3_label has 0 polygons
2026-09-08 12:57:10 +0800: Memory Usage (608884K) : esd_mk has 0 polygons
2026-09-08 12:57:10 +0800: Memory Usage (601748K) : ubmeplate has 0 polygons
2026-09-08 12:57:10 +0800: Memory Usage (595260K) : Number of threads to use 2
2026-09-08 12:57:10 +0800: Memory Usage (608884K) : lvs_source has 0 polygons
2026-09-08 12:57:10 +0800: Memory Usage (659676K) : metal3_slot has 0 polygons
2026-09-08 12:57:10 +0800: Memory Usage (595260K) : Verbose mode: false
2026-09-08 12:57:10 +0800: Memory Usage (601748K) : metal1_res has 0 polygons
2026-09-08 12:57:10 +0800: Memory Usage (649572K) : via4 has 4611 polygons
2026-09-08 12:57:10 +0800: Memory Usage (608884K) : well_diode_mk has 0 polygons
2026-09-08 12:57:10 +0800: Memory Usage (595260K) : flat  mode is enabled for comp table
2026-09-08 12:57:10 +0800: Memory Usage (649572K) : metal5_drawn has 269 polygons
2026-09-08 12:57:10 +0800: Memory Usage (601748K) : metal2_res has 0 polygons
2026-09-08 12:57:10 +0800: Memory Usage (596200K) : dnwell has 0 polygons
2026-09-08 12:57:10 +0800: Memory Usage (608884K) : ldmos_xtor has 0 polygons
2026-09-08 12:57:10 +0800: Memory Usage (605148K) : dualgate has 1 polygons
2026-09-08 12:57:10 +0800: Memory Usage (595260K) : METAL_TOP Selected is 9K
2026-09-08 12:57:10 +0800: Memory Usage (659676K) : metal3_blk has 0 polygons
2026-09-08 12:57:10 +0800: Memory Usage (649572K) : metal5_dummy has 0 polygons
2026-09-08 12:57:10 +0800: Memory Usage (601748K) : metal3_res has 0 polygons
2026-09-08 12:57:10 +0800: Memory Usage (595260K) : METAL_STACK Selected is 5LM
2026-09-08 12:57:10 +0800: Memory Usage (608884K) : plfuse has 0 polygons
2026-09-08 12:57:10 +0800: Memory Usage (601748K) : metal4_res has 0 polygons
2026-09-08 12:57:10 +0800: Memory Usage (595260K) : FEOL enabled: true
2026-09-08 12:57:10 +0800: Memory Usage (608884K) : efuse_mk has 0 polygons
2026-09-08 12:57:10 +0800: Memory Usage (649572K) : metal5_label has 0 polygons
2026-09-08 12:57:10 +0800: Memory Usage (595260K) : BEOL enabled: true
2026-09-08 12:57:10 +0800: Memory Usage (608884K) : mcell_feol_mk has 0 polygons
2026-09-08 12:57:10 +0800: Memory Usage (649572K) : metal5_slot has 0 polygons
2026-09-08 12:57:10 +0800: Memory Usage (659676K) : via3 has 8264 polygons
2026-09-08 12:57:10 +0800: Memory Usage (595260K) : SLOW_VIA enabled: false
2026-09-08 12:57:10 +0800: Memory Usage (601748K) : metal5_res has 0 polygons
2026-09-08 12:57:10 +0800: Memory Usage (649572K) : metal5_blk has 0 polygons
2026-09-08 12:57:10 +0800: Memory Usage (649572K) : pad has 0 polygons
2026-09-08 12:57:10 +0800: Memory Usage (601004K) : nwell has 67 polygons
2026-09-08 12:57:10 +0800: Memory Usage (601748K) : metal6_res has 0 polygons
2026-09-08 12:57:10 +0800: Memory Usage (659676K) : metal4_drawn has 1492 polygons
2026-09-08 12:57:10 +0800: Memory Usage (608884K) : ymtp_mk has 0 polygons
2026-09-08 12:57:10 +0800: Memory Usage (649572K) : ubmpperi has 0 polygons
2026-09-08 12:57:10 +0800: Memory Usage (605352K) : poly2 has 24914 polygons
2026-09-08 12:57:10 +0800: Memory Usage (601748K) : pr_bndry has 15937 polygons
2026-09-08 12:57:11 +0800: Memory Usage (659676K) : metal4_dummy has 0 polygons
2026-09-08 12:57:11 +0800: Memory Usage (608884K) : dev_wf_mk has 0 polygons
2026-09-08 12:57:11 +0800: Memory Usage (649572K) : ubmparray has 0 polygons
2026-09-08 12:57:11 +0800: Memory Usage (659676K) : metal4_label has 0 polygons
2026-09-08 12:57:11 +0800: Memory Usage (601748K) : border has 0 polygons
2026-09-08 12:57:11 +0800: Memory Usage (649572K) : ubmeplate has 0 polygons
2026-09-08 12:57:11 +0800: Memory Usage (608884K) : comp_label has 0 polygons
2026-09-08 12:57:11 +0800: Memory Usage (659676K) : metal4_slot has 0 polygons
2026-09-08 12:57:11 +0800: Memory Usage (649572K) : metal1_res has 0 polygons
2026-09-08 12:57:11 +0800: Memory Usage (601748K) : Total no. of polygons in the design is 390889
2026-09-08 12:57:11 +0800: Memory Usage (608884K) : poly2_label has 0 polygons
2026-09-08 12:57:10 +0800: Memory Usage (601148K) : lvpwell has 68 polygons
2026-09-08 12:57:11 +0800: Memory Usage (649572K) : metal2_res has 0 polygons
2026-09-08 12:57:10 +0800: Memory Usage (682356K) : Construct connectivity for the design.
2026-09-08 12:57:11 +0800: Memory Usage (608884K) : mdiode has 0 polygons
2026-09-08 12:57:11 +0800: Memory Usage (659676K) : metal4_blk has 0 polygons
2026-09-08 12:57:10 +0800: Memory Usage (595260K) : Read in polygons from layers.
2026-09-08 12:57:11 +0800: Memory Usage (608936K) : nplus has 68 polygons
2026-09-08 12:57:11 +0800: Memory Usage (608884K) : ndmy has 0 polygons
2026-09-08 12:57:11 +0800: Memory Usage (649572K) : metal3_res has 0 polygons
2026-09-08 12:57:11 +0800: Memory Usage (659676K) : via4 has 4611 polygons
2026-09-08 12:57:11 +0800: Memory Usage (597524K) : comp has 17798 polygons
2026-09-08 12:57:11 +0800: Memory Usage (659676K) : metal5_drawn has 269 polygons
2026-09-08 12:57:11 +0800: Memory Usage (649572K) : metal4_res has 0 polygons
2026-09-08 12:57:11 +0800: Memory Usage (608936K) : pplus has 2103 polygons
2026-09-08 12:57:11 +0800: Memory Usage (649572K) : metal5_res has 0 polygons
2026-09-08 12:57:11 +0800: Memory Usage (659676K) : metal5_dummy has 0 polygons
2026-09-08 12:57:11 +0800: Memory Usage (608936K) : sab has 0 polygons
2026-09-08 12:57:11 +0800: Memory Usage (608936K) : esd has 0 polygons
2026-09-08 12:57:11 +0800: Memory Usage (659676K) : metal5_label has 0 polygons
2026-09-08 12:57:11 +0800: Memory Usage (597524K) : dnwell has 0 polygons
2026-09-08 12:57:11 +0800: Memory Usage (608936K) : resistor has 0 polygons
2026-09-08 12:57:11 +0800: Memory Usage (659676K) : metal5_slot has 0 polygons
2026-09-08 12:57:11 +0800: Memory Usage (608936K) : fhres has 0 polygons
2026-09-08 12:57:11 +0800: Memory Usage (649572K) : metal6_res has 0 polygons
2026-09-08 12:57:06 +0800: Memory Usage (685220K) : Executing rule V1.3c
2026-09-08 12:57:11 +0800: Memory Usage (659676K) : metal5_blk has 0 polygons
2026-09-08 12:57:11 +0800: Memory Usage (649572K) : pr_bndry has 1 polygons
2026-09-08 12:57:11 +0800: Memory Usage (605132K) : dualgate has 1 polygons
2026-09-08 12:57:11 +0800: Memory Usage (608936K) : fusetop has 0 polygons
2026-09-08 12:57:11 +0800: Memory Usage (659676K) : pad has 0 polygons
2026-09-08 12:57:11 +0800: Memory Usage (608936K) : fusewindow_d has 0 polygons
2026-09-08 12:57:11 +0800: Memory Usage (649572K) : border has 0 polygons
2026-09-08 12:57:11 +0800: Memory Usage (608936K) : polyfuse has 0 polygons
2026-09-08 12:57:11 +0800: Memory Usage (659676K) : ubmpperi has 0 polygons
2026-09-08 12:57:11 +0800: Memory Usage (649572K) : Total no. of polygons in the design is 160513
2026-09-08 12:57:11 +0800: Memory Usage (602308K) : nwell has 67 polygons
2026-09-08 12:57:11 +0800: Memory Usage (659676K) : ubmparray has 0 polygons
2026-09-08 12:57:11 +0800: Memory Usage (608936K) : mvsd has 0 polygons
2026-09-08 12:57:12 +0800: Memory Usage (608936K) : mvpsd has 0 polygons
2026-09-08 12:57:12 +0800: Memory Usage (659676K) : ubmeplate has 0 polygons
2026-09-08 12:57:07 +0800: Memory Usage (647420K) : Starting deriving base layers.
2026-09-08 12:57:12 +0800: Memory Usage (608936K) : nat has 0 polygons
2026-09-08 12:57:12 +0800: Memory Usage (665088K) : Total area of the design is 302500.0 um^2.
2026-09-08 12:57:12 +0800: Memory Usage (659676K) : metal1_res has 0 polygons
2026-09-08 12:57:11 +0800: Memory Usage (605332K) : poly2 has 24914 polygons
2026-09-08 12:57:12 +0800: Memory Usage (608936K) : comp_dummy has 0 polygons
2026-09-08 12:57:11 +0800: Memory Usage (602448K) : lvpwell has 68 polygons
2026-09-08 12:57:12 +0800: Memory Usage (665088K) : Starting GF180MCU DRC rules.
2026-09-08 12:57:12 +0800: Memory Usage (659676K) : metal2_res has 0 polygons
2026-09-08 12:57:12 +0800: Memory Usage (608936K) : poly2_dummy has 0 polygons
2026-09-08 12:57:12 +0800: Memory Usage (665088K) : Running all FEOL rules
2026-09-08 12:57:12 +0800: Memory Usage (659676K) : metal3_res has 0 polygons
2026-09-08 12:57:12 +0800: Memory Usage (608936K) : schottky_diode has 0 polygons
2026-09-08 12:57:12 +0800: Memory Usage (665088K) : Running all BEOL rules
2026-09-08 12:57:12 +0800: Memory Usage (608936K) : zener has 0 polygons
2026-09-08 12:57:12 +0800: Memory Usage (659676K) : metal4_res has 0 polygons
2026-09-08 12:57:12 +0800: Memory Usage (608936K) : res_mk has 0 polygons
2026-09-08 12:57:12 +0800: Memory Usage (608916K) : nplus has 68 polygons
2026-09-08 12:57:12 +0800: Memory Usage (659676K) : metal5_res has 0 polygons
2026-09-08 12:57:12 +0800: Memory Usage (665088K) : Executing rule V3.1
2026-09-08 12:57:12 +0800: Memory Usage (608916K) : pplus has 2103 polygons
2026-09-08 12:57:12 +0800: Memory Usage (665088K) : Executing rule V3.2a
2026-09-08 12:57:12 +0800: Memory Usage (659676K) : metal6_res has 0 polygons
2026-09-08 12:57:12 +0800: Memory Usage (608916K) : sab has 0 polygons
2026-09-08 12:57:12 +0800: Memory Usage (608936K) : opc_drc has 0 polygons
2026-09-08 12:57:12 +0800: Memory Usage (608916K) : esd has 0 polygons
2026-09-08 12:57:12 +0800: Memory Usage (606432K) : dualgate has 1 polygons
2026-09-08 12:57:11 +0800: Memory Usage (608884K) : pmndmy has 0 polygons
2026-09-08 12:57:12 +0800: Memory Usage (608936K) : v5_xtor has 1 polygons
2026-09-08 12:57:12 +0800: Memory Usage (608916K) : resistor has 0 polygons
2026-09-08 12:57:12 +0800: Memory Usage (665088K) : Executing rule V3.2b
2026-09-08 12:57:12 +0800: Memory Usage (659676K) : pr_bndry has 1 polygons
2026-09-08 12:57:12 +0800: Memory Usage (608936K) : cap_mk has 0 polygons
2026-09-08 12:57:12 +0800: Memory Usage (608916K) : fhres has 0 polygons
2026-09-08 12:57:12 +0800: Memory Usage (610672K) : metal1_drawn has 27195 polygons
2026-09-08 12:57:12 +0800: Memory Usage (659676K) : border has 0 polygons
2026-09-08 12:57:12 +0800: Memory Usage (608936K) : mos_cap_mk has 0 polygons
2026-09-08 12:57:12 +0800: Memory Usage (608916K) : fusetop has 0 polygons
2026-09-08 12:57:12 +0800: Memory Usage (659676K) : Total no. of polygons in the design is 221072
2026-09-08 12:57:12 +0800: Memory Usage (610672K) : metal1_dummy has 0 polygons
2026-09-08 12:57:12 +0800: Memory Usage (608936K) : ind_mk has 0 polygons
2026-09-08 12:57:13 +0800: Memory Usage (610672K) : metal1_label has 0 polygons
2026-09-08 12:57:13 +0800: Memory Usage (608916K) : fusewindow_d has 0 polygons
2026-09-08 12:57:13 +0800: Memory Usage (608936K) : diode_mk has 0 polygons
2026-09-08 12:57:13 +0800: Memory Usage (610672K) : metal1_slot has 0 polygons
2026-09-08 12:57:12 +0800: Memory Usage (665088K) : Executing rule V3.3b
2026-09-08 12:57:12 +0800: Memory Usage (606636K) : poly2 has 24914 polygons
2026-09-08 12:57:13 +0800: Memory Usage (608936K) : drc_bjt has 0 polygons
2026-09-08 12:57:13 +0800: Memory Usage (608916K) : polyfuse has 0 polygons
2026-09-08 12:57:13 +0800: Memory Usage (608936K) : lvs_bjt has 0 polygons
2026-09-08 12:57:13 +0800: Memory Usage (608916K) : mvsd has 0 polygons
2026-09-08 12:57:13 +0800: Memory Usage (608936K) : mim_l_mk has 0 polygons
2026-09-08 12:57:13 +0800: Memory Usage (608936K) : latchup_mk has 0 polygons
2026-09-08 12:57:13 +0800: Memory Usage (608916K) : mvpsd has 0 polygons
2026-09-08 12:57:13 +0800: Memory Usage (608936K) : guard_ring_mk has 0 polygons
2026-09-08 12:57:13 +0800: Memory Usage (610220K) : nplus has 68 polygons
2026-09-08 12:57:13 +0800: Memory Usage (608916K) : nat has 0 polygons
2026-09-08 12:57:13 +0800: Memory Usage (608936K) : otp_mk has 0 polygons
2026-09-08 12:57:13 +0800: Memory Usage (608916K) : comp_dummy has 0 polygons
2026-09-08 12:57:13 +0800: Memory Usage (608936K) : mtpmark has 0 polygons
2026-09-08 12:57:13 +0800: Memory Usage (608916K) : poly2_dummy has 0 polygons
2026-09-08 12:57:13 +0800: Memory Usage (608936K) : neo_ee_mk has 0 polygons
2026-09-08 12:57:13 +0800: Memory Usage (610220K) : pplus has 2103 polygons
2026-09-08 12:57:13 +0800: Memory Usage (608916K) : schottky_diode has 0 polygons
2026-09-08 12:57:13 +0800: Memory Usage (608936K) : sramcore has 0 polygons
2026-09-08 12:57:13 +0800: Memory Usage (610220K) : sab has 0 polygons
2026-09-08 12:57:13 +0800: Memory Usage (608936K) : lvs_rf has 0 polygons
2026-09-08 12:57:13 +0800: Memory Usage (608916K) : zener has 0 polygons
2026-09-08 12:57:13 +0800: Memory Usage (610220K) : esd has 0 polygons
2026-09-08 12:57:13 +0800: Memory Usage (610220K) : resistor has 0 polygons
2026-09-08 12:57:13 +0800: Memory Usage (610220K) : fhres has 0 polygons
2026-09-08 12:57:13 +0800: Memory Usage (665088K) : Executing rule V3.3c
2026-09-08 12:57:13 +0800: Memory Usage (608936K) : lvs_drain has 0 polygons
2026-09-08 12:57:13 +0800: Memory Usage (608916K) : res_mk has 0 polygons
2026-09-08 12:57:13 +0800: Memory Usage (610220K) : fusetop has 0 polygons
2026-09-08 12:57:13 +0800: Memory Usage (608936K) : ind_mk has 0 polygons
2026-09-08 12:57:09 +0800: Memory Usage (647200K) : Starting deriving base layers.
2026-09-08 12:57:13 +0800: Memory Usage (610220K) : fusewindow_d has 0 polygons
2026-09-08 12:57:13 +0800: Memory Usage (608936K) : hvpolyrs has 0 polygons
2026-09-08 12:57:13 +0800: Memory Usage (665128K) : Total area of the design is 302500.0 um^2.
2026-09-08 12:57:13 +0800: Memory Usage (610220K) : polyfuse has 0 polygons
2026-09-08 12:57:13 +0800: Memory Usage (608936K) : lvs_io has 0 polygons
2026-09-08 12:57:14 +0800: Memory Usage (665128K) : Starting GF180MCU DRC rules.
2026-09-08 12:57:13 +0800: Memory Usage (608916K) : opc_drc has 0 polygons
2026-09-08 12:57:13 +0800: Memory Usage (610672K) : metal1_blk has 0 polygons
2026-09-08 12:57:14 +0800: Memory Usage (610220K) : mvsd has 0 polygons
2026-09-08 12:57:14 +0800: Memory Usage (608936K) : probe_mk has 0 polygons
2026-09-08 12:57:14 +0800: Memory Usage (608916K) : v5_xtor has 1 polygons
2026-09-08 12:57:14 +0800: Memory Usage (665128K) : Running all FEOL rules
2026-09-08 12:57:14 +0800: Memory Usage (608936K) : esd_mk has 0 polygons
2026-09-08 12:57:14 +0800: Memory Usage (608916K) : cap_mk has 0 polygons
2026-09-08 12:57:14 +0800: Memory Usage (665128K) : Running all BEOL rules
2026-09-08 12:57:14 +0800: Memory Usage (647296K) : metal2_drawn has 17514 polygons
2026-09-08 12:57:14 +0800: Memory Usage (608936K) : lvs_source has 0 polygons
2026-09-08 12:57:14 +0800: Memory Usage (610220K) : mvpsd has 0 polygons
2026-09-08 12:57:14 +0800: Memory Usage (608916K) : mos_cap_mk has 0 polygons
2026-09-08 12:57:14 +0800: Memory Usage (608936K) : well_diode_mk has 0 polygons
2026-09-08 12:57:14 +0800: Memory Usage (647296K) : metal2_dummy has 0 polygons
2026-09-08 12:57:14 +0800: Memory Usage (610220K) : nat has 0 polygons
2026-09-08 12:57:14 +0800: Memory Usage (608916K) : ind_mk has 0 polygons
2026-09-08 12:57:14 +0800: Memory Usage (647296K) : metal2_label has 31 polygons
2026-09-08 12:57:14 +0800: Memory Usage (610220K) : comp_dummy has 0 polygons
2026-09-08 12:57:14 +0800: Memory Usage (647296K) : metal2_slot has 0 polygons
2026-09-08 12:57:14 +0800: Memory Usage (610220K) : poly2_dummy has 0 polygons
2026-09-08 12:57:14 +0800: Memory Usage (608916K) : diode_mk has 0 polygons
2026-09-08 12:57:14 +0800: Memory Usage (608936K) : ldmos_xtor has 0 polygons
2026-09-08 12:57:14 +0800: Memory Usage (610220K) : schottky_diode has 0 polygons
2026-09-08 12:57:14 +0800: Memory Usage (608916K) : drc_bjt has 0 polygons
2026-09-08 12:57:14 +0800: Memory Usage (608936K) : plfuse has 0 polygons
2026-09-08 12:57:14 +0800: Memory Usage (610220K) : zener has 0 polygons
2026-09-08 12:57:14 +0800: Memory Usage (608916K) : lvs_bjt has 0 polygons
2026-09-08 12:57:14 +0800: Memory Usage (608936K) : efuse_mk has 0 polygons
2026-09-08 12:57:14 +0800: Memory Usage (610220K) : res_mk has 0 polygons
2026-09-08 12:57:14 +0800: Memory Usage (608916K) : mim_l_mk has 0 polygons
2026-09-08 12:57:14 +0800: Memory Usage (608936K) : mcell_feol_mk has 0 polygons
2026-09-08 12:57:14 +0800: Memory Usage (647296K) : metal2_blk has 0 polygons
2026-09-08 12:57:14 +0800: Memory Usage (608936K) : ymtp_mk has 0 polygons
2026-09-08 12:57:14 +0800: Memory Usage (608916K) : latchup_mk has 0 polygons
2026-09-08 12:57:14 +0800: Memory Usage (608916K) : guard_ring_mk has 0 polygons
2026-09-08 12:57:14 +0800: Memory Usage (608936K) : dev_wf_mk has 0 polygons
2026-09-08 12:57:14 +0800: Memory Usage (665128K) : metal5 DRC Total Run time 18.094652906 seconds
2026-09-08 12:57:14 +0800: Memory Usage (610220K) : opc_drc has 0 polygons
2026-09-08 12:57:14 +0800: Memory Usage (608916K) : otp_mk has 0 polygons
2026-09-08 12:57:14 +0800: Memory Usage (608936K) : comp_label has 0 polygons
2026-09-08 12:57:14 +0800: Memory Usage (647296K) : metal3_drawn has 9853 polygons
2026-09-08 12:57:14 +0800: Memory Usage (608916K) : mtpmark has 0 polygons
2026-09-08 12:57:13 +0800: Memory Usage (670128K) : Executing rule V3.3d
2026-09-08 12:57:14 +0800: Memory Usage (608936K) : poly2_label has 0 polygons
2026-09-08 12:57:14 +0800: Memory Usage (647296K) : metal3_dummy has 0 polygons
2026-09-08 12:57:14 +0800: Memory Usage (610220K) : v5_xtor has 1 polygons
2026-09-08 12:57:14 +0800: Memory Usage (608916K) : neo_ee_mk has 0 polygons
2026-09-08 12:57:14 +0800: Memory Usage (647296K) : metal3_label has 0 polygons
2026-09-08 12:57:14 +0800: Memory Usage (610220K) : cap_mk has 0 polygons
2026-09-08 12:57:14 +0800: Memory Usage (647296K) : metal3_slot has 0 polygons
2026-09-08 12:57:14 +0800: Memory Usage (608936K) : mdiode has 0 polygons
2026-09-08 12:57:15 +0800: Memory Usage (610220K) : mos_cap_mk has 0 polygons
2026-09-08 12:57:15 +0800: Memory Usage (608936K) : ndmy has 0 polygons
2026-09-08 12:57:15 +0800: Memory Usage (610220K) : ind_mk has 0 polygons
2026-09-08 12:57:14 +0800: Memory Usage (608916K) : sramcore has 0 polygons
2026-09-08 12:57:15 +0800: Memory Usage (647296K) : metal3_blk has 0 polygons
2026-09-08 12:57:15 +0800: Memory Usage (610220K) : diode_mk has 0 polygons
2026-09-08 12:57:14 +0800: Memory Usage (671220K) : Executing rule V3.4a
2026-09-08 12:57:15 +0800: Memory Usage (608916K) : lvs_rf has 0 polygons
2026-09-08 12:57:15 +0800: Memory Usage (610220K) : drc_bjt has 0 polygons
2026-09-08 12:57:15 +0800: Memory Usage (608916K) : lvs_drain has 0 polygons
2026-09-08 12:57:15 +0800: Memory Usage (610220K) : lvs_bjt has 0 polygons
2026-09-08 12:57:15 +0800: Memory Usage (608916K) : ind_mk has 0 polygons
2026-09-08 12:57:15 +0800: Memory Usage (610220K) : mim_l_mk has 0 polygons
2026-09-08 12:57:15 +0800: Memory Usage (647296K) : via3 has 8264 polygons
2026-09-08 12:57:15 +0800: Memory Usage (608916K) : hvpolyrs has 0 polygons
2026-09-08 12:57:15 +0800: Memory Usage (610220K) : latchup_mk has 0 polygons
2026-09-08 12:57:15 +0800: Memory Usage (647296K) : metal4_drawn has 1492 polygons
2026-09-08 12:57:15 +0800: Memory Usage (608916K) : lvs_io has 0 polygons
2026-09-08 12:57:15 +0800: Memory Usage (671220K) : Executing rule V3.4b
2026-09-08 12:57:15 +0800: Memory Usage (608916K) : probe_mk has 0 polygons
2026-09-08 12:57:15 +0800: Memory Usage (647296K) : metal4_dummy has 0 polygons
2026-09-08 12:57:15 +0800: Memory Usage (610220K) : guard_ring_mk has 0 polygons
2026-09-08 12:57:15 +0800: Memory Usage (647296K) : metal4_label has 0 polygons
2026-09-08 12:57:15 +0800: Memory Usage (608916K) : esd_mk has 0 polygons
2026-09-08 12:57:15 +0800: Memory Usage (610220K) : otp_mk has 0 polygons
08-Sep-2026 12:57:15 | INFO    | Running Global Foundries 180nm MCU /workspace/iris_c3a247b9-0025-43e1-bae8-42a940fa0b63/Chip-Orchestra-review-latest/output/nanocgra_lite_3x3_opt/gds/nanocgra_lite_3x3_opt.gds checks on design esd on cell NanoCGRA_Lite:
2026-09-08 12:57:15 +0800: Memory Usage (610220K) : mtpmark has 0 polygons
2026-09-08 12:57:15 +0800: Memory Usage (608916K) : lvs_source has 0 polygons
2026-09-08 12:57:15 +0800: Memory Usage (647296K) : metal4_slot has 0 polygons
2026-09-08 12:57:15 +0800: Memory Usage (610220K) : neo_ee_mk has 0 polygons
2026-09-08 12:57:15 +0800: Memory Usage (647296K) : metal4_blk has 0 polygons
2026-09-08 12:57:15 +0800: Memory Usage (608916K) : well_diode_mk has 0 polygons
2026-09-08 12:57:15 +0800: Memory Usage (610220K) : sramcore has 0 polygons
2026-09-08 12:57:15 +0800: Memory Usage (608916K) : ldmos_xtor has 0 polygons
2026-09-08 12:57:15 +0800: Memory Usage (610220K) : lvs_rf has 0 polygons
2026-09-08 12:57:15 +0800: Memory Usage (647296K) : via4 has 4611 polygons
2026-09-08 12:57:15 +0800: Memory Usage (608916K) : plfuse has 0 polygons
2026-09-08 12:57:15 +0800: Memory Usage (610220K) : lvs_drain has 0 polygons
2026-09-08 12:57:15 +0800: Memory Usage (608916K) : efuse_mk has 0 polygons
2026-09-08 12:57:15 +0800: Memory Usage (647296K) : metal5_drawn has 269 polygons
2026-09-08 12:57:15 +0800: Memory Usage (610220K) : ind_mk has 0 polygons
2026-09-08 12:57:15 +0800: Memory Usage (608916K) : mcell_feol_mk has 0 polygons
2026-09-08 12:57:15 +0800: Memory Usage (647296K) : metal5_dummy has 0 polygons
2026-09-08 12:57:15 +0800: Memory Usage (610220K) : hvpolyrs has 0 polygons
2026-09-08 12:57:15 +0800: Memory Usage (608916K) : ymtp_mk has 0 polygons
2026-09-08 12:57:15 +0800: Memory Usage (608916K) : dev_wf_mk has 0 polygons
2026-09-08 12:57:15 +0800: Memory Usage (671220K) : Executing rule V3.4c
2026-09-08 12:57:15 +0800: Memory Usage (608936K) : pmndmy has 0 polygons
2026-09-08 12:57:16 +0800: Memory Usage (608916K) : comp_label has 0 polygons
2026-09-08 12:57:15 +0800: Memory Usage (647296K) : metal5_label has 0 polygons
2026-09-08 12:57:16 +0800: Memory Usage (608916K) : poly2_label has 0 polygons
2026-09-08 12:57:15 +0800: Memory Usage (610220K) : lvs_io has 0 polygons
2026-09-08 12:57:11 +0800: Memory Usage (601748K) : Starting deriving base layers.
2026-09-08 12:57:16 +0800: Memory Usage (647296K) : metal5_slot has 0 polygons
2026-09-08 12:57:16 +0800: Memory Usage (610220K) : probe_mk has 0 polygons
2026-09-08 12:57:16 +0800: Memory Usage (896932K) : Construct connectivity for the design.
2026-09-08 12:57:16 +0800: Memory Usage (610220K) : esd_mk has 0 polygons
2026-09-08 12:57:16 +0800: Memory Usage (647296K) : metal5_blk has 0 polygons
2026-09-08 12:57:16 +0800: Memory Usage (608916K) : mdiode has 0 polygons
2026-09-08 12:57:16 +0800: Memory Usage (610220K) : lvs_source has 0 polygons
2026-09-08 12:57:16 +0800: Memory Usage (647296K) : pad has 0 polygons
2026-09-08 12:57:16 +0800: Memory Usage (608916K) : ndmy has 0 polygons
2026-09-08 12:57:16 +0800: Memory Usage (610220K) : well_diode_mk has 0 polygons
2026-09-08 12:57:16 +0800: Memory Usage (647296K) : ubmpperi has 0 polygons
2026-09-08 12:57:16 +0800: Memory Usage (610220K) : ldmos_xtor has 0 polygons
2026-09-08 12:57:16 +0800: Memory Usage (647296K) : ubmparray has 0 polygons
2026-09-08 12:57:16 +0800: Memory Usage (610220K) : plfuse has 0 polygons
2026-09-08 12:57:16 +0800: Memory Usage (647296K) : ubmeplate has 0 polygons
2026-09-08 12:57:11 +0800: Memory Usage (649572K) : Starting deriving base layers.
2026-09-08 12:57:16 +0800: Memory Usage (610220K) : efuse_mk has 0 polygons
2026-09-08 12:57:16 +0800: Memory Usage (647296K) : metal1_res has 0 polygons
2026-09-08 12:57:16 +0800: Memory Usage (670540K) : Total area of the design is 302500.0 um^2.
2026-09-08 12:57:16 +0800: Memory Usage (671220K) : via3 DRC Total Run time 22.298404815 seconds
2026-09-08 12:57:16 +0800: Memory Usage (647296K) : metal2_res has 0 polygons
2026-09-08 12:57:16 +0800: Memory Usage (670540K) : Starting GF180MCU DRC rules.
2026-09-08 12:57:16 +0800: Memory Usage (670540K) : Running all FEOL rules
2026-09-08 12:57:16 +0800: Memory Usage (610220K) : mcell_feol_mk has 0 polygons
2026-09-08 12:57:16 +0800: Memory Usage (670540K) : Running all BEOL rules
2026-09-08 12:57:16 +0800: Memory Usage (610220K) : ymtp_mk has 0 polygons
2026-09-08 12:57:16 +0800: Memory Usage (647296K) : metal3_res has 0 polygons
2026-09-08 12:57:16 +0800: Memory Usage (647296K) : metal4_res has 0 polygons
2026-09-08 12:57:16 +0800: Memory Usage (610220K) : dev_wf_mk has 0 polygons
2026-09-08 12:57:16 +0800: Memory Usage (610220K) : comp_label has 0 polygons
2026-09-08 12:57:16 +0800: Memory Usage (647296K) : metal5_res has 0 polygons
2026-09-08 12:57:16 +0800: Memory Usage (610220K) : poly2_label has 0 polygons
2026-09-08 12:57:16 +0800: Memory Usage (610220K) : mdiode has 0 polygons
2026-09-08 12:57:17 +0800: Memory Usage (610220K) : ndmy has 0 polygons
2026-09-08 12:57:16 +0800: Memory Usage (647296K) : metal6_res has 0 polygons
2026-09-08 12:57:17 +0800: Memory Usage (647296K) : pr_bndry has 1 polygons
2026-09-08 12:57:16 +0800: Memory Usage (670540K) : metaltop_30k DRC Total Run time 18.308836061 seconds
2026-09-08 12:57:17 +0800: Memory Usage (647296K) : border has 0 polygons
08-Sep-2026 12:57:17 | INFO    | Running Global Foundries 180nm MCU /workspace/iris_c3a247b9-0025-43e1-bae8-42a940fa0b63/Chip-Orchestra-review-latest/output/nanocgra_lite_3x3_opt/gds/nanocgra_lite_3x3_opt.gds checks on design geom on cell NanoCGRA_Lite:
2026-09-08 12:57:17 +0800: Memory Usage (647296K) : Total no. of polygons in the design is 114250
2026-09-08 12:57:13 +0800: Memory Usage (659676K) : Starting deriving base layers.
2026-09-08 12:57:17 +0800: Memory Usage (676896K) : Total area of the design is 302500.0 um^2.
2026-09-08 12:57:17 +0800: Memory Usage (676896K) : Starting GF180MCU DRC rules.
2026-09-08 12:57:11 +0800: Memory Usage (682776K) : Connectivity rules enabled, Netlist object will be generated.
2026-09-08 12:57:17 +0800: Memory Usage (676896K) : Running all FEOL rules
2026-09-08 12:57:17 +0800: Memory Usage (676896K) : Running all BEOL rules
2026-09-08 12:57:17 +0800: Memory Usage (745576K) : Total area of the design is 302500.0 um^2.
2026-09-08 12:57:16 +0800: Memory Usage (615408K) : contact has 106822 polygons
2026-09-08 12:57:17 +0800: Memory Usage (676896K) : Starting 3.3V SRAM derivations
2026-09-08 12:57:17 +0800: Memory Usage (745576K) : Starting GF180MCU DRC rules.
2026-09-08 12:57:17 +0800: Memory Usage (745576K) : Running all FEOL rules
2026-09-08 12:57:17 +0800: Memory Usage (626216K) : metal1_drawn has 27195 polygons
2026-09-08 12:57:17 +0800: Memory Usage (676896K) : Executing rule S.DF.4c_LV
2026-09-08 12:57:17 +0800: Memory Usage (745576K) : Running all BEOL rules
2026-09-08 12:57:16 +0800: Memory Usage (608916K) : pmndmy has 0 polygons
2026-09-08 12:57:17 +0800: Memory Usage (626216K) : metal1_dummy has 0 polygons
2026-09-08 12:57:17 +0800: Memory Usage (745576K) : Starting NAT derivations
2026-09-08 12:57:17 +0800: Memory Usage (626216K) : metal1_label has 0 polygons
2026-09-08 12:57:17 +0800: Memory Usage (676896K) : Executing rule S.DF.16_LV
2026-09-08 12:57:17 +0800: Memory Usage (676896K) : Executing rule S.CO.3_LV
2026-09-08 12:57:17 +0800: Memory Usage (626216K) : metal1_slot has 0 polygons
2026-09-08 12:57:17 +0800: Memory Usage (610452K) : metal1_drawn has 27195 polygons
2026-09-08 12:57:17 +0800: Memory Usage (745576K) : Executing rule NAT.1
2026-09-08 12:57:18 +0800: Memory Usage (676896K) : Executing rule S.CO.4_LV
2026-09-08 12:57:18 +0800: Memory Usage (610452K) : metal1_dummy has 0 polygons
2026-09-08 12:57:18 +0800: Memory Usage (676896K) : Executing rule S.CO.6_ii_LV
2026-09-08 12:57:18 +0800: Memory Usage (610452K) : metal1_label has 0 polygons
2026-09-08 12:57:18 +0800: Memory Usage (676896K) : Executing rule S.M1.1_LV
2026-09-08 12:57:18 +0800: Memory Usage (745576K) : Executing rule NAT.2
2026-09-08 12:57:18 +0800: Memory Usage (610452K) : metal1_slot has 0 polygons
2026-09-08 12:57:18 +0800: Memory Usage (745576K) : Executing rule NAT.3
2026-09-08 12:57:16 +0800: Memory Usage (896932K) : Connectivity rules enabled, Netlist object will be generated.
2026-09-08 12:57:18 +0800: Memory Usage (745576K) : Executing rule NAT.4
2026-09-08 12:57:18 +0800: Memory Usage (918868K) : Total area of the design is 302500.0 um^2.
2026-09-08 12:57:18 +0800: Memory Usage (918868K) : Starting GF180MCU DRC rules.
2026-09-08 12:57:18 +0800: Memory Usage (745576K) : Executing rule NAT.5
2026-09-08 12:57:17 +0800: Memory Usage (610220K) : pmndmy has 0 polygons
2026-09-08 12:57:18 +0800: Memory Usage (918868K) : Running all FEOL rules
2026-09-08 12:57:18 +0800: Memory Usage (745576K) : CONNECTIVITY_RULES section
2026-09-08 12:57:18 +0800: Memory Usage (918868K) : Running all BEOL rules
2026-09-08 12:57:18 +0800: Memory Usage (612076K) : metal1_drawn has 27195 polygons
2026-09-08 12:57:18 +0800: Memory Usage (571172K) : Starting running GF180MCU Klayout DRC runset on /workspace/iris_c3a247b9-0025-43e1-bae8-42a940fa0b63/Chip-Orchestra-review-latest/output/nanocgra_lite_3x3_opt/gds/nanocgra_lite_3x3_opt.gds
2026-09-08 12:57:18 +0800: Memory Usage (745576K) : Executing rule NAT.6
2026-09-08 12:57:18 +0800: Memory Usage (676896K) : sram_3p3 DRC Total Run time 20.616339057 seconds
2026-09-08 12:57:18 +0800: Memory Usage (612076K) : metal1_dummy has 0 polygons
2026-09-08 12:57:18 +0800: Memory Usage (745576K) : Executing rule NAT.7
2026-09-08 12:57:18 +0800: Memory Usage (612076K) : metal1_label has 0 polygons
2026-09-08 12:57:18 +0800: Memory Usage (612076K) : metal1_slot has 0 polygons
2026-09-08 12:57:18 +0800: Memory Usage (745576K) : Executing rule NAT.8
2026-09-08 12:57:18 +0800: Memory Usage (571172K) : Ruby Version for klayout: 3.1.2
2026-09-08 12:57:18 +0800: Memory Usage (744292K) : Executing rule NAT.9
2026-09-08 12:57:18 +0800: Memory Usage (918868K) : nat_split DRC Total Run time 16.475821744 seconds
2026-09-08 12:57:18 +0800: Memory Usage (593936K) : Loading database to memory is complete.
2026-09-08 12:57:18 +0800: Memory Usage (626216K) : metal1_blk has 0 polygons
2026-09-08 12:57:18 +0800: Memory Usage (744292K) : Executing rule NAT.10
2026-09-08 12:57:18 +0800: Memory Usage (593952K) : GF180MCU Klayout DRC runset output at: /workspace/iris_c3a247b9-0025-43e1-bae8-42a940fa0b63/Chip-Orchestra-review-latest/output/nanocgra_lite_3x3_opt/reports/signoff/foundry_drc_full/nanocgra_lite_3x3_opt_esd.lyrdb
2026-09-08 12:57:18 +0800: Memory Usage (593952K) : Evaluate switches.
2026-09-08 12:57:18 +0800: Memory Usage (744292K) : Executing rule NAT.11
2026-09-08 12:57:19 +0800: Memory Usage (593952K) : table_name selected  esd
2026-09-08 12:57:18 +0800: Memory Usage (658792K) : metal2_drawn has 17514 polygons
2026-09-08 12:57:19 +0800: Memory Usage (593952K) : CONNECTIVITY_RULES enabled: false
2026-09-08 12:57:19 +0800: Memory Usage (744292K) : Executing rule NAT.12
2026-09-08 12:57:19 +0800: Memory Usage (658792K) : metal2_dummy has 0 polygons
2026-09-08 12:57:19 +0800: Memory Usage (593952K) : Wedge enabled: false
2026-09-08 12:57:18 +0800: Memory Usage (610452K) : metal1_blk has 0 polygons
2026-09-08 12:57:19 +0800: Memory Usage (658792K) : metal2_label has 31 polygons
2026-09-08 12:57:19 +0800: Memory Usage (593952K) : Ball enabled: false
2026-09-08 12:57:19 +0800: Memory Usage (658792K) : metal2_slot has 0 polygons
2026-09-08 12:57:19 +0800: Memory Usage (593952K) : Gold enabled: false
2026-09-08 12:57:19 +0800: Memory Usage (647076K) : metal2_drawn has 17514 polygons
2026-09-08 12:57:19 +0800: Memory Usage (593952K) : MIM Option selected: B
2026-09-08 12:57:19 +0800: Memory Usage (647076K) : metal2_dummy has 0 polygons
2026-09-08 12:57:19 +0800: Memory Usage (593952K) : Offgrid enabled:  true
2026-09-08 12:57:19 +0800: Memory Usage (647076K) : metal2_label has 31 polygons
2026-09-08 12:57:19 +0800: Memory Usage (593952K) : Number of threads to use 2
2026-09-08 12:57:19 +0800: Memory Usage (647076K) : metal2_slot has 0 polygons
2026-09-08 12:57:19 +0800: Memory Usage (593952K) : Verbose mode: false
2026-09-08 12:57:19 +0800: Memory Usage (593952K) : flat  mode is enabled for esd table
2026-09-08 12:57:19 +0800: Memory Usage (658792K) : metal2_blk has 0 polygons
2026-09-08 12:57:19 +0800: Memory Usage (593952K) : METAL_TOP Selected is 9K
2026-09-08 12:57:19 +0800: Memory Usage (658792K) : metal3_drawn has 9853 polygons
2026-09-08 12:57:19 +0800: Memory Usage (593968K) : METAL_STACK Selected is 5LM
2026-09-08 12:57:18 +0800: Memory Usage (612076K) : metal1_blk has 0 polygons
2026-09-08 12:57:19 +0800: Memory Usage (593968K) : FEOL enabled: true
2026-09-08 12:57:19 +0800: Memory Usage (647076K) : metal2_blk has 0 polygons
2026-09-08 12:57:19 +0800: Memory Usage (593968K) : BEOL enabled: true
2026-09-08 12:57:19 +0800: Memory Usage (744292K) : nat DRC Total Run time 29.62952468 seconds
2026-09-08 12:57:19 +0800: Memory Usage (648700K) : metal2_drawn has 17514 polygons
2026-09-08 12:57:19 +0800: Memory Usage (647076K) : metal3_drawn has 9853 polygons
2026-09-08 12:57:19 +0800: Memory Usage (658792K) : metal3_dummy has 0 polygons
2026-09-08 12:57:19 +0800: Memory Usage (593968K) : SLOW_VIA enabled: false
2026-09-08 12:57:19 +0800: Memory Usage (647076K) : metal3_dummy has 0 polygons
2026-09-08 12:57:19 +0800: Memory Usage (658792K) : metal3_label has 0 polygons
2026-09-08 12:57:19 +0800: Memory Usage (648700K) : metal2_dummy has 0 polygons
2026-09-08 12:57:19 +0800: Memory Usage (647076K) : metal3_label has 0 polygons
2026-09-08 12:57:19 +0800: Memory Usage (573108K) : Starting running GF180MCU Klayout DRC runset on /workspace/iris_c3a247b9-0025-43e1-bae8-42a940fa0b63/Chip-Orchestra-review-latest/output/nanocgra_lite_3x3_opt/gds/nanocgra_lite_3x3_opt.gds
2026-09-08 12:57:19 +0800: Memory Usage (648700K) : metal2_label has 31 polygons
2026-09-08 12:57:19 +0800: Memory Usage (658792K) : metal3_slot has 0 polygons
2026-09-08 12:57:19 +0800: Memory Usage (648700K) : metal2_slot has 0 polygons
2026-09-08 12:57:19 +0800: Memory Usage (647076K) : metal3_slot has 0 polygons
2026-09-08 12:57:19 +0800: Memory Usage (658792K) : metal3_blk has 0 polygons
2026-09-08 12:57:19 +0800: Memory Usage (647076K) : metal3_blk has 0 polygons
2026-09-08 12:57:19 +0800: Memory Usage (593968K) : Read in polygons from layers.
2026-09-08 12:57:20 +0800: Memory Usage (596216K) : comp has 17798 polygons
2026-09-08 12:57:19 +0800: Memory Usage (648700K) : metal2_blk has 0 polygons
2026-09-08 12:57:19 +0800: Memory Usage (573108K) : Ruby Version for klayout: 3.1.2
2026-09-08 12:57:19 +0800: Memory Usage (658792K) : via3 has 8264 polygons
2026-09-08 12:57:20 +0800: Memory Usage (595468K) : Loading database to memory is complete.
2026-09-08 12:57:20 +0800: Memory Usage (658792K) : metal4_drawn has 1492 polygons
2026-09-08 12:57:20 +0800: Memory Usage (648700K) : metal3_drawn has 9853 polygons
2026-09-08 12:57:19 +0800: Memory Usage (647076K) : via3 has 8264 polygons
2026-09-08 12:57:20 +0800: Memory Usage (595468K) : GF180MCU Klayout DRC runset output at: /workspace/iris_c3a247b9-0025-43e1-bae8-42a940fa0b63/Chip-Orchestra-review-latest/output/nanocgra_lite_3x3_opt/reports/signoff/foundry_drc_full/nanocgra_lite_3x3_opt_geom.lyrdb
2026-09-08 12:57:20 +0800: Memory Usage (658792K) : metal4_dummy has 0 polygons
2026-09-08 12:57:20 +0800: Memory Usage (647076K) : metal4_drawn has 1492 polygons
2026-09-08 12:57:20 +0800: Memory Usage (595468K) : Evaluate switches.
2026-09-08 12:57:20 +0800: Memory Usage (648700K) : metal3_dummy has 0 polygons
2026-09-08 12:57:20 +0800: Memory Usage (595468K) : table_name selected  geom
2026-09-08 12:57:20 +0800: Memory Usage (658792K) : metal4_label has 0 polygons
2026-09-08 12:57:20 +0800: Memory Usage (647076K) : metal4_dummy has 0 polygons
2026-09-08 12:57:20 +0800: Memory Usage (648700K) : metal3_label has 0 polygons
2026-09-08 12:57:20 +0800: Memory Usage (595468K) : CONNECTIVITY_RULES enabled: false
2026-09-08 12:57:20 +0800: Memory Usage (596216K) : dnwell has 0 polygons
2026-09-08 12:57:20 +0800: Memory Usage (647076K) : metal4_label has 0 polygons
2026-09-08 12:57:20 +0800: Memory Usage (595484K) : Wedge enabled: false
2026-09-08 12:57:20 +0800: Memory Usage (647076K) : metal4_slot has 0 polygons
2026-09-08 12:57:20 +0800: Memory Usage (595484K) : Ball enabled: false
2026-09-08 12:57:20 +0800: Memory Usage (658792K) : metal4_slot has 0 polygons
2026-09-08 12:57:20 +0800: Memory Usage (595484K) : Gold enabled: false
2026-09-08 12:57:20 +0800: Memory Usage (648700K) : metal3_slot has 0 polygons
2026-09-08 12:57:20 +0800: Memory Usage (658792K) : metal4_blk has 0 polygons
2026-09-08 12:57:20 +0800: Memory Usage (647076K) : metal4_blk has 0 polygons
2026-09-08 12:57:20 +0800: Memory Usage (595484K) : MIM Option selected: B
2026-09-08 12:57:20 +0800: Memory Usage (601016K) : nwell has 67 polygons
2026-09-08 12:57:20 +0800: Memory Usage (658792K) : via4 has 4611 polygons
2026-09-08 12:57:20 +0800: Memory Usage (648700K) : metal3_blk has 0 polygons
2026-09-08 12:57:20 +0800: Memory Usage (595484K) : Offgrid enabled:  true
2026-09-08 12:57:20 +0800: Memory Usage (658792K) : metal5_drawn has 269 polygons
2026-09-08 12:57:20 +0800: Memory Usage (595484K) : Number of threads to use 2
2026-09-08 12:57:20 +0800: Memory Usage (647076K) : via4 has 4611 polygons
2026-09-08 12:57:20 +0800: Memory Usage (658792K) : metal5_dummy has 0 polygons
2026-09-08 12:57:20 +0800: Memory Usage (595484K) : Verbose mode: false
2026-09-08 12:57:20 +0800: Memory Usage (647076K) : metal5_drawn has 269 polygons
2026-09-08 12:57:20 +0800: Memory Usage (658792K) : metal5_label has 0 polygons
2026-09-08 12:57:20 +0800: Memory Usage (595484K) : flat  mode is enabled for geom table
2026-09-08 12:57:20 +0800: Memory Usage (648700K) : via3 has 8264 polygons
2026-09-08 12:57:20 +0800: Memory Usage (647076K) : metal5_dummy has 0 polygons
2026-09-08 12:57:20 +0800: Memory Usage (658792K) : metal5_slot has 0 polygons
2026-09-08 12:57:20 +0800: Memory Usage (595484K) : METAL_TOP Selected is 9K
2026-09-08 12:57:20 +0800: Memory Usage (648700K) : metal4_drawn has 1492 polygons
2026-09-08 12:57:20 +0800: Memory Usage (647076K) : metal5_label has 0 polygons
2026-09-08 12:57:20 +0800: Memory Usage (658792K) : metal5_blk has 0 polygons
2026-09-08 12:57:20 +0800: Memory Usage (601160K) : lvpwell has 68 polygons
2026-09-08 12:57:20 +0800: Memory Usage (595484K) : METAL_STACK Selected is 5LM
2026-09-08 12:57:20 +0800: Memory Usage (647076K) : metal5_slot has 0 polygons
2026-09-08 12:57:20 +0800: Memory Usage (658792K) : pad has 0 polygons
2026-09-08 12:57:20 +0800: Memory Usage (648700K) : metal4_dummy has 0 polygons
2026-09-08 12:57:20 +0800: Memory Usage (595484K) : FEOL enabled: true
2026-09-08 12:57:20 +0800: Memory Usage (647076K) : metal5_blk has 0 polygons
2026-09-08 12:57:20 +0800: Memory Usage (658792K) : ubmpperi has 0 polygons
2026-09-08 12:57:20 +0800: Memory Usage (648700K) : metal4_label has 0 polygons
2026-09-08 12:57:20 +0800: Memory Usage (595484K) : BEOL enabled: true
2026-09-08 12:57:20 +0800: Memory Usage (658792K) : ubmparray has 0 polygons
2026-09-08 12:57:20 +0800: Memory Usage (647076K) : pad has 0 polygons
2026-09-08 12:57:20 +0800: Memory Usage (595484K) : SLOW_VIA enabled: false
2026-09-08 12:57:20 +0800: Memory Usage (658792K) : ubmeplate has 0 polygons
2026-09-08 12:57:20 +0800: Memory Usage (647076K) : ubmpperi has 0 polygons
2026-09-08 12:57:20 +0800: Memory Usage (648700K) : metal4_slot has 0 polygons
2026-09-08 12:57:20 +0800: Memory Usage (658792K) : metal1_res has 0 polygons
2026-09-08 12:57:20 +0800: Memory Usage (647076K) : ubmparray has 0 polygons
2026-09-08 12:57:20 +0800: Memory Usage (648700K) : metal4_blk has 0 polygons
2026-09-08 12:57:20 +0800: Memory Usage (647076K) : ubmeplate has 0 polygons
2026-09-08 12:57:20 +0800: Memory Usage (658792K) : metal2_res has 0 polygons
2026-09-08 12:57:20 +0800: Memory Usage (647076K) : metal1_res has 0 polygons
2026-09-08 12:57:20 +0800: Memory Usage (658792K) : metal3_res has 0 polygons
2026-09-08 12:57:20 +0800: Memory Usage (647076K) : metal2_res has 0 polygons
2026-09-08 12:57:20 +0800: Memory Usage (658792K) : metal4_res has 0 polygons
2026-09-08 12:57:20 +0800: Memory Usage (605168K) : dualgate has 1 polygons
2026-09-08 12:57:20 +0800: Memory Usage (648700K) : via4 has 4611 polygons
2026-09-08 12:57:20 +0800: Memory Usage (658792K) : metal5_res has 0 polygons
2026-09-08 12:57:20 +0800: Memory Usage (648700K) : metal5_drawn has 269 polygons
2026-09-08 12:57:20 +0800: Memory Usage (595484K) : Read in polygons from layers.
2026-09-08 12:57:20 +0800: Memory Usage (648700K) : metal5_dummy has 0 polygons
2026-09-08 12:57:21 +0800: Memory Usage (597748K) : comp has 17798 polygons
2026-09-08 12:57:17 +0800: Memory Usage (647296K) : Starting deriving base layers.
2026-09-08 12:57:20 +0800: Memory Usage (647076K) : metal3_res has 0 polygons
2026-09-08 12:57:21 +0800: Memory Usage (648700K) : metal5_label has 0 polygons
2026-09-08 12:57:21 +0800: Memory Usage (663056K) : Total area of the design is 302500.0 um^2.
2026-09-08 12:57:21 +0800: Memory Usage (647076K) : metal4_res has 0 polygons
2026-09-08 12:57:20 +0800: Memory Usage (658792K) : metal6_res has 0 polygons
2026-09-08 12:57:21 +0800: Memory Usage (663056K) : Starting GF180MCU DRC rules.
2026-09-08 12:57:20 +0800: Memory Usage (605168K) : poly2 has 24914 polygons
2026-09-08 12:57:21 +0800: Memory Usage (648700K) : metal5_slot has 0 polygons
2026-09-08 12:57:21 +0800: Memory Usage (658792K) : pr_bndry has 1 polygons
2026-09-08 12:57:21 +0800: Memory Usage (663056K) : Running all FEOL rules
2026-09-08 12:57:21 +0800: Memory Usage (647076K) : metal5_res has 0 polygons
2026-09-08 12:57:21 +0800: Memory Usage (648700K) : metal5_blk has 0 polygons
2026-09-08 12:57:21 +0800: Memory Usage (663056K) : Running all BEOL rules
2026-09-08 12:57:21 +0800: Memory Usage (658792K) : border has 0 polygons
2026-09-08 12:57:21 +0800: Memory Usage (658792K) : Total no. of polygons in the design is 221072
2026-09-08 12:57:21 +0800: Memory Usage (648700K) : pad has 0 polygons
2026-09-08 12:57:21 +0800: Memory Usage (597748K) : dnwell has 0 polygons
2026-09-08 12:57:21 +0800: Memory Usage (648700K) : ubmpperi has 0 polygons
2026-09-08 12:57:21 +0800: Memory Usage (647076K) : metal6_res has 0 polygons
2026-09-08 12:57:21 +0800: Memory Usage (648700K) : ubmparray has 0 polygons
2026-09-08 12:57:21 +0800: Memory Usage (647076K) : pr_bndry has 1 polygons
2026-09-08 12:57:21 +0800: Memory Usage (608864K) : nplus has 68 polygons
2026-09-08 12:57:21 +0800: Memory Usage (648700K) : ubmeplate has 0 polygons
2026-09-08 12:57:21 +0800: Memory Usage (608864K) : pplus has 2103 polygons
2026-09-08 12:57:21 +0800: Memory Usage (647076K) : border has 0 polygons
2026-09-08 12:57:21 +0800: Memory Usage (648700K) : metal1_res has 0 polygons
2026-09-08 12:57:21 +0800: Memory Usage (602516K) : nwell has 67 polygons
2026-09-08 12:57:21 +0800: Memory Usage (608864K) : sab has 0 polygons
2026-09-08 12:57:21 +0800: Memory Usage (647076K) : Total no. of polygons in the design is 114250
2026-09-08 12:57:21 +0800: Memory Usage (608864K) : esd has 0 polygons
2026-09-08 12:57:21 +0800: Memory Usage (608864K) : resistor has 0 polygons
2026-09-08 12:57:21 +0800: Memory Usage (648700K) : metal2_res has 0 polygons
2026-09-08 12:57:21 +0800: Memory Usage (608864K) : fhres has 0 polygons
2026-09-08 12:57:21 +0800: Memory Usage (648700K) : metal3_res has 0 polygons
2026-09-08 12:57:21 +0800: Memory Usage (608864K) : fusetop has 0 polygons
2026-09-08 12:57:21 +0800: Memory Usage (648700K) : metal4_res has 0 polygons
2026-09-08 12:57:21 +0800: Memory Usage (608864K) : fusewindow_d has 0 polygons
2026-09-08 12:57:21 +0800: Memory Usage (648700K) : metal5_res has 0 polygons
2026-09-08 12:57:21 +0800: Memory Usage (608864K) : polyfuse has 0 polygons
2026-09-08 12:57:21 +0800: Memory Usage (602652K) : lvpwell has 68 polygons
2026-09-08 12:57:21 +0800: Memory Usage (608864K) : mvsd has 0 polygons
2026-09-08 12:57:21 +0800: Memory Usage (648700K) : metal6_res has 0 polygons
2026-09-08 12:57:21 +0800: Memory Usage (608864K) : mvpsd has 0 polygons
2026-09-08 12:57:21 +0800: Memory Usage (648700K) : pr_bndry has 1 polygons
2026-09-08 12:57:21 +0800: Memory Usage (608864K) : nat has 0 polygons
2026-09-08 12:57:21 +0800: Memory Usage (648700K) : border has 0 polygons
2026-09-08 12:57:21 +0800: Memory Usage (608864K) : comp_dummy has 0 polygons
2026-09-08 12:57:21 +0800: Memory Usage (648700K) : Total no. of polygons in the design is 114250
2026-09-08 12:57:21 +0800: Memory Usage (608864K) : poly2_dummy has 0 polygons
2026-09-08 12:57:21 +0800: Memory Usage (608864K) : schottky_diode has 0 polygons
2026-09-08 12:57:21 +0800: Memory Usage (608864K) : zener has 0 polygons
2026-09-08 12:57:21 +0800: Memory Usage (606664K) : dualgate has 1 polygons
2026-09-08 12:57:22 +0800: Memory Usage (608864K) : res_mk has 0 polygons
2026-09-08 12:57:21 +0800: Memory Usage (663056K) : Executing rule M1.1
2026-09-08 12:57:22 +0800: Memory Usage (608864K) : opc_drc has 0 polygons
2026-09-08 12:57:22 +0800: Memory Usage (608864K) : v5_xtor has 1 polygons
2026-09-08 12:57:22 +0800: Memory Usage (608864K) : cap_mk has 0 polygons
2026-09-08 12:57:22 +0800: Memory Usage (606664K) : poly2 has 24914 polygons
2026-09-08 12:57:22 +0800: Memory Usage (608864K) : mos_cap_mk has 0 polygons
2026-09-08 12:57:22 +0800: Memory Usage (608864K) : ind_mk has 0 polygons
2026-09-08 12:57:22 +0800: Memory Usage (608864K) : diode_mk has 0 polygons
2026-09-08 12:57:22 +0800: Memory Usage (608864K) : drc_bjt has 0 polygons
2026-09-08 12:57:22 +0800: Memory Usage (610364K) : nplus has 68 polygons
2026-09-08 12:57:22 +0800: Memory Usage (608864K) : lvs_bjt has 0 polygons
2026-09-08 12:57:22 +0800: Memory Usage (610364K) : pplus has 2103 polygons
2026-09-08 12:57:22 +0800: Memory Usage (608864K) : mim_l_mk has 0 polygons
2026-09-08 12:57:22 +0800: Memory Usage (610364K) : sab has 0 polygons
2026-09-08 12:57:22 +0800: Memory Usage (608864K) : latchup_mk has 0 polygons
2026-09-08 12:57:22 +0800: Memory Usage (610364K) : esd has 0 polygons
2026-09-08 12:57:22 +0800: Memory Usage (608864K) : guard_ring_mk has 0 polygons
2026-09-08 12:57:22 +0800: Memory Usage (610364K) : resistor has 0 polygons
2026-09-08 12:57:22 +0800: Memory Usage (608864K) : otp_mk has 0 polygons
2026-09-08 12:57:22 +0800: Memory Usage (608864K) : mtpmark has 0 polygons
2026-09-08 12:57:22 +0800: Memory Usage (608864K) : neo_ee_mk has 0 polygons
2026-09-08 12:57:22 +0800: Memory Usage (610364K) : fhres has 0 polygons
2026-09-08 12:57:22 +0800: Memory Usage (608864K) : sramcore has 0 polygons
2026-09-08 12:57:22 +0800: Memory Usage (610364K) : fusetop has 0 polygons
2026-09-08 12:57:22 +0800: Memory Usage (608864K) : lvs_rf has 0 polygons
2026-09-08 12:57:22 +0800: Memory Usage (610364K) : fusewindow_d has 0 polygons
2026-09-08 12:57:22 +0800: Memory Usage (608864K) : lvs_drain has 0 polygons
2026-09-08 12:57:22 +0800: Memory Usage (610364K) : polyfuse has 0 polygons
2026-09-08 12:57:22 +0800: Memory Usage (610364K) : mvsd has 0 polygons
2026-09-08 12:57:22 +0800: Memory Usage (608864K) : ind_mk has 0 polygons
2026-09-08 12:57:22 +0800: Memory Usage (610364K) : mvpsd has 0 polygons
2026-09-08 12:57:22 +0800: Memory Usage (610364K) : nat has 0 polygons
2026-09-08 12:57:22 +0800: Memory Usage (608864K) : hvpolyrs has 0 polygons
2026-09-08 12:57:22 +0800: Memory Usage (610364K) : comp_dummy has 0 polygons
2026-09-08 12:57:22 +0800: Memory Usage (608864K) : lvs_io has 0 polygons
2026-09-08 12:57:23 +0800: Memory Usage (608864K) : probe_mk has 0 polygons
2026-09-08 12:57:23 +0800: Memory Usage (610364K) : poly2_dummy has 0 polygons
2026-09-08 12:57:23 +0800: Memory Usage (610364K) : schottky_diode has 0 polygons
2026-09-08 12:57:23 +0800: Memory Usage (608864K) : esd_mk has 0 polygons
2026-09-08 12:57:23 +0800: Memory Usage (608864K) : lvs_source has 0 polygons
2026-09-08 12:57:23 +0800: Memory Usage (610364K) : zener has 0 polygons
2026-09-08 12:57:23 +0800: Memory Usage (608864K) : well_diode_mk has 0 polygons
2026-09-08 12:57:23 +0800: Memory Usage (610364K) : res_mk has 0 polygons
2026-09-08 12:57:23 +0800: Memory Usage (608864K) : ldmos_xtor has 0 polygons
2026-09-08 12:57:23 +0800: Memory Usage (608864K) : plfuse has 0 polygons
2026-09-08 12:57:23 +0800: Memory Usage (608864K) : efuse_mk has 0 polygons
2026-09-08 12:57:23 +0800: Memory Usage (608864K) : mcell_feol_mk has 0 polygons
2026-09-08 12:57:23 +0800: Memory Usage (608864K) : ymtp_mk has 0 polygons
2026-09-08 12:57:23 +0800: Memory Usage (610364K) : opc_drc has 0 polygons
2026-09-08 12:57:23 +0800: Memory Usage (608864K) : dev_wf_mk has 0 polygons
2026-09-08 12:57:23 +0800: Memory Usage (610364K) : v5_xtor has 1 polygons
2026-09-08 12:57:23 +0800: Memory Usage (610364K) : cap_mk has 0 polygons
2026-09-08 12:57:23 +0800: Memory Usage (608864K) : comp_label has 0 polygons
2026-09-08 12:57:23 +0800: Memory Usage (610364K) : mos_cap_mk has 0 polygons
2026-09-08 12:57:23 +0800: Memory Usage (608864K) : poly2_label has 0 polygons
2026-09-08 12:57:23 +0800: Memory Usage (610364K) : ind_mk has 0 polygons
2026-09-08 12:57:23 +0800: Memory Usage (608864K) : mdiode has 0 polygons
2026-09-08 12:57:23 +0800: Memory Usage (610364K) : diode_mk has 0 polygons
2026-09-08 12:57:23 +0800: Memory Usage (608864K) : ndmy has 0 polygons
2026-09-08 12:57:23 +0800: Memory Usage (610364K) : drc_bjt has 0 polygons
2026-09-08 12:57:23 +0800: Memory Usage (610364K) : lvs_bjt has 0 polygons
2026-09-08 12:57:23 +0800: Memory Usage (610364K) : mim_l_mk has 0 polygons
2026-09-08 12:57:23 +0800: Memory Usage (610364K) : latchup_mk has 0 polygons
2026-09-08 12:57:23 +0800: Memory Usage (610364K) : guard_ring_mk has 0 polygons
2026-09-08 12:57:23 +0800: Memory Usage (610364K) : otp_mk has 0 polygons
2026-09-08 12:57:23 +0800: Memory Usage (610364K) : mtpmark has 0 polygons
2026-09-08 12:57:23 +0800: Memory Usage (610364K) : neo_ee_mk has 0 polygons
2026-09-08 12:57:23 +0800: Memory Usage (610364K) : sramcore has 0 polygons
2026-09-08 12:57:24 +0800: Memory Usage (610364K) : lvs_rf has 0 polygons
2026-09-08 12:57:24 +0800: Memory Usage (610364K) : lvs_drain has 0 polygons
2026-09-08 12:57:21 +0800: Memory Usage (658792K) : Starting deriving base layers.
2026-09-08 12:57:24 +0800: Memory Usage (610364K) : ind_mk has 0 polygons
2026-09-08 12:57:24 +0800: Memory Usage (677332K) : Total area of the design is 302500.0 um^2.
2026-09-08 12:57:24 +0800: Memory Usage (677332K) : Starting GF180MCU DRC rules.
2026-09-08 12:57:24 +0800: Memory Usage (610364K) : hvpolyrs has 0 polygons
2026-09-08 12:57:24 +0800: Memory Usage (677332K) : Running all FEOL rules
2026-09-08 12:57:24 +0800: Memory Usage (610364K) : lvs_io has 0 polygons
2026-09-08 12:57:24 +0800: Memory Usage (677332K) : Running all BEOL rules
2026-09-08 12:57:24 +0800: Memory Usage (610364K) : probe_mk has 0 polygons
2026-09-08 12:57:24 +0800: Memory Usage (610364K) : esd_mk has 0 polygons
2026-09-08 12:57:24 +0800: Memory Usage (677332K) : Starting OTP_MK derivations
2026-09-08 12:57:24 +0800: Memory Usage (610364K) : lvs_source has 0 polygons
2026-09-08 12:57:24 +0800: Memory Usage (677332K) : Executing rule O.DF.3a
2026-09-08 12:57:24 +0800: Memory Usage (610364K) : well_diode_mk has 0 polygons
2026-09-08 12:57:24 +0800: Memory Usage (677332K) : Executing rule O.DF.6
2026-09-08 12:57:21 +0800: Memory Usage (647076K) : Starting deriving base layers.
2026-09-08 12:57:24 +0800: Memory Usage (677332K) : Executing rule O.DF.9
2026-09-08 12:57:24 +0800: Memory Usage (665488K) : Total area of the design is 302500.0 um^2.
2026-09-08 12:57:24 +0800: Memory Usage (677332K) : Executing rule O.PL.2
2026-09-08 12:57:24 +0800: Memory Usage (610364K) : ldmos_xtor has 0 polygons
2026-09-08 12:57:24 +0800: Memory Usage (665488K) : Starting GF180MCU DRC rules.
2026-09-08 12:57:24 +0800: Memory Usage (610364K) : plfuse has 0 polygons
2026-09-08 12:57:24 +0800: Memory Usage (665488K) : Running all FEOL rules
2026-09-08 12:57:24 +0800: Memory Usage (610364K) : efuse_mk has 0 polygons
2026-09-08 12:57:24 +0800: Memory Usage (665488K) : Running all BEOL rules
2026-09-08 12:57:23 +0800: Memory Usage (608864K) : pmndmy has 0 polygons
2026-09-08 12:57:24 +0800: Memory Usage (610364K) : mcell_feol_mk has 0 polygons
2026-09-08 12:57:24 +0800: Memory Usage (665488K) : MetalTop thickness 9k/11k section
2026-09-08 12:57:24 +0800: Memory Usage (610364K) : ymtp_mk has 0 polygons
2026-09-08 12:57:24 +0800: Memory Usage (610364K) : dev_wf_mk has 0 polygons
2026-09-08 12:57:24 +0800: Memory Usage (665488K) : Executing rule MT.1
2026-09-08 12:57:24 +0800: Memory Usage (610596K) : metal1_drawn has 27195 polygons
2026-09-08 12:57:24 +0800: Memory Usage (610364K) : comp_label has 0 polygons
2026-09-08 12:57:24 +0800: Memory Usage (665488K) : Executing rule MT.2a
2026-09-08 12:57:24 +0800: Memory Usage (610364K) : poly2_label has 0 polygons
2026-09-08 12:57:24 +0800: Memory Usage (610596K) : metal1_dummy has 0 polygons
2026-09-08 12:57:24 +0800: Memory Usage (665488K) : Executing rule MT.2b
2026-09-08 12:57:24 +0800: Memory Usage (610364K) : mdiode has 0 polygons
2026-09-08 12:57:24 +0800: Memory Usage (610596K) : metal1_label has 0 polygons
2026-09-08 12:57:21 +0800: Memory Usage (648700K) : Starting deriving base layers.
2026-09-08 12:57:24 +0800: Memory Usage (610364K) : ndmy has 0 polygons
2026-09-08 12:57:24 +0800: Memory Usage (666804K) : Total area of the design is 302500.0 um^2.
2026-09-08 12:57:24 +0800: Memory Usage (610596K) : metal1_slot has 0 polygons
2026-09-08 12:57:24 +0800: Memory Usage (665488K) : Executing rule MT.4
2026-09-08 12:57:24 +0800: Memory Usage (666804K) : Starting GF180MCU DRC rules.
2026-09-08 12:57:24 +0800: Memory Usage (666804K) : Running all FEOL rules
2026-09-08 12:57:24 +0800: Memory Usage (666804K) : Running all BEOL rules
2026-09-08 12:57:24 +0800: Memory Usage (677332K) : Executing rule O.PL.3a
2026-09-08 12:57:25 +0800: Memory Usage (714800K) : Executing rule O.PL.4
2026-09-08 12:57:25 +0800: Memory Usage (714800K) : Executing rule O.SB.2
2026-09-08 12:57:25 +0800: Memory Usage (714800K) : Executing rule O.SB.3
2026-09-08 12:57:24 +0800: Memory Usage (665488K) : metaltop DRC Total Run time 16.51816191 seconds
2026-09-08 12:57:25 +0800: Memory Usage (714800K) : Executing rule O.SB.4
2026-09-08 12:57:25 +0800: Memory Usage (714800K) : Executing rule O.SB.5b_LV
2026-09-08 12:57:25 +0800: Memory Usage (714800K) : Executing rule O.SB.9
2026-09-08 12:57:25 +0800: Memory Usage (714800K) : Executing rule O.SB.11
2026-09-08 12:57:24 +0800: Memory Usage (610364K) : pmndmy has 0 polygons
2026-09-08 12:57:25 +0800: Memory Usage (714800K) : Executing rule O.SB.13_LV
2026-09-08 12:57:24 +0800: Memory Usage (610596K) : metal1_blk has 0 polygons
2026-09-08 12:57:25 +0800: Memory Usage (714800K) : Executing rule O.SB.13_MV
2026-09-08 12:57:25 +0800: Memory Usage (647220K) : metal2_drawn has 17514 polygons
2026-09-08 12:57:25 +0800: Memory Usage (714800K) : Executing rule O.CO.7
2026-09-08 12:57:25 +0800: Memory Usage (647220K) : metal2_dummy has 0 polygons
2026-09-08 12:57:25 +0800: Memory Usage (647220K) : metal2_label has 31 polygons
2026-09-08 12:57:25 +0800: Memory Usage (714800K) : Executing rule O.PL.ORT
2026-09-08 12:57:25 +0800: Memory Usage (647220K) : metal2_slot has 0 polygons
2026-09-08 12:57:24 +0800: Memory Usage (666804K) : Starting comp derivations
2026-09-08 12:57:25 +0800: Memory Usage (670616K) : Executing rule DF.1a_LV
2026-09-08 12:57:25 +0800: Memory Usage (670616K) : Executing rule DF.1a_MV
2026-09-08 12:57:25 +0800: Memory Usage (647220K) : metal2_blk has 0 polygons
2026-09-08 12:57:25 +0800: Memory Usage (670616K) : Executing rule DF.1c
2026-09-08 12:57:25 +0800: Memory Usage (647220K) : metal3_drawn has 9853 polygons
2026-09-08 12:57:25 +0800: Memory Usage (647220K) : metal3_dummy has 0 polygons
2026-09-08 12:57:25 +0800: Memory Usage (670616K) : Executing rule DF.2a_LV
2026-09-08 12:57:25 +0800: Memory Usage (714800K) : otp_mk DRC Total Run time 18.421570973 seconds
2026-09-08 12:57:25 +0800: Memory Usage (647220K) : metal3_label has 0 polygons
2026-09-08 12:57:26 +0800: Memory Usage (647220K) : metal3_slot has 0 polygons
2026-09-08 12:57:26 +0800: Memory Usage (647220K) : metal3_blk has 0 polygons
2026-09-08 12:57:26 +0800: Memory Usage (647220K) : via3 has 8264 polygons
2026-09-08 12:57:26 +0800: Memory Usage (647220K) : metal4_drawn has 1492 polygons
2026-09-08 12:57:26 +0800: Memory Usage (647220K) : metal4_dummy has 0 polygons
2026-09-08 12:57:26 +0800: Memory Usage (647220K) : metal4_label has 0 polygons
2026-09-08 12:57:26 +0800: Memory Usage (647220K) : metal4_slot has 0 polygons
2026-09-08 12:57:25 +0800: Memory Usage (617364K) : contact has 106822 polygons
2026-09-08 12:57:26 +0800: Memory Usage (647220K) : metal4_blk has 0 polygons
2026-09-08 12:57:26 +0800: Memory Usage (628216K) : metal1_drawn has 27195 polygons
2026-09-08 12:57:26 +0800: Memory Usage (647220K) : via4 has 4611 polygons
2026-09-08 12:57:26 +0800: Memory Usage (628216K) : metal1_dummy has 0 polygons
2026-09-08 12:57:26 +0800: Memory Usage (647220K) : metal5_drawn has 269 polygons
2026-09-08 12:57:26 +0800: Memory Usage (628216K) : metal1_label has 0 polygons
2026-09-08 12:57:26 +0800: Memory Usage (647220K) : metal5_dummy has 0 polygons
2026-09-08 12:57:26 +0800: Memory Usage (628216K) : metal1_slot has 0 polygons
2026-09-08 12:57:26 +0800: Memory Usage (647220K) : metal5_label has 0 polygons
2026-09-08 12:57:26 +0800: Memory Usage (647220K) : metal5_slot has 0 polygons
2026-09-08 12:57:26 +0800: Memory Usage (647220K) : metal5_blk has 0 polygons
2026-09-08 12:57:26 +0800: Memory Usage (628216K) : metal1_blk has 0 polygons
2026-09-08 12:57:26 +0800: Memory Usage (647220K) : pad has 0 polygons
2026-09-08 12:57:26 +0800: Memory Usage (647220K) : ubmpperi has 0 polygons
2026-09-08 12:57:26 +0800: Memory Usage (647220K) : ubmparray has 0 polygons
2026-09-08 12:57:26 +0800: Memory Usage (647220K) : ubmeplate has 0 polygons
2026-09-08 12:57:26 +0800: Memory Usage (647220K) : metal1_res has 0 polygons
2026-09-08 12:57:26 +0800: Memory Usage (647220K) : metal2_res has 0 polygons
2026-09-08 12:57:26 +0800: Memory Usage (647220K) : metal3_res has 0 polygons
2026-09-08 12:57:26 +0800: Memory Usage (647220K) : metal4_res has 0 polygons
2026-09-08 12:57:26 +0800: Memory Usage (647220K) : metal5_res has 0 polygons
2026-09-08 12:57:26 +0800: Memory Usage (647220K) : metal6_res has 0 polygons
2026-09-08 12:57:27 +0800: Memory Usage (647220K) : pr_bndry has 1 polygons
2026-09-08 12:57:27 +0800: Memory Usage (647220K) : border has 0 polygons
2026-09-08 12:57:27 +0800: Memory Usage (647220K) : Total no. of polygons in the design is 114250
2026-09-08 12:57:26 +0800: Memory Usage (628216K) : via1 has 24400 polygons
2026-09-08 12:57:27 +0800: Memory Usage (662820K) : metal2_drawn has 17514 polygons
2026-09-08 12:57:27 +0800: Memory Usage (662820K) : metal2_dummy has 0 polygons
2026-09-08 12:57:27 +0800: Memory Usage (662820K) : metal2_label has 31 polygons
2026-09-08 12:57:27 +0800: Memory Usage (662820K) : metal2_slot has 0 polygons
2026-09-08 12:57:27 +0800: Memory Usage (662820K) : metal2_blk has 0 polygons
2026-09-08 12:57:27 +0800: Memory Usage (662820K) : via2 has 21863 polygons
2026-09-08 12:57:27 +0800: Memory Usage (662820K) : metal3_drawn has 9853 polygons
2026-09-08 12:57:27 +0800: Memory Usage (662820K) : metal3_dummy has 0 polygons
2026-09-08 12:57:27 +0800: Memory Usage (662820K) : metal3_label has 0 polygons
2026-09-08 12:57:27 +0800: Memory Usage (662820K) : metal3_slot has 0 polygons
2026-09-08 12:57:27 +0800: Memory Usage (662820K) : metal3_blk has 0 polygons
2026-09-08 12:57:27 +0800: Memory Usage (662820K) : via3 has 8264 polygons
2026-09-08 12:57:27 +0800: Memory Usage (662820K) : metal4_drawn has 1492 polygons
2026-09-08 12:57:25 +0800: Memory Usage (670616K) : Executing rule DF.2a_MV
2026-09-08 12:57:27 +0800: Memory Usage (662820K) : metal4_dummy has 0 polygons
2026-09-08 12:57:27 +0800: Memory Usage (662820K) : metal4_label has 0 polygons
2026-09-08 12:57:27 +0800: Memory Usage (662820K) : metal4_slot has 0 polygons
2026-09-08 12:57:27 +0800: Memory Usage (662820K) : metal4_blk has 0 polygons
2026-09-08 12:57:27 +0800: Memory Usage (670476K) : Executing rule DF.2b
2026-09-08 12:57:28 +0800: Memory Usage (662820K) : via4 has 4611 polygons
2026-09-08 12:57:28 +0800: Memory Usage (670476K) : Executing rule DF.3a_LV
2026-09-08 12:57:28 +0800: Memory Usage (662820K) : metal5_drawn has 269 polygons
2026-09-08 12:57:28 +0800: Memory Usage (662820K) : metal5_dummy has 0 polygons
2026-09-08 12:57:28 +0800: Memory Usage (670476K) : Executing rule DF.3a_MV
2026-09-08 12:57:28 +0800: Memory Usage (662820K) : metal5_label has 0 polygons
2026-09-08 12:57:28 +0800: Memory Usage (662820K) : metal5_slot has 0 polygons
2026-09-08 12:57:28 +0800: Memory Usage (670476K) : Executing rule DF.3b
2026-09-08 12:57:28 +0800: Memory Usage (662820K) : metal5_blk has 0 polygons
2026-09-08 12:57:28 +0800: Memory Usage (670476K) : Executing rule DF.3c_LV
2026-09-08 12:57:28 +0800: Memory Usage (662820K) : pad has 0 polygons
2026-09-08 12:57:28 +0800: Memory Usage (670476K) : Executing rule DF.3c_MV
2026-09-08 12:57:28 +0800: Memory Usage (670476K) : Executing rule DF.4a_LV
2026-09-08 12:57:28 +0800: Memory Usage (670476K) : Executing rule DF.4a_MV
2026-09-08 12:57:28 +0800: Memory Usage (662820K) : ubmpperi has 0 polygons
2026-09-08 12:57:28 +0800: Memory Usage (670476K) : Executing rule DF.4b_LV
2026-09-08 12:57:28 +0800: Memory Usage (662820K) : ubmparray has 0 polygons
2026-09-08 12:57:28 +0800: Memory Usage (670476K) : Executing rule DF.4b_MV
2026-09-08 12:57:28 +0800: Memory Usage (662820K) : ubmeplate has 0 polygons
2026-09-08 12:57:28 +0800: Memory Usage (662820K) : metal1_res has 0 polygons
2026-09-08 12:57:28 +0800: Memory Usage (670476K) : Executing rule DF.4c_LV
2026-09-08 12:57:28 +0800: Memory Usage (662820K) : metal2_res has 0 polygons
2026-09-08 12:57:28 +0800: Memory Usage (662820K) : metal3_res has 0 polygons
2026-09-08 12:57:28 +0800: Memory Usage (670476K) : Executing rule DF.4c_MV
2026-09-08 12:57:28 +0800: Memory Usage (662820K) : metal4_res has 0 polygons
2026-09-08 12:57:28 +0800: Memory Usage (670476K) : Executing rule DF.4d_LV
2026-09-08 12:57:28 +0800: Memory Usage (662820K) : metal5_res has 0 polygons
2026-09-08 12:57:28 +0800: Memory Usage (670476K) : Executing rule DF.4d_MV
2026-09-08 12:57:28 +0800: Memory Usage (670476K) : Executing rule DF.4e_LV
2026-09-08 12:57:28 +0800: Memory Usage (662820K) : metal6_res has 0 polygons
2026-09-08 12:57:28 +0800: Memory Usage (670476K) : Executing rule DF.4e_MV
2026-09-08 12:57:28 +0800: Memory Usage (662820K) : pr_bndry has 1 polygons
2026-09-08 12:57:28 +0800: Memory Usage (670476K) : Executing rule DF.5_LV
2026-09-08 12:57:28 +0800: Memory Usage (662820K) : border has 0 polygons
2026-09-08 12:57:28 +0800: Memory Usage (670476K) : Executing rule DF.5_MV
2026-09-08 12:57:28 +0800: Memory Usage (662820K) : Total no. of polygons in the design is 267335
2026-09-08 12:57:28 +0800: Memory Usage (670476K) : Executing rule DF.6_LV
2026-09-08 12:57:27 +0800: Memory Usage (647220K) : Starting deriving base layers.
2026-09-08 12:57:29 +0800: Memory Usage (664764K) : Total area of the design is 302500.0 um^2.
2026-09-08 12:57:29 +0800: Memory Usage (664764K) : Starting GF180MCU DRC rules.
2026-09-08 12:57:29 +0800: Memory Usage (664764K) : Running all FEOL rules
2026-09-08 12:57:29 +0800: Memory Usage (664764K) : Running all BEOL rules
2026-09-08 12:57:29 +0800: Memory Usage (664764K) : Starting ESD derivations
2026-09-08 12:57:29 +0800: Memory Usage (713184K) : Executing rule DF.6_MV
2026-09-08 12:57:29 +0800: Memory Usage (713184K) : Executing rule DF.7_LV
2026-09-08 12:57:29 +0800: Memory Usage (664764K) : Executing rule ESD.1
2026-09-08 12:57:29 +0800: Memory Usage (713184K) : Executing rule DF.7_MV
2026-09-08 12:57:29 +0800: Memory Usage (664764K) : Executing rule ESD.2
2026-09-08 12:57:29 +0800: Memory Usage (713184K) : Executing rule DF.8_LV
2026-09-08 12:57:29 +0800: Memory Usage (664764K) : Executing rule ESD.3a
2026-09-08 12:57:29 +0800: Memory Usage (664764K) : Executing rule ESD.3b
2026-09-08 12:57:29 +0800: Memory Usage (713184K) : Executing rule DF.8_MV
2026-09-08 12:57:29 +0800: Memory Usage (713184K) : Executing rule DF.9
2026-09-08 12:57:29 +0800: Memory Usage (713184K) : Executing rule DF.10
2026-09-08 12:57:29 +0800: Memory Usage (664764K) : Executing rule ESD.4a
2026-09-08 12:57:29 +0800: Memory Usage (713184K) : Executing rule DF.11
2026-09-08 12:57:29 +0800: Memory Usage (664764K) : Executing rule ESD.4b
2026-09-08 12:57:29 +0800: Memory Usage (664764K) : Executing rule ESD.5a
2026-09-08 12:57:29 +0800: Memory Usage (664764K) : Executing rule ESD.5b
2026-09-08 12:57:29 +0800: Memory Usage (713184K) : Executing rule DF.12
2026-09-08 12:57:30 +0800: Memory Usage (713184K) : Preparations for rule DF.13_LV and DF.13_MV
2026-09-08 12:57:29 +0800: Memory Usage (664764K) : Executing rule ESD.6
2026-09-08 12:57:30 +0800: Memory Usage (689032K) : Executing rule ESD.7
2026-09-08 12:57:30 +0800: Memory Usage (689032K) : Executing rule ESD.8
2026-09-08 12:57:30 +0800: Memory Usage (713184K) : Executing rule DF.13_LV
2026-09-08 12:57:28 +0800: Memory Usage (662820K) : Starting deriving base layers.
2026-09-08 12:57:31 +0800: Memory Usage (681884K) : Total area of the design is 302500.0 um^2.
2026-09-08 12:57:31 +0800: Memory Usage (681884K) : Starting GF180MCU DRC rules.
2026-09-08 12:57:30 +0800: Memory Usage (713184K) : Executing rule DF.13_MV
2026-09-08 12:57:31 +0800: Memory Usage (681884K) : Running all FEOL rules
2026-09-08 12:57:31 +0800: Memory Usage (681884K) : Running all BEOL rules
2026-09-08 12:57:31 +0800: Memory Usage (681884K) : OFFGRID-ANGLES section
2026-09-08 12:57:31 +0800: Memory Usage (713184K) : Executing rule DF.14_LV
2026-09-08 12:57:31 +0800: Memory Usage (681884K) : Executing rule comp_OFFGRID
2026-09-08 12:57:30 +0800: Memory Usage (689032K) : Executing rule ESD.pl
2026-09-08 12:57:31 +0800: Memory Usage (682364K) : Executing rule dnwell_OFFGRID
2026-09-08 12:57:31 +0800: Memory Usage (689032K) : Executing rule ESD.9
2026-09-08 12:57:31 +0800: Memory Usage (682364K) : Executing rule nwell_OFFGRID
2026-09-08 12:57:31 +0800: Memory Usage (689032K) : Executing rule ESD.10
2026-09-08 12:57:31 +0800: Memory Usage (682364K) : Executing rule lvpwell_OFFGRID
2026-09-08 12:57:31 +0800: Memory Usage (682364K) : Executing rule dualgate_OFFGRID
2026-09-08 12:57:31 +0800: Memory Usage (713184K) : Executing rule DF.14_MV
2026-09-08 12:57:31 +0800: Memory Usage (713184K) : Executing rule DF.16_LV
2026-09-08 12:57:31 +0800: Memory Usage (689032K) : esd DRC Total Run time 12.989147367 seconds
2026-09-08 12:57:31 +0800: Memory Usage (713184K) : Executing rule DF.16_MV
2026-09-08 12:57:11 +0800: Memory Usage (701840K) : Executing rule V1.3d
2026-09-08 12:57:31 +0800: Memory Usage (713184K) : Executing rule DF.17_LV
2026-09-08 12:57:31 +0800: Memory Usage (682364K) : Executing rule poly2_OFFGRID
2026-09-08 12:57:31 +0800: Memory Usage (713184K) : Executing rule DF.17_MV
2026-09-08 12:57:31 +0800: Memory Usage (698060K) : Executing rule nplus_OFFGRID
2026-09-08 12:57:31 +0800: Memory Usage (713184K) : Executing rule DF.18
2026-09-08 12:57:32 +0800: Memory Usage (713184K) : Executing rule DF.19_LV
2026-09-08 12:57:32 +0800: Memory Usage (698060K) : Executing rule pplus_OFFGRID
2026-09-08 12:57:32 +0800: Memory Usage (698060K) : Executing rule sab_OFFGRID
2026-09-08 12:57:32 +0800: Memory Usage (698060K) : Executing rule esd_OFFGRID
2026-09-08 12:57:32 +0800: Memory Usage (698060K) : Executing rule resistor_OFFGRID
2026-09-08 12:57:32 +0800: Memory Usage (698060K) : Executing rule fhres_OFFGRID
2026-09-08 12:57:32 +0800: Memory Usage (713184K) : Executing rule DF.19_MV
2026-09-08 12:57:32 +0800: Memory Usage (698060K) : Executing rule fusetop_OFFGRID
2026-09-08 12:57:32 +0800: Memory Usage (698060K) : Executing rule fusewindow_d_OFFGRID
2026-09-08 12:57:32 +0800: Memory Usage (698060K) : Executing rule polyfuse_OFFGRID
2026-09-08 12:57:31 +0800: Memory Usage (714744K) : Executing rule V1.4a
2026-09-08 12:57:32 +0800: Memory Usage (698060K) : Executing rule mvsd_OFFGRID
2026-09-08 12:57:32 +0800: Memory Usage (698060K) : Executing rule mvpsd_OFFGRID
2026-09-08 12:57:32 +0800: Memory Usage (698060K) : Executing rule nat_OFFGRID
2026-09-08 12:57:32 +0800: Memory Usage (713184K) : comp DRC Total Run time 22.665961412 seconds
2026-09-08 12:57:32 +0800: Memory Usage (698060K) : Executing rule comp_dummy_OFFGRID
2026-09-08 12:57:32 +0800: Memory Usage (698060K) : Executing rule poly2_dummy_OFFGRID
2026-09-08 12:57:32 +0800: Memory Usage (698060K) : Executing rule schottky_diode_OFFGRID
2026-09-08 12:57:32 +0800: Memory Usage (698060K) : Executing rule zener_OFFGRID
2026-09-08 12:57:32 +0800: Memory Usage (698060K) : Executing rule res_mk_OFFGRID
2026-09-08 12:57:32 +0800: Memory Usage (698060K) : Executing rule opc_drc_OFFGRID
2026-09-08 12:57:32 +0800: Memory Usage (698060K) : Executing rule ndmy_OFFGRID
2026-09-08 12:57:32 +0800: Memory Usage (698060K) : Executing rule pmndmy_OFFGRID
2026-09-08 12:57:32 +0800: Memory Usage (698060K) : Executing rule v5_xtor_OFFGRID
2026-09-08 12:57:32 +0800: Memory Usage (698060K) : Executing rule cap_mk_OFFGRID
2026-09-08 12:57:32 +0800: Memory Usage (698060K) : Executing rule mos_cap_mk_OFFGRID
2026-09-08 12:57:32 +0800: Memory Usage (698060K) : Executing rule ind_mk_OFFGRID
2026-09-08 12:57:32 +0800: Memory Usage (698060K) : Executing rule diode_mk_OFFGRID
2026-09-08 12:57:32 +0800: Memory Usage (698060K) : Executing rule drc_bjt_OFFGRID
2026-09-08 12:57:32 +0800: Memory Usage (698060K) : Executing rule lvs_bjt_OFFGRID
2026-09-08 12:57:32 +0800: Memory Usage (698060K) : Executing rule mim_l_mk_OFFGRID
2026-09-08 12:57:32 +0800: Memory Usage (698060K) : Executing rule latchup_mk_OFFGRID
2026-09-08 12:57:32 +0800: Memory Usage (698060K) : Executing rule guard_ring_mk_OFFGRID
2026-09-08 12:57:32 +0800: Memory Usage (698060K) : Executing rule otp_mk_OFFGRID
2026-09-08 12:57:32 +0800: Memory Usage (698060K) : Executing rule mtpmark_OFFGRID
2026-09-08 12:57:32 +0800: Memory Usage (714744K) : Executing rule V1.4b
2026-09-08 12:57:32 +0800: Memory Usage (698060K) : Executing rule neo_ee_mk_OFFGRID
2026-09-08 12:57:32 +0800: Memory Usage (698060K) : Executing rule sramcore_OFFGRID
2026-09-08 12:57:32 +0800: Memory Usage (698060K) : Executing rule lvs_rf_OFFGRID
2026-09-08 12:57:32 +0800: Memory Usage (698060K) : Executing rule lvs_drain_OFFGRID
2026-09-08 12:57:32 +0800: Memory Usage (698060K) : Executing rule ind_mk_OFFGRID
2026-09-08 12:57:32 +0800: Memory Usage (698060K) : Executing rule hvpolyrs_OFFGRID
2026-09-08 12:57:32 +0800: Memory Usage (698060K) : Executing rule lvs_io_OFFGRID
2026-09-08 12:57:33 +0800: Memory Usage (698060K) : Executing rule probe_mk_OFFGRID
2026-09-08 12:57:33 +0800: Memory Usage (698060K) : Executing rule esd_mk_OFFGRID
2026-09-08 12:57:33 +0800: Memory Usage (698060K) : Executing rule lvs_source_OFFGRID
2026-09-08 12:57:33 +0800: Memory Usage (698060K) : Executing rule well_diode_mk_OFFGRID
2026-09-08 12:57:33 +0800: Memory Usage (698060K) : Executing rule ldmos_xtor_OFFGRID
2026-09-08 12:57:33 +0800: Memory Usage (698060K) : Executing rule plfuse_OFFGRID
2026-09-08 12:57:33 +0800: Memory Usage (698060K) : Executing rule efuse_mk_OFFGRID
2026-09-08 12:57:33 +0800: Memory Usage (698060K) : Executing rule mcell_feol_mk_OFFGRID
2026-09-08 12:57:33 +0800: Memory Usage (698060K) : Executing rule ymtp_mk_OFFGRID
2026-09-08 12:57:33 +0800: Memory Usage (698060K) : Executing rule dev_wf_mk_OFFGRID
2026-09-08 12:57:33 +0800: Memory Usage (698060K) : Executing rule comp_label_OFFGRID
2026-09-08 12:57:33 +0800: Memory Usage (698060K) : Executing rule poly2_label_OFFGRID
2026-09-08 12:57:33 +0800: Memory Usage (698060K) : Executing rule mdiode_OFFGRID
2026-09-08 12:57:32 +0800: Memory Usage (714744K) : Executing rule V1.4c
2026-09-08 12:57:33 +0800: Memory Usage (714744K) : via1 DRC Total Run time 47.32677759 seconds
2026-09-08 12:57:33 +0800: Memory Usage (698060K) : Executing rule contact_OFFGRID
2026-09-08 12:57:33 +0800: Memory Usage (712588K) : Executing rule metal1_OFFGRID
2026-09-08 12:57:34 +0800: Memory Usage (718984K) : Executing rule metal1_slot_OFFGRID
2026-09-08 12:57:34 +0800: Memory Usage (718984K) : Executing rule metal1_blk_OFFGRID
2026-09-08 12:57:34 +0800: Memory Usage (718984K) : Executing rule metal1_label_OFFGRID
2026-09-08 12:57:34 +0800: Memory Usage (718984K) : Executing rule via1_OFFGRID
2026-09-08 12:57:35 +0800: Memory Usage (718984K) : Executing rule metal2_OFFGRID
2026-09-08 12:57:35 +0800: Memory Usage (718984K) : Executing rule metal2_label_OFFGRID
2026-09-08 12:57:35 +0800: Memory Usage (718984K) : Executing rule metal2_slot_OFFGRID
2026-09-08 12:57:35 +0800: Memory Usage (718984K) : Executing rule metal2_blk_OFFGRID
2026-09-08 12:57:35 +0800: Memory Usage (718984K) : Executing rule via2_OFFGRID
2026-09-08 12:57:35 +0800: Memory Usage (718984K) : Executing rule metal3_OFFGRID
2026-09-08 12:57:35 +0800: Memory Usage (718984K) : Executing rule metal3_dummy_OFFGRID
2026-09-08 12:57:35 +0800: Memory Usage (718984K) : Executing rule metal3_label_OFFGRID
2026-09-08 12:57:35 +0800: Memory Usage (718984K) : Executing rule metal3_blk_OFFGRID
2026-09-08 12:57:35 +0800: Memory Usage (718984K) : Executing rule via3_OFFGRID
2026-09-08 12:57:35 +0800: Memory Usage (718984K) : Executing rule metal4_OFFGRID
2026-09-08 12:57:35 +0800: Memory Usage (718984K) : Executing rule metal4_dummy_OFFGRID
2026-09-08 12:57:35 +0800: Memory Usage (718984K) : Executing rule metal4_label_OFFGRID
2026-09-08 12:57:35 +0800: Memory Usage (718984K) : Executing rule metal4_blk_OFFGRID
2026-09-08 12:57:35 +0800: Memory Usage (718984K) : Executing rule via4_OFFGRID
2026-09-08 12:57:35 +0800: Memory Usage (718984K) : Executing rule metal5_OFFGRID
2026-09-08 12:57:35 +0800: Memory Usage (718984K) : Executing rule metal5_dummy_OFFGRID
2026-09-08 12:57:36 +0800: Memory Usage (718984K) : Executing rule metal5_label_OFFGRID
2026-09-08 12:57:36 +0800: Memory Usage (718984K) : Executing rule metal5_blk_OFFGRID
2026-09-08 12:57:36 +0800: Memory Usage (718984K) : Executing rule pad_OFFGRID
2026-09-08 12:57:36 +0800: Memory Usage (718984K) : Executing rule ubmpperi_OFFGRID
2026-09-08 12:57:36 +0800: Memory Usage (718984K) : Executing rule ubmparray_OFFGRID
2026-09-08 12:57:36 +0800: Memory Usage (718984K) : Executing rule ubmeplate_OFFGRID
2026-09-08 12:57:36 +0800: Memory Usage (718984K) : Executing rule metal1_res_OFFGRID
2026-09-08 12:57:36 +0800: Memory Usage (718984K) : Executing rule metal2_res_OFFGRID
2026-09-08 12:57:36 +0800: Memory Usage (718984K) : Executing rule metal3_res_OFFGRID
2026-09-08 12:57:36 +0800: Memory Usage (718984K) : Executing rule metal4_res_OFFGRID
2026-09-08 12:57:36 +0800: Memory Usage (718984K) : Executing rule metal5_res_OFFGRID
2026-09-08 12:57:36 +0800: Memory Usage (718984K) : Executing rule metal6_res_OFFGRID
2026-09-08 12:57:36 +0800: Memory Usage (718984K) : Executing rule pr_bndry_OFFGRID
2026-09-08 12:57:36 +0800: Memory Usage (718984K) : Executing rule border_OFFGRID
2026-09-08 12:57:36 +0800: Memory Usage (718984K) : geom DRC Total Run time 16.61275905 seconds
2026-09-08 12:57:01 +0800: Memory Usage (781316K) : Executing rule CO.6
2026-09-08 12:57:59 +0800: Memory Usage (781316K) : Executing rule CO.6a
2026-09-08 12:57:22 +0800: Memory Usage (678664K) : Executing rule M1.2a
2026-09-08 12:58:36 +0800: Memory Usage (678664K) : Executing rule M1.2b
2026-09-08 12:58:38 +0800: Memory Usage (751944K) : Executing rule M1.3
2026-09-08 12:58:38 +0800: Memory Usage (751944K) : metal1 DRC Total Run time 94.909020984 seconds
2026-09-08 12:58:01 +0800: Memory Usage (782456K) : Executing rule CO.6b
2026-09-08 12:58:45 +0800: Memory Usage (753124K) : Executing rule CO.7
2026-09-08 12:58:46 +0800: Memory Usage (769284K) : Executing rule CO.8
2026-09-08 12:58:46 +0800: Memory Usage (772308K) : Executing rule CO.9
2026-09-08 12:58:46 +0800: Memory Usage (772308K) : Executing rule CO.10
2026-09-08 12:58:47 +0800: Memory Usage (773188K) : Executing rule CO.11
2026-09-08 12:58:47 +0800: Memory Usage (773188K) : contact DRC Total Run time 138.411019742 seconds
08-Sep-2026 12:58:48 | INFO    | Klayout DRC run is clean. GDS has no DRC violations.
