Instance name,  X location,  Y location,  Voltage 
PHY_264, 10.8, 533.12, 5
PHY_266, 10.8, 533.12, 5
FILLER_132_2, 10.8, 533.12, 5
FILLER_133_2, 10.8, 533.12, 5
FILLER_132_18, 18.9, 533.12, 5
FILLER_133_18, 18.9, 533.12, 5
TAP_1997, 29.7, 533.12, 5
TAP_2010, 29.7, 533.12, 5
FILLER_132_34, 29.7, 533.12, 5
FILLER_132_37, 29.7, 533.12, 5
FILLER_133_34, 29.7, 533.12, 5
FILLER_133_37, 29.7, 533.12, 5
FILLER_132_53, 40.5, 533.12, 5
FILLER_133_53, 40.5, 533.12, 5
TAP_2011, 48.6, 533.12, 5
FILLER_132_69, 48.6, 533.12, 5
FILLER_133_69, 48.6, 533.12, 5
FILLER_133_72, 51.3, 533.12, 5
FILLER_132_85, 56.7, 533.12, 5
FILLER_133_88, 59.4, 533.12, 5
FILLER_132_101, 67.5, 533.12, 5
FILLER_133_104, 67.5, 533.12, 5
TAP_1998, 70.2, 533.12, 5
TAP_2012, 70.2, 533.12, 5
FILLER_132_105, 70.2, 533.12, 5
FILLER_132_108, 70.2, 533.12, 5
FILLER_133_107, 70.2, 533.12, 5
FILLER_132_124, 78.3, 533.12, 5
FILLER_133_123, 78.3, 533.12, 5
TAP_2013, 89.1, 533.12, 5
FILLER_132_140, 89.1, 533.12, 5
FILLER_133_139, 89.1, 533.12, 5
FILLER_133_142, 89.1, 533.12, 5
FILLER_132_156, 97.2, 533.12, 5
FILLER_133_158, 99.9, 533.12, 5
FILLER_132_172, 105.3, 533.12, 5
TAP_1999, 108, 533.12, 5
TAP_2014, 108, 533.12, 5
FILLER_132_176, 108, 533.12, 5
FILLER_133_174, 108, 533.12, 5
FILLER_133_177, 108, 533.12, 5
FILLER_132_179, 110.7, 533.12, 5
FILLER_132_195, 118.8, 533.12, 5
FILLER_133_193, 118.8, 533.12, 5
TAP_2015, 126.9, 533.12, 5
FILLER_132_211, 126.9, 533.12, 5
FILLER_133_209, 126.9, 533.12, 5
FILLER_133_212, 129.6, 533.12, 5
FILLER_132_227, 137.7, 533.12, 5
FILLER_133_228, 137.7, 533.12, 5
FILLER_132_243, 145.8, 533.12, 5
FILLER_133_244, 145.8, 533.12, 5
TAP_2000, 148.5, 533.12, 5
TAP_2016, 148.5, 533.12, 5
FILLER_132_247, 148.5, 533.12, 5
FILLER_133_247, 148.5, 533.12, 5
FILLER_132_250, 151.2, 533.12, 5
FILLER_133_263, 156.6, 533.12, 5
FILLER_132_266, 159.3, 533.12, 5
TAP_2017, 167.4, 533.12, 5
FILLER_132_282, 167.4, 533.12, 5
FILLER_133_279, 167.4, 533.12, 5
FILLER_133_282, 167.4, 533.12, 5
FILLER_132_298, 178.2, 533.12, 5
FILLER_133_298, 178.2, 533.12, 5
TAP_2018, 186.3, 533.12, 5
FILLER_132_314, 186.3, 533.12, 5
FILLER_133_314, 186.3, 533.12, 5
FILLER_133_317, 186.3, 533.12, 5
TAP_2001, 189, 533.12, 5
FILLER_132_318, 189, 533.12, 5
FILLER_132_321, 189, 533.12, 5
FILLER_133_333, 197.1, 533.12, 5
FILLER_132_337, 199.8, 533.12, 5
TAP_2019, 205.2, 533.12, 5
FILLER_133_349, 205.2, 533.12, 5
FILLER_132_353, 207.9, 533.12, 5
FILLER_133_352, 207.9, 533.12, 5
FILLER_132_369, 216, 533.12, 5
FILLER_133_368, 216, 533.12, 5
FILLER_133_384, 224.1, 533.12, 5
TAP_2020, 226.8, 533.12, 5
FILLER_132_385, 226.8, 533.12, 5
FILLER_132_389, 226.8, 533.12, 5
FILLER_133_387, 226.8, 533.12, 5
TAP_2002, 229.5, 533.12, 5
FILLER_132_392, 229.5, 533.12, 5
FILLER_133_403, 234.9, 533.12, 5
FILLER_132_408, 237.6, 533.12, 5
TAP_2021, 245.7, 533.12, 5
FILLER_133_419, 245.7, 533.12, 5
FILLER_133_422, 245.7, 533.12, 5
FILLER_132_424, 248.4, 533.12, 5
FILLER_132_440, 256.5, 533.12, 5
FILLER_133_438, 256.5, 533.12, 5
TAP_2022, 264.6, 533.12, 5
FILLER_132_456, 264.6, 533.12, 5
FILLER_133_454, 264.6, 533.12, 5
TAP_2003, 267.3, 533.12, 5
FILLER_132_460, 267.3, 533.12, 5
FILLER_133_457, 267.3, 533.12, 5
FILLER_132_463, 270, 533.12, 5
FILLER_133_473, 275.4, 533.12, 5
FILLER_132_479, 278.1, 533.12, 5
TAP_2023, 283.5, 533.12, 5
FILLER_133_489, 283.5, 533.12, 5
FILLER_132_495, 286.2, 533.12, 5
FILLER_133_492, 286.2, 533.12, 5
FILLER_133_508, 294.3, 533.12, 5
FILLER_132_511, 297, 533.12, 5
FILLER_133_524, 302.4, 533.12, 5
TAP_2024, 305.1, 533.12, 5
FILLER_132_527, 305.1, 533.12, 5
FILLER_133_527, 305.1, 533.12, 5
TAP_2004, 307.8, 533.12, 5
FILLER_132_531, 307.8, 533.12, 5
FILLER_132_534, 307.8, 533.12, 5
FILLER_133_543, 313.2, 533.12, 5
FILLER_132_550, 318.6, 533.12, 5
TAP_2025, 324, 533.12, 5
FILLER_133_559, 324, 533.12, 5
FILLER_133_562, 324, 533.12, 5
FILLER_132_566, 326.7, 533.12, 5
FILLER_132_582, 334.8, 533.12, 5
FILLER_133_578, 334.8, 533.12, 5
TAP_2026, 342.9, 533.12, 5
FILLER_133_594, 342.9, 533.12, 5
FILLER_132_598, 345.6, 533.12, 5
FILLER_133_597, 345.6, 533.12, 5
TAP_2005, 348.3, 533.12, 5
FILLER_132_602, 348.3, 533.12, 5
FILLER_132_605, 348.3, 533.12, 5
FILLER_133_613, 353.7, 533.12, 5
FILLER_132_621, 359.1, 533.12, 5
TAP_2027, 361.8, 533.12, 5
FILLER_133_629, 361.8, 533.12, 5
FILLER_133_632, 364.5, 533.12, 5
FILLER_132_637, 367.2, 533.12, 5
FILLER_133_648, 372.6, 533.12, 5
FILLER_132_653, 375.3, 533.12, 5
FILLER_133_664, 380.7, 533.12, 5
TAP_2028, 383.4, 533.12, 5
FILLER_132_669, 383.4, 533.12, 5
FILLER_133_667, 383.4, 533.12, 5
FILLER_132_673, 386.1, 533.12, 5
TAP_2006, 388.8, 533.12, 5
FILLER_132_676, 388.8, 533.12, 5
FILLER_133_683, 391.5, 533.12, 5
FILLER_132_692, 396.9, 533.12, 5
TAP_2029, 402.3, 533.12, 5
FILLER_133_699, 402.3, 533.12, 5
FILLER_133_702, 402.3, 533.12, 5
FILLER_132_708, 407.7, 533.12, 5
FILLER_133_718, 413.1, 533.12, 5
FILLER_132_724, 415.8, 533.12, 5
TAP_2030, 421.2, 533.12, 5
FILLER_133_734, 421.2, 533.12, 5
FILLER_132_740, 423.9, 533.12, 5
FILLER_133_737, 423.9, 533.12, 5
TAP_2007, 426.6, 533.12, 5
FILLER_132_744, 426.6, 533.12, 5
FILLER_132_747, 429.3, 533.12, 5
FILLER_133_753, 432, 533.12, 5
FILLER_132_763, 437.4, 533.12, 5
TAP_2031, 440.1, 533.12, 5
FILLER_133_769, 440.1, 533.12, 5
FILLER_133_772, 442.8, 533.12, 5
FILLER_132_779, 445.5, 533.12, 5
FILLER_133_788, 450.9, 533.12, 5
FILLER_132_795, 456.3, 533.12, 5
FILLER_133_804, 459, 533.12, 5
TAP_2032, 461.7, 533.12, 5
FILLER_133_807, 461.7, 533.12, 5
FILLER_132_811, 464.4, 533.12, 5
TAP_2008, 467.1, 533.12, 5
FILLER_132_815, 467.1, 533.12, 5
FILLER_132_818, 467.1, 533.12, 5
FILLER_133_823, 469.8, 533.12, 5
FILLER_132_834, 477.9, 533.12, 5
TAP_2033, 480.6, 533.12, 5
FILLER_133_839, 480.6, 533.12, 5
FILLER_133_842, 480.6, 533.12, 5
FILLER_132_850, 486, 533.12, 5
FILLER_133_858, 491.4, 533.12, 5
FILLER_132_866, 494.1, 533.12, 5
TAP_2034, 499.5, 533.12, 5
FILLER_133_874, 499.5, 533.12, 5
FILLER_133_877, 502.2, 533.12, 5
FILLER_132_882, 504.9, 533.12, 5
FILLER_132_886, 504.9, 533.12, 5
TAP_2009, 507.6, 533.12, 5
FILLER_132_889, 507.6, 533.12, 5
FILLER_133_893, 510.3, 533.12, 5
FILLER_132_905, 515.7, 533.12, 5
TAP_2035, 518.4, 533.12, 5
FILLER_133_909, 518.4, 533.12, 5
FILLER_133_912, 521.1, 533.12, 5
FILLER_132_921, 526.5, 533.12, 5
FILLER_133_928, 529.2, 533.12, 5
FILLER_132_937, 534.6, 533.12, 5
PHY_265, 537.3, 533.12, 5
PHY_267, 537.3, 533.12, 5
FILLER_132_941, 537.3, 533.12, 5
FILLER_132_943, 537.3, 533.12, 5
PHY_260, 10.8, 525.28, 5
PHY_262, 10.8, 525.28, 5
FILLER_130_2, 10.8, 525.28, 5
FILLER_131_2, 10.8, 525.28, 5
FILLER_130_18, 18.9, 525.28, 5
FILLER_131_18, 18.9, 525.28, 5
TAP_1971, 29.7, 525.28, 5
FILLER_130_34, 29.7, 525.28, 5
FILLER_130_37, 29.7, 525.28, 5
FILLER_131_34, 29.7, 525.28, 5
FILLER_131_50, 37.8, 525.28, 5
FILLER_130_53, 40.5, 525.28, 5
FILLER_131_66, 45.9, 525.28, 5
TAP_1984, 48.6, 525.28, 5
FILLER_130_69, 48.6, 525.28, 5
FILLER_131_70, 48.6, 525.28, 5
FILLER_131_73, 51.3, 525.28, 5
FILLER_130_85, 56.7, 525.28, 5
FILLER_131_89, 59.4, 525.28, 5
FILLER_130_101, 67.5, 525.28, 5
TAP_1972, 70.2, 525.28, 5
FILLER_130_105, 70.2, 525.28, 5
FILLER_130_108, 70.2, 525.28, 5
FILLER_131_105, 70.2, 525.28, 5
FILLER_130_124, 78.3, 525.28, 5
FILLER_131_121, 78.3, 525.28, 5
FILLER_131_137, 86.4, 525.28, 5
TAP_1985, 89.1, 525.28, 5
FILLER_130_140, 89.1, 525.28, 5
FILLER_131_141, 89.1, 525.28, 5
FILLER_131_144, 91.8, 525.28, 5
FILLER_130_156, 97.2, 525.28, 5
FILLER_131_160, 99.9, 525.28, 5
FILLER_130_172, 105.3, 525.28, 5
TAP_1973, 108, 525.28, 5
FILLER_130_176, 108, 525.28, 5
FILLER_131_176, 108, 525.28, 5
FILLER_130_179, 110.7, 525.28, 5
FILLER_130_195, 118.8, 525.28, 5
FILLER_131_192, 118.8, 525.28, 5
FILLER_130_211, 126.9, 525.28, 5
FILLER_131_208, 126.9, 525.28, 5
TAP_1986, 129.6, 525.28, 5
FILLER_131_212, 129.6, 525.28, 5
FILLER_131_215, 129.6, 525.28, 5
FILLER_130_227, 137.7, 525.28, 5
FILLER_131_231, 140.4, 525.28, 5
FILLER_130_243, 145.8, 525.28, 5
TAP_1974, 148.5, 525.28, 5
FILLER_130_247, 148.5, 525.28, 5
FILLER_131_247, 148.5, 525.28, 5
FILLER_130_250, 151.2, 525.28, 5
FILLER_131_263, 156.6, 525.28, 5
FILLER_130_266, 159.3, 525.28, 5
FILLER_130_282, 167.4, 525.28, 5
FILLER_131_279, 167.4, 525.28, 5
FILLER_131_283, 167.4, 525.28, 5
TAP_1987, 170.1, 525.28, 5
FILLER_131_286, 170.1, 525.28, 5
FILLER_130_298, 178.2, 525.28, 5
FILLER_131_302, 178.2, 525.28, 5
FILLER_130_314, 186.3, 525.28, 5
TAP_1975, 189, 525.28, 5
FILLER_130_318, 189, 525.28, 5
FILLER_130_321, 189, 525.28, 5
FILLER_131_318, 189, 525.28, 5
FILLER_131_334, 197.1, 525.28, 5
FILLER_130_337, 199.8, 525.28, 5
FILLER_131_350, 205.2, 525.28, 5
TAP_1988, 207.9, 525.28, 5
FILLER_130_353, 207.9, 525.28, 5
FILLER_131_354, 207.9, 525.28, 5
FILLER_131_357, 210.6, 525.28, 5
FILLER_130_369, 216, 525.28, 5
FILLER_131_373, 218.7, 525.28, 5
FILLER_130_385, 226.8, 525.28, 5
FILLER_130_389, 226.8, 525.28, 5
FILLER_131_389, 226.8, 525.28, 5
TAP_1976, 229.5, 525.28, 5
FILLER_130_392, 229.5, 525.28, 5
FILLER_130_408, 237.6, 525.28, 5
FILLER_131_405, 237.6, 525.28, 5
FILLER_131_421, 245.7, 525.28, 5
TAP_1989, 248.4, 525.28, 5
FILLER_130_424, 248.4, 525.28, 5
FILLER_131_425, 248.4, 525.28, 5
FILLER_131_428, 251.1, 525.28, 5
FILLER_130_440, 256.5, 525.28, 5
FILLER_131_444, 259.2, 525.28, 5
FILLER_130_456, 264.6, 525.28, 5
TAP_1977, 267.3, 525.28, 5
FILLER_130_460, 267.3, 525.28, 5
FILLER_131_460, 267.3, 525.28, 5
FILLER_130_463, 270, 525.28, 5
FILLER_131_476, 275.4, 525.28, 5
FILLER_130_479, 278.1, 525.28, 5
FILLER_130_495, 286.2, 525.28, 5
FILLER_131_492, 286.2, 525.28, 5
TAP_1990, 288.9, 525.28, 5
FILLER_131_496, 288.9, 525.28, 5
FILLER_131_499, 288.9, 525.28, 5
FILLER_130_511, 297, 525.28, 5
FILLER_131_515, 299.7, 525.28, 5
FILLER_130_527, 305.1, 525.28, 5
TAP_1978, 307.8, 525.28, 5
FILLER_130_531, 307.8, 525.28, 5
FILLER_130_534, 307.8, 525.28, 5
FILLER_131_531, 307.8, 525.28, 5
FILLER_131_547, 315.9, 525.28, 5
FILLER_130_550, 318.6, 525.28, 5
FILLER_130_566, 326.7, 525.28, 5
FILLER_131_563, 326.7, 525.28, 5
FILLER_131_567, 326.7, 525.28, 5
TAP_1991, 329.4, 525.28, 5
FILLER_131_570, 329.4, 525.28, 5
FILLER_130_582, 334.8, 525.28, 5
FILLER_131_586, 337.5, 525.28, 5
FILLER_130_598, 345.6, 525.28, 5
TAP_1979, 348.3, 525.28, 5
FILLER_130_602, 348.3, 525.28, 5
FILLER_130_605, 348.3, 525.28, 5
FILLER_131_602, 348.3, 525.28, 5
FILLER_131_618, 356.4, 525.28, 5
FILLER_130_621, 359.1, 525.28, 5
FILLER_131_634, 364.5, 525.28, 5
TAP_1992, 367.2, 525.28, 5
FILLER_130_637, 367.2, 525.28, 5
FILLER_131_638, 367.2, 525.28, 5
FILLER_131_641, 369.9, 525.28, 5
FILLER_130_653, 375.3, 525.28, 5
FILLER_131_657, 378, 525.28, 5
FILLER_130_669, 383.4, 525.28, 5
FILLER_130_673, 386.1, 525.28, 5
FILLER_131_673, 386.1, 525.28, 5
TAP_1980, 388.8, 525.28, 5
FILLER_130_676, 388.8, 525.28, 5
FILLER_130_692, 396.9, 525.28, 5
FILLER_131_689, 396.9, 525.28, 5
FILLER_131_705, 405, 525.28, 5
TAP_1993, 407.7, 525.28, 5
FILLER_130_708, 407.7, 525.28, 5
FILLER_131_709, 407.7, 525.28, 5
FILLER_131_712, 407.7, 525.28, 5
FILLER_130_724, 415.8, 525.28, 5
FILLER_131_728, 418.5, 525.28, 5
FILLER_130_740, 423.9, 525.28, 5
TAP_1981, 426.6, 525.28, 5
FILLER_130_744, 426.6, 525.28, 5
FILLER_131_744, 426.6, 525.28, 5
FILLER_130_747, 429.3, 525.28, 5
FILLER_131_760, 434.7, 525.28, 5
FILLER_130_763, 437.4, 525.28, 5
FILLER_130_779, 445.5, 525.28, 5
FILLER_131_776, 445.5, 525.28, 5
TAP_1994, 448.2, 525.28, 5
FILLER_131_780, 448.2, 525.28, 5
FILLER_131_783, 448.2, 525.28, 5
FILLER_130_795, 456.3, 525.28, 5
FILLER_131_799, 456.3, 525.28, 5
FILLER_130_811, 464.4, 525.28, 5
TAP_1982, 467.1, 525.28, 5
FILLER_130_815, 467.1, 525.28, 5
FILLER_130_818, 467.1, 525.28, 5
FILLER_131_815, 467.1, 525.28, 5
FILLER_131_831, 475.2, 525.28, 5
FILLER_130_834, 477.9, 525.28, 5
FILLER_131_847, 483.3, 525.28, 5
TAP_1995, 486, 525.28, 5
FILLER_130_850, 486, 525.28, 5
FILLER_131_851, 486, 525.28, 5
FILLER_131_854, 488.7, 525.28, 5
FILLER_130_866, 494.1, 525.28, 5
FILLER_131_870, 496.8, 525.28, 5
FILLER_130_882, 504.9, 525.28, 5
FILLER_130_886, 504.9, 525.28, 5
FILLER_131_886, 504.9, 525.28, 5
TAP_1983, 507.6, 525.28, 5
FILLER_130_889, 507.6, 525.28, 5
FILLER_130_905, 515.7, 525.28, 5
FILLER_131_902, 515.7, 525.28, 5
FILLER_131_918, 523.8, 525.28, 5
TAP_1996, 526.5, 525.28, 5
FILLER_130_921, 526.5, 525.28, 5
FILLER_131_922, 526.5, 525.28, 5
FILLER_131_925, 529.2, 525.28, 5
FILLER_130_937, 534.6, 525.28, 5
PHY_261, 537.3, 525.28, 5
PHY_263, 537.3, 525.28, 5
FILLER_130_941, 537.3, 525.28, 5
FILLER_130_943, 537.3, 525.28, 5
FILLER_131_941, 537.3, 525.28, 5
FILLER_131_943, 537.3, 525.28, 5
PHY_256, 10.8, 517.44, 5
PHY_258, 10.8, 517.44, 5
FILLER_128_2, 10.8, 517.44, 5
FILLER_129_2, 10.8, 517.44, 5
_10034_, 13.5, 517.44, 5
FILLER_128_6, 13.5, 517.44, 5
_10039_, 16.2, 517.44, 5
FILLER_128_16, 18.9, 517.44, 5
FILLER_129_18, 18.9, 517.44, 5
FILLER_128_32, 27, 517.44, 5
TAP_1945, 29.7, 517.44, 5
FILLER_128_34, 29.7, 517.44, 5
FILLER_128_37, 29.7, 517.44, 5
FILLER_129_34, 29.7, 517.44, 5
FILLER_129_50, 37.8, 517.44, 5
FILLER_128_53, 40.5, 517.44, 5
FILLER_129_66, 45.9, 517.44, 5
TAP_1958, 48.6, 517.44, 5
FILLER_128_69, 48.6, 517.44, 5
FILLER_129_70, 48.6, 517.44, 5
FILLER_129_73, 51.3, 517.44, 5
FILLER_128_85, 56.7, 517.44, 5
FILLER_129_89, 59.4, 517.44, 5
FILLER_128_101, 67.5, 517.44, 5
TAP_1946, 70.2, 517.44, 5
FILLER_128_105, 70.2, 517.44, 5
FILLER_128_108, 70.2, 517.44, 5
FILLER_129_105, 70.2, 517.44, 5
FILLER_128_124, 78.3, 517.44, 5
FILLER_129_121, 78.3, 517.44, 5
FILLER_129_137, 86.4, 517.44, 5
TAP_1959, 89.1, 517.44, 5
FILLER_128_140, 89.1, 517.44, 5
FILLER_129_141, 89.1, 517.44, 5
FILLER_129_144, 91.8, 517.44, 5
FILLER_128_156, 97.2, 517.44, 5
FILLER_129_160, 99.9, 517.44, 5
FILLER_128_172, 105.3, 517.44, 5
TAP_1947, 108, 517.44, 5
FILLER_128_176, 108, 517.44, 5
FILLER_129_176, 108, 517.44, 5
FILLER_128_179, 110.7, 517.44, 5
FILLER_128_195, 118.8, 517.44, 5
FILLER_129_192, 118.8, 517.44, 5
FILLER_128_211, 126.9, 517.44, 5
FILLER_129_208, 126.9, 517.44, 5
TAP_1960, 129.6, 517.44, 5
FILLER_129_212, 129.6, 517.44, 5
FILLER_129_215, 129.6, 517.44, 5
FILLER_128_227, 137.7, 517.44, 5
FILLER_129_231, 140.4, 517.44, 5
FILLER_128_243, 145.8, 517.44, 5
TAP_1948, 148.5, 517.44, 5
FILLER_128_247, 148.5, 517.44, 5
FILLER_129_247, 148.5, 517.44, 5
FILLER_128_250, 151.2, 517.44, 5
FILLER_129_263, 156.6, 517.44, 5
FILLER_128_266, 159.3, 517.44, 5
FILLER_128_282, 167.4, 517.44, 5
FILLER_129_279, 167.4, 517.44, 5
FILLER_129_283, 167.4, 517.44, 5
TAP_1961, 170.1, 517.44, 5
FILLER_129_286, 170.1, 517.44, 5
FILLER_128_298, 178.2, 517.44, 5
FILLER_129_302, 178.2, 517.44, 5
FILLER_128_314, 186.3, 517.44, 5
TAP_1949, 189, 517.44, 5
FILLER_128_318, 189, 517.44, 5
FILLER_128_321, 189, 517.44, 5
FILLER_129_318, 189, 517.44, 5
FILLER_129_334, 197.1, 517.44, 5
FILLER_128_337, 199.8, 517.44, 5
FILLER_129_350, 205.2, 517.44, 5
TAP_1962, 207.9, 517.44, 5
FILLER_128_353, 207.9, 517.44, 5
FILLER_129_354, 207.9, 517.44, 5
FILLER_129_357, 210.6, 517.44, 5
FILLER_128_369, 216, 517.44, 5
FILLER_129_373, 218.7, 517.44, 5
FILLER_128_385, 226.8, 517.44, 5
FILLER_128_389, 226.8, 517.44, 5
FILLER_129_389, 226.8, 517.44, 5
TAP_1950, 229.5, 517.44, 5
FILLER_128_392, 229.5, 517.44, 5
FILLER_128_408, 237.6, 517.44, 5
FILLER_129_405, 237.6, 517.44, 5
FILLER_129_421, 245.7, 517.44, 5
TAP_1963, 248.4, 517.44, 5
FILLER_128_424, 248.4, 517.44, 5
FILLER_129_425, 248.4, 517.44, 5
FILLER_129_428, 251.1, 517.44, 5
FILLER_128_440, 256.5, 517.44, 5
FILLER_129_444, 259.2, 517.44, 5
FILLER_128_456, 264.6, 517.44, 5
TAP_1951, 267.3, 517.44, 5
FILLER_128_460, 267.3, 517.44, 5
FILLER_129_460, 267.3, 517.44, 5
FILLER_128_463, 270, 517.44, 5
FILLER_129_476, 275.4, 517.44, 5
FILLER_128_479, 278.1, 517.44, 5
FILLER_128_495, 286.2, 517.44, 5
FILLER_129_492, 286.2, 517.44, 5
TAP_1964, 288.9, 517.44, 5
FILLER_129_496, 288.9, 517.44, 5
FILLER_129_499, 288.9, 517.44, 5
FILLER_128_511, 297, 517.44, 5
FILLER_129_515, 299.7, 517.44, 5
FILLER_128_527, 305.1, 517.44, 5
TAP_1952, 307.8, 517.44, 5
FILLER_128_531, 307.8, 517.44, 5
FILLER_128_534, 307.8, 517.44, 5
FILLER_129_531, 307.8, 517.44, 5
FILLER_129_547, 315.9, 517.44, 5
FILLER_128_550, 318.6, 517.44, 5
FILLER_128_566, 326.7, 517.44, 5
FILLER_129_563, 326.7, 517.44, 5
FILLER_129_567, 326.7, 517.44, 5
TAP_1965, 329.4, 517.44, 5
FILLER_129_570, 329.4, 517.44, 5
FILLER_128_574, 332.1, 517.44, 5
_06180_, 334.8, 517.44, 5
FILLER_128_578, 334.8, 517.44, 5
_06239_, 337.5, 517.44, 5
FILLER_129_586, 337.5, 517.44, 5
_06238_, 340.2, 517.44, 5
FILLER_129_596, 342.9, 517.44, 5
_06269_, 345.6, 517.44, 5
FILLER_128_599, 345.6, 517.44, 5
_06241_, 348.3, 517.44, 5
TAP_1953, 348.3, 517.44, 5
FILLER_128_605, 348.3, 517.44, 5
FILLER_129_603, 348.3, 517.44, 5
FILLER_129_611, 351, 517.44, 5
_06240_, 353.7, 517.44, 5
_06242_, 353.7, 517.44, 5
FILLER_129_621, 359.1, 517.44, 5
_06183_, 364.5, 517.44, 5
TAP_1966, 367.2, 517.44, 5
FILLER_129_637, 367.2, 517.44, 5
FILLER_129_641, 369.9, 517.44, 5
FILLER_128_647, 372.6, 517.44, 5
_06213_, 375.3, 517.44, 5
FILLER_128_651, 375.3, 517.44, 5
FILLER_128_653, 375.3, 517.44, 5
FILLER_129_657, 378, 517.44, 5
FILLER_128_662, 380.7, 517.44, 5
FILLER_128_670, 386.1, 517.44, 5
FILLER_129_673, 386.1, 517.44, 5
TAP_1954, 388.8, 517.44, 5
FILLER_128_676, 388.8, 517.44, 5
FILLER_128_692, 396.9, 517.44, 5
FILLER_129_689, 396.9, 517.44, 5
FILLER_129_705, 405, 517.44, 5
TAP_1967, 407.7, 517.44, 5
FILLER_128_708, 407.7, 517.44, 5
FILLER_129_709, 407.7, 517.44, 5
FILLER_129_712, 407.7, 517.44, 5
FILLER_128_724, 415.8, 517.44, 5
FILLER_129_728, 418.5, 517.44, 5
FILLER_128_740, 423.9, 517.44, 5
TAP_1955, 426.6, 517.44, 5
FILLER_128_744, 426.6, 517.44, 5
FILLER_129_744, 426.6, 517.44, 5
_06598_, 429.3, 517.44, 5
FILLER_128_755, 432, 517.44, 5
_06599_, 434.7, 517.44, 5
FILLER_128_759, 434.7, 517.44, 5
FILLER_129_760, 434.7, 517.44, 5
FILLER_128_765, 437.4, 517.44, 5
FILLER_129_776, 445.5, 517.44, 5
TAP_1968, 448.2, 517.44, 5
FILLER_128_781, 448.2, 517.44, 5
FILLER_129_780, 448.2, 517.44, 5
FILLER_129_783, 448.2, 517.44, 5
FILLER_128_797, 456.3, 517.44, 5
FILLER_129_799, 456.3, 517.44, 5
FILLER_128_813, 464.4, 517.44, 5
TAP_1956, 467.1, 517.44, 5
FILLER_128_815, 467.1, 517.44, 5
FILLER_128_818, 467.1, 517.44, 5
FILLER_129_815, 467.1, 517.44, 5
FILLER_129_831, 475.2, 517.44, 5
FILLER_128_834, 477.9, 517.44, 5
FILLER_129_847, 483.3, 517.44, 5
TAP_1969, 486, 517.44, 5
FILLER_128_850, 486, 517.44, 5
FILLER_129_851, 486, 517.44, 5
FILLER_129_854, 488.7, 517.44, 5
FILLER_128_866, 494.1, 517.44, 5
FILLER_129_870, 496.8, 517.44, 5
FILLER_128_882, 504.9, 517.44, 5
FILLER_128_886, 504.9, 517.44, 5
FILLER_129_886, 504.9, 517.44, 5
TAP_1957, 507.6, 517.44, 5
FILLER_128_889, 507.6, 517.44, 5
FILLER_128_905, 515.7, 517.44, 5
FILLER_129_902, 515.7, 517.44, 5
FILLER_129_918, 523.8, 517.44, 5
TAP_1970, 526.5, 517.44, 5
FILLER_128_921, 526.5, 517.44, 5
FILLER_129_922, 526.5, 517.44, 5
FILLER_129_925, 529.2, 517.44, 5
FILLER_128_937, 534.6, 517.44, 5
PHY_257, 537.3, 517.44, 5
PHY_259, 537.3, 517.44, 5
FILLER_128_941, 537.3, 517.44, 5
FILLER_128_943, 537.3, 517.44, 5
FILLER_129_941, 537.3, 517.44, 5
FILLER_129_943, 537.3, 517.44, 5
PHY_252, 10.8, 509.6, 5
PHY_254, 10.8, 509.6, 5
FILLER_126_2, 10.8, 509.6, 5
FILLER_127_2, 10.8, 509.6, 5
_10035_, 13.5, 509.6, 5
_10036_, 13.5, 509.6, 5
FILLER_126_6, 13.5, 509.6, 5
FILLER_127_6, 13.5, 509.6, 5
_10037_, 16.2, 509.6, 5
FILLER_126_12, 16.2, 509.6, 5
_10038_, 18.9, 509.6, 5
FILLER_127_20, 21.6, 509.6, 5
FILLER_126_28, 27, 509.6, 5
FILLER_126_32, 27, 509.6, 5
TAP_1919, 29.7, 509.6, 5
FILLER_126_34, 29.7, 509.6, 5
FILLER_126_37, 29.7, 509.6, 5
FILLER_127_36, 29.7, 509.6, 5
FILLER_126_53, 40.5, 509.6, 5
FILLER_127_52, 40.5, 509.6, 5
TAP_1932, 48.6, 509.6, 5
FILLER_126_69, 48.6, 509.6, 5
FILLER_127_68, 48.6, 509.6, 5
FILLER_127_70, 48.6, 509.6, 5
FILLER_127_73, 51.3, 509.6, 5
FILLER_126_85, 56.7, 509.6, 5
FILLER_127_89, 59.4, 509.6, 5
FILLER_126_101, 67.5, 509.6, 5
TAP_1920, 70.2, 509.6, 5
FILLER_126_105, 70.2, 509.6, 5
FILLER_126_108, 70.2, 509.6, 5
FILLER_127_105, 70.2, 509.6, 5
FILLER_126_124, 78.3, 509.6, 5
FILLER_127_121, 78.3, 509.6, 5
FILLER_127_137, 86.4, 509.6, 5
TAP_1933, 89.1, 509.6, 5
FILLER_126_140, 89.1, 509.6, 5
FILLER_127_141, 89.1, 509.6, 5
FILLER_127_144, 91.8, 509.6, 5
FILLER_126_156, 97.2, 509.6, 5
FILLER_127_160, 99.9, 509.6, 5
FILLER_126_172, 105.3, 509.6, 5
TAP_1921, 108, 509.6, 5
FILLER_126_176, 108, 509.6, 5
FILLER_127_176, 108, 509.6, 5
FILLER_126_179, 110.7, 509.6, 5
FILLER_126_195, 118.8, 509.6, 5
FILLER_127_192, 118.8, 509.6, 5
FILLER_126_211, 126.9, 509.6, 5
FILLER_127_208, 126.9, 509.6, 5
TAP_1934, 129.6, 509.6, 5
FILLER_127_212, 129.6, 509.6, 5
FILLER_127_215, 129.6, 509.6, 5
FILLER_126_227, 137.7, 509.6, 5
FILLER_127_231, 140.4, 509.6, 5
FILLER_126_243, 145.8, 509.6, 5
TAP_1922, 148.5, 509.6, 5
FILLER_126_247, 148.5, 509.6, 5
FILLER_127_247, 148.5, 509.6, 5
FILLER_126_250, 151.2, 509.6, 5
FILLER_127_263, 156.6, 509.6, 5
FILLER_126_266, 159.3, 509.6, 5
FILLER_126_282, 167.4, 509.6, 5
FILLER_127_279, 167.4, 509.6, 5
FILLER_127_283, 167.4, 509.6, 5
TAP_1935, 170.1, 509.6, 5
FILLER_127_286, 170.1, 509.6, 5
FILLER_126_298, 178.2, 509.6, 5
FILLER_127_302, 178.2, 509.6, 5
FILLER_126_314, 186.3, 509.6, 5
TAP_1923, 189, 509.6, 5
FILLER_126_318, 189, 509.6, 5
FILLER_126_321, 189, 509.6, 5
FILLER_127_318, 189, 509.6, 5
FILLER_127_334, 197.1, 509.6, 5
FILLER_126_337, 199.8, 509.6, 5
FILLER_127_350, 205.2, 509.6, 5
TAP_1936, 207.9, 509.6, 5
FILLER_126_353, 207.9, 509.6, 5
FILLER_127_354, 207.9, 509.6, 5
FILLER_127_357, 210.6, 509.6, 5
FILLER_126_369, 216, 509.6, 5
FILLER_127_373, 218.7, 509.6, 5
FILLER_126_385, 226.8, 509.6, 5
FILLER_126_389, 226.8, 509.6, 5
FILLER_127_389, 226.8, 509.6, 5
TAP_1924, 229.5, 509.6, 5
FILLER_126_392, 229.5, 509.6, 5
FILLER_126_408, 237.6, 509.6, 5
FILLER_127_405, 237.6, 509.6, 5
FILLER_127_421, 245.7, 509.6, 5
TAP_1937, 248.4, 509.6, 5
FILLER_126_424, 248.4, 509.6, 5
FILLER_127_425, 248.4, 509.6, 5
FILLER_127_428, 251.1, 509.6, 5
FILLER_126_440, 256.5, 509.6, 5
FILLER_127_444, 259.2, 509.6, 5
FILLER_126_456, 264.6, 509.6, 5
TAP_1925, 267.3, 509.6, 5
FILLER_126_460, 267.3, 509.6, 5
FILLER_127_460, 267.3, 509.6, 5
FILLER_126_463, 270, 509.6, 5
FILLER_127_476, 275.4, 509.6, 5
FILLER_126_479, 278.1, 509.6, 5
FILLER_126_495, 286.2, 509.6, 5
FILLER_127_492, 286.2, 509.6, 5
TAP_1938, 288.9, 509.6, 5
FILLER_127_496, 288.9, 509.6, 5
FILLER_127_499, 288.9, 509.6, 5
FILLER_126_511, 297, 509.6, 5
FILLER_127_515, 299.7, 509.6, 5
FILLER_126_527, 305.1, 509.6, 5
TAP_1926, 307.8, 509.6, 5
FILLER_126_531, 307.8, 509.6, 5
FILLER_126_534, 307.8, 509.6, 5
FILLER_127_531, 307.8, 509.6, 5
_06270_, 310.5, 509.6, 5
_06277_, 313.2, 509.6, 5
_06234_, 315.9, 509.6, 5
FILLER_127_547, 315.9, 509.6, 5
_06179_, 321.3, 509.6, 5
FILLER_127_559, 324, 509.6, 5
_06225_, 326.7, 509.6, 5
_06285_, 326.7, 509.6, 5
_06237_, 329.4, 509.6, 5
TAP_1939, 329.4, 509.6, 5
FILLER_126_587, 337.5, 509.6, 5
_06181_, 340.2, 509.6, 5
_06286_, 342.9, 509.6, 5
FILLER_126_600, 345.6, 509.6, 5
TAP_1927, 348.3, 509.6, 5
FILLER_126_602, 348.3, 509.6, 5
FILLER_126_605, 348.3, 509.6, 5
FILLER_127_617, 356.4, 509.6, 5
_06182_, 359.1, 509.6, 5
_06287_, 359.1, 509.6, 5
FILLER_126_621, 359.1, 509.6, 5
FILLER_126_623, 359.1, 509.6, 5
_06243_, 361.8, 509.6, 5
TAP_1940, 367.2, 509.6, 5
FILLER_127_641, 369.9, 509.6, 5
_06244_, 372.6, 509.6, 5
FILLER_126_647, 372.6, 509.6, 5
FILLER_126_649, 372.6, 509.6, 5
FILLER_127_645, 372.6, 509.6, 5
_06186_, 375.3, 509.6, 5
_06184_, 380.7, 509.6, 5
_06266_, 383.4, 509.6, 5
TAP_1928, 388.8, 509.6, 5
FILLER_126_676, 388.8, 509.6, 5
FILLER_127_676, 388.8, 509.6, 5
FILLER_126_692, 396.9, 509.6, 5
FILLER_127_692, 396.9, 509.6, 5
TAP_1941, 407.7, 509.6, 5
FILLER_126_708, 407.7, 509.6, 5
FILLER_127_708, 407.7, 509.6, 5
FILLER_127_712, 407.7, 509.6, 5
FILLER_126_724, 415.8, 509.6, 5
_06506_, 418.5, 509.6, 5
FILLER_126_728, 418.5, 509.6, 5
FILLER_126_730, 418.5, 509.6, 5
FILLER_127_728, 418.5, 509.6, 5
_06558_, 421.2, 509.6, 5
FILLER_127_732, 421.2, 509.6, 5
_06557_, 423.9, 509.6, 5
TAP_1929, 426.6, 509.6, 5
_06554_, 429.3, 509.6, 5
_06568_, 432, 509.6, 5
FILLER_126_752, 432, 509.6, 5
_06600_, 434.7, 509.6, 5
_06616_, 440.1, 509.6, 5
FILLER_127_770, 440.1, 509.6, 5
FILLER_127_778, 445.5, 509.6, 5
TAP_1942, 448.2, 509.6, 5
FILLER_127_780, 448.2, 509.6, 5
FILLER_127_783, 448.2, 509.6, 5
FILLER_126_789, 450.9, 509.6, 5
FILLER_126_793, 453.6, 509.6, 5
FILLER_127_791, 453.6, 509.6, 5
_06507_, 456.3, 509.6, 5
_06508_, 456.3, 509.6, 5
FILLER_126_795, 456.3, 509.6, 5
FILLER_127_795, 456.3, 509.6, 5
FILLER_127_797, 456.3, 509.6, 5
_06550_, 461.7, 509.6, 5
FILLER_127_808, 461.7, 509.6, 5
TAP_1930, 467.1, 509.6, 5
FILLER_126_818, 467.1, 509.6, 5
_06569_, 472.5, 509.6, 5
FILLER_127_824, 472.5, 509.6, 5
FILLER_126_832, 475.2, 509.6, 5
FILLER_127_840, 480.6, 509.6, 5
TAP_1943, 486, 509.6, 5
FILLER_126_848, 486, 509.6, 5
FILLER_127_848, 486, 509.6, 5
FILLER_127_854, 488.7, 509.6, 5
FILLER_126_864, 494.1, 509.6, 5
FILLER_127_870, 496.8, 509.6, 5
FILLER_126_880, 502.2, 509.6, 5
FILLER_126_884, 504.9, 509.6, 5
FILLER_126_886, 504.9, 509.6, 5
FILLER_127_886, 504.9, 509.6, 5
TAP_1931, 507.6, 509.6, 5
FILLER_126_889, 507.6, 509.6, 5
FILLER_126_905, 515.7, 509.6, 5
FILLER_127_902, 515.7, 509.6, 5
FILLER_127_918, 523.8, 509.6, 5
TAP_1944, 526.5, 509.6, 5
FILLER_126_921, 526.5, 509.6, 5
FILLER_127_922, 526.5, 509.6, 5
FILLER_127_925, 529.2, 509.6, 5
FILLER_126_937, 534.6, 509.6, 5
PHY_253, 537.3, 509.6, 5
PHY_255, 537.3, 509.6, 5
FILLER_126_941, 537.3, 509.6, 5
FILLER_126_943, 537.3, 509.6, 5
FILLER_127_941, 537.3, 509.6, 5
FILLER_127_943, 537.3, 509.6, 5
PHY_248, 10.8, 501.76, 5
PHY_250, 10.8, 501.76, 5
FILLER_124_2, 10.8, 501.76, 5
FILLER_125_2, 10.8, 501.76, 5
FILLER_124_18, 18.9, 501.76, 5
FILLER_125_18, 18.9, 501.76, 5
TAP_1893, 29.7, 501.76, 5
FILLER_124_34, 29.7, 501.76, 5
FILLER_124_37, 29.7, 501.76, 5
FILLER_125_34, 29.7, 501.76, 5
FILLER_125_50, 37.8, 501.76, 5
FILLER_124_53, 40.5, 501.76, 5
FILLER_125_66, 45.9, 501.76, 5
TAP_1906, 48.6, 501.76, 5
FILLER_124_69, 48.6, 501.76, 5
FILLER_125_70, 48.6, 501.76, 5
FILLER_125_73, 51.3, 501.76, 5
FILLER_124_85, 56.7, 501.76, 5
FILLER_125_89, 59.4, 501.76, 5
FILLER_124_101, 67.5, 501.76, 5
TAP_1894, 70.2, 501.76, 5
FILLER_124_105, 70.2, 501.76, 5
FILLER_124_108, 70.2, 501.76, 5
FILLER_125_105, 70.2, 501.76, 5
FILLER_124_124, 78.3, 501.76, 5
FILLER_125_121, 78.3, 501.76, 5
FILLER_125_137, 86.4, 501.76, 5
TAP_1907, 89.1, 501.76, 5
FILLER_124_140, 89.1, 501.76, 5
FILLER_125_141, 89.1, 501.76, 5
FILLER_125_144, 91.8, 501.76, 5
FILLER_124_156, 97.2, 501.76, 5
FILLER_125_160, 99.9, 501.76, 5
FILLER_124_172, 105.3, 501.76, 5
TAP_1895, 108, 501.76, 5
FILLER_124_176, 108, 501.76, 5
FILLER_125_176, 108, 501.76, 5
FILLER_124_179, 110.7, 501.76, 5
FILLER_124_195, 118.8, 501.76, 5
FILLER_125_192, 118.8, 501.76, 5
FILLER_124_211, 126.9, 501.76, 5
FILLER_125_208, 126.9, 501.76, 5
TAP_1908, 129.6, 501.76, 5
FILLER_125_212, 129.6, 501.76, 5
FILLER_125_215, 129.6, 501.76, 5
FILLER_124_227, 137.7, 501.76, 5
FILLER_125_231, 140.4, 501.76, 5
FILLER_124_243, 145.8, 501.76, 5
TAP_1896, 148.5, 501.76, 5
FILLER_124_247, 148.5, 501.76, 5
FILLER_125_247, 148.5, 501.76, 5
FILLER_124_250, 151.2, 501.76, 5
FILLER_125_263, 156.6, 501.76, 5
FILLER_124_266, 159.3, 501.76, 5
FILLER_124_282, 167.4, 501.76, 5
FILLER_125_279, 167.4, 501.76, 5
FILLER_125_283, 167.4, 501.76, 5
TAP_1909, 170.1, 501.76, 5
FILLER_125_286, 170.1, 501.76, 5
FILLER_124_298, 178.2, 501.76, 5
FILLER_125_302, 178.2, 501.76, 5
FILLER_124_314, 186.3, 501.76, 5
TAP_1897, 189, 501.76, 5
FILLER_124_318, 189, 501.76, 5
FILLER_124_321, 189, 501.76, 5
FILLER_125_318, 189, 501.76, 5
FILLER_125_334, 197.1, 501.76, 5
FILLER_124_337, 199.8, 501.76, 5
FILLER_125_350, 205.2, 501.76, 5
TAP_1910, 207.9, 501.76, 5
FILLER_124_353, 207.9, 501.76, 5
FILLER_125_354, 207.9, 501.76, 5
FILLER_125_357, 210.6, 501.76, 5
FILLER_124_369, 216, 501.76, 5
FILLER_125_373, 218.7, 501.76, 5
FILLER_124_385, 226.8, 501.76, 5
FILLER_124_389, 226.8, 501.76, 5
FILLER_125_389, 226.8, 501.76, 5
TAP_1898, 229.5, 501.76, 5
FILLER_124_392, 229.5, 501.76, 5
FILLER_124_408, 237.6, 501.76, 5
FILLER_125_405, 237.6, 501.76, 5
FILLER_125_421, 245.7, 501.76, 5
TAP_1911, 248.4, 501.76, 5
FILLER_124_424, 248.4, 501.76, 5
FILLER_125_425, 248.4, 501.76, 5
FILLER_125_428, 251.1, 501.76, 5
FILLER_124_440, 256.5, 501.76, 5
FILLER_125_444, 259.2, 501.76, 5
FILLER_124_456, 264.6, 501.76, 5
TAP_1899, 267.3, 501.76, 5
FILLER_124_460, 267.3, 501.76, 5
FILLER_125_460, 267.3, 501.76, 5
FILLER_124_463, 270, 501.76, 5
FILLER_125_476, 275.4, 501.76, 5
FILLER_124_479, 278.1, 501.76, 5
FILLER_124_495, 286.2, 501.76, 5
FILLER_125_492, 286.2, 501.76, 5
TAP_1912, 288.9, 501.76, 5
FILLER_125_496, 288.9, 501.76, 5
FILLER_125_499, 288.9, 501.76, 5
FILLER_124_511, 297, 501.76, 5
FILLER_125_515, 299.7, 501.76, 5
FILLER_124_527, 305.1, 501.76, 5
TAP_1900, 307.8, 501.76, 5
FILLER_124_531, 307.8, 501.76, 5
FILLER_124_534, 307.8, 501.76, 5
FILLER_125_531, 307.8, 501.76, 5
_06271_, 313.2, 501.76, 5
FILLER_124_542, 313.2, 501.76, 5
FILLER_125_539, 313.2, 501.76, 5
_06274_, 315.9, 501.76, 5
FILLER_124_546, 315.9, 501.76, 5
FILLER_124_552, 318.6, 501.76, 5
FILLER_125_556, 321.3, 501.76, 5
_06236_, 324, 501.76, 5
_06235_, 329.4, 501.76, 5
TAP_1913, 329.4, 501.76, 5
FILLER_124_568, 329.4, 501.76, 5
FILLER_124_576, 332.1, 501.76, 5
_06177_, 334.8, 501.76, 5
FILLER_124_580, 334.8, 501.76, 5
FILLER_125_578, 334.8, 501.76, 5
_06176_, 337.5, 501.76, 5
FILLER_125_586, 337.5, 501.76, 5
_06218_, 342.9, 501.76, 5
_06220_, 342.9, 501.76, 5
_06268_, 348.3, 501.76, 5
TAP_1901, 348.3, 501.76, 5
_06170_, 353.7, 501.76, 5
FILLER_125_616, 353.7, 501.76, 5
_06267_, 356.4, 501.76, 5
FILLER_125_632, 364.5, 501.76, 5
_06214_, 367.2, 501.76, 5
TAP_1914, 367.2, 501.76, 5
FILLER_125_636, 367.2, 501.76, 5
FILLER_125_638, 367.2, 501.76, 5
_06122_, 369.9, 501.76, 5
FILLER_125_641, 369.9, 501.76, 5
_06245_, 372.6, 501.76, 5
FILLER_124_649, 372.6, 501.76, 5
_06185_, 375.3, 501.76, 5
_06246_, 375.3, 501.76, 5
FILLER_124_661, 380.7, 501.76, 5
_06212_, 383.4, 501.76, 5
FILLER_124_665, 383.4, 501.76, 5
FILLER_125_665, 383.4, 501.76, 5
FILLER_125_669, 383.4, 501.76, 5
_06187_, 386.1, 501.76, 5
FILLER_125_671, 386.1, 501.76, 5
_06188_, 388.8, 501.76, 5
TAP_1902, 388.8, 501.76, 5
FILLER_125_678, 388.8, 501.76, 5
FILLER_124_688, 394.2, 501.76, 5
_06555_, 396.9, 501.76, 5
FILLER_124_695, 399.6, 501.76, 5
FILLER_125_694, 399.6, 501.76, 5
FILLER_125_702, 402.3, 501.76, 5
_06613_, 405, 501.76, 5
FILLER_125_704, 405, 501.76, 5
_06615_, 407.7, 501.76, 5
TAP_1915, 407.7, 501.76, 5
FILLER_124_711, 407.7, 501.76, 5
_06563_, 418.5, 501.76, 5
_06561_, 421.2, 501.76, 5
FILLER_125_735, 421.2, 501.76, 5
_06556_, 423.9, 501.76, 5
FILLER_124_740, 423.9, 501.76, 5
FILLER_125_739, 423.9, 501.76, 5
TAP_1903, 426.6, 501.76, 5
FILLER_124_744, 426.6, 501.76, 5
FILLER_125_746, 426.6, 501.76, 5
_06565_, 429.3, 501.76, 5
_06566_, 429.3, 501.76, 5
FILLER_124_752, 432, 501.76, 5
_06567_, 434.7, 501.76, 5
FILLER_125_765, 437.4, 501.76, 5
_06467_, 440.1, 501.76, 5
FILLER_124_768, 440.1, 501.76, 5
FILLER_124_774, 442.8, 501.76, 5
_06517_, 448.2, 501.76, 5
TAP_1916, 448.2, 501.76, 5
FILLER_125_783, 448.2, 501.76, 5
_06551_, 450.9, 501.76, 5
_06460_, 453.6, 501.76, 5
_06505_, 453.6, 501.76, 5
_06509_, 456.3, 501.76, 5
_06518_, 459, 501.76, 5
FILLER_124_802, 459, 501.76, 5
_06552_, 464.4, 501.76, 5
TAP_1904, 467.1, 501.76, 5
FILLER_124_818, 467.1, 501.76, 5
_06619_, 469.8, 501.76, 5
_06570_, 472.5, 501.76, 5
_06617_, 480.6, 501.76, 5
_06571_, 483.3, 501.76, 5
FILLER_125_846, 483.3, 501.76, 5
TAP_1917, 486, 501.76, 5
FILLER_125_850, 486, 501.76, 5
FILLER_124_855, 488.7, 501.76, 5
FILLER_125_854, 488.7, 501.76, 5
FILLER_124_871, 496.8, 501.76, 5
FILLER_125_870, 496.8, 501.76, 5
FILLER_125_886, 504.9, 501.76, 5
TAP_1905, 507.6, 501.76, 5
FILLER_124_889, 507.6, 501.76, 5
FILLER_124_905, 515.7, 501.76, 5
FILLER_125_902, 515.7, 501.76, 5
FILLER_125_918, 523.8, 501.76, 5
TAP_1918, 526.5, 501.76, 5
FILLER_124_921, 526.5, 501.76, 5
FILLER_125_922, 526.5, 501.76, 5
FILLER_125_925, 529.2, 501.76, 5
FILLER_124_937, 534.6, 501.76, 5
PHY_249, 537.3, 501.76, 5
PHY_251, 537.3, 501.76, 5
FILLER_124_941, 537.3, 501.76, 5
FILLER_124_943, 537.3, 501.76, 5
FILLER_125_941, 537.3, 501.76, 5
FILLER_125_943, 537.3, 501.76, 5
PHY_244, 10.8, 493.92, 5
PHY_246, 10.8, 493.92, 5
FILLER_122_2, 10.8, 493.92, 5
FILLER_123_2, 10.8, 493.92, 5
FILLER_122_18, 18.9, 493.92, 5
FILLER_123_18, 18.9, 493.92, 5
TAP_1867, 29.7, 493.92, 5
FILLER_122_34, 29.7, 493.92, 5
FILLER_122_37, 29.7, 493.92, 5
FILLER_123_34, 29.7, 493.92, 5
FILLER_123_50, 37.8, 493.92, 5
FILLER_122_53, 40.5, 493.92, 5
FILLER_123_66, 45.9, 493.92, 5
TAP_1880, 48.6, 493.92, 5
FILLER_122_69, 48.6, 493.92, 5
FILLER_123_70, 48.6, 493.92, 5
FILLER_123_73, 51.3, 493.92, 5
FILLER_122_85, 56.7, 493.92, 5
FILLER_123_89, 59.4, 493.92, 5
FILLER_122_101, 67.5, 493.92, 5
TAP_1868, 70.2, 493.92, 5
FILLER_122_105, 70.2, 493.92, 5
FILLER_122_108, 70.2, 493.92, 5
FILLER_123_105, 70.2, 493.92, 5
FILLER_122_124, 78.3, 493.92, 5
FILLER_123_121, 78.3, 493.92, 5
FILLER_123_137, 86.4, 493.92, 5
TAP_1881, 89.1, 493.92, 5
FILLER_122_140, 89.1, 493.92, 5
FILLER_123_141, 89.1, 493.92, 5
FILLER_123_144, 91.8, 493.92, 5
FILLER_122_156, 97.2, 493.92, 5
FILLER_123_160, 99.9, 493.92, 5
FILLER_122_172, 105.3, 493.92, 5
TAP_1869, 108, 493.92, 5
FILLER_122_176, 108, 493.92, 5
FILLER_123_176, 108, 493.92, 5
FILLER_122_179, 110.7, 493.92, 5
FILLER_122_195, 118.8, 493.92, 5
FILLER_123_192, 118.8, 493.92, 5
FILLER_122_211, 126.9, 493.92, 5
FILLER_123_208, 126.9, 493.92, 5
TAP_1882, 129.6, 493.92, 5
FILLER_123_212, 129.6, 493.92, 5
FILLER_123_215, 129.6, 493.92, 5
FILLER_122_227, 137.7, 493.92, 5
FILLER_123_231, 140.4, 493.92, 5
FILLER_122_243, 145.8, 493.92, 5
TAP_1870, 148.5, 493.92, 5
FILLER_122_247, 148.5, 493.92, 5
FILLER_123_247, 148.5, 493.92, 5
FILLER_122_250, 151.2, 493.92, 5
FILLER_123_263, 156.6, 493.92, 5
FILLER_122_266, 159.3, 493.92, 5
FILLER_122_282, 167.4, 493.92, 5
FILLER_123_279, 167.4, 493.92, 5
FILLER_123_283, 167.4, 493.92, 5
TAP_1883, 170.1, 493.92, 5
FILLER_123_286, 170.1, 493.92, 5
FILLER_122_298, 178.2, 493.92, 5
FILLER_123_302, 178.2, 493.92, 5
FILLER_122_314, 186.3, 493.92, 5
TAP_1871, 189, 493.92, 5
FILLER_122_318, 189, 493.92, 5
FILLER_122_321, 189, 493.92, 5
FILLER_123_318, 189, 493.92, 5
FILLER_123_334, 197.1, 493.92, 5
FILLER_122_337, 199.8, 493.92, 5
FILLER_123_350, 205.2, 493.92, 5
TAP_1884, 207.9, 493.92, 5
FILLER_122_353, 207.9, 493.92, 5
FILLER_123_354, 207.9, 493.92, 5
FILLER_123_357, 210.6, 493.92, 5
FILLER_122_369, 216, 493.92, 5
FILLER_123_373, 218.7, 493.92, 5
FILLER_122_385, 226.8, 493.92, 5
FILLER_122_389, 226.8, 493.92, 5
FILLER_123_389, 226.8, 493.92, 5
TAP_1872, 229.5, 493.92, 5
FILLER_122_392, 229.5, 493.92, 5
FILLER_122_408, 237.6, 493.92, 5
FILLER_123_405, 237.6, 493.92, 5
FILLER_123_421, 245.7, 493.92, 5
_05740_, 248.4, 493.92, 5
TAP_1885, 248.4, 493.92, 5
FILLER_122_424, 248.4, 493.92, 5
FILLER_123_425, 248.4, 493.92, 5
_05855_, 251.1, 493.92, 5
FILLER_123_428, 251.1, 493.92, 5
_05853_, 259.2, 493.92, 5
FILLER_123_444, 259.2, 493.92, 5
_05881_, 261.9, 493.92, 5
FILLER_123_451, 261.9, 493.92, 5
_05854_, 264.6, 493.92, 5
_05915_, 267.3, 493.92, 5
TAP_1873, 267.3, 493.92, 5
_05882_, 270, 493.92, 5
_05914_, 270, 493.92, 5
FILLER_123_470, 272.7, 493.92, 5
FILLER_122_476, 275.4, 493.92, 5
FILLER_122_484, 280.8, 493.92, 5
_05848_, 283.5, 493.92, 5
FILLER_123_486, 283.5, 493.92, 5
_05834_, 286.2, 493.92, 5
FILLER_123_494, 286.2, 493.92, 5
_05910_, 288.9, 493.92, 5
_05913_, 288.9, 493.92, 5
TAP_1886, 288.9, 493.92, 5
FILLER_123_496, 288.9, 493.92, 5
_05912_, 291.6, 493.92, 5
_05832_, 294.3, 493.92, 5
FILLER_123_509, 294.3, 493.92, 5
FILLER_122_514, 297, 493.92, 5
FILLER_122_522, 302.4, 493.92, 5
_06278_, 305.1, 493.92, 5
FILLER_122_526, 305.1, 493.92, 5
FILLER_123_525, 305.1, 493.92, 5
_06279_, 307.8, 493.92, 5
TAP_1874, 307.8, 493.92, 5
FILLER_123_533, 307.8, 493.92, 5
_06284_, 310.5, 493.92, 5
_06233_, 315.9, 493.92, 5
_06272_, 318.6, 493.92, 5
FILLER_122_551, 318.6, 493.92, 5
_06224_, 321.3, 493.92, 5
FILLER_123_558, 321.3, 493.92, 5
FILLER_123_566, 326.7, 493.92, 5
_06223_, 329.4, 493.92, 5
TAP_1887, 329.4, 493.92, 5
_06171_, 334.8, 493.92, 5
_06221_, 334.8, 493.92, 5
FILLER_123_578, 334.8, 493.92, 5
FILLER_123_580, 334.8, 493.92, 5
_06217_, 337.5, 493.92, 5
FILLER_122_585, 337.5, 493.92, 5
_06174_, 342.9, 493.92, 5
_06219_, 342.9, 493.92, 5
FILLER_122_599, 345.6, 493.92, 5
_06215_, 348.3, 493.92, 5
TAP_1875, 348.3, 493.92, 5
FILLER_122_605, 348.3, 493.92, 5
_06127_, 351, 493.92, 5
_06166_, 351, 493.92, 5
FILLER_122_609, 351, 493.92, 5
FILLER_123_609, 351, 493.92, 5
FILLER_122_616, 353.7, 493.92, 5
_06164_, 356.4, 493.92, 5
_06169_, 356.4, 493.92, 5
_06168_, 359.1, 493.92, 5
FILLER_122_623, 359.1, 493.92, 5
_06089_, 361.8, 493.92, 5
FILLER_122_627, 361.8, 493.92, 5
FILLER_122_629, 361.8, 493.92, 5
_06165_, 364.5, 493.92, 5
_06124_, 367.2, 493.92, 5
TAP_1888, 367.2, 493.92, 5
FILLER_123_637, 367.2, 493.92, 5
_06121_, 369.9, 493.92, 5
FILLER_123_641, 369.9, 493.92, 5
_06163_, 372.6, 493.92, 5
_06131_, 378, 493.92, 5
FILLER_123_655, 378, 493.92, 5
_06132_, 380.7, 493.92, 5
FILLER_122_661, 380.7, 493.92, 5
FILLER_123_665, 383.4, 493.92, 5
FILLER_123_669, 383.4, 493.92, 5
_06189_, 386.1, 493.92, 5
TAP_1876, 388.8, 493.92, 5
FILLER_122_676, 388.8, 493.92, 5
_06601_, 391.5, 493.92, 5
_06602_, 394.2, 493.92, 5
_06610_, 394.2, 493.92, 5
FILLER_122_684, 394.2, 493.92, 5
_06562_, 402.3, 493.92, 5
_06612_, 405, 493.92, 5
TAP_1889, 407.7, 493.92, 5
FILLER_123_712, 407.7, 493.92, 5
_06560_, 410.4, 493.92, 5
_06608_, 410.4, 493.92, 5
_06564_, 413.1, 493.92, 5
FILLER_122_722, 413.1, 493.92, 5
_06614_, 415.8, 493.92, 5
_06512_, 421.2, 493.92, 5
FILLER_122_739, 423.9, 493.92, 5
TAP_1877, 426.6, 493.92, 5
FILLER_122_743, 426.6, 493.92, 5
FILLER_123_745, 426.6, 493.92, 5
_06514_, 429.3, 493.92, 5
_06559_, 429.3, 493.92, 5
_06465_, 434.7, 493.92, 5
_06515_, 434.7, 493.92, 5
_06511_, 437.4, 493.92, 5
_06424_, 440.1, 493.92, 5
FILLER_122_766, 440.1, 493.92, 5
_06510_, 442.8, 493.92, 5
TAP_1890, 448.2, 493.92, 5
FILLER_123_783, 448.2, 493.92, 5
_06466_, 450.9, 493.92, 5
_06516_, 450.9, 493.92, 5
FILLER_123_785, 450.9, 493.92, 5
_06549_, 453.6, 493.92, 5
FILLER_122_794, 453.6, 493.92, 5
_06504_, 456.3, 493.92, 5
FILLER_123_804, 459, 493.92, 5
_06553_, 461.7, 493.92, 5
FILLER_122_810, 464.4, 493.92, 5
TAP_1878, 467.1, 493.92, 5
FILLER_122_814, 467.1, 493.92, 5
FILLER_122_818, 467.1, 493.92, 5
FILLER_123_814, 467.1, 493.92, 5
FILLER_123_822, 469.8, 493.92, 5
_06572_, 472.5, 493.92, 5
FILLER_122_826, 472.5, 493.92, 5
_06618_, 475.2, 493.92, 5
FILLER_122_830, 475.2, 493.92, 5
FILLER_122_832, 475.2, 493.92, 5
_06573_, 477.9, 493.92, 5
FILLER_122_845, 483.3, 493.92, 5
FILLER_123_844, 483.3, 493.92, 5
TAP_1891, 486, 493.92, 5
FILLER_123_854, 488.7, 493.92, 5
FILLER_122_861, 491.4, 493.92, 5
FILLER_123_870, 496.8, 493.92, 5
FILLER_122_877, 502.2, 493.92, 5
FILLER_122_885, 504.9, 493.92, 5
FILLER_123_886, 504.9, 493.92, 5
TAP_1879, 507.6, 493.92, 5
FILLER_122_889, 507.6, 493.92, 5
FILLER_122_905, 515.7, 493.92, 5
FILLER_123_902, 515.7, 493.92, 5
FILLER_122_913, 521.1, 493.92, 5
_04759_, 523.8, 493.92, 5
FILLER_123_918, 523.8, 493.92, 5
TAP_1892, 526.5, 493.92, 5
FILLER_123_922, 526.5, 493.92, 5
FILLER_123_925, 529.2, 493.92, 5
FILLER_122_933, 531.9, 493.92, 5
PHY_245, 537.3, 493.92, 5
PHY_247, 537.3, 493.92, 5
FILLER_122_941, 537.3, 493.92, 5
FILLER_122_943, 537.3, 493.92, 5
FILLER_123_941, 537.3, 493.92, 5
FILLER_123_943, 537.3, 493.92, 5
PHY_240, 10.8, 486.08, 5
PHY_242, 10.8, 486.08, 5
FILLER_120_2, 10.8, 486.08, 5
FILLER_121_2, 10.8, 486.08, 5
FILLER_120_18, 18.9, 486.08, 5
FILLER_121_18, 18.9, 486.08, 5
TAP_1841, 29.7, 486.08, 5
FILLER_120_34, 29.7, 486.08, 5
FILLER_120_37, 29.7, 486.08, 5
FILLER_121_34, 29.7, 486.08, 5
FILLER_121_50, 37.8, 486.08, 5
FILLER_120_53, 40.5, 486.08, 5
FILLER_121_66, 45.9, 486.08, 5
TAP_1854, 48.6, 486.08, 5
FILLER_120_69, 48.6, 486.08, 5
FILLER_121_70, 48.6, 486.08, 5
FILLER_121_73, 51.3, 486.08, 5
FILLER_120_85, 56.7, 486.08, 5
FILLER_121_89, 59.4, 486.08, 5
FILLER_120_101, 67.5, 486.08, 5
TAP_1842, 70.2, 486.08, 5
FILLER_120_105, 70.2, 486.08, 5
FILLER_120_108, 70.2, 486.08, 5
FILLER_121_105, 70.2, 486.08, 5
FILLER_120_124, 78.3, 486.08, 5
FILLER_121_121, 78.3, 486.08, 5
FILLER_121_137, 86.4, 486.08, 5
TAP_1855, 89.1, 486.08, 5
FILLER_120_140, 89.1, 486.08, 5
FILLER_121_141, 89.1, 486.08, 5
FILLER_121_144, 91.8, 486.08, 5
FILLER_120_156, 97.2, 486.08, 5
FILLER_121_160, 99.9, 486.08, 5
FILLER_120_172, 105.3, 486.08, 5
TAP_1843, 108, 486.08, 5
FILLER_120_176, 108, 486.08, 5
FILLER_121_176, 108, 486.08, 5
FILLER_120_179, 110.7, 486.08, 5
FILLER_120_195, 118.8, 486.08, 5
FILLER_121_192, 118.8, 486.08, 5
FILLER_120_211, 126.9, 486.08, 5
FILLER_121_208, 126.9, 486.08, 5
TAP_1856, 129.6, 486.08, 5
FILLER_121_212, 129.6, 486.08, 5
FILLER_121_215, 129.6, 486.08, 5
FILLER_120_227, 137.7, 486.08, 5
FILLER_121_231, 140.4, 486.08, 5
FILLER_120_243, 145.8, 486.08, 5
TAP_1844, 148.5, 486.08, 5
FILLER_120_247, 148.5, 486.08, 5
FILLER_121_247, 148.5, 486.08, 5
FILLER_120_250, 151.2, 486.08, 5
FILLER_121_263, 156.6, 486.08, 5
FILLER_120_266, 159.3, 486.08, 5
FILLER_120_282, 167.4, 486.08, 5
FILLER_121_279, 167.4, 486.08, 5
FILLER_121_283, 167.4, 486.08, 5
TAP_1857, 170.1, 486.08, 5
FILLER_121_286, 170.1, 486.08, 5
FILLER_120_298, 178.2, 486.08, 5
FILLER_121_302, 178.2, 486.08, 5
FILLER_120_314, 186.3, 486.08, 5
TAP_1845, 189, 486.08, 5
FILLER_120_318, 189, 486.08, 5
FILLER_120_321, 189, 486.08, 5
FILLER_121_318, 189, 486.08, 5
FILLER_121_334, 197.1, 486.08, 5
FILLER_120_337, 199.8, 486.08, 5
FILLER_121_350, 205.2, 486.08, 5
TAP_1858, 207.9, 486.08, 5
FILLER_120_353, 207.9, 486.08, 5
FILLER_121_354, 207.9, 486.08, 5
FILLER_121_357, 210.6, 486.08, 5
FILLER_120_369, 216, 486.08, 5
FILLER_121_373, 218.7, 486.08, 5
FILLER_120_385, 226.8, 486.08, 5
FILLER_120_389, 226.8, 486.08, 5
FILLER_121_389, 226.8, 486.08, 5
TAP_1846, 229.5, 486.08, 5
FILLER_120_392, 229.5, 486.08, 5
FILLER_121_397, 232.2, 486.08, 5
_05856_, 234.9, 486.08, 5
_05858_, 234.9, 486.08, 5
FILLER_121_401, 234.9, 486.08, 5
_05857_, 240.3, 486.08, 5
FILLER_121_411, 240.3, 486.08, 5
_05739_, 243, 486.08, 5
_05781_, 243, 486.08, 5
FILLER_121_415, 243, 486.08, 5
FILLER_121_417, 243, 486.08, 5
_05742_, 248.4, 486.08, 5
TAP_1859, 248.4, 486.08, 5
FILLER_120_424, 248.4, 486.08, 5
_05784_, 251.1, 486.08, 5
_05783_, 253.8, 486.08, 5
_05829_, 256.5, 486.08, 5
FILLER_121_441, 256.5, 486.08, 5
_05852_, 259.2, 486.08, 5
FILLER_120_447, 259.2, 486.08, 5
_05851_, 261.9, 486.08, 5
_05916_, 264.6, 486.08, 5
TAP_1847, 267.3, 486.08, 5
_05850_, 270, 486.08, 5
_05955_, 272.7, 486.08, 5
FILLER_120_468, 272.7, 486.08, 5
FILLER_121_471, 272.7, 486.08, 5
_05849_, 275.4, 486.08, 5
FILLER_121_473, 275.4, 486.08, 5
_05911_, 286.2, 486.08, 5
_05847_, 288.9, 486.08, 5
TAP_1860, 288.9, 486.08, 5
FILLER_121_504, 291.6, 486.08, 5
_05833_, 294.3, 486.08, 5
FILLER_120_506, 294.3, 486.08, 5
_05831_, 297, 486.08, 5
_05782_, 299.7, 486.08, 5
FILLER_120_518, 299.7, 486.08, 5
FILLER_121_523, 302.4, 486.08, 5
FILLER_120_526, 305.1, 486.08, 5
TAP_1848, 307.8, 486.08, 5
FILLER_120_530, 307.8, 486.08, 5
FILLER_120_534, 307.8, 486.08, 5
_06222_, 313.2, 486.08, 5
FILLER_120_542, 313.2, 486.08, 5
FILLER_121_539, 313.2, 486.08, 5
_06276_, 315.9, 486.08, 5
_06283_, 315.9, 486.08, 5
FILLER_120_551, 318.6, 486.08, 5
_06273_, 321.3, 486.08, 5
FILLER_120_555, 321.3, 486.08, 5
_06110_, 326.7, 486.08, 5
FILLER_120_563, 326.7, 486.08, 5
_06275_, 329.4, 486.08, 5
TAP_1861, 329.4, 486.08, 5
FILLER_120_572, 329.4, 486.08, 5
FILLER_120_576, 332.1, 486.08, 5
_06172_, 334.8, 486.08, 5
_06175_, 334.8, 486.08, 5
FILLER_121_580, 334.8, 486.08, 5
_06173_, 337.5, 486.08, 5
FILLER_120_583, 337.5, 486.08, 5
FILLER_120_590, 340.2, 486.08, 5
_06128_, 342.9, 486.08, 5
_06216_, 342.9, 486.08, 5
FILLER_121_594, 342.9, 486.08, 5
_06087_, 345.6, 486.08, 5
_06126_, 345.6, 486.08, 5
FILLER_120_597, 345.6, 486.08, 5
_06130_, 348.3, 486.08, 5
TAP_1849, 348.3, 486.08, 5
FILLER_121_606, 348.3, 486.08, 5
_06167_, 351, 486.08, 5
FILLER_121_623, 359.1, 486.08, 5
_06051_, 361.8, 486.08, 5
FILLER_120_628, 361.8, 486.08, 5
_06088_, 364.5, 486.08, 5
FILLER_120_634, 364.5, 486.08, 5
FILLER_121_631, 364.5, 486.08, 5
TAP_1862, 367.2, 486.08, 5
FILLER_120_638, 367.2, 486.08, 5
FILLER_120_640, 367.2, 486.08, 5
FILLER_121_638, 367.2, 486.08, 5
_06080_, 369.9, 486.08, 5
_06083_, 369.9, 486.08, 5
FILLER_121_641, 369.9, 486.08, 5
_06091_, 372.6, 486.08, 5
_06123_, 372.6, 486.08, 5
FILLER_120_653, 375.3, 486.08, 5
FILLER_121_654, 375.3, 486.08, 5
_06133_, 378, 486.08, 5
FILLER_121_658, 378, 486.08, 5
FILLER_120_661, 380.7, 486.08, 5
_06162_, 383.4, 486.08, 5
FILLER_120_673, 386.1, 486.08, 5
TAP_1850, 388.8, 486.08, 5
FILLER_120_676, 388.8, 486.08, 5
FILLER_120_678, 388.8, 486.08, 5
_06135_, 391.5, 486.08, 5
FILLER_121_683, 391.5, 486.08, 5
_06603_, 394.2, 486.08, 5
_06611_, 394.2, 486.08, 5
FILLER_120_685, 394.2, 486.08, 5
_04758_, 396.9, 486.08, 5
_06609_, 407.7, 486.08, 5
TAP_1863, 407.7, 486.08, 5
FILLER_120_710, 407.7, 486.08, 5
FILLER_120_712, 407.7, 486.08, 5
_06583_, 410.4, 486.08, 5
FILLER_121_717, 410.4, 486.08, 5
_06607_, 413.1, 486.08, 5
FILLER_120_723, 415.8, 486.08, 5
FILLER_121_725, 415.8, 486.08, 5
_06513_, 418.5, 486.08, 5
_06586_, 418.5, 486.08, 5
FILLER_121_727, 418.5, 486.08, 5
_06447_, 421.2, 486.08, 5
FILLER_120_733, 421.2, 486.08, 5
FILLER_120_741, 423.9, 486.08, 5
FILLER_121_741, 423.9, 486.08, 5
_06425_, 426.6, 486.08, 5
TAP_1851, 426.6, 486.08, 5
_06468_, 429.3, 486.08, 5
FILLER_120_747, 429.3, 486.08, 5
FILLER_120_751, 429.3, 486.08, 5
_06409_, 432, 486.08, 5
FILLER_120_753, 432, 486.08, 5
_06428_, 437.4, 486.08, 5
FILLER_120_763, 437.4, 486.08, 5
FILLER_121_770, 440.1, 486.08, 5
_06427_, 442.8, 486.08, 5
FILLER_121_778, 445.5, 486.08, 5
_06469_, 448.2, 486.08, 5
_06470_, 448.2, 486.08, 5
TAP_1864, 448.2, 486.08, 5
FILLER_121_780, 448.2, 486.08, 5
FILLER_121_791, 453.6, 486.08, 5
_06462_, 456.3, 486.08, 5
FILLER_120_796, 456.3, 486.08, 5
FILLER_121_795, 456.3, 486.08, 5
_06471_, 459, 486.08, 5
FILLER_120_800, 459, 486.08, 5
_06499_, 461.7, 486.08, 5
_06461_, 467.1, 486.08, 5
_06520_, 467.1, 486.08, 5
TAP_1852, 467.1, 486.08, 5
FILLER_120_814, 467.1, 486.08, 5
FILLER_121_814, 467.1, 486.08, 5
FILLER_120_823, 469.8, 486.08, 5
_06519_, 472.5, 486.08, 5
_06521_, 472.5, 486.08, 5
FILLER_120_825, 472.5, 486.08, 5
_06546_, 477.9, 486.08, 5
_06597_, 480.6, 486.08, 5
FILLER_120_846, 483.3, 486.08, 5
FILLER_121_844, 483.3, 486.08, 5
TAP_1865, 486, 486.08, 5
FILLER_121_854, 488.7, 486.08, 5
FILLER_120_862, 494.1, 486.08, 5
FILLER_121_870, 496.8, 486.08, 5
FILLER_120_878, 502.2, 486.08, 5
FILLER_120_886, 504.9, 486.08, 5
FILLER_121_886, 504.9, 486.08, 5
TAP_1853, 507.6, 486.08, 5
FILLER_120_889, 507.6, 486.08, 5
FILLER_120_905, 515.7, 486.08, 5
FILLER_121_902, 515.7, 486.08, 5
FILLER_121_918, 523.8, 486.08, 5
TAP_1866, 526.5, 486.08, 5
FILLER_120_921, 526.5, 486.08, 5
FILLER_121_922, 526.5, 486.08, 5
FILLER_121_925, 529.2, 486.08, 5
FILLER_120_937, 534.6, 486.08, 5
PHY_241, 537.3, 486.08, 5
PHY_243, 537.3, 486.08, 5
FILLER_120_941, 537.3, 486.08, 5
FILLER_120_943, 537.3, 486.08, 5
FILLER_121_941, 537.3, 486.08, 5
FILLER_121_943, 537.3, 486.08, 5
PHY_236, 10.8, 478.24, 5
PHY_238, 10.8, 478.24, 5
FILLER_118_2, 10.8, 478.24, 5
FILLER_119_2, 10.8, 478.24, 5
FILLER_118_18, 18.9, 478.24, 5
FILLER_119_18, 18.9, 478.24, 5
TAP_1815, 29.7, 478.24, 5
FILLER_118_34, 29.7, 478.24, 5
FILLER_118_37, 29.7, 478.24, 5
FILLER_119_34, 29.7, 478.24, 5
FILLER_119_50, 37.8, 478.24, 5
FILLER_118_53, 40.5, 478.24, 5
FILLER_119_66, 45.9, 478.24, 5
TAP_1828, 48.6, 478.24, 5
FILLER_118_69, 48.6, 478.24, 5
FILLER_119_70, 48.6, 478.24, 5
FILLER_119_73, 51.3, 478.24, 5
FILLER_118_85, 56.7, 478.24, 5
FILLER_119_89, 59.4, 478.24, 5
FILLER_118_101, 67.5, 478.24, 5
TAP_1816, 70.2, 478.24, 5
FILLER_118_105, 70.2, 478.24, 5
FILLER_118_108, 70.2, 478.24, 5
FILLER_119_105, 70.2, 478.24, 5
FILLER_118_124, 78.3, 478.24, 5
FILLER_119_121, 78.3, 478.24, 5
FILLER_119_137, 86.4, 478.24, 5
TAP_1829, 89.1, 478.24, 5
FILLER_118_140, 89.1, 478.24, 5
FILLER_119_141, 89.1, 478.24, 5
FILLER_119_144, 91.8, 478.24, 5
FILLER_118_156, 97.2, 478.24, 5
FILLER_119_160, 99.9, 478.24, 5
FILLER_118_172, 105.3, 478.24, 5
TAP_1817, 108, 478.24, 5
FILLER_118_176, 108, 478.24, 5
FILLER_119_176, 108, 478.24, 5
FILLER_118_179, 110.7, 478.24, 5
FILLER_118_195, 118.8, 478.24, 5
FILLER_119_192, 118.8, 478.24, 5
FILLER_118_211, 126.9, 478.24, 5
FILLER_119_208, 126.9, 478.24, 5
TAP_1830, 129.6, 478.24, 5
FILLER_119_212, 129.6, 478.24, 5
FILLER_119_215, 129.6, 478.24, 5
FILLER_118_227, 137.7, 478.24, 5
FILLER_119_231, 140.4, 478.24, 5
FILLER_118_243, 145.8, 478.24, 5
TAP_1818, 148.5, 478.24, 5
FILLER_118_247, 148.5, 478.24, 5
FILLER_119_247, 148.5, 478.24, 5
FILLER_118_250, 151.2, 478.24, 5
FILLER_119_263, 156.6, 478.24, 5
FILLER_118_266, 159.3, 478.24, 5
FILLER_118_282, 167.4, 478.24, 5
FILLER_119_279, 167.4, 478.24, 5
FILLER_119_283, 167.4, 478.24, 5
TAP_1831, 170.1, 478.24, 5
FILLER_119_286, 170.1, 478.24, 5
FILLER_118_298, 178.2, 478.24, 5
FILLER_119_302, 178.2, 478.24, 5
FILLER_118_314, 186.3, 478.24, 5
TAP_1819, 189, 478.24, 5
FILLER_118_318, 189, 478.24, 5
FILLER_118_321, 189, 478.24, 5
FILLER_119_318, 189, 478.24, 5
FILLER_119_334, 197.1, 478.24, 5
FILLER_118_337, 199.8, 478.24, 5
FILLER_119_350, 205.2, 478.24, 5
TAP_1832, 207.9, 478.24, 5
FILLER_118_353, 207.9, 478.24, 5
FILLER_119_354, 207.9, 478.24, 5
FILLER_119_357, 210.6, 478.24, 5
FILLER_118_369, 216, 478.24, 5
FILLER_119_373, 218.7, 478.24, 5
FILLER_118_385, 226.8, 478.24, 5
FILLER_118_389, 226.8, 478.24, 5
FILLER_119_389, 226.8, 478.24, 5
_05801_, 229.5, 478.24, 5
_05803_, 229.5, 478.24, 5
TAP_1820, 229.5, 478.24, 5
_05802_, 237.6, 478.24, 5
FILLER_119_413, 240.3, 478.24, 5
_05741_, 243, 478.24, 5
_05754_, 243, 478.24, 5
FILLER_119_415, 243, 478.24, 5
TAP_1833, 248.4, 478.24, 5
_05753_, 251.1, 478.24, 5
_05800_, 253.8, 478.24, 5
_05706_, 256.5, 478.24, 5
_05799_, 259.2, 478.24, 5
FILLER_118_444, 259.2, 478.24, 5
TAP_1821, 267.3, 478.24, 5
FILLER_118_458, 267.3, 478.24, 5
FILLER_118_460, 267.3, 478.24, 5
FILLER_119_459, 267.3, 478.24, 5
_05830_, 270, 478.24, 5
_05937_, 270, 478.24, 5
FILLER_119_463, 270, 478.24, 5
FILLER_119_465, 270, 478.24, 5
FILLER_118_471, 272.7, 478.24, 5
FILLER_119_474, 275.4, 478.24, 5
FILLER_118_487, 283.5, 478.24, 5
FILLER_119_490, 283.5, 478.24, 5
_05909_, 286.2, 478.24, 5
_05938_, 286.2, 478.24, 5
_05883_, 288.9, 478.24, 5
TAP_1834, 288.9, 478.24, 5
_05939_, 294.3, 478.24, 5
_05885_, 297, 478.24, 5
FILLER_119_515, 299.7, 478.24, 5
FILLER_118_520, 302.4, 478.24, 5
FILLER_118_528, 305.1, 478.24, 5
_06105_, 307.8, 478.24, 5
TAP_1822, 307.8, 478.24, 5
FILLER_118_534, 307.8, 478.24, 5
_06146_, 310.5, 478.24, 5
_06103_, 313.2, 478.24, 5
_06102_, 321.3, 478.24, 5
_06104_, 321.3, 478.24, 5
FILLER_118_560, 324, 478.24, 5
FILLER_118_562, 324, 478.24, 5
FILLER_119_559, 324, 478.24, 5
_06101_, 326.7, 478.24, 5
FILLER_119_567, 326.7, 478.24, 5
_06050_, 329.4, 478.24, 5
_06064_, 329.4, 478.24, 5
TAP_1835, 329.4, 478.24, 5
FILLER_119_570, 329.4, 478.24, 5
FILLER_119_576, 332.1, 478.24, 5
_06063_, 342.9, 478.24, 5
_06086_, 342.9, 478.24, 5
FILLER_119_592, 342.9, 478.24, 5
_06067_, 345.6, 478.24, 5
FILLER_118_599, 345.6, 478.24, 5
_06129_, 348.3, 478.24, 5
TAP_1823, 348.3, 478.24, 5
FILLER_118_605, 348.3, 478.24, 5
FILLER_119_605, 348.3, 478.24, 5
_06084_, 353.7, 478.24, 5
_06090_, 353.7, 478.24, 5
FILLER_118_613, 353.7, 478.24, 5
_06044_, 356.4, 478.24, 5
FILLER_119_625, 359.1, 478.24, 5
FILLER_118_629, 361.8, 478.24, 5
_06079_, 364.5, 478.24, 5
_06093_, 364.5, 478.24, 5
FILLER_118_633, 364.5, 478.24, 5
FILLER_119_633, 364.5, 478.24, 5
TAP_1836, 367.2, 478.24, 5
_06081_, 369.9, 478.24, 5
FILLER_119_641, 369.9, 478.24, 5
_06092_, 375.3, 478.24, 5
_06096_, 378, 478.24, 5
FILLER_118_657, 378, 478.24, 5
_06136_, 380.7, 478.24, 5
FILLER_119_660, 380.7, 478.24, 5
FILLER_119_662, 380.7, 478.24, 5
FILLER_118_670, 386.1, 478.24, 5
_06137_, 388.8, 478.24, 5
TAP_1824, 388.8, 478.24, 5
_06134_, 394.2, 478.24, 5
_04757_, 399.6, 478.24, 5
FILLER_119_694, 399.6, 478.24, 5
_06582_, 402.3, 478.24, 5
_06626_, 405, 478.24, 5
FILLER_119_706, 405, 478.24, 5
_06627_, 407.7, 478.24, 5
TAP_1837, 407.7, 478.24, 5
FILLER_119_712, 407.7, 478.24, 5
_06584_, 410.4, 478.24, 5
_06624_, 418.5, 478.24, 5
FILLER_119_727, 418.5, 478.24, 5
FILLER_118_735, 421.2, 478.24, 5
_06585_, 423.9, 478.24, 5
TAP_1825, 426.6, 478.24, 5
FILLER_118_743, 426.6, 478.24, 5
FILLER_119_742, 426.6, 478.24, 5
_06581_, 429.3, 478.24, 5
FILLER_118_755, 432, 478.24, 5
_06426_, 434.7, 478.24, 5
FILLER_119_758, 434.7, 478.24, 5
FILLER_118_763, 437.4, 478.24, 5
_06423_, 440.1, 478.24, 5
FILLER_119_770, 440.1, 478.24, 5
_06429_, 442.8, 478.24, 5
_06430_, 442.8, 478.24, 5
_06464_, 448.2, 478.24, 5
TAP_1838, 448.2, 478.24, 5
FILLER_119_791, 453.6, 478.24, 5
_06431_, 456.3, 478.24, 5
FILLER_118_796, 456.3, 478.24, 5
FILLER_119_799, 456.3, 478.24, 5
_06463_, 459, 478.24, 5
FILLER_119_801, 459, 478.24, 5
_06420_, 461.7, 478.24, 5
_06421_, 464.4, 478.24, 5
FILLER_119_810, 464.4, 478.24, 5
_06472_, 467.1, 478.24, 5
_06523_, 467.1, 478.24, 5
TAP_1826, 467.1, 478.24, 5
FILLER_118_814, 467.1, 478.24, 5
FILLER_118_828, 472.5, 478.24, 5
_06576_, 475.2, 478.24, 5
_06575_, 480.6, 478.24, 5
TAP_1839, 486, 478.24, 5
FILLER_119_849, 486, 478.24, 5
FILLER_119_851, 486, 478.24, 5
_06574_, 488.7, 478.24, 5
FILLER_118_853, 488.7, 478.24, 5
FILLER_119_861, 491.4, 478.24, 5
FILLER_118_869, 496.8, 478.24, 5
FILLER_119_877, 502.2, 478.24, 5
FILLER_118_885, 504.9, 478.24, 5
TAP_1827, 507.6, 478.24, 5
FILLER_118_889, 507.6, 478.24, 5
FILLER_119_893, 510.3, 478.24, 5
FILLER_118_905, 515.7, 478.24, 5
FILLER_119_909, 518.4, 478.24, 5
FILLER_119_917, 523.8, 478.24, 5
TAP_1840, 526.5, 478.24, 5
FILLER_118_921, 526.5, 478.24, 5
FILLER_119_921, 526.5, 478.24, 5
FILLER_119_925, 529.2, 478.24, 5
FILLER_118_937, 534.6, 478.24, 5
PHY_237, 537.3, 478.24, 5
PHY_239, 537.3, 478.24, 5
FILLER_118_941, 537.3, 478.24, 5
FILLER_118_943, 537.3, 478.24, 5
FILLER_119_941, 537.3, 478.24, 5
FILLER_119_943, 537.3, 478.24, 5
PHY_232, 10.8, 470.4, 5
PHY_234, 10.8, 470.4, 5
FILLER_116_2, 10.8, 470.4, 5
FILLER_117_2, 10.8, 470.4, 5
FILLER_116_18, 18.9, 470.4, 5
FILLER_117_18, 18.9, 470.4, 5
TAP_1789, 29.7, 470.4, 5
FILLER_116_34, 29.7, 470.4, 5
FILLER_116_37, 29.7, 470.4, 5
FILLER_117_34, 29.7, 470.4, 5
FILLER_117_50, 37.8, 470.4, 5
FILLER_116_53, 40.5, 470.4, 5
FILLER_117_66, 45.9, 470.4, 5
TAP_1802, 48.6, 470.4, 5
FILLER_116_69, 48.6, 470.4, 5
FILLER_117_70, 48.6, 470.4, 5
FILLER_117_73, 51.3, 470.4, 5
FILLER_116_85, 56.7, 470.4, 5
FILLER_117_89, 59.4, 470.4, 5
FILLER_116_101, 67.5, 470.4, 5
TAP_1790, 70.2, 470.4, 5
FILLER_116_105, 70.2, 470.4, 5
FILLER_116_108, 70.2, 470.4, 5
FILLER_117_105, 70.2, 470.4, 5
FILLER_116_124, 78.3, 470.4, 5
FILLER_117_121, 78.3, 470.4, 5
FILLER_117_137, 86.4, 470.4, 5
TAP_1803, 89.1, 470.4, 5
FILLER_116_140, 89.1, 470.4, 5
FILLER_117_141, 89.1, 470.4, 5
FILLER_117_144, 91.8, 470.4, 5
FILLER_116_156, 97.2, 470.4, 5
FILLER_117_160, 99.9, 470.4, 5
FILLER_116_172, 105.3, 470.4, 5
TAP_1791, 108, 470.4, 5
FILLER_116_176, 108, 470.4, 5
FILLER_117_176, 108, 470.4, 5
FILLER_116_179, 110.7, 470.4, 5
FILLER_116_195, 118.8, 470.4, 5
FILLER_117_192, 118.8, 470.4, 5
FILLER_116_211, 126.9, 470.4, 5
FILLER_117_208, 126.9, 470.4, 5
TAP_1804, 129.6, 470.4, 5
FILLER_117_212, 129.6, 470.4, 5
FILLER_117_215, 129.6, 470.4, 5
FILLER_116_227, 137.7, 470.4, 5
FILLER_117_231, 140.4, 470.4, 5
FILLER_116_243, 145.8, 470.4, 5
TAP_1792, 148.5, 470.4, 5
FILLER_116_247, 148.5, 470.4, 5
FILLER_117_247, 148.5, 470.4, 5
FILLER_116_250, 151.2, 470.4, 5
FILLER_117_263, 156.6, 470.4, 5
FILLER_116_266, 159.3, 470.4, 5
FILLER_116_282, 167.4, 470.4, 5
FILLER_117_279, 167.4, 470.4, 5
FILLER_117_283, 167.4, 470.4, 5
TAP_1805, 170.1, 470.4, 5
FILLER_117_286, 170.1, 470.4, 5
FILLER_116_298, 178.2, 470.4, 5
FILLER_117_302, 178.2, 470.4, 5
FILLER_116_314, 186.3, 470.4, 5
TAP_1793, 189, 470.4, 5
FILLER_116_318, 189, 470.4, 5
FILLER_116_321, 189, 470.4, 5
FILLER_117_318, 189, 470.4, 5
FILLER_117_334, 197.1, 470.4, 5
FILLER_116_337, 199.8, 470.4, 5
FILLER_117_350, 205.2, 470.4, 5
TAP_1806, 207.9, 470.4, 5
FILLER_116_353, 207.9, 470.4, 5
FILLER_117_354, 207.9, 470.4, 5
FILLER_117_357, 210.6, 470.4, 5
FILLER_116_369, 216, 470.4, 5
FILLER_117_373, 218.7, 470.4, 5
FILLER_116_385, 226.8, 470.4, 5
FILLER_116_389, 226.8, 470.4, 5
FILLER_117_389, 226.8, 470.4, 5
TAP_1794, 229.5, 470.4, 5
FILLER_116_392, 229.5, 470.4, 5
FILLER_116_394, 229.5, 470.4, 5
_05756_, 232.2, 470.4, 5
_05804_, 232.2, 470.4, 5
FILLER_116_407, 237.6, 470.4, 5
FILLER_117_405, 237.6, 470.4, 5
_05755_, 240.3, 470.4, 5
FILLER_117_421, 245.7, 470.4, 5
_05713_, 248.4, 470.4, 5
TAP_1807, 248.4, 470.4, 5
FILLER_117_425, 248.4, 470.4, 5
_05780_, 251.1, 470.4, 5
FILLER_117_436, 253.8, 470.4, 5
FILLER_116_440, 256.5, 470.4, 5
_05796_, 259.2, 470.4, 5
FILLER_117_444, 259.2, 470.4, 5
FILLER_117_446, 259.2, 470.4, 5
_05798_, 261.9, 470.4, 5
FILLER_116_448, 261.9, 470.4, 5
FILLER_116_452, 261.9, 470.4, 5
_05751_, 264.6, 470.4, 5
TAP_1795, 267.3, 470.4, 5
FILLER_116_459, 267.3, 470.4, 5
_05645_, 270, 470.4, 5
_05797_, 270, 470.4, 5
FILLER_116_463, 270, 470.4, 5
FILLER_116_465, 270, 470.4, 5
_05743_, 272.7, 470.4, 5
_05752_, 272.7, 470.4, 5
FILLER_117_470, 272.7, 470.4, 5
_05794_, 275.4, 470.4, 5
FILLER_117_483, 280.8, 470.4, 5
_05844_, 283.5, 470.4, 5
_05886_, 283.5, 470.4, 5
FILLER_117_487, 283.5, 470.4, 5
_05845_, 286.2, 470.4, 5
_05908_, 288.9, 470.4, 5
TAP_1808, 288.9, 470.4, 5
FILLER_116_497, 288.9, 470.4, 5
_05887_, 291.6, 470.4, 5
_05954_, 291.6, 470.4, 5
_05907_, 294.3, 470.4, 5
_05884_, 297, 470.4, 5
FILLER_116_518, 299.7, 470.4, 5
_06194_, 305.1, 470.4, 5
FILLER_116_526, 305.1, 470.4, 5
FILLER_117_527, 305.1, 470.4, 5
_06147_, 307.8, 470.4, 5
TAP_1796, 307.8, 470.4, 5
FILLER_116_530, 307.8, 470.4, 5
FILLER_116_534, 307.8, 470.4, 5
_06148_, 310.5, 470.4, 5
_06149_, 315.9, 470.4, 5
_06195_, 315.9, 470.4, 5
FILLER_116_551, 318.6, 470.4, 5
_06150_, 321.3, 470.4, 5
_06151_, 321.3, 470.4, 5
FILLER_116_567, 326.7, 470.4, 5
FILLER_117_566, 326.7, 470.4, 5
_05987_, 329.4, 470.4, 5
_06145_, 329.4, 470.4, 5
TAP_1809, 329.4, 470.4, 5
_06062_, 332.1, 470.4, 5
FILLER_116_573, 332.1, 470.4, 5
FILLER_117_575, 332.1, 470.4, 5
_06065_, 334.8, 470.4, 5
FILLER_116_581, 334.8, 470.4, 5
_06066_, 340.2, 470.4, 5
_06107_, 340.2, 470.4, 5
_06106_, 345.6, 470.4, 5
_06060_, 348.3, 470.4, 5
TAP_1797, 348.3, 470.4, 5
_06053_, 351, 470.4, 5
FILLER_116_610, 351, 470.4, 5
FILLER_117_607, 351, 470.4, 5
FILLER_117_615, 353.7, 470.4, 5
FILLER_117_619, 356.4, 470.4, 5
_06046_, 359.1, 470.4, 5
FILLER_117_621, 359.1, 470.4, 5
_06045_, 364.5, 470.4, 5
FILLER_116_635, 364.5, 470.4, 5
FILLER_117_632, 364.5, 470.4, 5
_06047_, 367.2, 470.4, 5
TAP_1810, 367.2, 470.4, 5
_06082_, 369.9, 470.4, 5
FILLER_117_641, 369.9, 470.4, 5
FILLER_116_649, 372.6, 470.4, 5
_06094_, 375.3, 470.4, 5
FILLER_117_652, 375.3, 470.4, 5
FILLER_117_654, 375.3, 470.4, 5
_06120_, 378, 470.4, 5
FILLER_116_663, 380.7, 470.4, 5
_06161_, 386.1, 470.4, 5
FILLER_116_671, 386.1, 470.4, 5
FILLER_116_673, 386.1, 470.4, 5
FILLER_117_670, 386.1, 470.4, 5
_06138_, 388.8, 470.4, 5
TAP_1798, 388.8, 470.4, 5
FILLER_116_690, 396.9, 470.4, 5
_06482_, 402.3, 470.4, 5
_06625_, 402.3, 470.4, 5
FILLER_116_698, 402.3, 470.4, 5
_06481_, 405, 470.4, 5
TAP_1811, 407.7, 470.4, 5
FILLER_116_712, 407.7, 470.4, 5
FILLER_117_712, 407.7, 470.4, 5
_06483_, 410.4, 470.4, 5
_06531_, 410.4, 470.4, 5
FILLER_117_714, 410.4, 470.4, 5
_06530_, 418.5, 470.4, 5
FILLER_116_729, 418.5, 470.4, 5
_06587_, 421.2, 470.4, 5
_06533_, 423.9, 470.4, 5
TAP_1799, 426.6, 470.4, 5
_06532_, 429.3, 470.4, 5
_06535_, 434.7, 470.4, 5
FILLER_117_758, 434.7, 470.4, 5
_06393_, 437.4, 470.4, 5
FILLER_116_764, 437.4, 470.4, 5
_06390_, 440.1, 470.4, 5
_06374_, 442.8, 470.4, 5
_06422_, 442.8, 470.4, 5
FILLER_116_771, 442.8, 470.4, 5
FILLER_116_777, 445.5, 470.4, 5
_06392_, 448.2, 470.4, 5
TAP_1812, 448.2, 470.4, 5
FILLER_117_788, 450.9, 470.4, 5
_06432_, 453.6, 470.4, 5
FILLER_116_793, 453.6, 470.4, 5
FILLER_117_792, 453.6, 470.4, 5
_06433_, 459, 470.4, 5
FILLER_116_801, 459, 470.4, 5
_06457_, 461.7, 470.4, 5
_06473_, 467.1, 470.4, 5
TAP_1800, 467.1, 470.4, 5
FILLER_116_815, 467.1, 470.4, 5
FILLER_116_818, 467.1, 470.4, 5
_06474_, 469.8, 470.4, 5
FILLER_117_831, 475.2, 470.4, 5
_06522_, 477.9, 470.4, 5
_06525_, 477.9, 470.4, 5
FILLER_117_833, 477.9, 470.4, 5
_06524_, 480.6, 470.4, 5
FILLER_116_845, 483.3, 470.4, 5
FILLER_117_844, 483.3, 470.4, 5
TAP_1813, 486, 470.4, 5
FILLER_117_854, 488.7, 470.4, 5
FILLER_116_861, 491.4, 470.4, 5
FILLER_117_870, 496.8, 470.4, 5
FILLER_116_877, 502.2, 470.4, 5
FILLER_116_885, 504.9, 470.4, 5
FILLER_117_886, 504.9, 470.4, 5
TAP_1801, 507.6, 470.4, 5
FILLER_116_889, 507.6, 470.4, 5
FILLER_116_905, 515.7, 470.4, 5
FILLER_117_902, 515.7, 470.4, 5
FILLER_117_918, 523.8, 470.4, 5
TAP_1814, 526.5, 470.4, 5
FILLER_116_921, 526.5, 470.4, 5
FILLER_117_922, 526.5, 470.4, 5
FILLER_117_925, 529.2, 470.4, 5
FILLER_116_937, 534.6, 470.4, 5
PHY_233, 537.3, 470.4, 5
PHY_235, 537.3, 470.4, 5
FILLER_116_941, 537.3, 470.4, 5
FILLER_116_943, 537.3, 470.4, 5
FILLER_117_941, 537.3, 470.4, 5
FILLER_117_943, 537.3, 470.4, 5
PHY_228, 10.8, 462.56, 5
PHY_230, 10.8, 462.56, 5
FILLER_114_2, 10.8, 462.56, 5
FILLER_115_2, 10.8, 462.56, 5
FILLER_114_18, 18.9, 462.56, 5
FILLER_115_18, 18.9, 462.56, 5
TAP_1763, 29.7, 462.56, 5
FILLER_114_34, 29.7, 462.56, 5
FILLER_114_37, 29.7, 462.56, 5
FILLER_115_34, 29.7, 462.56, 5
FILLER_115_50, 37.8, 462.56, 5
FILLER_114_53, 40.5, 462.56, 5
FILLER_115_66, 45.9, 462.56, 5
TAP_1776, 48.6, 462.56, 5
FILLER_114_69, 48.6, 462.56, 5
FILLER_115_70, 48.6, 462.56, 5
FILLER_115_73, 51.3, 462.56, 5
FILLER_114_85, 56.7, 462.56, 5
FILLER_115_89, 59.4, 462.56, 5
FILLER_114_101, 67.5, 462.56, 5
TAP_1764, 70.2, 462.56, 5
FILLER_114_105, 70.2, 462.56, 5
FILLER_114_108, 70.2, 462.56, 5
FILLER_115_105, 70.2, 462.56, 5
FILLER_114_124, 78.3, 462.56, 5
FILLER_115_121, 78.3, 462.56, 5
FILLER_115_137, 86.4, 462.56, 5
TAP_1777, 89.1, 462.56, 5
FILLER_114_140, 89.1, 462.56, 5
FILLER_115_141, 89.1, 462.56, 5
FILLER_115_144, 91.8, 462.56, 5
FILLER_114_156, 97.2, 462.56, 5
FILLER_115_160, 99.9, 462.56, 5
FILLER_114_172, 105.3, 462.56, 5
TAP_1765, 108, 462.56, 5
FILLER_114_176, 108, 462.56, 5
FILLER_115_176, 108, 462.56, 5
FILLER_114_179, 110.7, 462.56, 5
FILLER_114_195, 118.8, 462.56, 5
FILLER_115_192, 118.8, 462.56, 5
FILLER_114_211, 126.9, 462.56, 5
FILLER_115_208, 126.9, 462.56, 5
TAP_1778, 129.6, 462.56, 5
FILLER_115_212, 129.6, 462.56, 5
FILLER_115_215, 129.6, 462.56, 5
FILLER_114_227, 137.7, 462.56, 5
FILLER_115_231, 140.4, 462.56, 5
FILLER_114_243, 145.8, 462.56, 5
TAP_1766, 148.5, 462.56, 5
FILLER_114_247, 148.5, 462.56, 5
FILLER_115_247, 148.5, 462.56, 5
FILLER_114_250, 151.2, 462.56, 5
FILLER_115_263, 156.6, 462.56, 5
FILLER_114_266, 159.3, 462.56, 5
FILLER_114_282, 167.4, 462.56, 5
FILLER_115_279, 167.4, 462.56, 5
FILLER_115_283, 167.4, 462.56, 5
TAP_1779, 170.1, 462.56, 5
FILLER_115_286, 170.1, 462.56, 5
FILLER_114_298, 178.2, 462.56, 5
FILLER_115_302, 178.2, 462.56, 5
FILLER_114_314, 186.3, 462.56, 5
TAP_1767, 189, 462.56, 5
FILLER_114_318, 189, 462.56, 5
FILLER_114_321, 189, 462.56, 5
FILLER_115_318, 189, 462.56, 5
FILLER_115_334, 197.1, 462.56, 5
FILLER_114_337, 199.8, 462.56, 5
FILLER_115_350, 205.2, 462.56, 5
TAP_1780, 207.9, 462.56, 5
FILLER_114_353, 207.9, 462.56, 5
FILLER_115_354, 207.9, 462.56, 5
FILLER_115_357, 210.6, 462.56, 5
FILLER_114_369, 216, 462.56, 5
FILLER_115_373, 218.7, 462.56, 5
FILLER_115_381, 224.1, 462.56, 5
_05757_, 226.8, 462.56, 5
FILLER_114_385, 226.8, 462.56, 5
FILLER_114_389, 226.8, 462.56, 5
FILLER_115_385, 226.8, 462.56, 5
FILLER_115_387, 226.8, 462.56, 5
_05758_, 229.5, 462.56, 5
_05805_, 229.5, 462.56, 5
TAP_1768, 229.5, 462.56, 5
FILLER_114_405, 237.6, 462.56, 5
_05715_, 240.3, 462.56, 5
FILLER_114_409, 240.3, 462.56, 5
_05707_, 243, 462.56, 5
_05709_, 243, 462.56, 5
FILLER_114_416, 243, 462.56, 5
FILLER_115_417, 243, 462.56, 5
TAP_1781, 248.4, 462.56, 5
_05708_, 251.1, 462.56, 5
_05714_, 251.1, 462.56, 5
_05705_, 256.5, 462.56, 5
_05795_, 259.2, 462.56, 5
FILLER_115_444, 259.2, 462.56, 5
_05712_, 264.6, 462.56, 5
TAP_1769, 267.3, 462.56, 5
FILLER_114_460, 267.3, 462.56, 5
FILLER_114_463, 270, 462.56, 5
_05835_, 272.7, 462.56, 5
FILLER_114_467, 272.7, 462.56, 5
FILLER_115_469, 272.7, 462.56, 5
_05791_, 275.4, 462.56, 5
_05846_, 275.4, 462.56, 5
FILLER_114_474, 275.4, 462.56, 5
FILLER_114_481, 278.1, 462.56, 5
_05888_, 280.8, 462.56, 5
TAP_1782, 288.9, 462.56, 5
FILLER_114_496, 288.9, 462.56, 5
FILLER_114_500, 288.9, 462.56, 5
FILLER_115_496, 288.9, 462.56, 5
FILLER_115_499, 288.9, 462.56, 5
_05940_, 291.6, 462.56, 5
_05953_, 291.6, 462.56, 5
_05952_, 294.3, 462.56, 5
FILLER_115_526, 305.1, 462.56, 5
_06196_, 307.8, 462.56, 5
TAP_1770, 307.8, 462.56, 5
FILLER_114_530, 307.8, 462.56, 5
FILLER_115_542, 313.2, 462.56, 5
_06199_, 315.9, 462.56, 5
_06200_, 315.9, 462.56, 5
FILLER_115_552, 318.6, 462.56, 5
_06201_, 321.3, 462.56, 5
_06021_, 326.7, 462.56, 5
FILLER_114_564, 326.7, 462.56, 5
_06018_, 329.4, 462.56, 5
TAP_1783, 329.4, 462.56, 5
_06019_, 334.8, 462.56, 5
FILLER_115_578, 334.8, 462.56, 5
_06020_, 340.2, 462.56, 5
_06023_, 340.2, 462.56, 5
_06024_, 342.9, 462.56, 5
FILLER_115_596, 342.9, 462.56, 5
_06108_, 345.6, 462.56, 5
_06022_, 348.3, 462.56, 5
TAP_1771, 348.3, 462.56, 5
_06025_, 351, 462.56, 5
FILLER_114_610, 351, 462.56, 5
FILLER_115_607, 351, 462.56, 5
_06031_, 353.7, 462.56, 5
_06056_, 353.7, 462.56, 5
FILLER_114_618, 356.4, 462.56, 5
_06054_, 361.8, 462.56, 5
FILLER_114_634, 364.5, 462.56, 5
TAP_1784, 367.2, 462.56, 5
FILLER_114_638, 367.2, 462.56, 5
FILLER_114_640, 367.2, 462.56, 5
FILLER_115_637, 367.2, 462.56, 5
_06052_, 369.9, 462.56, 5
_06097_, 369.9, 462.56, 5
FILLER_114_652, 375.3, 462.56, 5
_06095_, 378, 462.56, 5
FILLER_114_668, 383.4, 462.56, 5
_06139_, 386.1, 462.56, 5
FILLER_114_672, 386.1, 462.56, 5
FILLER_115_670, 386.1, 462.56, 5
TAP_1772, 388.8, 462.56, 5
FILLER_114_676, 388.8, 462.56, 5
_06055_, 391.5, 462.56, 5
FILLER_115_684, 394.2, 462.56, 5
FILLER_115_688, 394.2, 462.56, 5
_04762_, 396.9, 462.56, 5
FILLER_114_692, 396.9, 462.56, 5
_06402_, 402.3, 462.56, 5
FILLER_115_707, 405, 462.56, 5
_06440_, 407.7, 462.56, 5
TAP_1785, 407.7, 462.56, 5
FILLER_114_708, 407.7, 462.56, 5
FILLER_115_709, 407.7, 462.56, 5
_06443_, 410.4, 462.56, 5
_06439_, 415.8, 462.56, 5
_06441_, 418.5, 462.56, 5
_06442_, 421.2, 462.56, 5
_06485_, 421.2, 462.56, 5
_06484_, 423.9, 462.56, 5
FILLER_114_737, 423.9, 462.56, 5
FILLER_114_739, 423.9, 462.56, 5
TAP_1773, 426.6, 462.56, 5
_06486_, 429.3, 462.56, 5
_06487_, 429.3, 462.56, 5
_06536_, 432, 462.56, 5
_06488_, 434.7, 462.56, 5
_06534_, 437.4, 462.56, 5
FILLER_114_764, 437.4, 462.56, 5
_06394_, 440.1, 462.56, 5
FILLER_115_770, 440.1, 462.56, 5
FILLER_115_778, 445.5, 462.56, 5
_06391_, 448.2, 462.56, 5
TAP_1786, 448.2, 462.56, 5
FILLER_115_780, 448.2, 462.56, 5
FILLER_115_788, 450.9, 462.56, 5
_06395_, 453.6, 462.56, 5
_06396_, 453.6, 462.56, 5
FILLER_114_803, 459, 462.56, 5
FILLER_115_803, 459, 462.56, 5
_06435_, 461.7, 462.56, 5
FILLER_114_811, 464.4, 462.56, 5
_06434_, 467.1, 462.56, 5
_06475_, 467.1, 462.56, 5
TAP_1774, 467.1, 462.56, 5
FILLER_114_815, 467.1, 462.56, 5
FILLER_114_824, 472.5, 462.56, 5
FILLER_114_828, 472.5, 462.56, 5
_06527_, 475.2, 462.56, 5
FILLER_115_830, 475.2, 462.56, 5
FILLER_114_838, 480.6, 462.56, 5
FILLER_115_846, 483.3, 462.56, 5
TAP_1787, 486, 462.56, 5
FILLER_115_850, 486, 462.56, 5
FILLER_114_854, 488.7, 462.56, 5
FILLER_115_854, 488.7, 462.56, 5
FILLER_114_870, 496.8, 462.56, 5
FILLER_115_870, 496.8, 462.56, 5
FILLER_114_886, 504.9, 462.56, 5
FILLER_115_886, 504.9, 462.56, 5
TAP_1775, 507.6, 462.56, 5
FILLER_114_889, 507.6, 462.56, 5
FILLER_114_905, 515.7, 462.56, 5
FILLER_115_902, 515.7, 462.56, 5
FILLER_115_918, 523.8, 462.56, 5
TAP_1788, 526.5, 462.56, 5
FILLER_114_921, 526.5, 462.56, 5
FILLER_115_922, 526.5, 462.56, 5
FILLER_115_925, 529.2, 462.56, 5
FILLER_114_937, 534.6, 462.56, 5
PHY_229, 537.3, 462.56, 5
PHY_231, 537.3, 462.56, 5
FILLER_114_941, 537.3, 462.56, 5
FILLER_114_943, 537.3, 462.56, 5
FILLER_115_941, 537.3, 462.56, 5
FILLER_115_943, 537.3, 462.56, 5
PHY_224, 10.8, 454.72, 5
PHY_226, 10.8, 454.72, 5
FILLER_112_2, 10.8, 454.72, 5
FILLER_113_2, 10.8, 454.72, 5
_10040_, 13.5, 454.72, 5
FILLER_112_6, 13.5, 454.72, 5
FILLER_112_12, 16.2, 454.72, 5
FILLER_113_18, 18.9, 454.72, 5
FILLER_112_28, 27, 454.72, 5
FILLER_112_32, 27, 454.72, 5
TAP_1737, 29.7, 454.72, 5
FILLER_112_34, 29.7, 454.72, 5
FILLER_112_37, 29.7, 454.72, 5
FILLER_113_34, 29.7, 454.72, 5
FILLER_113_50, 37.8, 454.72, 5
FILLER_112_53, 40.5, 454.72, 5
FILLER_113_66, 45.9, 454.72, 5
TAP_1750, 48.6, 454.72, 5
FILLER_112_69, 48.6, 454.72, 5
FILLER_113_70, 48.6, 454.72, 5
FILLER_113_73, 51.3, 454.72, 5
FILLER_112_85, 56.7, 454.72, 5
FILLER_113_89, 59.4, 454.72, 5
FILLER_112_101, 67.5, 454.72, 5
TAP_1738, 70.2, 454.72, 5
FILLER_112_105, 70.2, 454.72, 5
FILLER_112_108, 70.2, 454.72, 5
FILLER_113_105, 70.2, 454.72, 5
FILLER_112_124, 78.3, 454.72, 5
FILLER_113_121, 78.3, 454.72, 5
FILLER_113_137, 86.4, 454.72, 5
TAP_1751, 89.1, 454.72, 5
FILLER_112_140, 89.1, 454.72, 5
FILLER_113_141, 89.1, 454.72, 5
FILLER_113_144, 91.8, 454.72, 5
FILLER_112_156, 97.2, 454.72, 5
FILLER_113_160, 99.9, 454.72, 5
FILLER_112_172, 105.3, 454.72, 5
TAP_1739, 108, 454.72, 5
FILLER_112_176, 108, 454.72, 5
FILLER_113_176, 108, 454.72, 5
FILLER_112_179, 110.7, 454.72, 5
FILLER_112_195, 118.8, 454.72, 5
FILLER_113_192, 118.8, 454.72, 5
FILLER_112_211, 126.9, 454.72, 5
FILLER_113_208, 126.9, 454.72, 5
TAP_1752, 129.6, 454.72, 5
FILLER_113_212, 129.6, 454.72, 5
FILLER_113_215, 129.6, 454.72, 5
FILLER_112_227, 137.7, 454.72, 5
FILLER_113_231, 140.4, 454.72, 5
FILLER_112_243, 145.8, 454.72, 5
TAP_1740, 148.5, 454.72, 5
FILLER_112_247, 148.5, 454.72, 5
FILLER_113_247, 148.5, 454.72, 5
FILLER_112_250, 151.2, 454.72, 5
FILLER_113_263, 156.6, 454.72, 5
FILLER_112_266, 159.3, 454.72, 5
FILLER_112_282, 167.4, 454.72, 5
FILLER_113_279, 167.4, 454.72, 5
FILLER_113_283, 167.4, 454.72, 5
TAP_1753, 170.1, 454.72, 5
FILLER_113_286, 170.1, 454.72, 5
FILLER_112_298, 178.2, 454.72, 5
FILLER_113_302, 178.2, 454.72, 5
FILLER_112_314, 186.3, 454.72, 5
TAP_1741, 189, 454.72, 5
FILLER_112_318, 189, 454.72, 5
FILLER_112_321, 189, 454.72, 5
FILLER_113_318, 189, 454.72, 5
FILLER_113_334, 197.1, 454.72, 5
FILLER_112_337, 199.8, 454.72, 5
FILLER_113_350, 205.2, 454.72, 5
TAP_1754, 207.9, 454.72, 5
FILLER_112_353, 207.9, 454.72, 5
FILLER_113_354, 207.9, 454.72, 5
FILLER_113_357, 210.6, 454.72, 5
_05826_, 216, 454.72, 5
FILLER_113_373, 218.7, 454.72, 5
_05807_, 221.4, 454.72, 5
FILLER_112_375, 221.4, 454.72, 5
FILLER_112_379, 221.4, 454.72, 5
FILLER_113_377, 221.4, 454.72, 5
_05828_, 224.1, 454.72, 5
FILLER_112_381, 224.1, 454.72, 5
_05808_, 229.5, 454.72, 5
TAP_1742, 229.5, 454.72, 5
_05779_, 234.9, 454.72, 5
FILLER_113_403, 234.9, 454.72, 5
_05806_, 237.6, 454.72, 5
FILLER_113_407, 237.6, 454.72, 5
_05716_, 240.3, 454.72, 5
FILLER_112_411, 240.3, 454.72, 5
FILLER_113_409, 240.3, 454.72, 5
FILLER_113_422, 245.7, 454.72, 5
TAP_1755, 248.4, 454.72, 5
FILLER_112_427, 248.4, 454.72, 5
_05678_, 251.1, 454.72, 5
_05729_, 251.1, 454.72, 5
FILLER_112_431, 251.1, 454.72, 5
FILLER_112_437, 253.8, 454.72, 5
_05677_, 256.5, 454.72, 5
FILLER_112_445, 259.2, 454.72, 5
FILLER_112_447, 259.2, 454.72, 5
_05683_, 261.9, 454.72, 5
FILLER_113_451, 261.9, 454.72, 5
_05690_, 264.6, 454.72, 5
_05711_, 267.3, 454.72, 5
TAP_1743, 267.3, 454.72, 5
FILLER_113_459, 267.3, 454.72, 5
_05691_, 270, 454.72, 5
FILLER_113_464, 270, 454.72, 5
FILLER_112_471, 272.7, 454.72, 5
_05843_, 275.4, 454.72, 5
FILLER_112_475, 275.4, 454.72, 5
_05793_, 278.1, 454.72, 5
FILLER_113_480, 278.1, 454.72, 5
FILLER_113_489, 283.5, 454.72, 5
_05906_, 288.9, 454.72, 5
TAP_1756, 288.9, 454.72, 5
FILLER_113_499, 288.9, 454.72, 5
FILLER_113_503, 291.6, 454.72, 5
FILLER_113_505, 291.6, 454.72, 5
_05904_, 294.3, 454.72, 5
_05941_, 297, 454.72, 5
_05905_, 302.4, 454.72, 5
FILLER_113_520, 302.4, 454.72, 5
FILLER_112_528, 305.1, 454.72, 5
FILLER_113_528, 305.1, 454.72, 5
_06197_, 307.8, 454.72, 5
TAP_1744, 307.8, 454.72, 5
FILLER_112_534, 307.8, 454.72, 5
FILLER_113_530, 307.8, 454.72, 5
_06198_, 310.5, 454.72, 5
_06253_, 310.5, 454.72, 5
_06251_, 315.9, 454.72, 5
_06254_, 315.9, 454.72, 5
_06255_, 321.3, 454.72, 5
FILLER_113_556, 321.3, 454.72, 5
FILLER_113_558, 321.3, 454.72, 5
_06017_, 324, 454.72, 5
FILLER_112_565, 326.7, 454.72, 5
_06061_, 329.4, 454.72, 5
_06232_, 329.4, 454.72, 5
TAP_1757, 329.4, 454.72, 5
FILLER_112_575, 332.1, 454.72, 5
FILLER_112_577, 332.1, 454.72, 5
_06261_, 334.8, 454.72, 5
_05988_, 337.5, 454.72, 5
FILLER_112_586, 337.5, 454.72, 5
_06011_, 342.9, 454.72, 5
_06205_, 342.9, 454.72, 5
FILLER_112_594, 342.9, 454.72, 5
FILLER_113_601, 345.6, 454.72, 5
_06257_, 348.3, 454.72, 5
TAP_1745, 348.3, 454.72, 5
_06206_, 351, 454.72, 5
FILLER_112_610, 351, 454.72, 5
FILLER_112_620, 356.4, 454.72, 5
FILLER_113_617, 356.4, 454.72, 5
FILLER_112_624, 359.1, 454.72, 5
_06209_, 361.8, 454.72, 5
_06250_, 364.5, 454.72, 5
FILLER_113_633, 364.5, 454.72, 5
TAP_1758, 367.2, 454.72, 5
FILLER_112_637, 367.2, 454.72, 5
FILLER_113_637, 367.2, 454.72, 5
_06048_, 369.9, 454.72, 5
_06211_, 369.9, 454.72, 5
FILLER_112_641, 369.9, 454.72, 5
FILLER_113_649, 372.6, 454.72, 5
_06192_, 375.3, 454.72, 5
FILLER_113_653, 375.3, 454.72, 5
_06191_, 378, 454.72, 5
_06160_, 380.7, 454.72, 5
_06141_, 383.4, 454.72, 5
_06140_, 388.8, 454.72, 5
_06142_, 388.8, 454.72, 5
TAP_1746, 388.8, 454.72, 5
FILLER_112_682, 391.5, 454.72, 5
_06405_, 394.2, 454.72, 5
FILLER_113_684, 394.2, 454.72, 5
FILLER_113_686, 394.2, 454.72, 5
_06403_, 402.3, 454.72, 5
TAP_1759, 407.7, 454.72, 5
FILLER_112_710, 407.7, 454.72, 5
FILLER_113_712, 407.7, 454.72, 5
_06404_, 410.4, 454.72, 5
_06406_, 410.4, 454.72, 5
FILLER_112_714, 410.4, 454.72, 5
FILLER_112_716, 410.4, 454.72, 5
FILLER_113_718, 413.1, 454.72, 5
FILLER_113_722, 413.1, 454.72, 5
_06444_, 415.8, 454.72, 5
FILLER_112_725, 415.8, 454.72, 5
_06445_, 418.5, 454.72, 5
FILLER_112_733, 421.2, 454.72, 5
_06446_, 423.9, 454.72, 5
_06451_, 423.9, 454.72, 5
FILLER_112_737, 423.9, 454.72, 5
FILLER_112_739, 423.9, 454.72, 5
_06453_, 426.6, 454.72, 5
TAP_1747, 426.6, 454.72, 5
_06452_, 429.3, 454.72, 5
FILLER_112_747, 429.3, 454.72, 5
FILLER_113_751, 429.3, 454.72, 5
_06588_, 434.7, 454.72, 5
FILLER_112_759, 434.7, 454.72, 5
FILLER_113_759, 434.7, 454.72, 5
FILLER_113_765, 437.4, 454.72, 5
_06368_, 440.1, 454.72, 5
_06369_, 440.1, 454.72, 5
FILLER_112_767, 440.1, 454.72, 5
_06372_, 442.8, 454.72, 5
FILLER_112_775, 442.8, 454.72, 5
FILLER_113_771, 442.8, 454.72, 5
FILLER_112_779, 445.5, 454.72, 5
_06373_, 448.2, 454.72, 5
_06376_, 448.2, 454.72, 5
TAP_1760, 448.2, 454.72, 5
FILLER_112_781, 448.2, 454.72, 5
FILLER_112_790, 453.6, 454.72, 5
_06375_, 456.3, 454.72, 5
_06540_, 456.3, 454.72, 5
FILLER_112_798, 456.3, 454.72, 5
FILLER_113_800, 459, 454.72, 5
_06593_, 461.7, 454.72, 5
FILLER_113_808, 461.7, 454.72, 5
_06541_, 464.4, 454.72, 5
_06529_, 467.1, 454.72, 5
TAP_1748, 467.1, 454.72, 5
FILLER_113_818, 467.1, 454.72, 5
FILLER_112_823, 469.8, 454.72, 5
FILLER_113_822, 469.8, 454.72, 5
_06526_, 472.5, 454.72, 5
_06528_, 472.5, 454.72, 5
FILLER_113_824, 472.5, 454.72, 5
FILLER_112_833, 477.9, 454.72, 5
FILLER_112_837, 477.9, 454.72, 5
_06542_, 480.6, 454.72, 5
_09597_, 486, 454.72, 5
TAP_1761, 486, 454.72, 5
FILLER_113_848, 486, 454.72, 5
FILLER_113_854, 488.7, 454.72, 5
FILLER_113_870, 496.8, 454.72, 5
FILLER_112_879, 502.2, 454.72, 5
FILLER_113_886, 504.9, 454.72, 5
TAP_1749, 507.6, 454.72, 5
FILLER_112_889, 507.6, 454.72, 5
FILLER_112_905, 515.7, 454.72, 5
FILLER_113_902, 515.7, 454.72, 5
FILLER_113_918, 523.8, 454.72, 5
TAP_1762, 526.5, 454.72, 5
FILLER_112_921, 526.5, 454.72, 5
FILLER_113_922, 526.5, 454.72, 5
FILLER_113_925, 529.2, 454.72, 5
FILLER_112_937, 534.6, 454.72, 5
PHY_225, 537.3, 454.72, 5
PHY_227, 537.3, 454.72, 5
FILLER_112_941, 537.3, 454.72, 5
FILLER_112_943, 537.3, 454.72, 5
FILLER_113_941, 537.3, 454.72, 5
FILLER_113_943, 537.3, 454.72, 5
PHY_220, 10.8, 446.88, 5
PHY_222, 10.8, 446.88, 5
FILLER_110_2, 10.8, 446.88, 5
FILLER_111_2, 10.8, 446.88, 5
_10027_, 13.5, 446.88, 5
FILLER_111_6, 13.5, 446.88, 5
FILLER_111_12, 16.2, 446.88, 5
FILLER_110_18, 18.9, 446.88, 5
FILLER_111_28, 27, 446.88, 5
TAP_1711, 29.7, 446.88, 5
FILLER_110_34, 29.7, 446.88, 5
FILLER_110_37, 29.7, 446.88, 5
FILLER_111_44, 35.1, 446.88, 5
FILLER_110_53, 40.5, 446.88, 5
FILLER_111_60, 43.2, 446.88, 5
TAP_1724, 48.6, 446.88, 5
FILLER_110_69, 48.6, 446.88, 5
FILLER_111_68, 48.6, 446.88, 5
FILLER_111_70, 48.6, 446.88, 5
FILLER_111_73, 51.3, 446.88, 5
FILLER_110_85, 56.7, 446.88, 5
FILLER_111_89, 59.4, 446.88, 5
FILLER_110_101, 67.5, 446.88, 5
TAP_1712, 70.2, 446.88, 5
FILLER_110_105, 70.2, 446.88, 5
FILLER_110_108, 70.2, 446.88, 5
FILLER_111_105, 70.2, 446.88, 5
FILLER_110_124, 78.3, 446.88, 5
FILLER_111_121, 78.3, 446.88, 5
FILLER_111_137, 86.4, 446.88, 5
TAP_1725, 89.1, 446.88, 5
FILLER_110_140, 89.1, 446.88, 5
FILLER_111_141, 89.1, 446.88, 5
FILLER_111_144, 91.8, 446.88, 5
FILLER_110_156, 97.2, 446.88, 5
FILLER_111_160, 99.9, 446.88, 5
FILLER_110_172, 105.3, 446.88, 5
TAP_1713, 108, 446.88, 5
FILLER_110_176, 108, 446.88, 5
FILLER_111_176, 108, 446.88, 5
FILLER_110_179, 110.7, 446.88, 5
FILLER_110_195, 118.8, 446.88, 5
FILLER_111_192, 118.8, 446.88, 5
FILLER_110_211, 126.9, 446.88, 5
FILLER_111_208, 126.9, 446.88, 5
TAP_1726, 129.6, 446.88, 5
FILLER_111_212, 129.6, 446.88, 5
FILLER_111_215, 129.6, 446.88, 5
FILLER_110_227, 137.7, 446.88, 5
FILLER_111_231, 140.4, 446.88, 5
FILLER_110_243, 145.8, 446.88, 5
TAP_1714, 148.5, 446.88, 5
FILLER_110_247, 148.5, 446.88, 5
FILLER_111_247, 148.5, 446.88, 5
FILLER_110_250, 151.2, 446.88, 5
FILLER_111_263, 156.6, 446.88, 5
FILLER_110_266, 159.3, 446.88, 5
FILLER_110_282, 167.4, 446.88, 5
FILLER_111_279, 167.4, 446.88, 5
FILLER_111_283, 167.4, 446.88, 5
TAP_1727, 170.1, 446.88, 5
FILLER_111_286, 170.1, 446.88, 5
FILLER_110_298, 178.2, 446.88, 5
FILLER_111_302, 178.2, 446.88, 5
FILLER_110_314, 186.3, 446.88, 5
TAP_1715, 189, 446.88, 5
FILLER_110_318, 189, 446.88, 5
FILLER_110_321, 189, 446.88, 5
FILLER_111_318, 189, 446.88, 5
FILLER_111_334, 197.1, 446.88, 5
FILLER_110_337, 199.8, 446.88, 5
FILLER_110_345, 202.5, 446.88, 5
FILLER_110_349, 205.2, 446.88, 5
FILLER_111_350, 205.2, 446.88, 5
_09561_, 207.9, 446.88, 5
TAP_1728, 207.9, 446.88, 5
FILLER_111_354, 207.9, 446.88, 5
_09562_, 210.6, 446.88, 5
FILLER_110_387, 226.8, 446.88, 5
FILLER_110_389, 226.8, 446.88, 5
_05759_, 229.5, 446.88, 5
_05809_, 229.5, 446.88, 5
TAP_1716, 229.5, 446.88, 5
_05824_, 234.9, 446.88, 5
_05825_, 237.6, 446.88, 5
FILLER_110_408, 237.6, 446.88, 5
_05726_, 240.3, 446.88, 5
_05725_, 243, 446.88, 5
_05763_, 243, 446.88, 5
_05724_, 248.4, 446.88, 5
TAP_1729, 248.4, 446.88, 5
_05723_, 251.1, 446.88, 5
FILLER_111_428, 251.1, 446.88, 5
_05727_, 253.8, 446.88, 5
_05722_, 256.5, 446.88, 5
FILLER_110_439, 256.5, 446.88, 5
FILLER_111_441, 256.5, 446.88, 5
_05721_, 259.2, 446.88, 5
FILLER_111_443, 259.2, 446.88, 5
_05675_, 261.9, 446.88, 5
_05688_, 261.9, 446.88, 5
_05687_, 264.6, 446.88, 5
TAP_1717, 267.3, 446.88, 5
FILLER_110_459, 267.3, 446.88, 5
_05689_, 270, 446.88, 5
_05810_, 270, 446.88, 5
FILLER_110_463, 270, 446.88, 5
FILLER_111_470, 272.7, 446.88, 5
_05766_, 275.4, 446.88, 5
_05837_, 278.1, 446.88, 5
_05842_, 278.1, 446.88, 5
FILLER_110_478, 278.1, 446.88, 5
FILLER_111_478, 278.1, 446.88, 5
_05899_, 280.8, 446.88, 5
_05749_, 283.5, 446.88, 5
_05841_, 288.9, 446.88, 5
TAP_1730, 288.9, 446.88, 5
FILLER_111_505, 291.6, 446.88, 5
_05897_, 294.3, 446.88, 5
_05898_, 294.3, 446.88, 5
FILLER_111_507, 294.3, 446.88, 5
_05896_, 297, 446.88, 5
_05895_, 299.7, 446.88, 5
_05889_, 302.4, 446.88, 5
FILLER_110_524, 302.4, 446.88, 5
FILLER_111_525, 305.1, 446.88, 5
_06294_, 307.8, 446.88, 5
TAP_1718, 307.8, 446.88, 5
FILLER_111_533, 307.8, 446.88, 5
_06252_, 310.5, 446.88, 5
FILLER_111_547, 315.9, 446.88, 5
_06293_, 318.6, 446.88, 5
FILLER_111_549, 318.6, 446.88, 5
_06256_, 321.3, 446.88, 5
_06291_, 324, 446.88, 5
_06109_, 326.7, 446.88, 5
FILLER_110_563, 326.7, 446.88, 5
FILLER_111_567, 326.7, 446.88, 5
_06113_, 329.4, 446.88, 5
TAP_1731, 329.4, 446.88, 5
FILLER_111_570, 329.4, 446.88, 5
_06111_, 332.1, 446.88, 5
_06260_, 334.8, 446.88, 5
_06259_, 337.5, 446.88, 5
_06258_, 340.2, 446.88, 5
_06071_, 342.9, 446.88, 5
_06202_, 342.9, 446.88, 5
_06204_, 345.6, 446.88, 5
FILLER_110_601, 345.6, 446.88, 5
_06203_, 348.3, 446.88, 5
TAP_1719, 348.3, 446.88, 5
_06262_, 351, 446.88, 5
_06153_, 353.7, 446.88, 5
_06208_, 356.4, 446.88, 5
FILLER_111_617, 356.4, 446.88, 5
FILLER_111_619, 356.4, 446.88, 5
_09576_, 359.1, 446.88, 5
FILLER_110_621, 359.1, 446.88, 5
_06207_, 361.8, 446.88, 5
TAP_1732, 367.2, 446.88, 5
FILLER_111_637, 367.2, 446.88, 5
_06193_, 369.9, 446.88, 5
FILLER_111_646, 372.6, 446.88, 5
_06190_, 375.3, 446.88, 5
_06265_, 375.3, 446.88, 5
FILLER_111_656, 378, 446.88, 5
_06263_, 380.7, 446.88, 5
FILLER_110_662, 380.7, 446.88, 5
_09577_, 386.1, 446.88, 5
FILLER_110_670, 386.1, 446.88, 5
_06264_, 388.8, 446.88, 5
TAP_1720, 388.8, 446.88, 5
_06210_, 394.2, 446.88, 5
_06365_, 396.9, 446.88, 5
FILLER_111_701, 402.3, 446.88, 5
_06363_, 407.7, 446.88, 5
_06364_, 407.7, 446.88, 5
TAP_1733, 407.7, 446.88, 5
FILLER_111_709, 407.7, 446.88, 5
_06366_, 413.1, 446.88, 5
FILLER_111_718, 413.1, 446.88, 5
_06401_, 415.8, 446.88, 5
_06367_, 418.5, 446.88, 5
_06629_, 418.5, 446.88, 5
FILLER_110_730, 418.5, 446.88, 5
_06628_, 421.2, 446.88, 5
FILLER_111_735, 421.2, 446.88, 5
TAP_1721, 426.6, 446.88, 5
FILLER_111_745, 426.6, 446.88, 5
_06450_, 429.3, 446.88, 5
_06630_, 429.3, 446.88, 5
_06370_, 434.7, 446.88, 5
FILLER_110_758, 434.7, 446.88, 5
FILLER_110_760, 434.7, 446.88, 5
FILLER_111_757, 434.7, 446.88, 5
FILLER_111_759, 434.7, 446.88, 5
_06410_, 437.4, 446.88, 5
_06371_, 440.1, 446.88, 5
_06378_, 440.1, 446.88, 5
FILLER_111_776, 445.5, 446.88, 5
_06377_, 448.2, 446.88, 5
TAP_1734, 448.2, 446.88, 5
FILLER_111_780, 448.2, 446.88, 5
FILLER_111_783, 448.2, 446.88, 5
FILLER_111_787, 450.9, 446.88, 5
FILLER_111_789, 450.9, 446.88, 5
_06537_, 453.6, 446.88, 5
_06538_, 453.6, 446.88, 5
_06539_, 456.3, 446.88, 5
_06591_, 459, 446.88, 5
_06592_, 459, 446.88, 5
_06589_, 464.4, 446.88, 5
FILLER_111_811, 464.4, 446.88, 5
_06580_, 467.1, 446.88, 5
TAP_1722, 467.1, 446.88, 5
FILLER_110_818, 467.1, 446.88, 5
FILLER_111_815, 467.1, 446.88, 5
_06596_, 469.8, 446.88, 5
FILLER_111_821, 469.8, 446.88, 5
FILLER_111_823, 469.8, 446.88, 5
_06577_, 472.5, 446.88, 5
_06579_, 472.5, 446.88, 5
_06545_, 475.2, 446.88, 5
_06594_, 480.6, 446.88, 5
FILLER_111_838, 480.6, 446.88, 5
_06595_, 486, 446.88, 5
TAP_1735, 486, 446.88, 5
FILLER_110_850, 486, 446.88, 5
_06543_, 488.7, 446.88, 5
FILLER_110_860, 491.4, 446.88, 5
_06497_, 494.1, 446.88, 5
FILLER_111_867, 496.8, 446.88, 5
FILLER_110_876, 499.5, 446.88, 5
FILLER_110_884, 504.9, 446.88, 5
FILLER_110_886, 504.9, 446.88, 5
FILLER_111_883, 504.9, 446.88, 5
TAP_1723, 507.6, 446.88, 5
FILLER_110_889, 507.6, 446.88, 5
FILLER_111_899, 513, 446.88, 5
FILLER_110_905, 515.7, 446.88, 5
FILLER_111_915, 523.8, 446.88, 5
TAP_1736, 526.5, 446.88, 5
FILLER_110_921, 526.5, 446.88, 5
FILLER_111_925, 529.2, 446.88, 5
FILLER_110_937, 534.6, 446.88, 5
PHY_221, 537.3, 446.88, 5
PHY_223, 537.3, 446.88, 5
FILLER_110_941, 537.3, 446.88, 5
FILLER_110_943, 537.3, 446.88, 5
FILLER_111_941, 537.3, 446.88, 5
FILLER_111_943, 537.3, 446.88, 5
PHY_216, 10.8, 439.04, 5
PHY_218, 10.8, 439.04, 5
FILLER_108_2, 10.8, 439.04, 5
FILLER_109_2, 10.8, 439.04, 5
FILLER_108_18, 18.9, 439.04, 5
FILLER_109_18, 18.9, 439.04, 5
TAP_1685, 29.7, 439.04, 5
FILLER_108_34, 29.7, 439.04, 5
FILLER_108_37, 29.7, 439.04, 5
FILLER_109_34, 29.7, 439.04, 5
FILLER_109_50, 37.8, 439.04, 5
FILLER_108_53, 40.5, 439.04, 5
FILLER_109_66, 45.9, 439.04, 5
TAP_1698, 48.6, 439.04, 5
FILLER_108_69, 48.6, 439.04, 5
FILLER_109_70, 48.6, 439.04, 5
FILLER_109_73, 51.3, 439.04, 5
FILLER_108_85, 56.7, 439.04, 5
FILLER_109_89, 59.4, 439.04, 5
FILLER_108_101, 67.5, 439.04, 5
TAP_1686, 70.2, 439.04, 5
FILLER_108_105, 70.2, 439.04, 5
FILLER_108_108, 70.2, 439.04, 5
FILLER_109_105, 70.2, 439.04, 5
FILLER_108_124, 78.3, 439.04, 5
FILLER_109_121, 78.3, 439.04, 5
FILLER_109_137, 86.4, 439.04, 5
TAP_1699, 89.1, 439.04, 5
FILLER_108_140, 89.1, 439.04, 5
FILLER_109_141, 89.1, 439.04, 5
FILLER_109_144, 91.8, 439.04, 5
FILLER_108_156, 97.2, 439.04, 5
FILLER_109_160, 99.9, 439.04, 5
FILLER_108_172, 105.3, 439.04, 5
TAP_1687, 108, 439.04, 5
FILLER_108_176, 108, 439.04, 5
FILLER_109_176, 108, 439.04, 5
FILLER_108_179, 110.7, 439.04, 5
FILLER_108_195, 118.8, 439.04, 5
FILLER_109_192, 118.8, 439.04, 5
FILLER_108_211, 126.9, 439.04, 5
FILLER_109_208, 126.9, 439.04, 5
TAP_1700, 129.6, 439.04, 5
FILLER_109_212, 129.6, 439.04, 5
FILLER_109_215, 129.6, 439.04, 5
FILLER_108_227, 137.7, 439.04, 5
_09929_, 140.4, 439.04, 5
FILLER_109_231, 140.4, 439.04, 5
FILLER_109_233, 140.4, 439.04, 5
FILLER_108_243, 145.8, 439.04, 5
TAP_1688, 148.5, 439.04, 5
FILLER_108_247, 148.5, 439.04, 5
_09185_, 151.2, 439.04, 5
FILLER_108_250, 151.2, 439.04, 5
_09930_, 156.6, 439.04, 5
FILLER_109_263, 156.6, 439.04, 5
FILLER_109_279, 167.4, 439.04, 5
FILLER_109_283, 167.4, 439.04, 5
TAP_1701, 170.1, 439.04, 5
FILLER_109_286, 170.1, 439.04, 5
_09248_, 172.8, 439.04, 5
FILLER_108_297, 175.5, 439.04, 5
FILLER_109_302, 178.2, 439.04, 5
FILLER_108_313, 186.3, 439.04, 5
FILLER_108_317, 186.3, 439.04, 5
TAP_1689, 189, 439.04, 5
FILLER_108_321, 189, 439.04, 5
FILLER_109_318, 189, 439.04, 5
FILLER_108_325, 191.7, 439.04, 5
_09252_, 194.4, 439.04, 5
FILLER_108_335, 197.1, 439.04, 5
FILLER_109_334, 197.1, 439.04, 5
_09249_, 202.5, 439.04, 5
FILLER_108_343, 202.5, 439.04, 5
FILLER_109_350, 205.2, 439.04, 5
TAP_1702, 207.9, 439.04, 5
FILLER_108_353, 207.9, 439.04, 5
FILLER_109_354, 207.9, 439.04, 5
FILLER_109_357, 210.6, 439.04, 5
FILLER_109_365, 213.3, 439.04, 5
_05778_, 216, 439.04, 5
FILLER_108_369, 216, 439.04, 5
FILLER_109_367, 216, 439.04, 5
FILLER_109_374, 218.7, 439.04, 5
_05738_, 221.4, 439.04, 5
_05777_, 221.4, 439.04, 5
_05760_, 224.1, 439.04, 5
_05761_, 224.1, 439.04, 5
_05762_, 229.5, 439.04, 5
TAP_1690, 229.5, 439.04, 5
_05776_, 232.2, 439.04, 5
_05735_, 237.6, 439.04, 5
FILLER_108_404, 237.6, 439.04, 5
FILLER_109_406, 237.6, 439.04, 5
_05728_, 240.3, 439.04, 5
FILLER_109_410, 240.3, 439.04, 5
FILLER_109_412, 240.3, 439.04, 5
_05769_, 243, 439.04, 5
_05775_, 243, 439.04, 5
_05731_, 248.4, 439.04, 5
TAP_1703, 248.4, 439.04, 5
_05768_, 251.1, 439.04, 5
_05654_, 253.8, 439.04, 5
FILLER_108_435, 253.8, 439.04, 5
FILLER_109_436, 253.8, 439.04, 5
_05692_, 256.5, 439.04, 5
FILLER_108_442, 256.5, 439.04, 5
_05811_, 259.2, 439.04, 5
FILLER_108_455, 264.6, 439.04, 5
TAP_1691, 267.3, 439.04, 5
FILLER_108_459, 267.3, 439.04, 5
FILLER_109_461, 267.3, 439.04, 5
_05684_, 270, 439.04, 5
_05767_, 270, 439.04, 5
_05765_, 272.7, 439.04, 5
_05750_, 278.1, 439.04, 5
FILLER_108_481, 278.1, 439.04, 5
FILLER_109_477, 278.1, 439.04, 5
FILLER_108_489, 283.5, 439.04, 5
_05748_, 286.2, 439.04, 5
TAP_1704, 288.9, 439.04, 5
FILLER_109_499, 288.9, 439.04, 5
_05951_, 291.6, 439.04, 5
FILLER_109_503, 291.6, 439.04, 5
_05949_, 299.7, 439.04, 5
FILLER_108_523, 302.4, 439.04, 5
FILLER_109_528, 305.1, 439.04, 5
TAP_1692, 307.8, 439.04, 5
FILLER_108_531, 307.8, 439.04, 5
FILLER_108_534, 307.8, 439.04, 5
FILLER_109_536, 310.5, 439.04, 5
_06295_, 313.2, 439.04, 5
FILLER_108_542, 313.2, 439.04, 5
FILLER_109_540, 313.2, 439.04, 5
FILLER_109_542, 313.2, 439.04, 5
_05999_, 315.9, 439.04, 5
FILLER_108_546, 315.9, 439.04, 5
_05993_, 321.3, 439.04, 5
_06112_, 321.3, 439.04, 5
FILLER_109_555, 321.3, 439.04, 5
FILLER_109_557, 321.3, 439.04, 5
_06002_, 329.4, 439.04, 5
_06296_, 329.4, 439.04, 5
TAP_1705, 329.4, 439.04, 5
_05982_, 332.1, 439.04, 5
_05998_, 334.8, 439.04, 5
_06005_, 340.2, 439.04, 5
_06004_, 342.9, 439.04, 5
_06154_, 345.6, 439.04, 5
FILLER_108_601, 345.6, 439.04, 5
FILLER_109_597, 345.6, 439.04, 5
FILLER_109_599, 345.6, 439.04, 5
_06073_, 348.3, 439.04, 5
TAP_1693, 348.3, 439.04, 5
_06155_, 351, 439.04, 5
_06068_, 353.7, 439.04, 5
FILLER_109_619, 356.4, 439.04, 5
_06114_, 359.1, 439.04, 5
_06157_, 359.1, 439.04, 5
FILLER_108_621, 359.1, 439.04, 5
_06144_, 364.5, 439.04, 5
_06156_, 364.5, 439.04, 5
_06248_, 367.2, 439.04, 5
TAP_1706, 367.2, 439.04, 5
FILLER_108_636, 367.2, 439.04, 5
FILLER_108_638, 367.2, 439.04, 5
FILLER_109_641, 369.9, 439.04, 5
_06247_, 372.6, 439.04, 5
_06249_, 372.6, 439.04, 5
FILLER_108_655, 378, 439.04, 5
FILLER_108_663, 380.7, 439.04, 5
_06118_, 383.4, 439.04, 5
FILLER_108_667, 383.4, 439.04, 5
FILLER_109_668, 383.4, 439.04, 5
_06159_, 388.8, 439.04, 5
TAP_1694, 388.8, 439.04, 5
FILLER_108_684, 394.2, 439.04, 5
FILLER_109_684, 394.2, 439.04, 5
FILLER_109_688, 394.2, 439.04, 5
_06606_, 396.9, 439.04, 5
_06623_, 399.6, 439.04, 5
_06622_, 402.3, 439.04, 5
FILLER_108_700, 402.3, 439.04, 5
TAP_1707, 407.7, 439.04, 5
FILLER_108_708, 407.7, 439.04, 5
FILLER_108_712, 407.7, 439.04, 5
FILLER_109_709, 407.7, 439.04, 5
FILLER_109_712, 407.7, 439.04, 5
_06361_, 410.4, 439.04, 5
_06407_, 410.4, 439.04, 5
FILLER_108_714, 410.4, 439.04, 5
_06341_, 415.8, 439.04, 5
FILLER_108_724, 415.8, 439.04, 5
_06333_, 418.5, 439.04, 5
_06356_, 418.5, 439.04, 5
_06332_, 421.2, 439.04, 5
_06448_, 421.2, 439.04, 5
FILLER_109_733, 421.2, 439.04, 5
_06449_, 426.6, 439.04, 5
TAP_1695, 426.6, 439.04, 5
_06344_, 429.3, 439.04, 5
_06342_, 432, 439.04, 5
FILLER_109_753, 432, 439.04, 5
_06338_, 434.7, 439.04, 5
FILLER_108_757, 434.7, 439.04, 5
_06339_, 437.4, 439.04, 5
_06408_, 437.4, 439.04, 5
FILLER_109_761, 437.4, 439.04, 5
FILLER_109_763, 437.4, 439.04, 5
_06411_, 440.1, 439.04, 5
_06412_, 442.8, 439.04, 5
FILLER_108_773, 442.8, 439.04, 5
TAP_1708, 448.2, 439.04, 5
FILLER_109_780, 448.2, 439.04, 5
FILLER_109_783, 448.2, 439.04, 5
_06491_, 450.9, 439.04, 5
FILLER_109_787, 450.9, 439.04, 5
FILLER_109_789, 450.9, 439.04, 5
_06489_, 453.6, 439.04, 5
_06590_, 453.6, 439.04, 5
FILLER_108_790, 453.6, 439.04, 5
FILLER_108_792, 453.6, 439.04, 5
_06494_, 456.3, 439.04, 5
_06631_, 459, 439.04, 5
FILLER_109_801, 459, 439.04, 5
_06480_, 464.4, 439.04, 5
FILLER_108_809, 464.4, 439.04, 5
FILLER_109_810, 464.4, 439.04, 5
_06620_, 467.1, 439.04, 5
_06632_, 467.1, 439.04, 5
TAP_1696, 467.1, 439.04, 5
FILLER_109_814, 467.1, 439.04, 5
FILLER_109_816, 467.1, 439.04, 5
_04825_, 475.2, 439.04, 5
FILLER_108_829, 475.2, 439.04, 5
_06621_, 477.9, 439.04, 5
_06578_, 480.6, 439.04, 5
FILLER_108_842, 480.6, 439.04, 5
FILLER_109_845, 483.3, 439.04, 5
TAP_1709, 486, 439.04, 5
FILLER_108_850, 486, 439.04, 5
FILLER_109_849, 486, 439.04, 5
FILLER_109_851, 486, 439.04, 5
_06544_, 488.7, 439.04, 5
_09598_, 488.7, 439.04, 5
FILLER_108_854, 488.7, 439.04, 5
FILLER_108_860, 491.4, 439.04, 5
FILLER_108_876, 499.5, 439.04, 5
FILLER_108_884, 504.9, 439.04, 5
FILLER_108_886, 504.9, 439.04, 5
FILLER_109_885, 504.9, 439.04, 5
TAP_1697, 507.6, 439.04, 5
FILLER_108_889, 507.6, 439.04, 5
FILLER_108_905, 515.7, 439.04, 5
FILLER_109_901, 515.7, 439.04, 5
FILLER_109_917, 523.8, 439.04, 5
TAP_1710, 526.5, 439.04, 5
FILLER_108_921, 526.5, 439.04, 5
FILLER_109_921, 526.5, 439.04, 5
FILLER_109_925, 529.2, 439.04, 5
FILLER_108_937, 534.6, 439.04, 5
PHY_217, 537.3, 439.04, 5
PHY_219, 537.3, 439.04, 5
FILLER_108_941, 537.3, 439.04, 5
FILLER_108_943, 537.3, 439.04, 5
FILLER_109_941, 537.3, 439.04, 5
FILLER_109_943, 537.3, 439.04, 5
PHY_212, 10.8, 431.2, 5
PHY_214, 10.8, 431.2, 5
FILLER_106_2, 10.8, 431.2, 5
FILLER_107_2, 10.8, 431.2, 5
FILLER_106_18, 18.9, 431.2, 5
FILLER_107_18, 18.9, 431.2, 5
TAP_1659, 29.7, 431.2, 5
FILLER_106_34, 29.7, 431.2, 5
FILLER_106_37, 29.7, 431.2, 5
FILLER_107_34, 29.7, 431.2, 5
FILLER_107_50, 37.8, 431.2, 5
FILLER_106_53, 40.5, 431.2, 5
FILLER_107_66, 45.9, 431.2, 5
TAP_1672, 48.6, 431.2, 5
FILLER_106_69, 48.6, 431.2, 5
FILLER_107_70, 48.6, 431.2, 5
FILLER_107_73, 51.3, 431.2, 5
FILLER_106_85, 56.7, 431.2, 5
FILLER_107_89, 59.4, 431.2, 5
FILLER_106_101, 67.5, 431.2, 5
TAP_1660, 70.2, 431.2, 5
FILLER_106_105, 70.2, 431.2, 5
FILLER_106_108, 70.2, 431.2, 5
FILLER_107_105, 70.2, 431.2, 5
FILLER_106_124, 78.3, 431.2, 5
FILLER_107_121, 78.3, 431.2, 5
FILLER_107_137, 86.4, 431.2, 5
TAP_1673, 89.1, 431.2, 5
FILLER_106_140, 89.1, 431.2, 5
FILLER_107_141, 89.1, 431.2, 5
FILLER_107_144, 91.8, 431.2, 5
FILLER_106_156, 97.2, 431.2, 5
FILLER_107_160, 99.9, 431.2, 5
FILLER_106_172, 105.3, 431.2, 5
TAP_1661, 108, 431.2, 5
FILLER_106_176, 108, 431.2, 5
FILLER_107_176, 108, 431.2, 5
FILLER_106_179, 110.7, 431.2, 5
_09928_, 116.1, 431.2, 5
_09181_, 118.8, 431.2, 5
FILLER_107_192, 118.8, 431.2, 5
FILLER_107_204, 124.2, 431.2, 5
_09927_, 129.6, 431.2, 5
TAP_1674, 129.6, 431.2, 5
FILLER_107_212, 129.6, 431.2, 5
_09179_, 132.3, 431.2, 5
FILLER_106_216, 132.3, 431.2, 5
_09178_, 137.7, 431.2, 5
FILLER_106_234, 140.4, 431.2, 5
FILLER_106_242, 145.8, 431.2, 5
FILLER_107_244, 145.8, 431.2, 5
_09186_, 148.5, 431.2, 5
TAP_1662, 148.5, 431.2, 5
FILLER_106_246, 148.5, 431.2, 5
_09196_, 151.2, 431.2, 5
FILLER_106_250, 151.2, 431.2, 5
_09195_, 153.9, 431.2, 5
FILLER_107_256, 153.9, 431.2, 5
_09191_, 156.6, 431.2, 5
FILLER_107_260, 156.6, 431.2, 5
_05178_, 159.3, 431.2, 5
_09190_, 162, 431.2, 5
FILLER_106_273, 162, 431.2, 5
_09952_, 164.7, 431.2, 5
FILLER_107_277, 164.7, 431.2, 5
FILLER_107_281, 167.4, 431.2, 5
FILLER_107_283, 167.4, 431.2, 5
_09247_, 170.1, 431.2, 5
TAP_1675, 170.1, 431.2, 5
FILLER_107_286, 170.1, 431.2, 5
_09955_, 175.5, 431.2, 5
_09254_, 180.9, 431.2, 5
_09253_, 183.6, 431.2, 5
_09954_, 189, 431.2, 5
TAP_1663, 189, 431.2, 5
_09953_, 191.7, 431.2, 5
FILLER_107_325, 191.7, 431.2, 5
FILLER_106_350, 205.2, 431.2, 5
_09560_, 207.9, 431.2, 5
TAP_1676, 207.9, 431.2, 5
_09250_, 210.6, 431.2, 5
FILLER_107_365, 213.3, 431.2, 5
FILLER_107_373, 218.7, 431.2, 5
_05703_, 221.4, 431.2, 5
_05719_, 224.1, 431.2, 5
FILLER_107_380, 224.1, 431.2, 5
_05718_, 226.8, 431.2, 5
_05720_, 229.5, 431.2, 5
TAP_1664, 229.5, 431.2, 5
FILLER_106_392, 229.5, 431.2, 5
_05717_, 232.2, 431.2, 5
_05736_, 234.9, 431.2, 5
FILLER_106_406, 237.6, 431.2, 5
_05823_, 240.3, 431.2, 5
FILLER_106_410, 240.3, 431.2, 5
_05734_, 243, 431.2, 5
_05822_, 243, 431.2, 5
FILLER_106_416, 243, 431.2, 5
FILLER_107_415, 243, 431.2, 5
FILLER_107_417, 243, 431.2, 5
TAP_1677, 248.4, 431.2, 5
_05730_, 251.1, 431.2, 5
_05733_, 251.1, 431.2, 5
FILLER_107_428, 251.1, 431.2, 5
_05696_, 256.5, 431.2, 5
FILLER_106_438, 256.5, 431.2, 5
FILLER_106_442, 256.5, 431.2, 5
_05699_, 259.2, 431.2, 5
FILLER_107_446, 259.2, 431.2, 5
_05693_, 261.9, 431.2, 5
FILLER_107_450, 261.9, 431.2, 5
_05812_, 264.6, 431.2, 5
FILLER_106_454, 264.6, 431.2, 5
_05694_, 267.3, 431.2, 5
TAP_1665, 267.3, 431.2, 5
_05817_, 270, 431.2, 5
_05764_, 272.7, 431.2, 5
FILLER_107_467, 272.7, 431.2, 5
_05863_, 275.4, 431.2, 5
FILLER_107_480, 278.1, 431.2, 5
FILLER_106_483, 280.8, 431.2, 5
_05900_, 283.5, 431.2, 5
FILLER_106_487, 283.5, 431.2, 5
FILLER_106_489, 283.5, 431.2, 5
_05839_, 288.9, 431.2, 5
_05950_, 288.9, 431.2, 5
TAP_1678, 288.9, 431.2, 5
FILLER_107_496, 288.9, 431.2, 5
_05838_, 294.3, 431.2, 5
_05901_, 297, 431.2, 5
FILLER_106_519, 299.7, 431.2, 5
FILLER_107_517, 299.7, 431.2, 5
FILLER_107_519, 299.7, 431.2, 5
_09580_, 302.4, 431.2, 5
FILLER_106_527, 305.1, 431.2, 5
_06307_, 307.8, 431.2, 5
TAP_1666, 307.8, 431.2, 5
FILLER_106_531, 307.8, 431.2, 5
_04830_, 313.2, 431.2, 5
FILLER_106_542, 313.2, 431.2, 5
_04831_, 318.6, 431.2, 5
_05980_, 318.6, 431.2, 5
_05979_, 321.3, 431.2, 5
_06152_, 321.3, 431.2, 5
_06001_, 326.7, 431.2, 5
_06003_, 329.4, 431.2, 5
TAP_1679, 329.4, 431.2, 5
_06006_, 342.9, 431.2, 5
_06299_, 342.9, 431.2, 5
_06072_, 348.3, 431.2, 5
TAP_1667, 348.3, 431.2, 5
FILLER_106_605, 348.3, 431.2, 5
_06070_, 351, 431.2, 5
FILLER_106_609, 351, 431.2, 5
_06069_, 353.7, 431.2, 5
FILLER_106_620, 356.4, 431.2, 5
_06300_, 359.1, 431.2, 5
FILLER_107_621, 359.1, 431.2, 5
FILLER_107_623, 359.1, 431.2, 5
FILLER_106_628, 361.8, 431.2, 5
FILLER_106_630, 361.8, 431.2, 5
_06288_, 364.5, 431.2, 5
_06289_, 364.5, 431.2, 5
FILLER_107_631, 364.5, 431.2, 5
TAP_1680, 367.2, 431.2, 5
_06290_, 369.9, 431.2, 5
_06143_, 372.6, 431.2, 5
_06301_, 375.3, 431.2, 5
_06158_, 380.7, 431.2, 5
_09575_, 383.4, 431.2, 5
_04833_, 388.8, 431.2, 5
TAP_1668, 388.8, 431.2, 5
FILLER_106_684, 394.2, 431.2, 5
FILLER_106_688, 394.2, 431.2, 5
_09600_, 396.9, 431.2, 5
_06638_, 402.3, 431.2, 5
FILLER_107_700, 402.3, 431.2, 5
TAP_1681, 407.7, 431.2, 5
FILLER_107_712, 407.7, 431.2, 5
_06360_, 410.4, 431.2, 5
_06336_, 413.1, 431.2, 5
_06337_, 413.1, 431.2, 5
FILLER_106_720, 413.1, 431.2, 5
FILLER_107_721, 413.1, 431.2, 5
_04821_, 418.5, 431.2, 5
_06340_, 418.5, 431.2, 5
_06345_, 421.2, 431.2, 5
_06348_, 423.9, 431.2, 5
TAP_1669, 426.6, 431.2, 5
_06335_, 429.3, 431.2, 5
_06343_, 434.7, 431.2, 5
_06413_, 440.1, 431.2, 5
_06346_, 442.8, 431.2, 5
_06382_, 448.2, 431.2, 5
_06490_, 448.2, 431.2, 5
TAP_1682, 448.2, 431.2, 5
_06492_, 450.9, 431.2, 5
_06493_, 450.9, 431.2, 5
FILLER_106_794, 453.6, 431.2, 5
_06397_, 456.3, 431.2, 5
FILLER_107_799, 456.3, 431.2, 5
_06398_, 459, 431.2, 5
FILLER_106_809, 464.4, 431.2, 5
FILLER_106_813, 464.4, 431.2, 5
_06437_, 467.1, 431.2, 5
TAP_1670, 467.1, 431.2, 5
FILLER_106_815, 467.1, 431.2, 5
FILLER_107_815, 467.1, 431.2, 5
_04824_, 469.8, 431.2, 5
FILLER_107_819, 469.8, 431.2, 5
FILLER_107_825, 472.5, 431.2, 5
_06438_, 475.2, 431.2, 5
_06454_, 477.9, 431.2, 5
FILLER_106_842, 480.6, 431.2, 5
_09595_, 483.3, 431.2, 5
FILLER_107_843, 483.3, 431.2, 5
TAP_1683, 486, 431.2, 5
FILLER_107_851, 486, 431.2, 5
_06455_, 488.7, 431.2, 5
FILLER_107_862, 494.1, 431.2, 5
FILLER_106_877, 502.2, 431.2, 5
FILLER_107_878, 502.2, 431.2, 5
FILLER_106_885, 504.9, 431.2, 5
TAP_1671, 507.6, 431.2, 5
FILLER_106_889, 507.6, 431.2, 5
FILLER_107_894, 510.3, 431.2, 5
FILLER_106_905, 515.7, 431.2, 5
FILLER_107_910, 518.4, 431.2, 5
FILLER_107_918, 523.8, 431.2, 5
TAP_1684, 526.5, 431.2, 5
FILLER_106_921, 526.5, 431.2, 5
FILLER_107_922, 526.5, 431.2, 5
FILLER_107_925, 529.2, 431.2, 5
FILLER_106_937, 534.6, 431.2, 5
PHY_213, 537.3, 431.2, 5
PHY_215, 537.3, 431.2, 5
FILLER_106_941, 537.3, 431.2, 5
FILLER_106_943, 537.3, 431.2, 5
FILLER_107_941, 537.3, 431.2, 5
FILLER_107_943, 537.3, 431.2, 5
PHY_208, 10.8, 423.36, 5
PHY_210, 10.8, 423.36, 5
FILLER_104_2, 10.8, 423.36, 5
FILLER_105_2, 10.8, 423.36, 5
FILLER_104_18, 18.9, 423.36, 5
FILLER_105_18, 18.9, 423.36, 5
TAP_1633, 29.7, 423.36, 5
FILLER_104_34, 29.7, 423.36, 5
FILLER_104_37, 29.7, 423.36, 5
FILLER_105_34, 29.7, 423.36, 5
FILLER_105_50, 37.8, 423.36, 5
FILLER_104_53, 40.5, 423.36, 5
FILLER_105_66, 45.9, 423.36, 5
TAP_1646, 48.6, 423.36, 5
FILLER_104_69, 48.6, 423.36, 5
FILLER_105_70, 48.6, 423.36, 5
FILLER_105_73, 51.3, 423.36, 5
FILLER_104_85, 56.7, 423.36, 5
FILLER_105_89, 59.4, 423.36, 5
FILLER_104_101, 67.5, 423.36, 5
TAP_1634, 70.2, 423.36, 5
FILLER_104_105, 70.2, 423.36, 5
FILLER_104_108, 70.2, 423.36, 5
FILLER_105_105, 70.2, 423.36, 5
FILLER_104_124, 78.3, 423.36, 5
FILLER_105_121, 78.3, 423.36, 5
FILLER_105_137, 86.4, 423.36, 5
TAP_1647, 89.1, 423.36, 5
FILLER_104_140, 89.1, 423.36, 5
FILLER_105_141, 89.1, 423.36, 5
FILLER_105_144, 91.8, 423.36, 5
FILLER_104_156, 97.2, 423.36, 5
FILLER_105_160, 99.9, 423.36, 5
FILLER_104_172, 105.3, 423.36, 5
TAP_1635, 108, 423.36, 5
FILLER_104_176, 108, 423.36, 5
FILLER_105_176, 108, 423.36, 5
_09460_, 110.7, 423.36, 5
FILLER_105_192, 118.8, 423.36, 5
FILLER_105_200, 121.5, 423.36, 5
_09180_, 124.2, 423.36, 5
FILLER_105_202, 124.2, 423.36, 5
_05182_, 126.9, 423.36, 5
FILLER_105_211, 126.9, 423.36, 5
TAP_1648, 129.6, 423.36, 5
FILLER_105_215, 129.6, 423.36, 5
_05180_, 132.3, 423.36, 5
_05181_, 132.3, 423.36, 5
_04712_, 135, 423.36, 5
_04713_, 137.7, 423.36, 5
_05179_, 137.7, 423.36, 5
FILLER_104_230, 137.7, 423.36, 5
_09931_, 140.4, 423.36, 5
FILLER_105_233, 140.4, 423.36, 5
TAP_1636, 148.5, 423.36, 5
FILLER_104_246, 148.5, 423.36, 5
_05177_, 151.2, 423.36, 5
FILLER_104_250, 151.2, 423.36, 5
FILLER_105_264, 156.6, 423.36, 5
_09944_, 162, 423.36, 5
FILLER_105_280, 167.4, 423.36, 5
_09232_, 170.1, 423.36, 5
TAP_1649, 170.1, 423.36, 5
_09145_, 175.5, 423.36, 5
_09144_, 178.2, 423.36, 5
FILLER_104_301, 178.2, 423.36, 5
FILLER_105_305, 180.9, 423.36, 5
_09156_, 186.3, 423.36, 5
FILLER_104_317, 186.3, 423.36, 5
FILLER_105_313, 186.3, 423.36, 5
_09237_, 189, 423.36, 5
TAP_1637, 189, 423.36, 5
FILLER_105_322, 191.7, 423.36, 5
_09152_, 194.4, 423.36, 5
_09157_, 194.4, 423.36, 5
FILLER_105_330, 194.4, 423.36, 5
_09251_, 197.1, 423.36, 5
FILLER_104_335, 197.1, 423.36, 5
FILLER_104_339, 199.8, 423.36, 5
FILLER_104_341, 199.8, 423.36, 5
_09149_, 202.5, 423.36, 5
_09153_, 202.5, 423.36, 5
_09148_, 205.2, 423.36, 5
_09150_, 205.2, 423.36, 5
TAP_1650, 207.9, 423.36, 5
FILLER_104_359, 210.6, 423.36, 5
FILLER_105_357, 210.6, 423.36, 5
FILLER_105_365, 213.3, 423.36, 5
FILLER_104_367, 216, 423.36, 5
FILLER_105_369, 216, 423.36, 5
_05737_, 218.7, 423.36, 5
_05878_, 218.7, 423.36, 5
FILLER_104_371, 218.7, 423.36, 5
FILLER_104_373, 218.7, 423.36, 5
FILLER_105_379, 221.4, 423.36, 5
_05861_, 224.1, 423.36, 5
FILLER_104_382, 224.1, 423.36, 5
_05859_, 229.5, 423.36, 5
TAP_1638, 229.5, 423.36, 5
FILLER_104_392, 229.5, 423.36, 5
_05876_, 234.9, 423.36, 5
_05860_, 237.6, 423.36, 5
FILLER_105_404, 237.6, 423.36, 5
_05875_, 240.3, 423.36, 5
FILLER_104_418, 243, 423.36, 5
_05774_, 245.7, 423.36, 5
FILLER_105_420, 245.7, 423.36, 5
_05770_, 248.4, 423.36, 5
TAP_1651, 248.4, 423.36, 5
FILLER_104_425, 248.4, 423.36, 5
FILLER_105_424, 248.4, 423.36, 5
_05732_, 251.1, 423.36, 5
FILLER_104_431, 251.1, 423.36, 5
_05695_, 253.8, 423.36, 5
FILLER_105_433, 253.8, 423.36, 5
_05819_, 256.5, 423.36, 5
FILLER_104_439, 256.5, 423.36, 5
_05697_, 259.2, 423.36, 5
_05821_, 261.9, 423.36, 5
FILLER_104_456, 264.6, 423.36, 5
FILLER_105_453, 264.6, 423.36, 5
TAP_1639, 267.3, 423.36, 5
FILLER_104_460, 267.3, 423.36, 5
FILLER_105_461, 267.3, 423.36, 5
_05814_, 270, 423.36, 5
_05816_, 270, 423.36, 5
_05771_, 275.4, 423.36, 5
_05815_, 275.4, 423.36, 5
_05840_, 280.8, 423.36, 5
_05902_, 283.5, 423.36, 5
_05903_, 283.5, 423.36, 5
_05948_, 288.9, 423.36, 5
TAP_1652, 288.9, 423.36, 5
_09382_, 297, 423.36, 5
_06306_, 302.4, 423.36, 5
FILLER_104_520, 302.4, 423.36, 5
FILLER_105_522, 302.4, 423.36, 5
_09579_, 305.1, 423.36, 5
TAP_1640, 307.8, 423.36, 5
FILLER_104_534, 307.8, 423.36, 5
_06305_, 310.5, 423.36, 5
FILLER_104_536, 310.5, 423.36, 5
FILLER_104_545, 315.9, 423.36, 5
FILLER_104_553, 318.6, 423.36, 5
_05981_, 321.3, 423.36, 5
_05997_, 321.3, 423.36, 5
FILLER_104_557, 321.3, 423.36, 5
FILLER_105_557, 321.3, 423.36, 5
_06027_, 326.7, 423.36, 5
_05996_, 329.4, 423.36, 5
_06000_, 329.4, 423.36, 5
TAP_1653, 329.4, 423.36, 5
_05995_, 334.8, 423.36, 5
_06297_, 340.2, 423.36, 5
_06026_, 342.9, 423.36, 5
TAP_1641, 348.3, 423.36, 5
FILLER_104_605, 348.3, 423.36, 5
_06292_, 351, 423.36, 5
_06074_, 353.7, 423.36, 5
FILLER_104_613, 353.7, 423.36, 5
_06075_, 356.4, 423.36, 5
FILLER_104_617, 356.4, 423.36, 5
FILLER_105_625, 359.1, 423.36, 5
FILLER_104_626, 361.8, 423.36, 5
_06303_, 364.5, 423.36, 5
FILLER_104_634, 364.5, 423.36, 5
_06302_, 367.2, 423.36, 5
TAP_1654, 367.2, 423.36, 5
FILLER_104_636, 367.2, 423.36, 5
_09578_, 369.9, 423.36, 5
FILLER_104_645, 372.6, 423.36, 5
FILLER_104_661, 380.7, 423.36, 5
FILLER_104_669, 383.4, 423.36, 5
FILLER_104_673, 386.1, 423.36, 5
FILLER_105_672, 386.1, 423.36, 5
_09372_, 388.8, 423.36, 5
TAP_1642, 388.8, 423.36, 5
FILLER_104_682, 391.5, 423.36, 5
_06633_, 394.2, 423.36, 5
FILLER_105_688, 394.2, 423.36, 5
_06634_, 396.9, 423.36, 5
FILLER_105_692, 396.9, 423.36, 5
FILLER_104_694, 399.6, 423.36, 5
_06637_, 402.3, 423.36, 5
_09602_, 402.3, 423.36, 5
TAP_1655, 407.7, 423.36, 5
FILLER_105_709, 407.7, 423.36, 5
FILLER_105_712, 407.7, 423.36, 5
FILLER_105_716, 410.4, 423.36, 5
_04823_, 413.1, 423.36, 5
FILLER_105_726, 415.8, 423.36, 5
_06331_, 418.5, 423.36, 5
_06636_, 418.5, 423.36, 5
_06330_, 421.2, 423.36, 5
_06334_, 423.9, 423.36, 5
_06349_, 423.9, 423.36, 5
FILLER_104_737, 423.9, 423.36, 5
TAP_1643, 426.6, 423.36, 5
FILLER_104_744, 426.6, 423.36, 5
_06329_, 429.3, 423.36, 5
FILLER_104_747, 429.3, 423.36, 5
_06351_, 434.7, 423.36, 5
_06350_, 437.4, 423.36, 5
FILLER_104_767, 440.1, 423.36, 5
_06347_, 442.8, 423.36, 5
_06381_, 442.8, 423.36, 5
FILLER_104_771, 442.8, 423.36, 5
FILLER_104_773, 442.8, 423.36, 5
FILLER_105_779, 445.5, 423.36, 5
TAP_1656, 448.2, 423.36, 5
FILLER_105_783, 448.2, 423.36, 5
_06386_, 450.9, 423.36, 5
_06399_, 450.9, 423.36, 5
FILLER_104_794, 453.6, 423.36, 5
_06414_, 456.3, 423.36, 5
FILLER_104_796, 456.3, 423.36, 5
_06400_, 461.7, 423.36, 5
_06417_, 461.7, 423.36, 5
FILLER_104_812, 464.4, 423.36, 5
TAP_1644, 467.1, 423.36, 5
FILLER_104_818, 467.1, 423.36, 5
FILLER_105_816, 467.1, 423.36, 5
FILLER_105_818, 467.1, 423.36, 5
_06436_, 469.8, 423.36, 5
_06476_, 469.8, 423.36, 5
_06456_, 472.5, 423.36, 5
_06478_, 472.5, 423.36, 5
_06495_, 477.9, 423.36, 5
FILLER_105_835, 477.9, 423.36, 5
_06498_, 483.3, 423.36, 5
_06496_, 486, 423.36, 5
TAP_1657, 486, 423.36, 5
_06416_, 488.7, 423.36, 5
FILLER_104_859, 491.4, 423.36, 5
FILLER_105_859, 491.4, 423.36, 5
FILLER_104_875, 499.5, 423.36, 5
FILLER_105_875, 499.5, 423.36, 5
FILLER_104_883, 504.9, 423.36, 5
TAP_1645, 507.6, 423.36, 5
FILLER_104_889, 507.6, 423.36, 5
FILLER_105_891, 510.3, 423.36, 5
FILLER_104_905, 515.7, 423.36, 5
FILLER_105_907, 518.4, 423.36, 5
TAP_1658, 526.5, 423.36, 5
FILLER_104_921, 526.5, 423.36, 5
FILLER_105_925, 529.2, 423.36, 5
FILLER_104_937, 534.6, 423.36, 5
PHY_209, 537.3, 423.36, 5
PHY_211, 537.3, 423.36, 5
FILLER_104_941, 537.3, 423.36, 5
FILLER_104_943, 537.3, 423.36, 5
FILLER_105_941, 537.3, 423.36, 5
FILLER_105_943, 537.3, 423.36, 5
PHY_204, 10.8, 415.52, 5
PHY_206, 10.8, 415.52, 5
FILLER_102_2, 10.8, 415.52, 5
FILLER_103_2, 10.8, 415.52, 5
_10033_, 13.5, 415.52, 5
FILLER_102_6, 13.5, 415.52, 5
FILLER_102_12, 16.2, 415.52, 5
FILLER_103_18, 18.9, 415.52, 5
FILLER_102_28, 27, 415.52, 5
FILLER_102_32, 27, 415.52, 5
TAP_1607, 29.7, 415.52, 5
FILLER_102_34, 29.7, 415.52, 5
FILLER_102_37, 29.7, 415.52, 5
FILLER_103_34, 29.7, 415.52, 5
FILLER_103_50, 37.8, 415.52, 5
FILLER_102_53, 40.5, 415.52, 5
FILLER_103_66, 45.9, 415.52, 5
TAP_1620, 48.6, 415.52, 5
FILLER_102_69, 48.6, 415.52, 5
FILLER_103_70, 48.6, 415.52, 5
FILLER_103_73, 51.3, 415.52, 5
FILLER_102_85, 56.7, 415.52, 5
FILLER_103_89, 59.4, 415.52, 5
FILLER_102_101, 67.5, 415.52, 5
TAP_1608, 70.2, 415.52, 5
FILLER_102_105, 70.2, 415.52, 5
FILLER_102_108, 70.2, 415.52, 5
FILLER_103_105, 70.2, 415.52, 5
FILLER_102_124, 78.3, 415.52, 5
FILLER_103_121, 78.3, 415.52, 5
FILLER_103_137, 86.4, 415.52, 5
TAP_1621, 89.1, 415.52, 5
FILLER_102_140, 89.1, 415.52, 5
FILLER_103_141, 89.1, 415.52, 5
FILLER_103_144, 91.8, 415.52, 5
FILLER_102_156, 97.2, 415.52, 5
FILLER_103_160, 99.9, 415.52, 5
_09174_, 102.6, 415.52, 5
FILLER_102_164, 102.6, 415.52, 5
FILLER_102_166, 102.6, 415.52, 5
_04716_, 108, 415.52, 5
TAP_1609, 108, 415.52, 5
FILLER_103_176, 108, 415.52, 5
_05190_, 110.7, 415.52, 5
_09173_, 110.7, 415.52, 5
FILLER_102_179, 110.7, 415.52, 5
FILLER_102_181, 110.7, 415.52, 5
FILLER_103_180, 110.7, 415.52, 5
_04714_, 116.1, 415.52, 5
_09228_, 116.1, 415.52, 5
FILLER_103_194, 118.8, 415.52, 5
_05193_, 121.5, 415.52, 5
FILLER_103_198, 121.5, 415.52, 5
_05200_, 124.2, 415.52, 5
_09465_, 126.9, 415.52, 5
_05197_, 129.6, 415.52, 5
TAP_1622, 129.6, 415.52, 5
FILLER_103_223, 135, 415.52, 5
_09933_, 140.4, 415.52, 5
FILLER_103_231, 140.4, 415.52, 5
FILLER_103_233, 140.4, 415.52, 5
FILLER_102_239, 143.1, 415.52, 5
_09211_, 145.8, 415.52, 5
TAP_1610, 148.5, 415.52, 5
_09206_, 151.2, 415.52, 5
FILLER_102_258, 153.9, 415.52, 5
_09201_, 156.6, 415.52, 5
_09205_, 156.6, 415.52, 5
FILLER_102_268, 159.3, 415.52, 5
_09918_, 162, 415.52, 5
FILLER_102_272, 162, 415.52, 5
FILLER_103_271, 162, 415.52, 5
_09231_, 164.7, 415.52, 5
FILLER_103_275, 164.7, 415.52, 5
_09146_, 170.1, 415.52, 5
TAP_1623, 170.1, 415.52, 5
_09947_, 175.5, 415.52, 5
_09238_, 180.9, 415.52, 5
FILLER_102_304, 180.9, 415.52, 5
FILLER_102_306, 180.9, 415.52, 5
FILLER_102_315, 186.3, 415.52, 5
_09158_, 189, 415.52, 5
TAP_1611, 189, 415.52, 5
_09945_, 191.7, 415.52, 5
_09159_, 197.1, 415.52, 5
_09233_, 199.8, 415.52, 5
_09919_, 202.5, 415.52, 5
TAP_1624, 207.9, 415.52, 5
FILLER_103_357, 210.6, 415.52, 5
_09563_, 213.3, 415.52, 5
FILLER_103_361, 213.3, 415.52, 5
_05827_, 221.4, 415.52, 5
FILLER_102_382, 224.1, 415.52, 5
_05880_, 229.5, 415.52, 5
TAP_1612, 229.5, 415.52, 5
FILLER_102_392, 229.5, 415.52, 5
FILLER_103_399, 232.2, 415.52, 5
_05862_, 234.9, 415.52, 5
_05877_, 234.9, 415.52, 5
_05773_, 240.3, 415.52, 5
_05874_, 240.3, 415.52, 5
_05772_, 243, 415.52, 5
TAP_1625, 248.4, 415.52, 5
FILLER_102_430, 251.1, 415.52, 5
FILLER_103_428, 251.1, 415.52, 5
FILLER_103_432, 251.1, 415.52, 5
_05648_, 253.8, 415.52, 5
_05698_, 253.8, 415.52, 5
_05818_, 259.2, 415.52, 5
_05820_, 259.2, 415.52, 5
FILLER_102_452, 261.9, 415.52, 5
_05869_, 264.6, 415.52, 5
FILLER_103_455, 264.6, 415.52, 5
TAP_1613, 267.3, 415.52, 5
_05813_, 270, 415.52, 5
_05870_, 270, 415.52, 5
FILLER_103_463, 270, 415.52, 5
_05865_, 272.7, 415.52, 5
FILLER_103_469, 272.7, 415.52, 5
FILLER_103_471, 272.7, 415.52, 5
_05868_, 275.4, 415.52, 5
FILLER_103_480, 278.1, 415.52, 5
_05922_, 280.8, 415.52, 5
FILLER_103_488, 283.5, 415.52, 5
FILLER_103_490, 283.5, 415.52, 5
_05943_, 286.2, 415.52, 5
FILLER_102_491, 286.2, 415.52, 5
_05792_, 288.9, 415.52, 5
_10010_, 288.9, 415.52, 5
TAP_1626, 288.9, 415.52, 5
_09381_, 299.7, 415.52, 5
FILLER_103_523, 302.4, 415.52, 5
_09380_, 305.1, 415.52, 5
FILLER_102_528, 305.1, 415.52, 5
FILLER_103_525, 305.1, 415.52, 5
_09379_, 307.8, 415.52, 5
TAP_1614, 307.8, 415.52, 5
FILLER_103_536, 310.5, 415.52, 5
FILLER_103_538, 310.5, 415.52, 5
_06304_, 313.2, 415.52, 5
_09581_, 313.2, 415.52, 5
FILLER_102_540, 313.2, 415.52, 5
FILLER_103_547, 315.9, 415.52, 5
_06309_, 318.6, 415.52, 5
FILLER_103_549, 318.6, 415.52, 5
FILLER_103_558, 321.3, 415.52, 5
FILLER_103_562, 324, 415.52, 5
_05994_, 326.7, 415.52, 5
_04829_, 329.4, 415.52, 5
TAP_1627, 329.4, 415.52, 5
FILLER_102_577, 332.1, 415.52, 5
_06016_, 334.8, 415.52, 5
_06028_, 334.8, 415.52, 5
_06032_, 334.8, 415.52, 5
_06035_, 337.5, 415.52, 5
_05991_, 342.9, 415.52, 5
_06298_, 342.9, 415.52, 5
_06043_, 345.6, 415.52, 5
FILLER_102_600, 345.6, 415.52, 5
_05992_, 348.3, 415.52, 5
TAP_1615, 348.3, 415.52, 5
FILLER_102_602, 348.3, 415.52, 5
FILLER_103_605, 348.3, 415.52, 5
_06058_, 351, 415.52, 5
_09573_, 356.4, 415.52, 5
_06076_, 359.1, 415.52, 5
FILLER_103_621, 359.1, 415.52, 5
FILLER_103_628, 361.8, 415.52, 5
FILLER_103_630, 361.8, 415.52, 5
_06115_, 364.5, 415.52, 5
TAP_1628, 367.2, 415.52, 5
FILLER_103_637, 367.2, 415.52, 5
FILLER_103_641, 369.9, 415.52, 5
_06098_, 372.6, 415.52, 5
_10004_, 372.6, 415.52, 5
_09369_, 378, 415.52, 5
FILLER_102_655, 378, 415.52, 5
_09368_, 383.4, 415.52, 5
FILLER_102_672, 386.1, 415.52, 5
_09373_, 388.8, 415.52, 5
_10006_, 388.8, 415.52, 5
TAP_1616, 388.8, 415.52, 5
FILLER_102_686, 394.2, 415.52, 5
_06362_, 396.9, 415.52, 5
FILLER_102_690, 396.9, 415.52, 5
FILLER_102_692, 396.9, 415.52, 5
FILLER_103_707, 405, 415.52, 5
TAP_1629, 407.7, 415.52, 5
FILLER_103_709, 407.7, 415.52, 5
FILLER_103_712, 407.7, 415.52, 5
_09601_, 410.4, 415.52, 5
_04822_, 418.5, 415.52, 5
FILLER_102_734, 421.2, 415.52, 5
TAP_1617, 426.6, 415.52, 5
FILLER_102_742, 426.6, 415.52, 5
FILLER_102_744, 426.6, 415.52, 5
FILLER_103_745, 426.6, 415.52, 5
_06354_, 429.3, 415.52, 5
_09592_, 429.3, 415.52, 5
_06353_, 434.7, 415.52, 5
_06352_, 440.1, 415.52, 5
FILLER_102_778, 445.5, 415.52, 5
FILLER_103_777, 445.5, 415.52, 5
_06379_, 448.2, 415.52, 5
_06380_, 448.2, 415.52, 5
TAP_1630, 448.2, 415.52, 5
FILLER_102_782, 448.2, 415.52, 5
_06383_, 453.6, 415.52, 5
_06385_, 456.3, 415.52, 5
FILLER_103_795, 456.3, 415.52, 5
_06415_, 459, 415.52, 5
FILLER_103_803, 459, 415.52, 5
_09599_, 461.7, 415.52, 5
FILLER_103_807, 461.7, 415.52, 5
FILLER_102_812, 464.4, 415.52, 5
TAP_1618, 467.1, 415.52, 5
FILLER_102_818, 467.1, 415.52, 5
FILLER_102_834, 477.9, 415.52, 5
_06477_, 480.6, 415.52, 5
FILLER_102_842, 480.6, 415.52, 5
_06479_, 483.3, 415.52, 5
_09596_, 483.3, 415.52, 5
TAP_1631, 486, 415.52, 5
FILLER_103_849, 486, 415.52, 5
FILLER_103_851, 486, 415.52, 5
_04826_, 488.7, 415.52, 5
FILLER_103_860, 491.4, 415.52, 5
FILLER_102_874, 499.5, 415.52, 5
FILLER_103_876, 499.5, 415.52, 5
_07540_, 502.2, 415.52, 5
FILLER_102_878, 502.2, 415.52, 5
FILLER_102_886, 504.9, 415.52, 5
TAP_1619, 507.6, 415.52, 5
FILLER_102_889, 507.6, 415.52, 5
FILLER_103_892, 510.3, 415.52, 5
FILLER_102_905, 515.7, 415.52, 5
FILLER_103_908, 518.4, 415.52, 5
FILLER_103_916, 523.8, 415.52, 5
TAP_1632, 526.5, 415.52, 5
FILLER_102_921, 526.5, 415.52, 5
FILLER_103_920, 526.5, 415.52, 5
FILLER_103_922, 526.5, 415.52, 5
FILLER_103_925, 529.2, 415.52, 5
FILLER_102_937, 534.6, 415.52, 5
PHY_205, 537.3, 415.52, 5
PHY_207, 537.3, 415.52, 5
FILLER_102_941, 537.3, 415.52, 5
FILLER_102_943, 537.3, 415.52, 5
FILLER_103_941, 537.3, 415.52, 5
FILLER_103_943, 537.3, 415.52, 5
PHY_200, 10.8, 407.68, 5
PHY_202, 10.8, 407.68, 5
FILLER_100_2, 10.8, 407.68, 5
FILLER_101_2, 10.8, 407.68, 5
_10032_, 13.5, 407.68, 5
FILLER_101_6, 13.5, 407.68, 5
FILLER_101_12, 16.2, 407.68, 5
FILLER_100_18, 18.9, 407.68, 5
FILLER_101_28, 27, 407.68, 5
TAP_1581, 29.7, 407.68, 5
FILLER_100_34, 29.7, 407.68, 5
FILLER_100_37, 29.7, 407.68, 5
FILLER_101_44, 35.1, 407.68, 5
FILLER_100_53, 40.5, 407.68, 5
FILLER_101_60, 43.2, 407.68, 5
TAP_1594, 48.6, 407.68, 5
FILLER_100_69, 48.6, 407.68, 5
FILLER_101_68, 48.6, 407.68, 5
FILLER_101_70, 48.6, 407.68, 5
FILLER_101_73, 51.3, 407.68, 5
FILLER_100_85, 56.7, 407.68, 5
FILLER_101_89, 59.4, 407.68, 5
FILLER_100_101, 67.5, 407.68, 5
TAP_1582, 70.2, 407.68, 5
FILLER_100_105, 70.2, 407.68, 5
FILLER_100_108, 70.2, 407.68, 5
FILLER_101_105, 70.2, 407.68, 5
FILLER_100_124, 78.3, 407.68, 5
FILLER_101_121, 78.3, 407.68, 5
FILLER_101_137, 86.4, 407.68, 5
TAP_1595, 89.1, 407.68, 5
FILLER_100_140, 89.1, 407.68, 5
FILLER_101_141, 89.1, 407.68, 5
FILLER_101_144, 91.8, 407.68, 5
FILLER_101_152, 94.5, 407.68, 5
_09925_, 97.2, 407.68, 5
FILLER_100_156, 97.2, 407.68, 5
FILLER_100_160, 99.9, 407.68, 5
FILLER_100_162, 99.9, 407.68, 5
_09177_, 102.6, 407.68, 5
_09176_, 105.3, 407.68, 5
TAP_1583, 108, 407.68, 5
_04715_, 110.7, 407.68, 5
FILLER_100_179, 110.7, 407.68, 5
_09172_, 113.4, 407.68, 5
_05184_, 116.1, 407.68, 5
_05183_, 118.8, 407.68, 5
_09472_, 121.5, 407.68, 5
FILLER_101_211, 126.9, 407.68, 5
_09468_, 129.6, 407.68, 5
TAP_1596, 129.6, 407.68, 5
FILLER_100_230, 137.7, 407.68, 5
_05198_, 140.4, 407.68, 5
FILLER_100_232, 140.4, 407.68, 5
FILLER_100_241, 145.8, 407.68, 5
FILLER_101_244, 145.8, 407.68, 5
_09932_, 148.5, 407.68, 5
TAP_1584, 148.5, 407.68, 5
FILLER_100_245, 148.5, 407.68, 5
FILLER_100_247, 148.5, 407.68, 5
_09200_, 151.2, 407.68, 5
FILLER_100_250, 151.2, 407.68, 5
clkbuf_leaf_4_clk, 153.9, 407.68, 5
_09210_, 164.7, 407.68, 5
FILLER_101_283, 167.4, 407.68, 5
_09147_, 170.1, 407.68, 5
TAP_1597, 170.1, 407.68, 5
FILLER_101_292, 172.8, 407.68, 5
_04708_, 175.5, 407.68, 5
FILLER_100_309, 183.6, 407.68, 5
FILLER_101_311, 183.6, 407.68, 5
_09921_, 186.3, 407.68, 5
FILLER_100_317, 186.3, 407.68, 5
FILLER_101_313, 186.3, 407.68, 5
TAP_1585, 189, 407.68, 5
FILLER_100_321, 189, 407.68, 5
FILLER_100_329, 194.4, 407.68, 5
_09235_, 197.1, 407.68, 5
_09138_, 199.8, 407.68, 5
_09234_, 202.5, 407.68, 5
TAP_1598, 207.9, 407.68, 5
FILLER_101_353, 207.9, 407.68, 5
_09151_, 210.6, 407.68, 5
FILLER_100_359, 210.6, 407.68, 5
_04707_, 213.3, 407.68, 5
FILLER_101_363, 213.3, 407.68, 5
_05970_, 221.4, 407.68, 5
FILLER_100_375, 221.4, 407.68, 5
FILLER_100_384, 224.1, 407.68, 5
FILLER_101_382, 224.1, 407.68, 5
_05650_, 226.8, 407.68, 5
FILLER_100_388, 226.8, 407.68, 5
FILLER_101_386, 226.8, 407.68, 5
_04840_, 229.5, 407.68, 5
_05649_, 229.5, 407.68, 5
TAP_1586, 229.5, 407.68, 5
_05659_, 232.2, 407.68, 5
FILLER_101_402, 234.9, 407.68, 5
_05655_, 237.6, 407.68, 5
_05661_, 237.6, 407.68, 5
_05637_, 243, 407.68, 5
TAP_1599, 248.4, 407.68, 5
FILLER_101_428, 251.1, 407.68, 5
FILLER_101_432, 251.1, 407.68, 5
_05652_, 253.8, 407.68, 5
_05653_, 253.8, 407.68, 5
_05965_, 256.5, 407.68, 5
FILLER_100_439, 256.5, 407.68, 5
_05685_, 259.2, 407.68, 5
_05960_, 261.9, 407.68, 5
FILLER_100_451, 261.9, 407.68, 5
_05686_, 264.6, 407.68, 5
TAP_1587, 267.3, 407.68, 5
FILLER_100_457, 267.3, 407.68, 5
FILLER_101_459, 267.3, 407.68, 5
_05962_, 270, 407.68, 5
_05864_, 272.7, 407.68, 5
FILLER_100_471, 272.7, 407.68, 5
_05867_, 275.4, 407.68, 5
_05866_, 278.1, 407.68, 5
FILLER_100_484, 280.8, 407.68, 5
FILLER_101_484, 280.8, 407.68, 5
FILLER_100_488, 283.5, 407.68, 5
FILLER_100_490, 283.5, 407.68, 5
_05944_, 286.2, 407.68, 5
FILLER_101_492, 286.2, 407.68, 5
_05789_, 288.9, 407.68, 5
_05790_, 288.9, 407.68, 5
TAP_1600, 288.9, 407.68, 5
FILLER_101_496, 288.9, 407.68, 5
_10009_, 299.7, 407.68, 5
FILLER_101_517, 299.7, 407.68, 5
_05946_, 302.4, 407.68, 5
FILLER_100_529, 305.1, 407.68, 5
TAP_1588, 307.8, 407.68, 5
FILLER_100_531, 307.8, 407.68, 5
FILLER_100_534, 307.8, 407.68, 5
_09383_, 310.5, 407.68, 5
FILLER_100_536, 310.5, 407.68, 5
FILLER_100_543, 313.2, 407.68, 5
_06308_, 315.9, 407.68, 5
FILLER_101_547, 315.9, 407.68, 5
FILLER_100_551, 318.6, 407.68, 5
_06037_, 321.3, 407.68, 5
FILLER_101_556, 321.3, 407.68, 5
_06029_, 324, 407.68, 5
FILLER_101_560, 324, 407.68, 5
FILLER_101_566, 326.7, 407.68, 5
_06033_, 329.4, 407.68, 5
TAP_1601, 329.4, 407.68, 5
_06034_, 334.8, 407.68, 5
_06040_, 334.8, 407.68, 5
FILLER_100_579, 334.8, 407.68, 5
FILLER_101_578, 334.8, 407.68, 5
FILLER_101_587, 337.5, 407.68, 5
_05990_, 340.2, 407.68, 5
_06036_, 340.2, 407.68, 5
_06007_, 342.9, 407.68, 5
_06038_, 342.9, 407.68, 5
_05989_, 348.3, 407.68, 5
_06059_, 348.3, 407.68, 5
TAP_1589, 348.3, 407.68, 5
_06100_, 351, 407.68, 5
_06057_, 361.8, 407.68, 5
_09574_, 364.5, 407.68, 5
FILLER_101_635, 364.5, 407.68, 5
TAP_1602, 367.2, 407.68, 5
_06116_, 369.9, 407.68, 5
_06119_, 372.6, 407.68, 5
_06077_, 378, 407.68, 5
_06099_, 380.7, 407.68, 5
_09371_, 380.7, 407.68, 5
FILLER_101_667, 383.4, 407.68, 5
_09370_, 386.1, 407.68, 5
FILLER_101_671, 386.1, 407.68, 5
TAP_1590, 388.8, 407.68, 5
FILLER_100_676, 388.8, 407.68, 5
_06326_, 391.5, 407.68, 5
_06635_, 391.5, 407.68, 5
_07546_, 394.2, 407.68, 5
_06328_, 396.9, 407.68, 5
FILLER_100_690, 396.9, 407.68, 5
FILLER_100_692, 396.9, 407.68, 5
TAP_1603, 407.7, 407.68, 5
FILLER_101_712, 407.7, 407.68, 5
_09652_, 410.4, 407.68, 5
_07561_, 413.1, 407.68, 5
FILLER_100_719, 413.1, 407.68, 5
_07562_, 418.5, 407.68, 5
FILLER_100_736, 421.2, 407.68, 5
TAP_1591, 426.6, 407.68, 5
FILLER_100_744, 426.6, 407.68, 5
FILLER_101_744, 426.6, 407.68, 5
FILLER_100_747, 429.3, 407.68, 5
FILLER_100_751, 429.3, 407.68, 5
_06355_, 432, 407.68, 5
_07607_, 432, 407.68, 5
FILLER_100_753, 432, 407.68, 5
FILLER_101_756, 434.7, 407.68, 5
FILLER_100_762, 437.4, 407.68, 5
FILLER_100_770, 440.1, 407.68, 5
_07552_, 442.8, 407.68, 5
_09593_, 442.8, 407.68, 5
FILLER_100_772, 442.8, 407.68, 5
FILLER_101_772, 442.8, 407.68, 5
_06384_, 448.2, 407.68, 5
TAP_1604, 448.2, 407.68, 5
FILLER_101_791, 453.6, 407.68, 5
_09594_, 456.3, 407.68, 5
FILLER_100_804, 459, 407.68, 5
FILLER_100_812, 464.4, 407.68, 5
TAP_1592, 467.1, 407.68, 5
FILLER_100_818, 467.1, 407.68, 5
_07490_, 472.5, 407.68, 5
FILLER_101_830, 475.2, 407.68, 5
FILLER_101_846, 483.3, 407.68, 5
_07543_, 486, 407.68, 5
TAP_1605, 486, 407.68, 5
FILLER_100_849, 486, 407.68, 5
FILLER_100_851, 486, 407.68, 5
FILLER_101_850, 486, 407.68, 5
FILLER_101_854, 488.7, 407.68, 5
_07516_, 491.4, 407.68, 5
FILLER_101_858, 491.4, 407.68, 5
FILLER_100_870, 496.8, 407.68, 5
FILLER_101_868, 496.8, 407.68, 5
_07539_, 499.5, 407.68, 5
_07541_, 499.5, 407.68, 5
FILLER_100_874, 499.5, 407.68, 5
TAP_1593, 507.6, 407.68, 5
FILLER_100_889, 507.6, 407.68, 5
_07537_, 510.3, 407.68, 5
FILLER_100_893, 510.3, 407.68, 5
FILLER_101_895, 510.3, 407.68, 5
FILLER_101_911, 521.1, 407.68, 5
_07566_, 523.8, 407.68, 5
FILLER_101_919, 523.8, 407.68, 5
TAP_1606, 526.5, 407.68, 5
FILLER_100_929, 529.2, 407.68, 5
FILLER_101_925, 529.2, 407.68, 5
FILLER_100_937, 534.6, 407.68, 5
PHY_201, 537.3, 407.68, 5
PHY_203, 537.3, 407.68, 5
FILLER_100_941, 537.3, 407.68, 5
FILLER_100_943, 537.3, 407.68, 5
FILLER_101_941, 537.3, 407.68, 5
FILLER_101_943, 537.3, 407.68, 5
PHY_196, 10.8, 399.84, 5
PHY_198, 10.8, 399.84, 5
FILLER_98_2, 10.8, 399.84, 5
FILLER_99_2, 10.8, 399.84, 5
FILLER_98_18, 18.9, 399.84, 5
FILLER_99_18, 18.9, 399.84, 5
TAP_1555, 29.7, 399.84, 5
FILLER_98_34, 29.7, 399.84, 5
FILLER_98_37, 29.7, 399.84, 5
FILLER_99_34, 29.7, 399.84, 5
FILLER_99_50, 37.8, 399.84, 5
FILLER_98_53, 40.5, 399.84, 5
FILLER_99_66, 45.9, 399.84, 5
TAP_1568, 48.6, 399.84, 5
FILLER_98_69, 48.6, 399.84, 5
FILLER_99_70, 48.6, 399.84, 5
FILLER_99_73, 51.3, 399.84, 5
FILLER_98_85, 56.7, 399.84, 5
FILLER_99_89, 59.4, 399.84, 5
FILLER_98_101, 67.5, 399.84, 5
TAP_1556, 70.2, 399.84, 5
FILLER_98_105, 70.2, 399.84, 5
FILLER_98_108, 70.2, 399.84, 5
FILLER_99_105, 70.2, 399.84, 5
FILLER_98_124, 78.3, 399.84, 5
FILLER_99_121, 78.3, 399.84, 5
FILLER_99_137, 86.4, 399.84, 5
TAP_1569, 89.1, 399.84, 5
FILLER_98_140, 89.1, 399.84, 5
FILLER_99_141, 89.1, 399.84, 5
_09470_, 91.8, 399.84, 5
FILLER_99_144, 91.8, 399.84, 5
FILLER_99_152, 94.5, 399.84, 5
_09926_, 97.2, 399.84, 5
TAP_1557, 108, 399.84, 5
FILLER_98_179, 110.7, 399.84, 5
_09175_, 113.4, 399.84, 5
_05185_, 116.1, 399.84, 5
FILLER_98_187, 116.1, 399.84, 5
_05201_, 121.5, 399.84, 5
FILLER_98_209, 126.9, 399.84, 5
FILLER_98_211, 126.9, 399.84, 5
FILLER_99_211, 126.9, 399.84, 5
_09459_, 129.6, 399.84, 5
TAP_1570, 129.6, 399.84, 5
FILLER_99_215, 129.6, 399.84, 5
_09934_, 140.4, 399.84, 5
FILLER_99_231, 140.4, 399.84, 5
FILLER_98_241, 145.8, 399.84, 5
TAP_1558, 148.5, 399.84, 5
FILLER_98_245, 148.5, 399.84, 5
FILLER_98_247, 148.5, 399.84, 5
_09958_, 151.2, 399.84, 5
FILLER_99_262, 156.6, 399.84, 5
_09137_, 159.3, 399.84, 5
_09260_, 167.4, 399.84, 5
_09168_, 170.1, 399.84, 5
_09956_, 170.1, 399.84, 5
TAP_1571, 170.1, 399.84, 5
_09256_, 172.8, 399.84, 5
_09255_, 178.2, 399.84, 5
FILLER_98_300, 178.2, 399.84, 5
_09161_, 183.6, 399.84, 5
FILLER_98_309, 183.6, 399.84, 5
_09160_, 186.3, 399.84, 5
FILLER_98_317, 186.3, 399.84, 5
_09946_, 189, 399.84, 5
TAP_1559, 189, 399.84, 5
FILLER_98_321, 189, 399.84, 5
_09236_, 191.7, 399.84, 5
FILLER_98_325, 191.7, 399.84, 5
FILLER_98_334, 197.1, 399.84, 5
_09920_, 199.8, 399.84, 5
FILLER_98_338, 199.8, 399.84, 5
_09155_, 205.2, 399.84, 5
TAP_1572, 207.9, 399.84, 5
FILLER_99_357, 210.6, 399.84, 5
FILLER_99_365, 213.3, 399.84, 5
_09566_, 216, 399.84, 5
FILLER_98_368, 216, 399.84, 5
_05969_, 221.4, 399.84, 5
FILLER_98_384, 224.1, 399.84, 5
FILLER_98_388, 226.8, 399.84, 5
_05656_, 229.5, 399.84, 5
TAP_1560, 229.5, 399.84, 5
FILLER_98_392, 229.5, 399.84, 5
FILLER_99_398, 232.2, 399.84, 5
_05647_, 234.9, 399.84, 5
_05660_, 234.9, 399.84, 5
_05651_, 240.3, 399.84, 5
_05635_, 245.7, 399.84, 5
TAP_1573, 248.4, 399.84, 5
_05872_, 251.1, 399.84, 5
FILLER_98_436, 253.8, 399.84, 5
_05961_, 256.5, 399.84, 5
_05964_, 256.5, 399.84, 5
_05930_, 259.2, 399.84, 5
_05959_, 261.9, 399.84, 5
_05928_, 264.6, 399.84, 5
TAP_1561, 267.3, 399.84, 5
FILLER_98_460, 267.3, 399.84, 5
_05923_, 270, 399.84, 5
FILLER_98_463, 270, 399.84, 5
FILLER_98_465, 270, 399.84, 5
FILLER_99_463, 270, 399.84, 5
_05958_, 272.7, 399.84, 5
_05924_, 275.4, 399.84, 5
_05921_, 278.1, 399.84, 5
_05947_, 280.8, 399.84, 5
FILLER_98_483, 280.8, 399.84, 5
_05926_, 283.5, 399.84, 5
FILLER_99_495, 286.2, 399.84, 5
_05786_, 288.9, 399.84, 5
TAP_1574, 288.9, 399.84, 5
FILLER_99_499, 288.9, 399.84, 5
_05745_, 294.3, 399.84, 5
_10011_, 302.4, 399.84, 5
_09384_, 307.8, 399.84, 5
TAP_1562, 307.8, 399.84, 5
_09071_, 315.9, 399.84, 5
FILLER_98_552, 318.6, 399.84, 5
FILLER_99_553, 318.6, 399.84, 5
_06030_, 321.3, 399.84, 5
_06042_, 324, 399.84, 5
_09572_, 324, 399.84, 5
FILLER_98_560, 324, 399.84, 5
_06039_, 329.4, 399.84, 5
TAP_1575, 329.4, 399.84, 5
FILLER_99_570, 329.4, 399.84, 5
_06125_, 337.5, 399.84, 5
_06008_, 342.9, 399.84, 5
FILLER_98_592, 342.9, 399.84, 5
_09571_, 348.3, 399.84, 5
TAP_1563, 348.3, 399.84, 5
_06078_, 359.1, 399.84, 5
_06117_, 364.5, 399.84, 5
_04820_, 367.2, 399.84, 5
TAP_1576, 367.2, 399.84, 5
_04834_, 369.9, 399.84, 5
FILLER_98_644, 369.9, 399.84, 5
FILLER_99_641, 369.9, 399.84, 5
FILLER_99_643, 369.9, 399.84, 5
_06500_, 372.6, 399.84, 5
_06604_, 375.3, 399.84, 5
_06503_, 378, 399.84, 5
_10005_, 383.4, 399.84, 5
_06325_, 388.8, 399.84, 5
TAP_1564, 388.8, 399.84, 5
FILLER_98_676, 388.8, 399.84, 5
_07494_, 399.6, 399.84, 5
_07514_, 402.3, 399.84, 5
_07600_, 405, 399.84, 5
FILLER_98_704, 405, 399.84, 5
FILLER_98_706, 405, 399.84, 5
TAP_1577, 407.7, 399.84, 5
FILLER_99_712, 407.7, 399.84, 5
_07560_, 410.4, 399.84, 5
_07564_, 413.1, 399.84, 5
_07598_, 413.1, 399.84, 5
FILLER_98_719, 413.1, 399.84, 5
FILLER_98_721, 413.1, 399.84, 5
_07544_, 418.5, 399.84, 5
_07545_, 421.2, 399.84, 5
_07601_, 423.9, 399.84, 5
TAP_1565, 426.6, 399.84, 5
FILLER_99_746, 426.6, 399.84, 5
_07605_, 429.3, 399.84, 5
FILLER_98_747, 429.3, 399.84, 5
FILLER_99_750, 429.3, 399.84, 5
_07606_, 432, 399.84, 5
FILLER_99_752, 432, 399.84, 5
_07551_, 437.4, 399.84, 5
_07554_, 437.4, 399.84, 5
FILLER_98_761, 437.4, 399.84, 5
FILLER_98_763, 437.4, 399.84, 5
FILLER_99_761, 437.4, 399.84, 5
_07553_, 442.8, 399.84, 5
FILLER_99_775, 442.8, 399.84, 5
FILLER_99_779, 445.5, 399.84, 5
_07501_, 448.2, 399.84, 5
TAP_1578, 448.2, 399.84, 5
FILLER_98_784, 448.2, 399.84, 5
FILLER_99_783, 448.2, 399.84, 5
_07502_, 450.9, 399.84, 5
_07504_, 450.9, 399.84, 5
FILLER_98_786, 450.9, 399.84, 5
_07446_, 456.3, 399.84, 5
_07437_, 459, 399.84, 5
_07497_, 459, 399.84, 5
FILLER_98_803, 459, 399.84, 5
FILLER_99_807, 461.7, 399.84, 5
_07492_, 464.4, 399.84, 5
FILLER_99_811, 464.4, 399.84, 5
TAP_1566, 467.1, 399.84, 5
FILLER_98_818, 467.1, 399.84, 5
_07390_, 469.8, 399.84, 5
_07491_, 469.8, 399.84, 5
_07489_, 472.5, 399.84, 5
_07515_, 477.9, 399.84, 5
TAP_1579, 486, 399.84, 5
FILLER_99_850, 486, 399.84, 5
_07486_, 488.7, 399.84, 5
FILLER_99_854, 488.7, 399.84, 5
FILLER_99_856, 488.7, 399.84, 5
_07485_, 494.1, 399.84, 5
FILLER_98_864, 494.1, 399.84, 5
_07483_, 502.2, 399.84, 5
_07542_, 502.2, 399.84, 5
FILLER_98_877, 502.2, 399.84, 5
FILLER_98_879, 502.2, 399.84, 5
FILLER_98_886, 504.9, 399.84, 5
_07596_, 507.6, 399.84, 5
TAP_1567, 507.6, 399.84, 5
FILLER_98_889, 507.6, 399.84, 5
_07538_, 513, 399.84, 5
FILLER_99_896, 513, 399.84, 5
FILLER_99_898, 513, 399.84, 5
FILLER_98_905, 515.7, 399.84, 5
_07484_, 518.4, 399.84, 5
FILLER_98_907, 518.4, 399.84, 5
_07536_, 521.1, 399.84, 5
_07618_, 526.5, 399.84, 5
TAP_1580, 526.5, 399.84, 5
_07535_, 529.2, 399.84, 5
_07595_, 529.2, 399.84, 5
_07594_, 531.9, 399.84, 5
FILLER_99_936, 534.6, 399.84, 5
PHY_197, 537.3, 399.84, 5
PHY_199, 537.3, 399.84, 5
FILLER_98_943, 537.3, 399.84, 5
PHY_192, 10.8, 392, 5
PHY_194, 10.8, 392, 5
FILLER_96_2, 10.8, 392, 5
FILLER_97_2, 10.8, 392, 5
FILLER_96_18, 18.9, 392, 5
FILLER_97_18, 18.9, 392, 5
TAP_1529, 29.7, 392, 5
FILLER_96_34, 29.7, 392, 5
FILLER_96_37, 29.7, 392, 5
FILLER_97_34, 29.7, 392, 5
_09825_, 32.4, 392, 5
FILLER_97_50, 37.8, 392, 5
FILLER_97_66, 45.9, 392, 5
TAP_1542, 48.6, 392, 5
FILLER_96_67, 48.6, 392, 5
FILLER_97_70, 48.6, 392, 5
FILLER_97_73, 51.3, 392, 5
FILLER_96_83, 56.7, 392, 5
FILLER_97_89, 59.4, 392, 5
FILLER_96_99, 64.8, 392, 5
FILLER_96_103, 67.5, 392, 5
TAP_1530, 70.2, 392, 5
FILLER_96_105, 70.2, 392, 5
FILLER_96_108, 70.2, 392, 5
FILLER_97_105, 70.2, 392, 5
FILLER_96_124, 78.3, 392, 5
FILLER_97_121, 78.3, 392, 5
FILLER_97_137, 86.4, 392, 5
TAP_1543, 89.1, 392, 5
FILLER_96_140, 89.1, 392, 5
FILLER_97_141, 89.1, 392, 5
FILLER_97_144, 91.8, 392, 5
FILLER_97_152, 94.5, 392, 5
_05195_, 97.2, 392, 5
FILLER_96_156, 97.2, 392, 5
FILLER_97_162, 99.9, 392, 5
FILLER_96_164, 102.6, 392, 5
_05192_, 105.3, 392, 5
_05196_, 105.3, 392, 5
FILLER_96_168, 105.3, 392, 5
TAP_1531, 108, 392, 5
_09473_, 110.7, 392, 5
FILLER_97_178, 110.7, 392, 5
FILLER_97_182, 110.7, 392, 5
_09464_, 113.4, 392, 5
FILLER_96_208, 126.9, 392, 5
_05191_, 129.6, 392, 5
TAP_1544, 129.6, 392, 5
FILLER_96_224, 135, 392, 5
FILLER_97_223, 135, 392, 5
_09467_, 137.7, 392, 5
FILLER_96_228, 137.7, 392, 5
FILLER_96_230, 137.7, 392, 5
FILLER_97_227, 137.7, 392, 5
FILLER_97_229, 137.7, 392, 5
_09115_, 140.4, 392, 5
FILLER_96_243, 145.8, 392, 5
TAP_1532, 148.5, 392, 5
FILLER_96_247, 148.5, 392, 5
_09950_, 151.2, 392, 5
FILLER_96_250, 151.2, 392, 5
_09259_, 159.3, 392, 5
FILLER_97_266, 159.3, 392, 5
_09169_, 164.7, 392, 5
FILLER_97_275, 164.7, 392, 5
FILLER_97_277, 164.7, 392, 5
_09170_, 167.4, 392, 5
TAP_1545, 170.1, 392, 5
FILLER_97_286, 170.1, 392, 5
_09171_, 172.8, 392, 5
_09948_, 172.8, 392, 5
FILLER_97_290, 172.8, 392, 5
_09240_, 175.5, 392, 5
FILLER_96_305, 180.9, 392, 5
_09239_, 183.6, 392, 5
FILLER_96_317, 186.3, 392, 5
_09162_, 189, 392, 5
_09922_, 189, 392, 5
TAP_1533, 189, 392, 5
FILLER_97_332, 197.1, 392, 5
FILLER_97_340, 199.8, 392, 5
_09154_, 202.5, 392, 5
FILLER_96_350, 205.2, 392, 5
_10014_, 207.9, 392, 5
TAP_1546, 207.9, 392, 5
FILLER_96_352, 207.9, 392, 5
FILLER_97_353, 207.9, 392, 5
_04706_, 210.6, 392, 5
FILLER_97_367, 216, 392, 5
_09567_, 218.7, 392, 5
FILLER_97_371, 218.7, 392, 5
FILLER_97_373, 218.7, 392, 5
_09390_, 224.1, 392, 5
FILLER_96_388, 226.8, 392, 5
_05972_, 229.5, 392, 5
TAP_1534, 229.5, 392, 5
FILLER_96_400, 234.9, 392, 5
_04839_, 237.6, 392, 5
FILLER_96_408, 237.6, 392, 5
_04838_, 240.3, 392, 5
_05873_, 240.3, 392, 5
_05636_, 243, 392, 5
FILLER_96_418, 243, 392, 5
_05638_, 245.7, 392, 5
TAP_1547, 248.4, 392, 5
_05658_, 251.1, 392, 5
_05871_, 251.1, 392, 5
FILLER_96_433, 253.8, 392, 5
FILLER_96_437, 253.8, 392, 5
_05933_, 256.5, 392, 5
_05966_, 256.5, 392, 5
_05932_, 261.9, 392, 5
FILLER_97_451, 261.9, 392, 5
_05963_, 264.6, 392, 5
FILLER_97_453, 264.6, 392, 5
TAP_1535, 267.3, 392, 5
FILLER_96_458, 267.3, 392, 5
FILLER_96_460, 267.3, 392, 5
_05894_, 270, 392, 5
FILLER_96_467, 272.7, 392, 5
FILLER_96_475, 275.4, 392, 5
_05925_, 278.1, 392, 5
_05927_, 278.1, 392, 5
FILLER_96_481, 278.1, 392, 5
FILLER_96_489, 283.5, 392, 5
FILLER_97_489, 283.5, 392, 5
_04728_, 286.2, 392, 5
_05942_, 286.2, 392, 5
FILLER_97_491, 286.2, 392, 5
_09887_, 288.9, 392, 5
TAP_1548, 288.9, 392, 5
FILLER_97_499, 288.9, 392, 5
_09066_, 291.6, 392, 5
_09067_, 297, 392, 5
FILLER_97_519, 299.7, 392, 5
_10012_, 302.4, 392, 5
_09385_, 305.1, 392, 5
_09070_, 307.8, 392, 5
TAP_1536, 307.8, 392, 5
_09582_, 313.2, 392, 5
_06310_, 318.6, 392, 5
_04725_, 321.3, 392, 5
FILLER_97_562, 324, 392, 5
FILLER_97_566, 326.7, 392, 5
_06041_, 329.4, 392, 5
TAP_1549, 329.4, 392, 5
FILLER_97_570, 329.4, 392, 5
_04828_, 334.8, 392, 5
_06228_, 334.8, 392, 5
_06085_, 337.5, 392, 5
FILLER_97_583, 337.5, 392, 5
FILLER_96_591, 340.2, 392, 5
_06009_, 342.9, 392, 5
_04835_, 348.3, 392, 5
TAP_1537, 348.3, 392, 5
_06010_, 351, 392, 5
_06640_, 353.7, 392, 5
FILLER_96_613, 353.7, 392, 5
FILLER_96_615, 353.7, 392, 5
_09375_, 359.1, 392, 5
_09603_, 359.1, 392, 5
FILLER_97_632, 364.5, 392, 5
TAP_1550, 367.2, 392, 5
FILLER_97_636, 367.2, 392, 5
FILLER_97_638, 367.2, 392, 5
FILLER_97_641, 369.9, 392, 5
_06458_, 372.6, 392, 5
FILLER_97_658, 378, 392, 5
_06418_, 380.7, 392, 5
_06419_, 380.7, 392, 5
FILLER_96_673, 386.1, 392, 5
_06459_, 388.8, 392, 5
TAP_1538, 388.8, 392, 5
_04819_, 402.3, 392, 5
TAP_1551, 407.7, 392, 5
FILLER_97_712, 407.7, 392, 5
_07493_, 410.4, 392, 5
_07615_, 410.4, 392, 5
_04792_, 415.8, 392, 5
FILLER_97_726, 415.8, 392, 5
_07597_, 418.5, 392, 5
_07614_, 418.5, 392, 5
FILLER_96_730, 418.5, 392, 5
_07563_, 423.9, 392, 5
_07609_, 426.6, 392, 5
TAP_1539, 426.6, 392, 5
_07608_, 429.3, 392, 5
_07649_, 429.3, 392, 5
_07547_, 432, 392, 5
_07604_, 432, 392, 5
_07559_, 434.7, 392, 5
FILLER_96_758, 434.7, 392, 5
_07602_, 437.4, 392, 5
FILLER_96_762, 437.4, 392, 5
_07550_, 440.1, 392, 5
FILLER_96_771, 442.8, 392, 5
FILLER_96_779, 445.5, 392, 5
FILLER_97_776, 445.5, 392, 5
_07499_, 448.2, 392, 5
_07500_, 448.2, 392, 5
TAP_1552, 448.2, 392, 5
FILLER_96_783, 448.2, 392, 5
FILLER_97_780, 448.2, 392, 5
_07447_, 453.6, 392, 5
FILLER_96_790, 453.6, 392, 5
_07503_, 456.3, 392, 5
_07436_, 459, 392, 5
_07445_, 459, 392, 5
FILLER_97_808, 461.7, 392, 5
_07438_, 467.1, 392, 5
_07439_, 467.1, 392, 5
TAP_1540, 467.1, 392, 5
_07464_, 475.2, 392, 5
_07432_, 483.3, 392, 5
_07487_, 483.3, 392, 5
FILLER_97_844, 483.3, 392, 5
TAP_1553, 486, 392, 5
FILLER_97_851, 486, 392, 5
_07468_, 488.7, 392, 5
_07488_, 488.7, 392, 5
_07517_, 494.1, 392, 5
FILLER_97_862, 494.1, 392, 5
FILLER_97_864, 494.1, 392, 5
_07465_, 499.5, 392, 5
_07565_, 502.2, 392, 5
_07416_, 504.9, 392, 5
FILLER_97_884, 504.9, 392, 5
_07476_, 507.6, 392, 5
TAP_1541, 507.6, 392, 5
_07524_, 510.3, 392, 5
_07520_, 513, 392, 5
_07519_, 515.7, 392, 5
FILLER_97_909, 518.4, 392, 5
_07593_, 523.8, 392, 5
FILLER_96_917, 523.8, 392, 5
FILLER_97_917, 523.8, 392, 5
TAP_1554, 526.5, 392, 5
FILLER_97_921, 526.5, 392, 5
_07619_, 529.2, 392, 5
FILLER_97_925, 529.2, 392, 5
_07592_, 531.9, 392, 5
PHY_193, 537.3, 392, 5
PHY_195, 537.3, 392, 5
FILLER_96_943, 537.3, 392, 5
FILLER_97_940, 537.3, 392, 5
PHY_188, 10.8, 384.16, 5
PHY_190, 10.8, 384.16, 5
FILLER_94_2, 10.8, 384.16, 5
FILLER_95_2, 10.8, 384.16, 5
FILLER_94_18, 18.9, 384.16, 5
FILLER_95_18, 18.9, 384.16, 5
FILLER_95_22, 21.6, 384.16, 5
_09824_, 24.3, 384.16, 5
_08965_, 29.7, 384.16, 5
TAP_1503, 29.7, 384.16, 5
FILLER_94_34, 29.7, 384.16, 5
_08964_, 35.1, 384.16, 5
_08967_, 40.5, 384.16, 5
_08968_, 40.5, 384.16, 5
_08969_, 43.2, 384.16, 5
_09826_, 43.2, 384.16, 5
TAP_1516, 48.6, 384.16, 5
FILLER_95_69, 48.6, 384.16, 5
FILLER_95_73, 51.3, 384.16, 5
FILLER_94_87, 59.4, 384.16, 5
FILLER_95_89, 59.4, 384.16, 5
_08928_, 62.1, 384.16, 5
FILLER_94_101, 67.5, 384.16, 5
_09813_, 70.2, 384.16, 5
TAP_1504, 70.2, 384.16, 5
FILLER_94_105, 70.2, 384.16, 5
FILLER_95_105, 70.2, 384.16, 5
FILLER_95_121, 78.3, 384.16, 5
FILLER_94_137, 86.4, 384.16, 5
FILLER_95_137, 86.4, 384.16, 5
TAP_1517, 89.1, 384.16, 5
FILLER_95_141, 89.1, 384.16, 5
_09784_, 91.8, 384.16, 5
FILLER_95_144, 91.8, 384.16, 5
FILLER_95_160, 99.9, 384.16, 5
_09469_, 102.6, 384.16, 5
TAP_1505, 108, 384.16, 5
FILLER_94_174, 108, 384.16, 5
FILLER_94_176, 108, 384.16, 5
_05199_, 110.7, 384.16, 5
_05176_, 116.1, 384.16, 5
FILLER_94_187, 116.1, 384.16, 5
_09458_, 118.8, 384.16, 5
FILLER_95_193, 118.8, 384.16, 5
_05186_, 121.5, 384.16, 5
FILLER_95_206, 124.2, 384.16, 5
FILLER_95_210, 126.9, 384.16, 5
TAP_1518, 129.6, 384.16, 5
FILLER_95_212, 129.6, 384.16, 5
FILLER_95_215, 129.6, 384.16, 5
_05142_, 135, 384.16, 5
FILLER_94_222, 135, 384.16, 5
FILLER_94_224, 135, 384.16, 5
FILLER_95_223, 135, 384.16, 5
_05189_, 137.7, 384.16, 5
_09461_, 137.7, 384.16, 5
FILLER_95_227, 137.7, 384.16, 5
_05143_, 145.8, 384.16, 5
TAP_1506, 148.5, 384.16, 5
_05141_, 151.2, 384.16, 5
_09244_, 153.9, 384.16, 5
FILLER_94_255, 153.9, 384.16, 5
FILLER_94_257, 153.9, 384.16, 5
_09243_, 159.3, 384.16, 5
FILLER_94_266, 159.3, 384.16, 5
FILLER_95_265, 159.3, 384.16, 5
FILLER_95_267, 159.3, 384.16, 5
_09940_, 162, 384.16, 5
FILLER_94_270, 162, 384.16, 5
FILLER_95_276, 164.7, 384.16, 5
_09924_, 170.1, 384.16, 5
TAP_1519, 170.1, 384.16, 5
FILLER_94_300, 178.2, 384.16, 5
_09258_, 183.6, 384.16, 5
FILLER_94_308, 183.6, 384.16, 5
FILLER_94_310, 183.6, 384.16, 5
FILLER_95_317, 186.3, 384.16, 5
_09163_, 189, 384.16, 5
TAP_1507, 189, 384.16, 5
FILLER_94_321, 189, 384.16, 5
FILLER_95_319, 189, 384.16, 5
_09257_, 191.7, 384.16, 5
FILLER_95_326, 191.7, 384.16, 5
FILLER_94_331, 194.4, 384.16, 5
_09951_, 197.1, 384.16, 5
FILLER_95_334, 197.1, 384.16, 5
_09246_, 199.8, 384.16, 5
FILLER_95_338, 199.8, 384.16, 5
FILLER_95_347, 205.2, 384.16, 5
TAP_1520, 207.9, 384.16, 5
FILLER_95_357, 210.6, 384.16, 5
_09391_, 213.3, 384.16, 5
_10015_, 213.3, 384.16, 5
_05971_, 221.4, 384.16, 5
FILLER_95_375, 221.4, 384.16, 5
_09568_, 226.8, 384.16, 5
_05974_, 229.5, 384.16, 5
TAP_1508, 229.5, 384.16, 5
FILLER_94_392, 229.5, 384.16, 5
FILLER_94_402, 234.9, 384.16, 5
_05680_, 237.6, 384.16, 5
FILLER_94_406, 237.6, 384.16, 5
FILLER_94_412, 240.3, 384.16, 5
_05657_, 243, 384.16, 5
_05665_, 243, 384.16, 5
_05646_, 245.7, 384.16, 5
FILLER_94_419, 245.7, 384.16, 5
FILLER_95_423, 245.7, 384.16, 5
TAP_1521, 248.4, 384.16, 5
FILLER_95_425, 248.4, 384.16, 5
_05662_, 251.1, 384.16, 5
_05667_, 251.1, 384.16, 5
_05700_, 256.5, 384.16, 5
_05967_, 256.5, 384.16, 5
FILLER_95_447, 259.2, 384.16, 5
_05929_, 261.9, 384.16, 5
FILLER_94_449, 261.9, 384.16, 5
_05702_, 264.6, 384.16, 5
_05931_, 264.6, 384.16, 5
TAP_1509, 267.3, 384.16, 5
FILLER_95_458, 267.3, 384.16, 5
_05701_, 270, 384.16, 5
FILLER_94_471, 272.7, 384.16, 5
FILLER_94_475, 275.4, 384.16, 5
FILLER_95_474, 275.4, 384.16, 5
_09886_, 278.1, 384.16, 5
_09065_, 280.8, 384.16, 5
FILLER_95_482, 280.8, 384.16, 5
_04727_, 286.2, 384.16, 5
FILLER_95_491, 286.2, 384.16, 5
_05747_, 288.9, 384.16, 5
TAP_1522, 288.9, 384.16, 5
_05788_, 294.3, 384.16, 5
_09386_, 305.1, 384.16, 5
FILLER_95_525, 305.1, 384.16, 5
FILLER_95_527, 305.1, 384.16, 5
_09889_, 307.8, 384.16, 5
TAP_1510, 307.8, 384.16, 5
FILLER_95_538, 310.5, 384.16, 5
_06313_, 313.2, 384.16, 5
FILLER_95_540, 313.2, 384.16, 5
_06311_, 318.6, 384.16, 5
FILLER_95_557, 321.3, 384.16, 5
_06013_, 324, 384.16, 5
FILLER_95_559, 324, 384.16, 5
_06230_, 326.7, 384.16, 5
FILLER_94_565, 326.7, 384.16, 5
_06229_, 329.4, 384.16, 5
TAP_1523, 329.4, 384.16, 5
clkbuf_leaf_6_clk, 337.5, 384.16, 5
_05984_, 340.2, 384.16, 5
FILLER_94_600, 345.6, 384.16, 5
TAP_1511, 348.3, 384.16, 5
FILLER_94_602, 348.3, 384.16, 5
FILLER_94_605, 348.3, 384.16, 5
_10007_, 351, 384.16, 5
FILLER_95_634, 364.5, 384.16, 5
_09374_, 367.2, 384.16, 5
TAP_1524, 367.2, 384.16, 5
FILLER_95_638, 367.2, 384.16, 5
_04832_, 369.9, 384.16, 5
_06547_, 369.9, 384.16, 5
FILLER_95_641, 369.9, 384.16, 5
FILLER_95_643, 369.9, 384.16, 5
_06324_, 372.6, 384.16, 5
_06502_, 378, 384.16, 5
_06548_, 383.4, 384.16, 5
_04791_, 388.8, 384.16, 5
TAP_1512, 388.8, 384.16, 5
_09653_, 391.5, 384.16, 5
_07495_, 402.3, 384.16, 5
_07599_, 407.7, 384.16, 5
_07641_, 407.7, 384.16, 5
TAP_1525, 407.7, 384.16, 5
FILLER_95_709, 407.7, 384.16, 5
_07616_, 413.1, 384.16, 5
_07617_, 418.5, 384.16, 5
_07610_, 421.2, 384.16, 5
_07653_, 421.2, 384.16, 5
_07648_, 423.9, 384.16, 5
TAP_1513, 426.6, 384.16, 5
_07603_, 429.3, 384.16, 5
_07647_, 429.3, 384.16, 5
FILLER_95_749, 429.3, 384.16, 5
_07644_, 432, 384.16, 5
_07558_, 434.7, 384.16, 5
_07549_, 437.4, 384.16, 5
FILLER_95_763, 437.4, 384.16, 5
FILLER_94_767, 440.1, 384.16, 5
_07450_, 442.8, 384.16, 5
FILLER_94_771, 442.8, 384.16, 5
FILLER_94_779, 445.5, 384.16, 5
FILLER_95_777, 445.5, 384.16, 5
_07498_, 448.2, 384.16, 5
_07548_, 448.2, 384.16, 5
TAP_1526, 448.2, 384.16, 5
_07475_, 453.6, 384.16, 5
_07444_, 456.3, 384.16, 5
_07449_, 456.3, 384.16, 5
_07399_, 461.7, 384.16, 5
_07378_, 464.4, 384.16, 5
_07387_, 464.4, 384.16, 5
FILLER_95_812, 464.4, 384.16, 5
_07379_, 467.1, 384.16, 5
TAP_1514, 467.1, 384.16, 5
_07435_, 472.5, 384.16, 5
_07380_, 477.9, 384.16, 5
_07415_, 483.3, 384.16, 5
_07434_, 486, 384.16, 5
TAP_1527, 486, 384.16, 5
FILLER_94_850, 486, 384.16, 5
FILLER_95_850, 486, 384.16, 5
_07418_, 488.7, 384.16, 5
FILLER_94_860, 491.4, 384.16, 5
_07466_, 494.1, 384.16, 5
_07482_, 494.1, 384.16, 5
FILLER_94_862, 494.1, 384.16, 5
FILLER_95_863, 494.1, 384.16, 5
_07467_, 496.8, 384.16, 5
_07480_, 502.2, 384.16, 5
_07477_, 507.6, 384.16, 5
_07481_, 507.6, 384.16, 5
TAP_1515, 507.6, 384.16, 5
_07521_, 513, 384.16, 5
FILLER_94_899, 513, 384.16, 5
_07522_, 515.7, 384.16, 5
_07567_, 515.7, 384.16, 5
FILLER_94_901, 515.7, 384.16, 5
FILLER_94_910, 518.4, 384.16, 5
_07523_, 521.1, 384.16, 5
FILLER_94_918, 523.8, 384.16, 5
_07639_, 526.5, 384.16, 5
TAP_1528, 526.5, 384.16, 5
FILLER_94_920, 526.5, 384.16, 5
FILLER_95_920, 526.5, 384.16, 5
FILLER_95_922, 526.5, 384.16, 5
_07591_, 529.2, 384.16, 5
_07640_, 531.9, 384.16, 5
PHY_189, 537.3, 384.16, 5
PHY_191, 537.3, 384.16, 5
FILLER_95_942, 537.3, 384.16, 5
PHY_184, 10.8, 376.32, 5
PHY_186, 10.8, 376.32, 5
FILLER_92_2, 10.8, 376.32, 5
FILLER_93_2, 10.8, 376.32, 5
_09823_, 13.5, 376.32, 5
FILLER_93_18, 18.9, 376.32, 5
_08963_, 29.7, 376.32, 5
TAP_1477, 29.7, 376.32, 5
FILLER_92_37, 29.7, 376.32, 5
FILLER_93_34, 29.7, 376.32, 5
_08961_, 32.4, 376.32, 5
_08962_, 32.4, 376.32, 5
_05116_, 37.8, 376.32, 5
_08966_, 37.8, 376.32, 5
FILLER_92_49, 37.8, 376.32, 5
FILLER_93_56, 40.5, 376.32, 5
_08970_, 43.2, 376.32, 5
FILLER_92_62, 45.9, 376.32, 5
TAP_1490, 48.6, 376.32, 5
FILLER_92_70, 48.6, 376.32, 5
FILLER_93_70, 48.6, 376.32, 5
_08971_, 51.3, 376.32, 5
_09812_, 51.3, 376.32, 5
FILLER_92_74, 51.3, 376.32, 5
FILLER_93_79, 54, 376.32, 5
_09811_, 59.4, 376.32, 5
_08932_, 70.2, 376.32, 5
TAP_1478, 70.2, 376.32, 5
FILLER_92_105, 70.2, 376.32, 5
_08931_, 75.6, 376.32, 5
FILLER_93_116, 75.6, 376.32, 5
FILLER_92_126, 81, 376.32, 5
_09783_, 83.7, 376.32, 5
FILLER_93_132, 83.7, 376.32, 5
TAP_1491, 89.1, 376.32, 5
FILLER_93_140, 89.1, 376.32, 5
FILLER_93_144, 91.8, 376.32, 5
_08863_, 94.5, 376.32, 5
_08862_, 99.9, 376.32, 5
_08864_, 99.9, 376.32, 5
_08861_, 105.3, 376.32, 5
_09466_, 105.3, 376.32, 5
FILLER_93_168, 105.3, 376.32, 5
FILLER_93_170, 105.3, 376.32, 5
TAP_1479, 108, 376.32, 5
FILLER_92_174, 108, 376.32, 5
FILLER_92_176, 108, 376.32, 5
repeater2, 110.7, 376.32, 5
FILLER_92_179, 110.7, 376.32, 5
_05187_, 121.5, 376.32, 5
_09471_, 124.2, 376.32, 5
FILLER_93_205, 124.2, 376.32, 5
_05194_, 129.6, 376.32, 5
TAP_1492, 129.6, 376.32, 5
FILLER_93_223, 135, 376.32, 5
_09463_, 137.7, 376.32, 5
FILLER_93_227, 137.7, 376.32, 5
FILLER_92_235, 140.4, 376.32, 5
FILLER_92_243, 145.8, 376.32, 5
TAP_1480, 148.5, 376.32, 5
FILLER_92_247, 148.5, 376.32, 5
_09117_, 151.2, 376.32, 5
FILLER_93_257, 153.9, 376.32, 5
_09118_, 156.6, 376.32, 5
FILLER_93_261, 156.6, 376.32, 5
_09116_, 162, 376.32, 5
_09223_, 164.7, 376.32, 5
_09222_, 170.1, 376.32, 5
_09913_, 170.1, 376.32, 5
TAP_1493, 170.1, 376.32, 5
FILLER_92_287, 170.1, 376.32, 5
FILLER_93_286, 170.1, 376.32, 5
_09132_, 175.5, 376.32, 5
FILLER_93_302, 178.2, 376.32, 5
_09957_, 180.9, 376.32, 5
TAP_1481, 189, 376.32, 5
FILLER_92_321, 189, 376.32, 5
FILLER_92_325, 191.7, 376.32, 5
_09165_, 194.4, 376.32, 5
_09164_, 197.1, 376.32, 5
_09167_, 197.1, 376.32, 5
FILLER_92_333, 197.1, 376.32, 5
_09140_, 199.8, 376.32, 5
FILLER_92_340, 199.8, 376.32, 5
_09229_, 202.5, 376.32, 5
_09245_, 202.5, 376.32, 5
FILLER_92_344, 202.5, 376.32, 5
_09141_, 207.9, 376.32, 5
TAP_1494, 207.9, 376.32, 5
FILLER_93_353, 207.9, 376.32, 5
FILLER_92_359, 210.6, 376.32, 5
FILLER_93_357, 210.6, 376.32, 5
FILLER_93_365, 213.3, 376.32, 5
_09393_, 216, 376.32, 5
_09392_, 221.4, 376.32, 5
_09395_, 221.4, 376.32, 5
FILLER_92_375, 221.4, 376.32, 5
FILLER_92_386, 226.8, 376.32, 5
FILLER_93_385, 226.8, 376.32, 5
_05973_, 229.5, 376.32, 5
_09394_, 229.5, 376.32, 5
TAP_1482, 229.5, 376.32, 5
_09398_, 232.2, 376.32, 5
FILLER_93_401, 234.9, 376.32, 5
FILLER_93_403, 234.9, 376.32, 5
_05681_, 237.6, 376.32, 5
_05704_, 237.6, 376.32, 5
FILLER_92_404, 237.6, 376.32, 5
_05682_, 240.3, 376.32, 5
FILLER_92_411, 240.3, 376.32, 5
FILLER_93_412, 240.3, 376.32, 5
_05666_, 243, 376.32, 5
TAP_1495, 248.4, 376.32, 5
_05676_, 251.1, 376.32, 5
FILLER_93_428, 251.1, 376.32, 5
_05679_, 253.8, 376.32, 5
FILLER_92_437, 253.8, 376.32, 5
FILLER_92_441, 256.5, 376.32, 5
_05673_, 259.2, 376.32, 5
FILLER_92_443, 259.2, 376.32, 5
_09559_, 261.9, 376.32, 5
FILLER_92_450, 261.9, 376.32, 5
FILLER_93_450, 261.9, 376.32, 5
_05672_, 264.6, 376.32, 5
FILLER_92_454, 264.6, 376.32, 5
TAP_1483, 267.3, 376.32, 5
_05671_, 270, 376.32, 5
FILLER_92_471, 272.7, 376.32, 5
FILLER_92_479, 278.1, 376.32, 5
FILLER_92_481, 278.1, 376.32, 5
_09570_, 280.8, 376.32, 5
FILLER_93_483, 280.8, 376.32, 5
_05978_, 283.5, 376.32, 5
FILLER_93_495, 286.2, 376.32, 5
TAP_1496, 288.9, 376.32, 5
FILLER_93_499, 288.9, 376.32, 5
_04836_, 291.6, 376.32, 5
_04837_, 294.3, 376.32, 5
_05641_, 299.7, 376.32, 5
_05642_, 299.7, 376.32, 5
_05639_, 307.8, 376.32, 5
TAP_1484, 307.8, 376.32, 5
FILLER_92_534, 307.8, 376.32, 5
_06012_, 310.5, 376.32, 5
_05893_, 313.2, 376.32, 5
FILLER_93_543, 313.2, 376.32, 5
_05891_, 315.9, 376.32, 5
_05983_, 318.6, 376.32, 5
_06231_, 329.4, 376.32, 5
TAP_1497, 329.4, 376.32, 5
_06280_, 337.5, 376.32, 5
_06049_, 342.9, 376.32, 5
FILLER_92_601, 345.6, 376.32, 5
_06014_, 348.3, 376.32, 5
TAP_1485, 348.3, 376.32, 5
_07656_, 356.4, 376.32, 5
FILLER_92_618, 356.4, 376.32, 5
_09654_, 361.8, 376.32, 5
_06639_, 364.5, 376.32, 5
TAP_1498, 367.2, 376.32, 5
_06605_, 369.9, 376.32, 5
FILLER_93_641, 369.9, 376.32, 5
FILLER_93_643, 369.9, 376.32, 5
_06358_, 378, 376.32, 5
_06389_, 380.7, 376.32, 5
_06359_, 388.8, 376.32, 5
TAP_1486, 388.8, 376.32, 5
_06501_, 396.9, 376.32, 5
_07460_, 402.3, 376.32, 5
_07440_, 407.7, 376.32, 5
_07461_, 407.7, 376.32, 5
TAP_1499, 407.7, 376.32, 5
_07463_, 410.4, 376.32, 5
_07654_, 413.1, 376.32, 5
_07451_, 415.8, 376.32, 5
_07652_, 415.8, 376.32, 5
_07646_, 418.5, 376.32, 5
_07651_, 421.2, 376.32, 5
FILLER_92_741, 423.9, 376.32, 5
TAP_1487, 426.6, 376.32, 5
_07642_, 429.3, 376.32, 5
_07557_, 432, 376.32, 5
_07643_, 432, 376.32, 5
FILLER_92_753, 432, 376.32, 5
_07645_, 434.7, 376.32, 5
_07406_, 437.4, 376.32, 5
FILLER_93_764, 437.4, 376.32, 5
_07555_, 440.1, 376.32, 5
FILLER_93_768, 440.1, 376.32, 5
FILLER_93_770, 440.1, 376.32, 5
_07458_, 442.8, 376.32, 5
FILLER_92_775, 442.8, 376.32, 5
_07404_, 445.5, 376.32, 5
FILLER_93_779, 445.5, 376.32, 5
TAP_1500, 448.2, 376.32, 5
FILLER_92_782, 448.2, 376.32, 5
FILLER_92_784, 448.2, 376.32, 5
FILLER_93_783, 448.2, 376.32, 5
_07345_, 450.9, 376.32, 5
_07448_, 450.9, 376.32, 5
FILLER_93_785, 450.9, 376.32, 5
_07397_, 453.6, 376.32, 5
_07398_, 453.6, 376.32, 5
FILLER_92_790, 453.6, 376.32, 5
_07389_, 461.7, 376.32, 5
_07443_, 461.7, 376.32, 5
FILLER_92_805, 461.7, 376.32, 5
_07388_, 467.1, 376.32, 5
_07417_, 467.1, 376.32, 5
TAP_1488, 467.1, 376.32, 5
FILLER_92_841, 480.6, 376.32, 5
_07419_, 483.3, 376.32, 5
_07421_, 483.3, 376.32, 5
FILLER_93_843, 483.3, 376.32, 5
TAP_1501, 486, 376.32, 5
_07385_, 488.7, 376.32, 5
_07433_, 488.7, 376.32, 5
FILLER_92_853, 488.7, 376.32, 5
_07405_, 494.1, 376.32, 5
FILLER_92_863, 494.1, 376.32, 5
_07528_, 496.8, 376.32, 5
FILLER_93_867, 496.8, 376.32, 5
_07431_, 499.5, 376.32, 5
_07525_, 499.5, 376.32, 5
_07479_, 504.9, 376.32, 5
_07622_, 504.9, 376.32, 5
FILLER_93_883, 504.9, 376.32, 5
_07623_, 507.6, 376.32, 5
TAP_1489, 507.6, 376.32, 5
FILLER_93_890, 507.6, 376.32, 5
FILLER_92_894, 510.3, 376.32, 5
_07518_, 513, 376.32, 5
_07532_, 513, 376.32, 5
FILLER_93_898, 513, 376.32, 5
_07572_, 515.7, 376.32, 5
FILLER_92_903, 515.7, 376.32, 5
FILLER_93_905, 515.7, 376.32, 5
_07569_, 518.4, 376.32, 5
FILLER_93_907, 518.4, 376.32, 5
_07571_, 521.1, 376.32, 5
_07590_, 523.8, 376.32, 5
TAP_1502, 526.5, 376.32, 5
FILLER_93_920, 526.5, 376.32, 5
FILLER_93_922, 526.5, 376.32, 5
_07573_, 529.2, 376.32, 5
_07620_, 531.9, 376.32, 5
FILLER_93_937, 534.6, 376.32, 5
PHY_185, 537.3, 376.32, 5
PHY_187, 537.3, 376.32, 5
FILLER_92_942, 537.3, 376.32, 5
FILLER_93_941, 537.3, 376.32, 5
FILLER_93_943, 537.3, 376.32, 5
PHY_180, 10.8, 368.48, 5
PHY_182, 10.8, 368.48, 5
FILLER_90_2, 10.8, 368.48, 5
FILLER_91_2, 10.8, 368.48, 5
FILLER_90_18, 18.9, 368.48, 5
FILLER_91_18, 18.9, 368.48, 5
_09822_, 24.3, 368.48, 5
TAP_1451, 29.7, 368.48, 5
FILLER_90_34, 29.7, 368.48, 5
FILLER_90_37, 29.7, 368.48, 5
_08960_, 32.4, 368.48, 5
_08958_, 35.1, 368.48, 5
_05117_, 40.5, 368.48, 5
_08959_, 40.5, 368.48, 5
FILLER_91_55, 40.5, 368.48, 5
FILLER_90_63, 45.9, 368.48, 5
FILLER_91_64, 45.9, 368.48, 5
TAP_1464, 48.6, 368.48, 5
FILLER_91_68, 48.6, 368.48, 5
FILLER_91_70, 48.6, 368.48, 5
FILLER_91_73, 51.3, 368.48, 5
_08939_, 54, 368.48, 5
FILLER_90_79, 54, 368.48, 5
_08930_, 56.7, 368.48, 5
FILLER_91_81, 56.7, 368.48, 5
_08929_, 59.4, 368.48, 5
FILLER_90_88, 59.4, 368.48, 5
_05121_, 62.1, 368.48, 5
FILLER_90_92, 62.1, 368.48, 5
_05119_, 64.8, 368.48, 5
_04843_, 70.2, 368.48, 5
_05120_, 70.2, 368.48, 5
TAP_1452, 70.2, 368.48, 5
_08933_, 72.9, 368.48, 5
FILLER_91_111, 72.9, 368.48, 5
_08935_, 75.6, 368.48, 5
_08934_, 78.3, 368.48, 5
FILLER_90_124, 78.3, 368.48, 5
_04845_, 81, 368.48, 5
_09782_, 81, 368.48, 5
FILLER_90_128, 81, 368.48, 5
FILLER_91_130, 83.7, 368.48, 5
FILLER_91_138, 86.4, 368.48, 5
TAP_1465, 89.1, 368.48, 5
FILLER_91_144, 91.8, 368.48, 5
FILLER_91_148, 91.8, 368.48, 5
_08860_, 94.5, 368.48, 5
_05125_, 99.9, 368.48, 5
_08865_, 99.9, 368.48, 5
_09522_, 102.6, 368.48, 5
FILLER_91_166, 102.6, 368.48, 5
TAP_1453, 108, 368.48, 5
FILLER_90_174, 108, 368.48, 5
FILLER_90_176, 108, 368.48, 5
_09462_, 110.7, 368.48, 5
_05188_, 121.5, 368.48, 5
FILLER_91_204, 124.2, 368.48, 5
_09802_, 126.9, 368.48, 5
_08914_, 129.6, 368.48, 5
TAP_1466, 129.6, 368.48, 5
FILLER_91_212, 129.6, 368.48, 5
_09215_, 135, 368.48, 5
FILLER_91_233, 140.4, 368.48, 5
_09214_, 143.1, 368.48, 5
_09942_, 143.1, 368.48, 5
FILLER_91_237, 143.1, 368.48, 5
TAP_1454, 148.5, 368.48, 5
FILLER_90_245, 148.5, 368.48, 5
FILLER_90_247, 148.5, 368.48, 5
_09123_, 151.2, 368.48, 5
_09122_, 156.6, 368.48, 5
_09136_, 159.3, 368.48, 5
_09915_, 159.3, 368.48, 5
_09135_, 164.7, 368.48, 5
TAP_1467, 170.1, 368.48, 5
FILLER_91_286, 170.1, 368.48, 5
FILLER_91_288, 170.1, 368.48, 5
_09131_, 172.8, 368.48, 5
_09224_, 175.5, 368.48, 5
_04717_, 178.2, 368.48, 5
_09134_, 180.9, 368.48, 5
FILLER_91_304, 180.9, 368.48, 5
_09242_, 183.6, 368.48, 5
FILLER_90_310, 183.6, 368.48, 5
FILLER_91_312, 183.6, 368.48, 5
FILLER_91_316, 186.3, 368.48, 5
_09241_, 189, 368.48, 5
TAP_1455, 189, 368.48, 5
FILLER_90_321, 189, 368.48, 5
_09166_, 191.7, 368.48, 5
_09943_, 191.7, 368.48, 5
FILLER_90_336, 197.1, 368.48, 5
_09230_, 199.8, 368.48, 5
_09917_, 202.5, 368.48, 5
FILLER_90_345, 202.5, 368.48, 5
TAP_1468, 207.9, 368.48, 5
_09143_, 210.6, 368.48, 5
FILLER_91_363, 213.3, 368.48, 5
_10016_, 216, 368.48, 5
FILLER_91_367, 216, 368.48, 5
FILLER_90_377, 221.4, 368.48, 5
FILLER_90_379, 221.4, 368.48, 5
_09399_, 224.1, 368.48, 5
_09104_, 229.5, 368.48, 5
TAP_1456, 229.5, 368.48, 5
FILLER_91_398, 232.2, 368.48, 5
_05977_, 234.9, 368.48, 5
FILLER_90_400, 234.9, 368.48, 5
_05919_, 237.6, 368.48, 5
FILLER_91_408, 237.6, 368.48, 5
_04842_, 240.3, 368.48, 5
FILLER_91_413, 240.3, 368.48, 5
FILLER_91_421, 245.7, 368.48, 5
_05920_, 248.4, 368.48, 5
TAP_1469, 248.4, 368.48, 5
FILLER_91_425, 248.4, 368.48, 5
_05968_, 251.1, 368.48, 5
_09043_, 251.1, 368.48, 5
_05957_, 253.8, 368.48, 5
FILLER_91_438, 256.5, 368.48, 5
_05879_, 259.2, 368.48, 5
_05934_, 259.2, 368.48, 5
FILLER_91_446, 259.2, 368.48, 5
FILLER_91_452, 261.9, 368.48, 5
_05935_, 264.6, 368.48, 5
FILLER_91_456, 264.6, 368.48, 5
_09558_, 267.3, 368.48, 5
TAP_1457, 267.3, 368.48, 5
FILLER_90_463, 270, 368.48, 5
_08710_, 278.1, 368.48, 5
FILLER_90_479, 278.1, 368.48, 5
FILLER_90_489, 283.5, 368.48, 5
FILLER_91_488, 283.5, 368.48, 5
_05643_, 286.2, 368.48, 5
_09883_, 286.2, 368.48, 5
FILLER_90_491, 286.2, 368.48, 5
_09059_, 288.9, 368.48, 5
TAP_1470, 288.9, 368.48, 5
_04731_, 294.3, 368.48, 5
_05640_, 297, 368.48, 5
_05644_, 299.7, 368.48, 5
_06312_, 302.4, 368.48, 5
FILLER_90_523, 302.4, 368.48, 5
TAP_1458, 307.8, 368.48, 5
FILLER_90_534, 307.8, 368.48, 5
_05890_, 310.5, 368.48, 5
_05892_, 315.9, 368.48, 5
_04827_, 324, 368.48, 5
_06226_, 324, 368.48, 5
FILLER_90_559, 324, 368.48, 5
FILLER_91_561, 324, 368.48, 5
_04815_, 329.4, 368.48, 5
_06282_, 329.4, 368.48, 5
TAP_1471, 329.4, 368.48, 5
_06015_, 332.1, 368.48, 5
FILLER_91_574, 332.1, 368.48, 5
_06178_, 348.3, 368.48, 5
TAP_1459, 348.3, 368.48, 5
FILLER_91_618, 356.4, 368.48, 5
_06388_, 361.8, 368.48, 5
FILLER_91_626, 361.8, 368.48, 5
FILLER_91_628, 361.8, 368.48, 5
_06357_, 364.5, 368.48, 5
TAP_1472, 367.2, 368.48, 5
_09604_, 369.9, 368.48, 5
FILLER_90_643, 369.9, 368.48, 5
_06327_, 372.6, 368.48, 5
FILLER_90_645, 372.6, 368.48, 5
FILLER_90_670, 386.1, 368.48, 5
_09650_, 388.8, 368.48, 5
TAP_1460, 388.8, 368.48, 5
FILLER_90_676, 388.8, 368.48, 5
FILLER_90_678, 388.8, 368.48, 5
_07462_, 391.5, 368.48, 5
_07442_, 394.2, 368.48, 5
_07496_, 407.7, 368.48, 5
TAP_1473, 407.7, 368.48, 5
FILLER_91_708, 407.7, 368.48, 5
FILLER_91_712, 407.7, 368.48, 5
_07655_, 410.4, 368.48, 5
FILLER_91_722, 413.1, 368.48, 5
_07612_, 415.8, 368.48, 5
_07613_, 418.5, 368.48, 5
_07650_, 421.2, 368.48, 5
TAP_1461, 426.6, 368.48, 5
FILLER_90_743, 426.6, 368.48, 5
_07455_, 429.3, 368.48, 5
_07459_, 429.3, 368.48, 5
FILLER_90_747, 429.3, 368.48, 5
_07456_, 432, 368.48, 5
FILLER_91_752, 432, 368.48, 5
_07408_, 434.7, 368.48, 5
_07556_, 434.7, 368.48, 5
_07407_, 440.1, 368.48, 5
_07454_, 440.1, 368.48, 5
FILLER_90_767, 440.1, 368.48, 5
_07358_, 445.5, 368.48, 5
FILLER_91_779, 445.5, 368.48, 5
_07400_, 448.2, 368.48, 5
TAP_1474, 448.2, 368.48, 5
_07453_, 450.9, 368.48, 5
_07401_, 453.6, 368.48, 5
FILLER_90_791, 453.6, 368.48, 5
FILLER_90_793, 453.6, 368.48, 5
_07627_, 461.7, 368.48, 5
_07403_, 464.4, 368.48, 5
_07391_, 467.1, 368.48, 5
_07426_, 467.1, 368.48, 5
TAP_1462, 467.1, 368.48, 5
FILLER_90_814, 467.1, 368.48, 5
_07382_, 472.5, 368.48, 5
_07429_, 472.5, 368.48, 5
FILLER_91_827, 472.5, 368.48, 5
_07384_, 477.9, 368.48, 5
_07526_, 486, 368.48, 5
TAP_1475, 486, 368.48, 5
FILLER_91_849, 486, 368.48, 5
FILLER_91_851, 486, 368.48, 5
_07386_, 488.7, 368.48, 5
_07529_, 496.8, 368.48, 5
_07570_, 496.8, 368.48, 5
FILLER_91_867, 496.8, 368.48, 5
FILLER_91_869, 496.8, 368.48, 5
_07624_, 507.6, 368.48, 5
TAP_1463, 507.6, 368.48, 5
FILLER_91_894, 510.3, 368.48, 5
_07534_, 513, 368.48, 5
_07533_, 521.1, 368.48, 5
_07621_, 521.1, 368.48, 5
FILLER_90_912, 521.1, 368.48, 5
_07568_, 523.8, 368.48, 5
_07638_, 526.5, 368.48, 5
TAP_1476, 526.5, 368.48, 5
_07574_, 529.2, 368.48, 5
FILLER_91_938, 534.6, 368.48, 5
PHY_181, 537.3, 368.48, 5
PHY_183, 537.3, 368.48, 5
FILLER_91_942, 537.3, 368.48, 5
PHY_176, 10.8, 360.64, 5
PHY_178, 10.8, 360.64, 5
FILLER_88_2, 10.8, 360.64, 5
FILLER_89_2, 10.8, 360.64, 5
FILLER_88_18, 18.9, 360.64, 5
FILLER_89_18, 18.9, 360.64, 5
_09821_, 24.3, 360.64, 5
_08957_, 29.7, 360.64, 5
TAP_1425, 29.7, 360.64, 5
FILLER_88_34, 29.7, 360.64, 5
_08956_, 35.1, 360.64, 5
_08952_, 37.8, 360.64, 5
FILLER_89_55, 40.5, 360.64, 5
_08927_, 43.2, 360.64, 5
_08955_, 43.2, 360.64, 5
FILLER_89_57, 43.2, 360.64, 5
FILLER_89_64, 45.9, 360.64, 5
TAP_1438, 48.6, 360.64, 5
FILLER_88_67, 48.6, 360.64, 5
FILLER_89_68, 48.6, 360.64, 5
FILLER_89_70, 48.6, 360.64, 5
_09815_, 51.3, 360.64, 5
_08938_, 56.7, 360.64, 5
FILLER_88_83, 56.7, 360.64, 5
_08937_, 62.1, 360.64, 5
FILLER_88_99, 64.8, 360.64, 5
_09814_, 67.5, 360.64, 5
FILLER_88_103, 67.5, 360.64, 5
FILLER_89_102, 67.5, 360.64, 5
TAP_1426, 70.2, 360.64, 5
FILLER_88_105, 70.2, 360.64, 5
FILLER_88_108, 70.2, 360.64, 5
_08936_, 72.9, 360.64, 5
FILLER_88_118, 75.6, 360.64, 5
FILLER_89_132, 83.7, 360.64, 5
_05128_, 86.4, 360.64, 5
_05129_, 89.1, 360.64, 5
TAP_1439, 89.1, 360.64, 5
FILLER_88_139, 89.1, 360.64, 5
FILLER_89_140, 89.1, 360.64, 5
_08857_, 91.8, 360.64, 5
FILLER_89_144, 91.8, 360.64, 5
FILLER_89_148, 91.8, 360.64, 5
_04733_, 94.5, 360.64, 5
_08859_, 94.5, 360.64, 5
_08858_, 97.2, 360.64, 5
_05124_, 105.3, 360.64, 5
TAP_1427, 108, 360.64, 5
_08856_, 110.7, 360.64, 5
_05115_, 116.1, 360.64, 5
FILLER_89_189, 116.1, 360.64, 5
FILLER_88_193, 118.8, 360.64, 5
FILLER_89_197, 121.5, 360.64, 5
FILLER_89_201, 121.5, 360.64, 5
_08915_, 124.2, 360.64, 5
_08897_, 126.9, 360.64, 5
FILLER_88_209, 126.9, 360.64, 5
FILLER_89_209, 126.9, 360.64, 5
_09936_, 129.6, 360.64, 5
TAP_1440, 129.6, 360.64, 5
_08898_, 132.3, 360.64, 5
FILLER_88_224, 135, 360.64, 5
_08895_, 137.7, 360.64, 5
_08896_, 140.4, 360.64, 5
FILLER_88_240, 145.8, 360.64, 5
FILLER_89_244, 145.8, 360.64, 5
_09227_, 148.5, 360.64, 5
TAP_1428, 148.5, 360.64, 5
FILLER_89_248, 148.5, 360.64, 5
_09225_, 151.2, 360.64, 5
FILLER_88_250, 151.2, 360.64, 5
FILLER_88_252, 151.2, 360.64, 5
_09226_, 153.9, 360.64, 5
_09941_, 156.6, 360.64, 5
_09119_, 159.3, 360.64, 5
FILLER_89_265, 159.3, 360.64, 5
_09220_, 170.1, 360.64, 5
TAP_1441, 170.1, 360.64, 5
_09914_, 172.8, 360.64, 5
_09949_, 175.5, 360.64, 5
FILLER_89_294, 175.5, 360.64, 5
FILLER_89_296, 175.5, 360.64, 5
_05111_, 189, 360.64, 5
TAP_1429, 189, 360.64, 5
_09916_, 191.7, 360.64, 5
_09923_, 191.7, 360.64, 5
TAP_1442, 207.9, 360.64, 5
_05245_, 210.6, 360.64, 5
_09142_, 210.6, 360.64, 5
_05241_, 216, 360.64, 5
FILLER_89_368, 216, 360.64, 5
_10018_, 218.7, 360.64, 5
_09396_, 224.1, 360.64, 5
_09397_, 229.5, 360.64, 5
TAP_1430, 229.5, 360.64, 5
_05918_, 234.9, 360.64, 5
_05956_, 234.9, 360.64, 5
FILLER_88_402, 234.9, 360.64, 5
_05936_, 237.6, 360.64, 5
_09039_, 243, 360.64, 5
_05917_, 248.4, 360.64, 5
TAP_1443, 248.4, 360.64, 5
_09564_, 251.1, 360.64, 5
_09565_, 251.1, 360.64, 5
FILLER_89_428, 251.1, 360.64, 5
_09710_, 267.3, 360.64, 5
TAP_1431, 267.3, 360.64, 5
FILLER_88_463, 270, 360.64, 5
FILLER_88_471, 272.7, 360.64, 5
_08711_, 275.4, 360.64, 5
FILLER_88_473, 275.4, 360.64, 5
_05976_, 280.8, 360.64, 5
FILLER_88_482, 280.8, 360.64, 5
FILLER_88_484, 280.8, 360.64, 5
_09058_, 286.2, 360.64, 5
FILLER_88_493, 286.2, 360.64, 5
TAP_1444, 288.9, 360.64, 5
FILLER_89_499, 288.9, 360.64, 5
_09388_, 291.6, 360.64, 5
_10013_, 291.6, 360.64, 5
_05670_, 297, 360.64, 5
_04817_, 305.1, 360.64, 5
_09387_, 307.8, 360.64, 5
_09583_, 307.8, 360.64, 5
TAP_1432, 307.8, 360.64, 5
_09882_, 313.2, 360.64, 5
FILLER_88_540, 313.2, 360.64, 5
_06281_, 329.4, 360.64, 5
TAP_1445, 329.4, 360.64, 5
FILLER_88_572, 329.4, 360.64, 5
_09890_, 332.1, 360.64, 5
_04724_, 337.5, 360.64, 5
FILLER_89_586, 337.5, 360.64, 5
FILLER_89_591, 340.2, 360.64, 5
_05986_, 342.9, 360.64, 5
TAP_1433, 348.3, 360.64, 5
FILLER_88_605, 348.3, 360.64, 5
FILLER_88_609, 351, 360.64, 5
FILLER_88_611, 351, 360.64, 5
_10008_, 353.7, 360.64, 5
_06642_, 364.5, 360.64, 5
TAP_1446, 367.2, 360.64, 5
_06641_, 369.9, 360.64, 5
FILLER_88_641, 369.9, 360.64, 5
_09651_, 372.6, 360.64, 5
FILLER_89_649, 372.6, 360.64, 5
_06387_, 375.3, 360.64, 5
_07513_, 383.4, 360.64, 5
_07512_, 386.1, 360.64, 5
_07393_, 388.8, 360.64, 5
TAP_1434, 388.8, 360.64, 5
_07414_, 391.5, 360.64, 5
FILLER_89_680, 391.5, 360.64, 5
_07396_, 394.2, 360.64, 5
_07392_, 396.9, 360.64, 5
_07411_, 399.6, 360.64, 5
_07441_, 399.6, 360.64, 5
FILLER_89_695, 399.6, 360.64, 5
_07511_, 402.3, 360.64, 5
FILLER_88_702, 402.3, 360.64, 5
FILLER_89_701, 402.3, 360.64, 5
_07505_, 405, 360.64, 5
_07410_, 407.7, 360.64, 5
_07510_, 407.7, 360.64, 5
TAP_1447, 407.7, 360.64, 5
_07324_, 413.1, 360.64, 5
FILLER_88_719, 413.1, 360.64, 5
FILLER_89_720, 413.1, 360.64, 5
FILLER_89_722, 413.1, 360.64, 5
_07506_, 415.8, 360.64, 5
_07507_, 415.8, 360.64, 5
_07508_, 418.5, 360.64, 5
_07509_, 421.2, 360.64, 5
_07611_, 426.6, 360.64, 5
TAP_1435, 426.6, 360.64, 5
_07322_, 429.3, 360.64, 5
_07331_, 429.3, 360.64, 5
_07335_, 432, 360.64, 5
FILLER_88_753, 432, 360.64, 5
_07409_, 434.7, 360.64, 5
_07336_, 437.4, 360.64, 5
FILLER_89_764, 437.4, 360.64, 5
_07457_, 440.1, 360.64, 5
FILLER_89_766, 440.1, 360.64, 5
_07332_, 442.8, 360.64, 5
_07340_, 445.5, 360.64, 5
_07357_, 445.5, 360.64, 5
TAP_1448, 448.2, 360.64, 5
FILLER_89_783, 448.2, 360.64, 5
_07319_, 450.9, 360.64, 5
_07355_, 450.9, 360.64, 5
_07402_, 453.6, 360.64, 5
_07354_, 456.3, 360.64, 5
FILLER_88_795, 456.3, 360.64, 5
FILLER_89_803, 459, 360.64, 5
FILLER_89_807, 461.7, 360.64, 5
_07353_, 464.4, 360.64, 5
_07377_, 464.4, 360.64, 5
TAP_1436, 467.1, 360.64, 5
FILLER_88_818, 467.1, 360.64, 5
_07470_, 469.8, 360.64, 5
_07452_, 472.5, 360.64, 5
_07427_, 477.9, 360.64, 5
FILLER_89_835, 477.9, 360.64, 5
_07383_, 483.3, 360.64, 5
TAP_1449, 486, 360.64, 5
_07430_, 488.7, 360.64, 5
_07582_, 491.4, 360.64, 5
FILLER_88_870, 496.8, 360.64, 5
_07635_, 499.5, 360.64, 5
FILLER_88_884, 504.9, 360.64, 5
FILLER_88_886, 504.9, 360.64, 5
_07428_, 507.6, 360.64, 5
_07577_, 507.6, 360.64, 5
TAP_1437, 507.6, 360.64, 5
_07576_, 510.3, 360.64, 5
_07586_, 513, 360.64, 5
_07625_, 513, 360.64, 5
FILLER_88_897, 513, 360.64, 5
_07579_, 518.4, 360.64, 5
FILLER_88_914, 521.1, 360.64, 5
FILLER_89_912, 521.1, 360.64, 5
_07588_, 523.8, 360.64, 5
_07637_, 523.8, 360.64, 5
FILLER_89_916, 523.8, 360.64, 5
TAP_1450, 526.5, 360.64, 5
_07589_, 529.2, 360.64, 5
FILLER_89_937, 534.6, 360.64, 5
PHY_177, 537.3, 360.64, 5
PHY_179, 537.3, 360.64, 5
FILLER_88_941, 537.3, 360.64, 5
FILLER_88_943, 537.3, 360.64, 5
FILLER_89_941, 537.3, 360.64, 5
FILLER_89_943, 537.3, 360.64, 5
_09781_, 10.8, 352.8, 5
PHY_172, 10.8, 352.8, 5
PHY_174, 10.8, 352.8, 5
FILLER_86_2, 10.8, 352.8, 5
FILLER_86_18, 18.9, 352.8, 5
_09820_, 29.7, 352.8, 5
TAP_1399, 29.7, 352.8, 5
FILLER_86_34, 29.7, 352.8, 5
FILLER_86_37, 29.7, 352.8, 5
FILLER_86_41, 32.4, 352.8, 5
_08954_, 35.1, 352.8, 5
FILLER_86_43, 35.1, 352.8, 5
_08951_, 37.8, 352.8, 5
FILLER_86_58, 43.2, 352.8, 5
_08953_, 45.9, 352.8, 5
FILLER_86_66, 45.9, 352.8, 5
_08947_, 48.6, 352.8, 5
TAP_1412, 48.6, 352.8, 5
FILLER_87_70, 48.6, 352.8, 5
_05118_, 51.3, 352.8, 5
FILLER_86_73, 51.3, 352.8, 5
_09816_, 54, 352.8, 5
_08941_, 56.7, 352.8, 5
_08940_, 62.1, 352.8, 5
FILLER_87_97, 64.8, 352.8, 5
TAP_1400, 70.2, 352.8, 5
FILLER_86_108, 70.2, 352.8, 5
FILLER_87_113, 72.9, 352.8, 5
_09523_, 75.6, 352.8, 5
FILLER_86_116, 75.6, 352.8, 5
FILLER_87_121, 78.3, 352.8, 5
_05127_, 81, 352.8, 5
FILLER_87_125, 81, 352.8, 5
FILLER_87_127, 81, 352.8, 5
_05126_, 86.4, 352.8, 5
TAP_1413, 89.1, 352.8, 5
_05122_, 91.8, 352.8, 5
_05130_, 97.2, 352.8, 5
_08901_, 97.2, 352.8, 5
FILLER_87_154, 97.2, 352.8, 5
_08866_, 99.9, 352.8, 5
_04846_, 102.6, 352.8, 5
_08903_, 105.3, 352.8, 5
TAP_1401, 108, 352.8, 5
_08902_, 110.7, 352.8, 5
_09792_, 116.1, 352.8, 5
_04847_, 118.8, 352.8, 5
_08900_, 121.5, 352.8, 5
FILLER_87_199, 121.5, 352.8, 5
_08899_, 124.2, 352.8, 5
TAP_1414, 129.6, 352.8, 5
FILLER_87_215, 129.6, 352.8, 5
_08892_, 132.3, 352.8, 5
_09791_, 132.3, 352.8, 5
_08894_, 135, 352.8, 5
FILLER_86_223, 135, 352.8, 5
FILLER_86_229, 137.7, 352.8, 5
_08893_, 140.4, 352.8, 5
FILLER_86_231, 140.4, 352.8, 5
_09221_, 145.8, 352.8, 5
_09909_, 148.5, 352.8, 5
TAP_1402, 148.5, 352.8, 5
FILLER_87_245, 148.5, 352.8, 5
_09124_, 151.2, 352.8, 5
FILLER_86_250, 151.2, 352.8, 5
FILLER_86_252, 151.2, 352.8, 5
_09939_, 156.6, 352.8, 5
FILLER_87_283, 167.4, 352.8, 5
_09130_, 170.1, 352.8, 5
TAP_1415, 170.1, 352.8, 5
FILLER_87_286, 170.1, 352.8, 5
FILLER_86_290, 172.8, 352.8, 5
FILLER_86_292, 172.8, 352.8, 5
_05139_, 175.5, 352.8, 5
_09133_, 175.5, 352.8, 5
FILLER_87_302, 178.2, 352.8, 5
_05137_, 180.9, 352.8, 5
FILLER_87_304, 180.9, 352.8, 5
_09299_, 189, 352.8, 5
TAP_1403, 189, 352.8, 5
_05110_, 199.8, 352.8, 5
_09139_, 202.5, 352.8, 5
_05244_, 205.2, 352.8, 5
_04718_, 207.9, 352.8, 5
TAP_1416, 207.9, 352.8, 5
_04709_, 210.6, 352.8, 5
_05242_, 210.6, 352.8, 5
FILLER_86_357, 210.6, 352.8, 5
FILLER_87_357, 210.6, 352.8, 5
_10017_, 221.4, 352.8, 5
_04719_, 226.8, 352.8, 5
FILLER_86_389, 226.8, 352.8, 5
TAP_1404, 229.5, 352.8, 5
clkbuf_leaf_5_clk, 229.5, 352.8, 5
_05975_, 237.6, 352.8, 5
_09033_, 243, 352.8, 5
_04722_, 245.7, 352.8, 5
TAP_1417, 248.4, 352.8, 5
_08717_, 251.1, 352.8, 5
_09037_, 253.8, 352.8, 5
_04841_, 256.5, 352.8, 5
_09038_, 256.5, 352.8, 5
_09044_, 259.2, 352.8, 5
FILLER_86_446, 259.2, 352.8, 5
_08715_, 261.9, 352.8, 5
FILLER_87_451, 261.9, 352.8, 5
FILLER_86_456, 264.6, 352.8, 5
_09885_, 267.3, 352.8, 5
TAP_1405, 267.3, 352.8, 5
FILLER_86_460, 267.3, 352.8, 5
FILLER_87_459, 267.3, 352.8, 5
FILLER_86_463, 270, 352.8, 5
_04729_, 272.7, 352.8, 5
FILLER_86_467, 272.7, 352.8, 5
FILLER_86_469, 272.7, 352.8, 5
_09040_, 275.4, 352.8, 5
_09569_, 278.1, 352.8, 5
FILLER_86_479, 278.1, 352.8, 5
FILLER_87_490, 283.5, 352.8, 5
FILLER_87_494, 286.2, 352.8, 5
_04816_, 288.9, 352.8, 5
TAP_1418, 288.9, 352.8, 5
FILLER_87_496, 288.9, 352.8, 5
FILLER_87_499, 288.9, 352.8, 5
FILLER_87_504, 291.6, 352.8, 5
_05787_, 297, 352.8, 5
_05744_, 299.7, 352.8, 5
_05710_, 307.8, 352.8, 5
TAP_1406, 307.8, 352.8, 5
FILLER_86_530, 307.8, 352.8, 5
FILLER_87_547, 315.9, 352.8, 5
_06227_, 318.6, 352.8, 5
FILLER_87_551, 318.6, 352.8, 5
_05985_, 324, 352.8, 5
_05945_, 329.4, 352.8, 5
_09072_, 329.4, 352.8, 5
TAP_1419, 329.4, 352.8, 5
_09073_, 334.8, 352.8, 5
FILLER_86_588, 340.2, 352.8, 5
FILLER_86_596, 342.9, 352.8, 5
FILLER_86_600, 345.6, 352.8, 5
_09061_, 348.3, 352.8, 5
_09884_, 348.3, 352.8, 5
TAP_1407, 348.3, 352.8, 5
FILLER_86_602, 348.3, 352.8, 5
_04730_, 353.7, 352.8, 5
_09377_, 356.4, 352.8, 5
FILLER_86_617, 356.4, 352.8, 5
_09376_, 361.8, 352.8, 5
FILLER_86_635, 364.5, 352.8, 5
FILLER_87_635, 364.5, 352.8, 5
TAP_1420, 367.2, 352.8, 5
_09649_, 369.9, 352.8, 5
FILLER_86_643, 369.9, 352.8, 5
_07413_, 372.6, 352.8, 5
_07412_, 375.3, 352.8, 5
FILLER_86_661, 380.7, 352.8, 5
FILLER_86_669, 383.4, 352.8, 5
_07395_, 386.1, 352.8, 5
FILLER_86_673, 386.1, 352.8, 5
FILLER_87_670, 386.1, 352.8, 5
FILLER_87_672, 386.1, 352.8, 5
_07370_, 388.8, 352.8, 5
TAP_1408, 388.8, 352.8, 5
_07373_, 391.5, 352.8, 5
_07394_, 391.5, 352.8, 5
_07372_, 396.9, 352.8, 5
FILLER_87_691, 396.9, 352.8, 5
FILLER_87_693, 396.9, 352.8, 5
_07342_, 399.6, 352.8, 5
_07341_, 402.3, 352.8, 5
_07343_, 402.3, 352.8, 5
TAP_1421, 407.7, 352.8, 5
FILLER_86_710, 407.7, 352.8, 5
FILLER_86_712, 407.7, 352.8, 5
FILLER_87_712, 407.7, 352.8, 5
_07320_, 410.4, 352.8, 5
_07325_, 410.4, 352.8, 5
_04788_, 413.1, 352.8, 5
_07338_, 413.1, 352.8, 5
_07330_, 418.5, 352.8, 5
_07329_, 423.9, 352.8, 5
TAP_1409, 426.6, 352.8, 5
_07334_, 429.3, 352.8, 5
_07339_, 437.4, 352.8, 5
FILLER_86_765, 437.4, 352.8, 5
FILLER_87_763, 437.4, 352.8, 5
_07368_, 440.1, 352.8, 5
FILLER_86_767, 440.1, 352.8, 5
_07347_, 442.8, 352.8, 5
_07350_, 448.2, 352.8, 5
TAP_1422, 448.2, 352.8, 5
FILLER_86_780, 448.2, 352.8, 5
FILLER_87_780, 448.2, 352.8, 5
FILLER_87_783, 448.2, 352.8, 5
_07356_, 450.9, 352.8, 5
_07360_, 453.6, 352.8, 5
_07317_, 464.4, 352.8, 5
_07318_, 467.1, 352.8, 5
TAP_1410, 467.1, 352.8, 5
_07474_, 469.8, 352.8, 5
FILLER_87_819, 469.8, 352.8, 5
_07530_, 472.5, 352.8, 5
_07425_, 480.6, 352.8, 5
_07581_, 486, 352.8, 5
TAP_1423, 486, 352.8, 5
_07422_, 488.7, 352.8, 5
_07478_, 491.4, 352.8, 5
_07578_, 494.1, 352.8, 5
FILLER_87_863, 494.1, 352.8, 5
_07628_, 502.2, 352.8, 5
FILLER_86_886, 504.9, 352.8, 5
_07575_, 507.6, 352.8, 5
TAP_1411, 507.6, 352.8, 5
FILLER_86_889, 507.6, 352.8, 5
_07630_, 510.3, 352.8, 5
FILLER_87_895, 510.3, 352.8, 5
_07587_, 513, 352.8, 5
FILLER_87_897, 513, 352.8, 5
_07634_, 515.7, 352.8, 5
_07636_, 523.8, 352.8, 5
TAP_1424, 526.5, 352.8, 5
FILLER_87_922, 526.5, 352.8, 5
_07631_, 529.2, 352.8, 5
FILLER_87_930, 531.9, 352.8, 5
FILLER_87_938, 534.6, 352.8, 5
PHY_173, 537.3, 352.8, 5
PHY_175, 537.3, 352.8, 5
FILLER_86_940, 537.3, 352.8, 5
FILLER_87_942, 537.3, 352.8, 5
PHY_168, 10.8, 344.96, 5
PHY_170, 10.8, 344.96, 5
FILLER_84_2, 10.8, 344.96, 5
FILLER_85_2, 10.8, 344.96, 5
FILLER_84_18, 18.9, 344.96, 5
FILLER_85_18, 18.9, 344.96, 5
TAP_1373, 29.7, 344.96, 5
FILLER_84_34, 29.7, 344.96, 5
FILLER_84_37, 29.7, 344.96, 5
FILLER_85_34, 29.7, 344.96, 5
FILLER_85_42, 32.4, 344.96, 5
_08950_, 35.1, 344.96, 5
FILLER_84_45, 35.1, 344.96, 5
FILLER_84_47, 35.1, 344.96, 5
_08949_, 37.8, 344.96, 5
_09818_, 37.8, 344.96, 5
FILLER_85_58, 43.2, 344.96, 5
_08946_, 45.9, 344.96, 5
FILLER_85_62, 45.9, 344.96, 5
TAP_1386, 48.6, 344.96, 5
FILLER_85_73, 51.3, 344.96, 5
_08945_, 54, 344.96, 5
_09817_, 54, 344.96, 5
_08942_, 56.7, 344.96, 5
_08944_, 62.1, 344.96, 5
_08943_, 67.5, 344.96, 5
_09761_, 70.2, 344.96, 5
TAP_1374, 70.2, 344.96, 5
FILLER_85_107, 70.2, 344.96, 5
_09524_, 72.9, 344.96, 5
_05144_, 86.4, 344.96, 5
FILLER_84_137, 86.4, 344.96, 5
_09525_, 89.1, 344.96, 5
TAP_1387, 89.1, 344.96, 5
FILLER_85_140, 89.1, 344.96, 5
_08926_, 91.8, 344.96, 5
TAP_1375, 108, 344.96, 5
FILLER_84_174, 108, 344.96, 5
FILLER_84_176, 108, 344.96, 5
_05123_, 110.7, 344.96, 5
_09793_, 110.7, 344.96, 5
FILLER_84_184, 113.4, 344.96, 5
_08870_, 116.1, 344.96, 5
FILLER_84_188, 116.1, 344.96, 5
FILLER_84_197, 121.5, 344.96, 5
_04732_, 126.9, 344.96, 5
FILLER_85_208, 126.9, 344.96, 5
_05114_, 129.6, 344.96, 5
_09207_, 129.6, 344.96, 5
TAP_1388, 129.6, 344.96, 5
FILLER_84_222, 135, 344.96, 5
_09208_, 137.7, 344.96, 5
FILLER_84_226, 137.7, 344.96, 5
_09202_, 140.4, 344.96, 5
_08889_, 145.8, 344.96, 5
_08887_, 148.5, 344.96, 5
TAP_1376, 148.5, 344.96, 5
FILLER_84_246, 148.5, 344.96, 5
_09194_, 151.2, 344.96, 5
_09204_, 151.2, 344.96, 5
_04721_, 167.4, 344.96, 5
_09129_, 170.1, 344.96, 5
_09912_, 170.1, 344.96, 5
TAP_1389, 170.1, 344.96, 5
FILLER_85_286, 170.1, 344.96, 5
_05112_, 175.5, 344.96, 5
_05113_, 180.9, 344.96, 5
_09262_, 189, 344.96, 5
TAP_1377, 189, 344.96, 5
_09074_, 197.1, 344.96, 5
_09099_, 199.8, 344.96, 5
_09100_, 202.5, 344.96, 5
_09897_, 202.5, 344.96, 5
TAP_1390, 207.9, 344.96, 5
FILLER_85_352, 207.9, 344.96, 5
FILLER_85_354, 207.9, 344.96, 5
_09389_, 210.6, 344.96, 5
FILLER_85_357, 210.6, 344.96, 5
_05663_, 221.4, 344.96, 5
_05209_, 224.1, 344.96, 5
_09367_, 229.5, 344.96, 5
TAP_1378, 229.5, 344.96, 5
FILLER_84_392, 229.5, 344.96, 5
_09876_, 232.2, 344.96, 5
_09713_, 240.3, 344.96, 5
TAP_1391, 248.4, 344.96, 5
_08716_, 251.1, 344.96, 5
FILLER_85_436, 253.8, 344.96, 5
_09712_, 256.5, 344.96, 5
_09045_, 259.2, 344.96, 5
_09361_, 264.6, 344.96, 5
TAP_1379, 267.3, 344.96, 5
_08714_, 270, 344.96, 5
_09062_, 272.7, 344.96, 5
_09063_, 275.4, 344.96, 5
FILLER_84_479, 278.1, 344.96, 5
_09064_, 280.8, 344.96, 5
_09875_, 280.8, 344.96, 5
_09034_, 286.2, 344.96, 5
_09035_, 288.9, 344.96, 5
TAP_1392, 288.9, 344.96, 5
_09048_, 291.6, 344.96, 5
_05746_, 297, 344.96, 5
_05785_, 297, 344.96, 5
_09052_, 305.1, 344.96, 5
_09054_, 307.8, 344.96, 5
TAP_1380, 307.8, 344.96, 5
_09053_, 313.2, 344.96, 5
FILLER_84_547, 315.9, 344.96, 5
FILLER_85_547, 315.9, 344.96, 5
_09050_, 318.6, 344.96, 5
_09057_, 318.6, 344.96, 5
FILLER_84_549, 318.6, 344.96, 5
_05674_, 321.3, 344.96, 5
_09055_, 321.3, 344.96, 5
_09056_, 324, 344.96, 5
FILLER_85_567, 326.7, 344.96, 5
TAP_1393, 329.4, 344.96, 5
FILLER_85_570, 329.4, 344.96, 5
FILLER_85_586, 337.5, 344.96, 5
_09069_, 342.9, 344.96, 5
FILLER_85_594, 342.9, 344.96, 5
_09060_, 345.6, 344.96, 5
FILLER_84_601, 345.6, 344.96, 5
FILLER_85_598, 345.6, 344.96, 5
_04726_, 348.3, 344.96, 5
TAP_1381, 348.3, 344.96, 5
FILLER_84_609, 351, 344.96, 5
FILLER_84_611, 351, 344.96, 5
FILLER_85_607, 351, 344.96, 5
_09342_, 353.7, 344.96, 5
_09341_, 359.1, 344.96, 5
_09991_, 359.1, 344.96, 5
_09340_, 361.8, 344.96, 5
TAP_1394, 367.2, 344.96, 5
FILLER_85_641, 369.9, 344.96, 5
_07661_, 375.3, 344.96, 5
FILLER_84_659, 378, 344.96, 5
FILLER_85_657, 378, 344.96, 5
_04795_, 380.7, 344.96, 5
_09337_, 380.7, 344.96, 5
FILLER_84_663, 380.7, 344.96, 5
FILLER_85_667, 383.4, 344.96, 5
FILLER_84_670, 386.1, 344.96, 5
_07375_, 388.8, 344.96, 5
TAP_1382, 388.8, 344.96, 5
FILLER_84_676, 388.8, 344.96, 5
FILLER_85_675, 388.8, 344.96, 5
_07371_, 391.5, 344.96, 5
_07376_, 391.5, 344.96, 5
FILLER_85_679, 391.5, 344.96, 5
_07374_, 396.9, 344.96, 5
_09657_, 399.6, 344.96, 5
FILLER_85_700, 402.3, 344.96, 5
TAP_1395, 407.7, 344.96, 5
FILLER_85_708, 407.7, 344.96, 5
FILLER_85_712, 407.7, 344.96, 5
_07337_, 410.4, 344.96, 5
FILLER_84_725, 415.8, 344.96, 5
_07328_, 418.5, 344.96, 5
_07326_, 421.2, 344.96, 5
TAP_1383, 426.6, 344.96, 5
_07367_, 429.3, 344.96, 5
_07351_, 434.7, 344.96, 5
_07352_, 434.7, 344.96, 5
_07327_, 440.1, 344.96, 5
_07362_, 440.1, 344.96, 5
_07359_, 442.8, 344.96, 5
FILLER_85_779, 445.5, 344.96, 5
_07315_, 448.2, 344.96, 5
_07348_, 448.2, 344.96, 5
TAP_1396, 448.2, 344.96, 5
_07349_, 450.9, 344.96, 5
_07314_, 456.3, 344.96, 5
_07346_, 467.1, 344.96, 5
TAP_1384, 467.1, 344.96, 5
_07366_, 472.5, 344.96, 5
FILLER_85_837, 477.9, 344.96, 5
_07471_, 480.6, 344.96, 5
_07423_, 483.3, 344.96, 5
TAP_1397, 486, 344.96, 5
_07473_, 488.7, 344.96, 5
_07527_, 491.4, 344.96, 5
_07420_, 496.8, 344.96, 5
_07580_, 499.5, 344.96, 5
_07469_, 502.2, 344.96, 5
FILLER_84_883, 504.9, 344.96, 5
FILLER_85_885, 504.9, 344.96, 5
_07273_, 507.6, 344.96, 5
_07584_, 507.6, 344.96, 5
TAP_1385, 507.6, 344.96, 5
FILLER_85_887, 507.6, 344.96, 5
_07633_, 510.3, 344.96, 5
_07583_, 515.7, 344.96, 5
_07629_, 515.7, 344.96, 5
_07223_, 518.4, 344.96, 5
_07585_, 518.4, 344.96, 5
FILLER_84_906, 518.4, 344.96, 5
FILLER_85_913, 521.1, 344.96, 5
_07632_, 523.8, 344.96, 5
FILLER_84_916, 523.8, 344.96, 5
FILLER_85_915, 523.8, 344.96, 5
TAP_1398, 526.5, 344.96, 5
FILLER_85_921, 526.5, 344.96, 5
FILLER_85_925, 529.2, 344.96, 5
FILLER_84_932, 531.9, 344.96, 5
PHY_169, 537.3, 344.96, 5
PHY_171, 537.3, 344.96, 5
FILLER_84_940, 537.3, 344.96, 5
FILLER_85_941, 537.3, 344.96, 5
FILLER_85_943, 537.3, 344.96, 5
PHY_164, 10.8, 337.12, 5
PHY_166, 10.8, 337.12, 5
FILLER_82_2, 10.8, 337.12, 5
FILLER_83_2, 10.8, 337.12, 5
FILLER_82_18, 18.9, 337.12, 5
FILLER_83_18, 18.9, 337.12, 5
FILLER_83_22, 21.6, 337.12, 5
_09819_, 24.3, 337.12, 5
_08840_, 29.7, 337.12, 5
TAP_1347, 29.7, 337.12, 5
FILLER_82_34, 29.7, 337.12, 5
_08843_, 35.1, 337.12, 5
FILLER_82_43, 35.1, 337.12, 5
FILLER_82_50, 37.8, 337.12, 5
FILLER_83_53, 40.5, 337.12, 5
_09779_, 43.2, 337.12, 5
FILLER_82_58, 43.2, 337.12, 5
FILLER_83_61, 43.2, 337.12, 5
_08948_, 45.9, 337.12, 5
TAP_1360, 48.6, 337.12, 5
FILLER_83_70, 48.6, 337.12, 5
clkbuf_leaf_3_clk, 51.3, 337.12, 5
FILLER_83_73, 51.3, 337.12, 5
FILLER_82_88, 59.4, 337.12, 5
FILLER_82_104, 67.5, 337.12, 5
TAP_1348, 70.2, 337.12, 5
FILLER_82_108, 70.2, 337.12, 5
_08797_, 72.9, 337.12, 5
_08798_, 78.3, 337.12, 5
_04734_, 81, 337.12, 5
_09760_, 81, 337.12, 5
FILLER_83_129, 81, 337.12, 5
FILLER_83_133, 83.7, 337.12, 5
_08796_, 86.4, 337.12, 5
TAP_1361, 89.1, 337.12, 5
_05145_, 91.8, 337.12, 5
FILLER_83_144, 91.8, 337.12, 5
FILLER_83_146, 91.8, 337.12, 5
FILLER_82_157, 97.2, 337.12, 5
_08855_, 99.9, 337.12, 5
_08854_, 102.6, 337.12, 5
TAP_1349, 108, 337.12, 5
FILLER_82_173, 108, 337.12, 5
FILLER_83_173, 108, 337.12, 5
_08784_, 110.7, 337.12, 5
_09785_, 110.7, 337.12, 5
_08869_, 116.1, 337.12, 5
FILLER_82_187, 116.1, 337.12, 5
FILLER_82_199, 121.5, 337.12, 5
_05133_, 124.2, 337.12, 5
FILLER_82_203, 124.2, 337.12, 5
FILLER_83_210, 126.9, 337.12, 5
_08849_, 129.6, 337.12, 5
TAP_1362, 129.6, 337.12, 5
FILLER_83_212, 129.6, 337.12, 5
_09790_, 132.3, 337.12, 5
_05134_, 135, 337.12, 5
FILLER_83_222, 135, 337.12, 5
_08891_, 137.7, 337.12, 5
_08890_, 140.4, 337.12, 5
_09203_, 145.8, 337.12, 5
_09209_, 148.5, 337.12, 5
TAP_1350, 148.5, 337.12, 5
_08888_, 151.2, 337.12, 5
FILLER_82_258, 153.9, 337.12, 5
_09198_, 156.6, 337.12, 5
_09199_, 156.6, 337.12, 5
FILLER_82_260, 156.6, 337.12, 5
_09212_, 159.3, 337.12, 5
_09121_, 162, 337.12, 5
_09908_, 170.1, 337.12, 5
TAP_1363, 170.1, 337.12, 5
FILLER_83_286, 170.1, 337.12, 5
_05131_, 175.5, 337.12, 5
_05132_, 178.2, 337.12, 5
_09101_, 189, 337.12, 5
TAP_1351, 189, 337.12, 5
FILLER_82_321, 189, 337.12, 5
_09275_, 191.7, 337.12, 5
_09378_, 191.7, 337.12, 5
_05213_, 197.1, 337.12, 5
_09077_, 199.8, 337.12, 5
_05238_, 202.5, 337.12, 5
FILLER_83_344, 202.5, 337.12, 5
_05135_, 205.2, 337.12, 5
FILLER_82_349, 205.2, 337.12, 5
TAP_1364, 207.9, 337.12, 5
FILLER_83_353, 207.9, 337.12, 5
_09102_, 210.6, 337.12, 5
_05668_, 213.3, 337.12, 5
_05210_, 216, 337.12, 5
_09899_, 218.7, 337.12, 5
TAP_1352, 229.5, 337.12, 5
repeater1, 229.5, 337.12, 5
_05664_, 237.6, 337.12, 5
TAP_1365, 248.4, 337.12, 5
_09878_, 251.1, 337.12, 5
_09359_, 264.6, 337.12, 5
_10001_, 267.3, 337.12, 5
TAP_1353, 267.3, 337.12, 5
FILLER_82_460, 267.3, 337.12, 5
_09042_, 270, 337.12, 5
FILLER_82_463, 270, 337.12, 5
FILLER_82_465, 270, 337.12, 5
FILLER_82_474, 275.4, 337.12, 5
_09623_, 278.1, 337.12, 5
_09036_, 283.5, 337.12, 5
FILLER_83_488, 283.5, 337.12, 5
_09879_, 288.9, 337.12, 5
TAP_1366, 288.9, 337.12, 5
_09046_, 297, 337.12, 5
_06674_, 299.7, 337.12, 5
_09047_, 305.1, 337.12, 5
_08718_, 307.8, 337.12, 5
_09881_, 307.8, 337.12, 5
TAP_1354, 307.8, 337.12, 5
_08719_, 313.2, 337.12, 5
FILLER_82_550, 318.6, 337.12, 5
_09880_, 321.3, 337.12, 5
_09049_, 324, 337.12, 5
FILLER_83_566, 326.7, 337.12, 5
_05836_, 329.4, 337.12, 5
TAP_1367, 329.4, 337.12, 5
FILLER_82_585, 337.5, 337.12, 5
FILLER_82_587, 337.5, 337.12, 5
_09068_, 340.2, 337.12, 5
FILLER_82_596, 342.9, 337.12, 5
FILLER_82_600, 345.6, 337.12, 5
TAP_1355, 348.3, 337.12, 5
FILLER_82_602, 348.3, 337.12, 5
FILLER_82_605, 348.3, 337.12, 5
_09888_, 351, 337.12, 5
_09992_, 351, 337.12, 5
_07663_, 367.2, 337.12, 5
TAP_1368, 367.2, 337.12, 5
FILLER_83_637, 367.2, 337.12, 5
_09339_, 369.9, 337.12, 5
_09990_, 372.6, 337.12, 5
FILLER_82_646, 372.6, 337.12, 5
_09338_, 375.3, 337.12, 5
_09335_, 380.7, 337.12, 5
FILLER_82_670, 386.1, 337.12, 5
_07659_, 388.8, 337.12, 5
TAP_1356, 388.8, 337.12, 5
FILLER_82_676, 388.8, 337.12, 5
_07657_, 391.5, 337.12, 5
FILLER_82_680, 391.5, 337.12, 5
FILLER_83_684, 394.2, 337.12, 5
FILLER_82_689, 396.9, 337.12, 5
_07662_, 402.3, 337.12, 5
FILLER_82_705, 405, 337.12, 5
FILLER_82_707, 405, 337.12, 5
_09656_, 407.7, 337.12, 5
TAP_1369, 407.7, 337.12, 5
FILLER_83_708, 407.7, 337.12, 5
FILLER_83_712, 407.7, 337.12, 5
_07660_, 410.4, 337.12, 5
_04789_, 413.1, 337.12, 5
_07321_, 415.8, 337.12, 5
_07333_, 421.2, 337.12, 5
TAP_1357, 426.6, 337.12, 5
FILLER_82_744, 426.6, 337.12, 5
FILLER_83_744, 426.6, 337.12, 5
FILLER_83_746, 426.6, 337.12, 5
_04790_, 429.3, 337.12, 5
_07323_, 429.3, 337.12, 5
_04766_, 432, 337.12, 5
_07369_, 432, 337.12, 5
FILLER_82_760, 434.7, 337.12, 5
_07361_, 437.4, 337.12, 5
_09658_, 437.4, 337.12, 5
FILLER_82_764, 437.4, 337.12, 5
_07364_, 442.8, 337.12, 5
FILLER_83_771, 442.8, 337.12, 5
FILLER_83_773, 442.8, 337.12, 5
_07316_, 448.2, 337.12, 5
TAP_1370, 448.2, 337.12, 5
_07472_, 459, 337.12, 5
_07424_, 467.1, 337.12, 5
_07626_, 467.1, 337.12, 5
TAP_1358, 467.1, 337.12, 5
_07531_, 469.8, 337.12, 5
_07363_, 483.3, 337.12, 5
TAP_1371, 486, 337.12, 5
_07381_, 488.7, 337.12, 5
FILLER_82_863, 494.1, 337.12, 5
_07209_, 496.8, 337.12, 5
_07267_, 496.8, 337.12, 5
_07222_, 499.5, 337.12, 5
_07217_, 502.2, 337.12, 5
FILLER_82_886, 504.9, 337.12, 5
_07220_, 507.6, 337.12, 5
TAP_1359, 507.6, 337.12, 5
_07266_, 510.3, 337.12, 5
_07204_, 513, 337.12, 5
FILLER_82_897, 513, 337.12, 5
FILLER_82_899, 513, 337.12, 5
FILLER_83_900, 513, 337.12, 5
_07224_, 515.7, 337.12, 5
FILLER_83_904, 515.7, 337.12, 5
FILLER_83_917, 523.8, 337.12, 5
_07225_, 526.5, 337.12, 5
TAP_1372, 526.5, 337.12, 5
FILLER_83_921, 526.5, 337.12, 5
_07256_, 529.2, 337.12, 5
FILLER_83_933, 531.9, 337.12, 5
FILLER_82_935, 534.6, 337.12, 5
PHY_165, 537.3, 337.12, 5
PHY_167, 537.3, 337.12, 5
FILLER_82_943, 537.3, 337.12, 5
FILLER_83_941, 537.3, 337.12, 5
FILLER_83_943, 537.3, 337.12, 5
_09773_, 10.8, 329.28, 5
PHY_160, 10.8, 329.28, 5
PHY_162, 10.8, 329.28, 5
FILLER_81_2, 10.8, 329.28, 5
FILLER_81_18, 18.9, 329.28, 5
FILLER_81_22, 21.6, 329.28, 5
_09774_, 24.3, 329.28, 5
FILLER_80_31, 27, 329.28, 5
_09775_, 29.7, 329.28, 5
TAP_1321, 29.7, 329.28, 5
_08842_, 40.5, 329.28, 5
FILLER_81_60, 43.2, 329.28, 5
_08852_, 45.9, 329.28, 5
FILLER_80_66, 45.9, 329.28, 5
TAP_1334, 48.6, 329.28, 5
FILLER_80_70, 48.6, 329.28, 5
FILLER_81_70, 48.6, 329.28, 5
_09780_, 51.3, 329.28, 5
FILLER_81_73, 51.3, 329.28, 5
FILLER_81_81, 56.7, 329.28, 5
FILLER_81_85, 56.7, 329.28, 5
_09753_, 59.4, 329.28, 5
FILLER_80_101, 67.5, 329.28, 5
_04735_, 70.2, 329.28, 5
TAP_1322, 70.2, 329.28, 5
FILLER_80_105, 70.2, 329.28, 5
_08779_, 72.9, 329.28, 5
FILLER_80_112, 72.9, 329.28, 5
FILLER_81_115, 75.6, 329.28, 5
FILLER_80_121, 78.3, 329.28, 5
_08795_, 83.7, 329.28, 5
FILLER_81_131, 83.7, 329.28, 5
FILLER_80_137, 86.4, 329.28, 5
_09759_, 89.1, 329.28, 5
TAP_1335, 89.1, 329.28, 5
FILLER_81_141, 89.1, 329.28, 5
_04736_, 91.8, 329.28, 5
_08794_, 91.8, 329.28, 5
_04738_, 97.2, 329.28, 5
FILLER_81_156, 97.2, 329.28, 5
FILLER_81_161, 99.9, 329.28, 5
_09754_, 102.6, 329.28, 5
FILLER_81_163, 102.6, 329.28, 5
FILLER_80_170, 105.3, 329.28, 5
TAP_1323, 108, 329.28, 5
FILLER_80_174, 108, 329.28, 5
FILLER_80_176, 108, 329.28, 5
_08783_, 110.7, 329.28, 5
_09778_, 116.1, 329.28, 5
FILLER_80_187, 116.1, 329.28, 5
_04748_, 118.8, 329.28, 5
_08851_, 121.5, 329.28, 5
FILLER_81_205, 124.2, 329.28, 5
_08850_, 126.9, 329.28, 5
FILLER_81_207, 126.9, 329.28, 5
TAP_1336, 129.6, 329.28, 5
FILLER_81_215, 129.6, 329.28, 5
_05173_, 132.3, 329.28, 5
FILLER_80_218, 132.3, 329.28, 5
FILLER_80_220, 132.3, 329.28, 5
_05174_, 135, 329.28, 5
_08868_, 135, 329.28, 5
FILLER_80_226, 137.7, 329.28, 5
_08867_, 140.4, 329.28, 5
FILLER_81_239, 143.1, 329.28, 5
_08883_, 145.8, 329.28, 5
_09197_, 145.8, 329.28, 5
TAP_1324, 148.5, 329.28, 5
FILLER_81_249, 148.5, 329.28, 5
_08884_, 151.2, 329.28, 5
_09935_, 151.2, 329.28, 5
FILLER_81_251, 151.2, 329.28, 5
FILLER_80_258, 153.9, 329.28, 5
_09213_, 156.6, 329.28, 5
FILLER_80_260, 156.6, 329.28, 5
_05175_, 162, 329.28, 5
FILLER_80_269, 162, 329.28, 5
FILLER_80_271, 162, 329.28, 5
FILLER_81_281, 167.4, 329.28, 5
FILLER_81_283, 167.4, 329.28, 5
_05140_, 170.1, 329.28, 5
TAP_1337, 170.1, 329.28, 5
TAP_1325, 189, 329.28, 5
FILLER_80_321, 189, 329.28, 5
_09896_, 191.7, 329.28, 5
FILLER_80_323, 191.7, 329.28, 5
_09334_, 197.1, 329.28, 5
_04710_, 207.9, 329.28, 5
TAP_1338, 207.9, 329.28, 5
FILLER_81_351, 207.9, 329.28, 5
_09079_, 210.6, 329.28, 5
_09898_, 210.6, 329.28, 5
FILLER_80_365, 213.3, 329.28, 5
_05136_, 216, 329.28, 5
FILLER_80_367, 216, 329.28, 5
_09032_, 226.8, 329.28, 5
_10002_, 229.5, 329.28, 5
TAP_1326, 229.5, 329.28, 5
_06969_, 243, 329.28, 5
_04810_, 245.7, 329.28, 5
_10000_, 245.7, 329.28, 5
FILLER_80_421, 245.7, 329.28, 5
TAP_1339, 248.4, 329.28, 5
_09360_, 251.1, 329.28, 5
FILLER_81_428, 251.1, 329.28, 5
_09362_, 256.5, 329.28, 5
FILLER_81_440, 256.5, 329.28, 5
FILLER_80_452, 261.9, 329.28, 5
FILLER_81_451, 261.9, 329.28, 5
_06964_, 264.6, 329.28, 5
_09877_, 264.6, 329.28, 5
FILLER_81_455, 264.6, 329.28, 5
TAP_1327, 267.3, 329.28, 5
FILLER_80_463, 270, 329.28, 5
_06965_, 272.7, 329.28, 5
FILLER_80_467, 272.7, 329.28, 5
_09041_, 275.4, 329.28, 5
FILLER_80_481, 278.1, 329.28, 5
repeater7, 280.8, 329.28, 5
_06966_, 283.5, 329.28, 5
FILLER_81_495, 286.2, 329.28, 5
_06967_, 288.9, 329.28, 5
TAP_1340, 288.9, 329.28, 5
_06666_, 294.3, 329.28, 5
FILLER_81_507, 294.3, 329.28, 5
FILLER_81_519, 299.7, 329.28, 5
_06676_, 302.4, 329.28, 5
_09714_, 302.4, 329.28, 5
FILLER_80_520, 302.4, 329.28, 5
_06677_, 307.8, 329.28, 5
TAP_1328, 307.8, 329.28, 5
FILLER_80_531, 307.8, 329.28, 5
_08713_, 315.9, 329.28, 5
FILLER_80_544, 315.9, 329.28, 5
_09711_, 321.3, 329.28, 5
FILLER_81_557, 321.3, 329.28, 5
_08712_, 324, 329.28, 5
FILLER_81_559, 324, 329.28, 5
_09051_, 329.4, 329.28, 5
TAP_1341, 329.4, 329.28, 5
FILLER_81_578, 334.8, 329.28, 5
FILLER_81_586, 337.5, 329.28, 5
FILLER_81_590, 340.2, 329.28, 5
_08722_, 342.9, 329.28, 5
_09717_, 342.9, 329.28, 5
FILLER_81_592, 342.9, 329.28, 5
FILLER_80_600, 345.6, 329.28, 5
_08724_, 348.3, 329.28, 5
TAP_1329, 348.3, 329.28, 5
FILLER_80_602, 348.3, 329.28, 5
_09993_, 353.7, 329.28, 5
FILLER_80_613, 353.7, 329.28, 5
FILLER_80_615, 353.7, 329.28, 5
_09344_, 361.8, 329.28, 5
TAP_1342, 367.2, 329.28, 5
_09343_, 369.9, 329.28, 5
_07665_, 372.6, 329.28, 5
_09989_, 372.6, 329.28, 5
FILLER_80_653, 375.3, 329.28, 5
_09336_, 378, 329.28, 5
FILLER_80_655, 378, 329.28, 5
_04796_, 383.4, 329.28, 5
FILLER_80_672, 386.1, 329.28, 5
_09648_, 388.8, 329.28, 5
TAP_1330, 388.8, 329.28, 5
FILLER_80_676, 388.8, 329.28, 5
_09647_, 391.5, 329.28, 5
FILLER_80_680, 391.5, 329.28, 5
FILLER_81_705, 405, 329.28, 5
TAP_1343, 407.7, 329.28, 5
clkbuf_leaf_7_clk, 407.7, 329.28, 5
FILLER_81_709, 407.7, 329.28, 5
_07658_, 413.1, 329.28, 5
FILLER_80_726, 415.8, 329.28, 5
_04765_, 418.5, 329.28, 5
FILLER_80_730, 418.5, 329.28, 5
_07240_, 423.9, 329.28, 5
TAP_1331, 426.6, 329.28, 5
_09659_, 429.3, 329.28, 5
_07664_, 437.4, 329.28, 5
_07666_, 440.1, 329.28, 5
FILLER_81_778, 445.5, 329.28, 5
_04808_, 448.2, 329.28, 5
TAP_1344, 448.2, 329.28, 5
FILLER_81_780, 448.2, 329.28, 5
FILLER_81_783, 448.2, 329.28, 5
FILLER_80_787, 450.9, 329.28, 5
FILLER_80_789, 450.9, 329.28, 5
_07292_, 453.6, 329.28, 5
FILLER_81_791, 453.6, 329.28, 5
_09633_, 456.3, 329.28, 5
FILLER_81_795, 456.3, 329.28, 5
_04787_, 459, 329.28, 5
_04804_, 464.4, 329.28, 5
_07365_, 467.1, 329.28, 5
TAP_1332, 467.1, 329.28, 5
_07252_, 472.5, 329.28, 5
_07313_, 472.5, 329.28, 5
_09632_, 477.9, 329.28, 5
_04786_, 480.6, 329.28, 5
FILLER_81_838, 480.6, 329.28, 5
TAP_1345, 486, 329.28, 5
FILLER_81_849, 486, 329.28, 5
FILLER_81_851, 486, 329.28, 5
_07251_, 488.7, 329.28, 5
_07268_, 494.1, 329.28, 5
FILLER_81_862, 494.1, 329.28, 5
FILLER_80_870, 496.8, 329.28, 5
_07221_, 499.5, 329.28, 5
_07274_, 499.5, 329.28, 5
FILLER_80_872, 499.5, 329.28, 5
_07265_, 502.2, 329.28, 5
FILLER_80_886, 504.9, 329.28, 5
_07200_, 507.6, 329.28, 5
TAP_1333, 507.6, 329.28, 5
FILLER_80_889, 507.6, 329.28, 5
_07276_, 510.3, 329.28, 5
_07199_, 513, 329.28, 5
_07202_, 515.7, 329.28, 5
_07255_, 518.4, 329.28, 5
_07203_, 523.8, 329.28, 5
_07275_, 523.8, 329.28, 5
TAP_1346, 526.5, 329.28, 5
FILLER_81_921, 526.5, 329.28, 5
FILLER_81_925, 529.2, 329.28, 5
PHY_161, 537.3, 329.28, 5
PHY_163, 537.3, 329.28, 5
FILLER_80_941, 537.3, 329.28, 5
FILLER_80_943, 537.3, 329.28, 5
FILLER_81_941, 537.3, 329.28, 5
FILLER_81_943, 537.3, 329.28, 5
PHY_156, 10.8, 321.44, 5
PHY_158, 10.8, 321.44, 5
FILLER_78_2, 10.8, 321.44, 5
FILLER_79_2, 10.8, 321.44, 5
_10031_, 13.5, 321.44, 5
FILLER_78_6, 13.5, 321.44, 5
FILLER_78_12, 16.2, 321.44, 5
FILLER_79_10, 16.2, 321.44, 5
_08837_, 18.9, 321.44, 5
FILLER_78_16, 18.9, 321.44, 5
FILLER_78_18, 18.9, 321.44, 5
_08832_, 21.6, 321.44, 5
_08835_, 21.6, 321.44, 5
FILLER_78_27, 24.3, 321.44, 5
_08836_, 27, 321.44, 5
_08838_, 29.7, 321.44, 5
_08839_, 29.7, 321.44, 5
TAP_1295, 29.7, 321.44, 5
_08844_, 35.1, 321.44, 5
FILLER_78_45, 35.1, 321.44, 5
FILLER_78_47, 35.1, 321.44, 5
_05146_, 37.8, 321.44, 5
_09776_, 37.8, 321.44, 5
_08841_, 43.2, 321.44, 5
TAP_1308, 48.6, 321.44, 5
FILLER_79_67, 48.6, 321.44, 5
FILLER_79_73, 51.3, 321.44, 5
_08853_, 54, 321.44, 5
FILLER_78_77, 54, 321.44, 5
FILLER_79_77, 54, 321.44, 5
FILLER_79_86, 59.4, 321.44, 5
FILLER_79_90, 59.4, 321.44, 5
_08782_, 62.1, 321.44, 5
FILLER_78_93, 62.1, 321.44, 5
_08781_, 64.8, 321.44, 5
_05170_, 67.5, 321.44, 5
_09752_, 70.2, 321.44, 5
TAP_1296, 70.2, 321.44, 5
FILLER_78_108, 70.2, 321.44, 5
FILLER_78_112, 72.9, 321.44, 5
FILLER_78_114, 72.9, 321.44, 5
_08780_, 75.6, 321.44, 5
_04737_, 78.3, 321.44, 5
FILLER_78_123, 78.3, 321.44, 5
FILLER_78_128, 81, 321.44, 5
_08777_, 83.7, 321.44, 5
_08778_, 86.4, 321.44, 5
FILLER_79_136, 86.4, 321.44, 5
TAP_1309, 89.1, 321.44, 5
FILLER_79_140, 89.1, 321.44, 5
_08793_, 91.8, 321.44, 5
FILLER_78_146, 91.8, 321.44, 5
FILLER_79_144, 91.8, 321.44, 5
FILLER_79_154, 97.2, 321.44, 5
_09746_, 99.9, 321.44, 5
FILLER_78_162, 99.9, 321.44, 5
FILLER_78_166, 102.6, 321.44, 5
_08768_, 105.3, 321.44, 5
FILLER_78_168, 105.3, 321.44, 5
TAP_1297, 108, 321.44, 5
_04749_, 110.7, 321.44, 5
_09755_, 113.4, 321.44, 5
FILLER_78_183, 113.4, 321.44, 5
FILLER_78_185, 113.4, 321.44, 5
FILLER_79_187, 116.1, 321.44, 5
_04746_, 124.2, 321.44, 5
FILLER_79_207, 126.9, 321.44, 5
FILLER_79_211, 126.9, 321.44, 5
_05172_, 129.6, 321.44, 5
_08874_, 129.6, 321.44, 5
TAP_1310, 129.6, 321.44, 5
FILLER_79_220, 132.3, 321.44, 5
FILLER_78_223, 135, 321.44, 5
FILLER_78_231, 140.4, 321.44, 5
FILLER_78_235, 140.4, 321.44, 5
_09193_, 143.1, 321.44, 5
FILLER_79_236, 143.1, 321.44, 5
_08885_, 145.8, 321.44, 5
_08886_, 145.8, 321.44, 5
_09184_, 148.5, 321.44, 5
TAP_1298, 148.5, 321.44, 5
FILLER_79_248, 148.5, 321.44, 5
_09192_, 151.2, 321.44, 5
FILLER_78_259, 153.9, 321.44, 5
_09120_, 156.6, 321.44, 5
_09189_, 159.3, 321.44, 5
FILLER_79_281, 167.4, 321.44, 5
FILLER_79_283, 167.4, 321.44, 5
_09216_, 170.1, 321.44, 5
TAP_1311, 170.1, 321.44, 5
_09127_, 175.5, 321.44, 5
FILLER_79_294, 175.5, 321.44, 5
_05108_, 178.2, 321.44, 5
FILLER_78_298, 178.2, 321.44, 5
FILLER_78_300, 178.2, 321.44, 5
_05138_, 180.9, 321.44, 5
FILLER_79_304, 180.9, 321.44, 5
_09263_, 189, 321.44, 5
TAP_1299, 189, 321.44, 5
_04705_, 202.5, 321.44, 5
_05212_, 205.2, 321.44, 5
_09964_, 207.9, 321.44, 5
TAP_1312, 207.9, 321.44, 5
FILLER_79_353, 207.9, 321.44, 5
_04723_, 210.6, 321.44, 5
_09278_, 213.3, 321.44, 5
_05211_, 218.7, 321.44, 5
_09356_, 224.1, 321.44, 5
_09365_, 224.1, 321.44, 5
FILLER_78_383, 224.1, 321.44, 5
_09366_, 229.5, 321.44, 5
TAP_1300, 229.5, 321.44, 5
_09364_, 232.2, 321.44, 5
FILLER_78_402, 234.9, 321.44, 5
_09624_, 237.6, 321.44, 5
FILLER_79_408, 237.6, 321.44, 5
_06968_, 240.3, 321.44, 5
FILLER_79_410, 240.3, 321.44, 5
_09363_, 245.7, 321.44, 5
TAP_1313, 248.4, 321.44, 5
FILLER_79_425, 248.4, 321.44, 5
_09999_, 251.1, 321.44, 5
_09358_, 256.5, 321.44, 5
FILLER_78_450, 261.9, 321.44, 5
FILLER_78_452, 261.9, 321.44, 5
_06962_, 264.6, 321.44, 5
TAP_1301, 267.3, 321.44, 5
FILLER_79_457, 267.3, 321.44, 5
FILLER_79_461, 267.3, 321.44, 5
_04812_, 270, 321.44, 5
_09622_, 270, 321.44, 5
FILLER_78_463, 270, 321.44, 5
FILLER_78_465, 270, 321.44, 5
FILLER_79_463, 270, 321.44, 5
_06654_, 275.4, 321.44, 5
_06662_, 280.8, 321.44, 5
FILLER_79_495, 286.2, 321.44, 5
_04811_, 288.9, 321.44, 5
TAP_1314, 288.9, 321.44, 5
FILLER_79_499, 288.9, 321.44, 5
_06668_, 291.6, 321.44, 5
_06655_, 297, 321.44, 5
FILLER_79_510, 297, 321.44, 5
FILLER_78_527, 305.1, 321.44, 5
_04818_, 307.8, 321.44, 5
TAP_1302, 307.8, 321.44, 5
FILLER_78_531, 307.8, 321.44, 5
FILLER_78_534, 307.8, 321.44, 5
FILLER_79_530, 307.8, 321.44, 5
FILLER_79_532, 307.8, 321.44, 5
_06661_, 310.5, 321.44, 5
_09613_, 310.5, 321.44, 5
_06656_, 315.9, 321.44, 5
_06665_, 321.3, 321.44, 5
FILLER_78_565, 326.7, 321.44, 5
TAP_1315, 329.4, 321.44, 5
FILLER_79_570, 329.4, 321.44, 5
FILLER_78_581, 334.8, 321.44, 5
FILLER_79_578, 334.8, 321.44, 5
FILLER_79_582, 334.8, 321.44, 5
_08723_, 337.5, 321.44, 5
_09716_, 337.5, 321.44, 5
_08725_, 342.9, 321.44, 5
FILLER_78_601, 345.6, 321.44, 5
TAP_1303, 348.3, 321.44, 5
FILLER_78_605, 348.3, 321.44, 5
_05669_, 356.4, 321.44, 5
_07261_, 359.1, 321.44, 5
FILLER_78_621, 359.1, 321.44, 5
_07033_, 364.5, 321.44, 5
TAP_1316, 367.2, 321.44, 5
FILLER_79_636, 367.2, 321.44, 5
FILLER_79_638, 367.2, 321.44, 5
_07160_, 369.9, 321.44, 5
FILLER_79_641, 369.9, 321.44, 5
FILLER_79_643, 369.9, 321.44, 5
FILLER_78_669, 383.4, 321.44, 5
FILLER_78_673, 386.1, 321.44, 5
TAP_1304, 388.8, 321.44, 5
FILLER_78_676, 388.8, 321.44, 5
_04794_, 391.5, 321.44, 5
FILLER_78_684, 394.2, 321.44, 5
FILLER_78_688, 394.2, 321.44, 5
_07214_, 396.9, 321.44, 5
_07344_, 396.9, 321.44, 5
FILLER_79_690, 396.9, 321.44, 5
_07213_, 399.6, 321.44, 5
FILLER_79_702, 402.3, 321.44, 5
_07283_, 405, 321.44, 5
_09655_, 407.7, 321.44, 5
TAP_1317, 407.7, 321.44, 5
_07239_, 415.8, 321.44, 5
FILLER_78_738, 423.9, 321.44, 5
TAP_1305, 426.6, 321.44, 5
FILLER_78_742, 426.6, 321.44, 5
FILLER_78_744, 426.6, 321.44, 5
FILLER_79_743, 426.6, 321.44, 5
_07284_, 429.3, 321.44, 5
_09626_, 429.3, 321.44, 5
FILLER_79_747, 429.3, 321.44, 5
FILLER_79_749, 429.3, 321.44, 5
_07243_, 434.7, 321.44, 5
_06998_, 440.1, 321.44, 5
FILLER_78_766, 440.1, 321.44, 5
_07249_, 448.2, 321.44, 5
TAP_1318, 448.2, 321.44, 5
FILLER_79_783, 448.2, 321.44, 5
FILLER_79_787, 450.9, 321.44, 5
FILLER_79_789, 450.9, 321.44, 5
_07289_, 453.6, 321.44, 5
_07291_, 453.6, 321.44, 5
FILLER_78_791, 453.6, 321.44, 5
FILLER_78_793, 453.6, 321.44, 5
_07290_, 456.3, 321.44, 5
_07234_, 461.7, 321.44, 5
FILLER_78_805, 461.7, 321.44, 5
FILLER_78_807, 461.7, 321.44, 5
FILLER_79_808, 461.7, 321.44, 5
TAP_1306, 467.1, 321.44, 5
FILLER_78_818, 467.1, 321.44, 5
FILLER_79_816, 467.1, 321.44, 5
_07233_, 469.8, 321.44, 5
_09631_, 469.8, 321.44, 5
FILLER_79_820, 469.8, 321.44, 5
_07235_, 475.2, 321.44, 5
TAP_1319, 486, 321.44, 5
_07193_, 488.7, 321.44, 5
_07264_, 488.7, 321.44, 5
FILLER_79_854, 488.7, 321.44, 5
_07218_, 491.4, 321.44, 5
_07263_, 494.1, 321.44, 5
_07219_, 496.8, 321.44, 5
FILLER_78_868, 496.8, 321.44, 5
_07161_, 499.5, 321.44, 5
_07272_, 502.2, 321.44, 5
FILLER_78_880, 502.2, 321.44, 5
_07153_, 504.9, 321.44, 5
_07159_, 507.6, 321.44, 5
TAP_1307, 507.6, 321.44, 5
FILLER_78_889, 507.6, 321.44, 5
_07162_, 515.7, 321.44, 5
FILLER_78_903, 515.7, 321.44, 5
_07198_, 518.4, 321.44, 5
FILLER_78_911, 521.1, 321.44, 5
FILLER_79_914, 521.1, 321.44, 5
_07166_, 523.8, 321.44, 5
_07228_, 523.8, 321.44, 5
FILLER_79_918, 523.8, 321.44, 5
TAP_1320, 526.5, 321.44, 5
_07254_, 529.2, 321.44, 5
_07227_, 531.9, 321.44, 5
_07226_, 534.6, 321.44, 5
_07229_, 534.6, 321.44, 5
PHY_157, 537.3, 321.44, 5
PHY_159, 537.3, 321.44, 5
FILLER_78_942, 537.3, 321.44, 5
_09772_, 10.8, 313.6, 5
PHY_152, 10.8, 313.6, 5
PHY_154, 10.8, 313.6, 5
FILLER_76_2, 10.8, 313.6, 5
_10030_, 13.5, 313.6, 5
FILLER_76_6, 13.5, 313.6, 5
FILLER_76_12, 16.2, 313.6, 5
_08834_, 18.9, 313.6, 5
FILLER_76_14, 18.9, 313.6, 5
FILLER_76_21, 21.6, 313.6, 5
_05147_, 24.3, 313.6, 5
_08833_, 27, 313.6, 5
TAP_1269, 29.7, 313.6, 5
FILLER_76_33, 29.7, 313.6, 5
FILLER_76_37, 29.7, 313.6, 5
_08845_, 32.4, 313.6, 5
_09777_, 32.4, 313.6, 5
FILLER_77_39, 32.4, 313.6, 5
_08847_, 37.8, 313.6, 5
_08846_, 43.2, 313.6, 5
_09733_, 48.6, 313.6, 5
TAP_1282, 48.6, 313.6, 5
FILLER_77_68, 48.6, 313.6, 5
FILLER_77_70, 48.6, 313.6, 5
FILLER_77_73, 51.3, 313.6, 5
FILLER_77_89, 59.4, 313.6, 5
_09731_, 62.1, 313.6, 5
FILLER_77_91, 62.1, 313.6, 5
_05155_, 64.8, 313.6, 5
FILLER_76_104, 67.5, 313.6, 5
_05171_, 70.2, 313.6, 5
TAP_1270, 70.2, 313.6, 5
_04850_, 75.6, 313.6, 5
_09751_, 75.6, 313.6, 5
FILLER_77_121, 78.3, 313.6, 5
FILLER_77_129, 81, 313.6, 5
FILLER_77_133, 83.7, 313.6, 5
_04739_, 86.4, 313.6, 5
FILLER_77_135, 86.4, 313.6, 5
TAP_1283, 89.1, 313.6, 5
FILLER_77_140, 89.1, 313.6, 5
_09758_, 91.8, 313.6, 5
FILLER_77_144, 91.8, 313.6, 5
_08792_, 94.5, 313.6, 5
FILLER_77_152, 94.5, 313.6, 5
repeater3, 99.9, 313.6, 5
TAP_1271, 108, 313.6, 5
_08767_, 110.7, 313.6, 5
_08785_, 116.1, 313.6, 5
FILLER_76_187, 116.1, 313.6, 5
FILLER_77_187, 116.1, 313.6, 5
FILLER_76_195, 118.8, 313.6, 5
_08786_, 121.5, 313.6, 5
_09786_, 121.5, 313.6, 5
FILLER_76_199, 121.5, 313.6, 5
FILLER_77_207, 126.9, 313.6, 5
FILLER_77_211, 126.9, 313.6, 5
TAP_1284, 129.6, 313.6, 5
FILLER_77_215, 129.6, 313.6, 5
_08873_, 132.3, 313.6, 5
FILLER_77_217, 132.3, 313.6, 5
_09789_, 137.7, 313.6, 5
FILLER_76_229, 137.7, 313.6, 5
FILLER_77_226, 137.7, 313.6, 5
_09183_, 143.1, 313.6, 5
FILLER_76_237, 143.1, 313.6, 5
FILLER_76_242, 145.8, 313.6, 5
TAP_1272, 148.5, 313.6, 5
FILLER_76_246, 148.5, 313.6, 5
_09188_, 151.2, 313.6, 5
FILLER_76_250, 151.2, 313.6, 5
_09128_, 153.9, 313.6, 5
_09937_, 153.9, 313.6, 5
FILLER_77_257, 153.9, 313.6, 5
_09217_, 159.3, 313.6, 5
FILLER_77_273, 162, 313.6, 5
_09218_, 164.7, 313.6, 5
FILLER_77_275, 164.7, 313.6, 5
_09125_, 170.1, 313.6, 5
_09938_, 170.1, 313.6, 5
TAP_1285, 170.1, 313.6, 5
_09911_, 175.5, 313.6, 5
FILLER_76_314, 186.3, 313.6, 5
TAP_1273, 189, 313.6, 5
FILLER_76_318, 189, 313.6, 5
FILLER_76_321, 189, 313.6, 5
_05109_, 191.7, 313.6, 5
_09290_, 191.7, 313.6, 5
_09959_, 197.1, 313.6, 5
FILLER_76_332, 197.1, 313.6, 5
FILLER_76_334, 197.1, 313.6, 5
_09287_, 202.5, 313.6, 5
TAP_1286, 207.9, 313.6, 5
FILLER_77_353, 207.9, 313.6, 5
_09075_, 210.6, 313.6, 5
_09265_, 213.3, 313.6, 5
_09103_, 216, 313.6, 5
FILLER_76_370, 216, 313.6, 5
_09323_, 218.7, 313.6, 5
_10003_, 221.4, 313.6, 5
FILLER_77_375, 221.4, 313.6, 5
_09345_, 229.5, 313.6, 5
TAP_1274, 229.5, 313.6, 5
_06970_, 237.6, 313.6, 5
_06682_, 240.3, 313.6, 5
_09277_, 240.3, 313.6, 5
_06684_, 243, 313.6, 5
FILLER_76_415, 243, 313.6, 5
TAP_1287, 248.4, 313.6, 5
_06681_, 251.1, 313.6, 5
_09357_, 256.5, 313.6, 5
FILLER_77_440, 256.5, 313.6, 5
_04809_, 261.9, 313.6, 5
FILLER_77_448, 261.9, 313.6, 5
FILLER_77_452, 261.9, 313.6, 5
_06701_, 264.6, 313.6, 5
_09621_, 264.6, 313.6, 5
FILLER_76_455, 264.6, 313.6, 5
TAP_1275, 267.3, 313.6, 5
_06963_, 270, 313.6, 5
FILLER_76_471, 272.7, 313.6, 5
_06728_, 275.4, 313.6, 5
FILLER_76_475, 275.4, 313.6, 5
FILLER_77_484, 280.8, 313.6, 5
_06653_, 283.5, 313.6, 5
FILLER_77_486, 283.5, 313.6, 5
_04813_, 286.2, 313.6, 5
_06663_, 288.9, 313.6, 5
_06670_, 288.9, 313.6, 5
TAP_1288, 288.9, 313.6, 5
FILLER_76_498, 288.9, 313.6, 5
FILLER_77_499, 288.9, 313.6, 5
_06672_, 291.6, 313.6, 5
_06673_, 305.1, 313.6, 5
_06675_, 307.8, 313.6, 5
TAP_1276, 307.8, 313.6, 5
FILLER_76_531, 307.8, 313.6, 5
_06679_, 313.2, 313.6, 5
_06678_, 315.9, 313.6, 5
_06709_, 318.6, 313.6, 5
_06711_, 318.6, 313.6, 5
FILLER_77_557, 321.3, 313.6, 5
_06712_, 324, 313.6, 5
_09614_, 324, 313.6, 5
FILLER_77_561, 324, 313.6, 5
TAP_1289, 329.4, 313.6, 5
FILLER_77_570, 329.4, 313.6, 5
_08721_, 337.5, 313.6, 5
_08720_, 340.2, 313.6, 5
FILLER_77_594, 342.9, 313.6, 5
FILLER_76_599, 345.6, 313.6, 5
TAP_1277, 348.3, 313.6, 5
FILLER_76_605, 348.3, 313.6, 5
_09637_, 351, 313.6, 5
FILLER_77_610, 351, 313.6, 5
_04763_, 353.7, 313.6, 5
FILLER_77_612, 353.7, 313.6, 5
TAP_1290, 367.2, 313.6, 5
_07065_, 369.9, 313.6, 5
_07262_, 372.6, 313.6, 5
FILLER_76_655, 378, 313.6, 5
FILLER_76_671, 386.1, 313.6, 5
FILLER_76_673, 386.1, 313.6, 5
_07106_, 388.8, 313.6, 5
TAP_1278, 388.8, 313.6, 5
FILLER_77_679, 391.5, 313.6, 5
_07216_, 394.2, 313.6, 5
_07215_, 407.7, 313.6, 5
TAP_1291, 407.7, 313.6, 5
_07238_, 410.4, 313.6, 5
_07180_, 413.1, 313.6, 5
_07282_, 413.1, 313.6, 5
FILLER_77_730, 418.5, 313.6, 5
_07179_, 421.2, 313.6, 5
_07241_, 421.2, 313.6, 5
FILLER_77_734, 421.2, 313.6, 5
_07181_, 423.9, 313.6, 5
FILLER_76_738, 423.9, 313.6, 5
TAP_1279, 426.6, 313.6, 5
_07242_, 429.3, 313.6, 5
_07285_, 429.3, 313.6, 5
FILLER_76_747, 429.3, 313.6, 5
FILLER_76_749, 429.3, 313.6, 5
_07279_, 432, 313.6, 5
_07237_, 434.7, 313.6, 5
_06997_, 437.4, 313.6, 5
_07244_, 437.4, 313.6, 5
FILLER_76_763, 437.4, 313.6, 5
FILLER_77_763, 437.4, 313.6, 5
_06996_, 440.1, 313.6, 5
_06993_, 442.8, 313.6, 5
FILLER_77_779, 445.5, 313.6, 5
_07247_, 448.2, 313.6, 5
TAP_1292, 448.2, 313.6, 5
FILLER_77_783, 448.2, 313.6, 5
_07236_, 450.9, 313.6, 5
_07248_, 450.9, 313.6, 5
FILLER_77_785, 450.9, 313.6, 5
_07288_, 453.6, 313.6, 5
_07186_, 456.3, 313.6, 5
_07278_, 456.3, 313.6, 5
FILLER_76_797, 456.3, 313.6, 5
FILLER_76_803, 459, 313.6, 5
_07189_, 461.7, 313.6, 5
_07280_, 461.7, 313.6, 5
FILLER_77_811, 464.4, 313.6, 5
FILLER_77_813, 464.4, 313.6, 5
_07277_, 467.1, 313.6, 5
TAP_1280, 467.1, 313.6, 5
FILLER_76_815, 467.1, 313.6, 5
FILLER_76_818, 467.1, 313.6, 5
_07141_, 469.8, 313.6, 5
_07191_, 472.5, 313.6, 5
_07192_, 477.9, 313.6, 5
FILLER_77_837, 477.9, 313.6, 5
_07250_, 480.6, 313.6, 5
FILLER_77_839, 480.6, 313.6, 5
FILLER_76_845, 483.3, 313.6, 5
_07257_, 486, 313.6, 5
TAP_1293, 486, 313.6, 5
FILLER_76_849, 486, 313.6, 5
FILLER_76_851, 486, 313.6, 5
FILLER_77_850, 486, 313.6, 5
_07258_, 488.7, 313.6, 5
FILLER_77_854, 488.7, 313.6, 5
_07206_, 494.1, 313.6, 5
FILLER_77_862, 494.1, 313.6, 5
FILLER_77_864, 494.1, 313.6, 5
_07207_, 496.8, 313.6, 5
FILLER_77_870, 496.8, 313.6, 5
_07270_, 499.5, 313.6, 5
_07154_, 502.2, 313.6, 5
FILLER_76_877, 502.2, 313.6, 5
FILLER_77_877, 502.2, 313.6, 5
FILLER_77_881, 502.2, 313.6, 5
_07271_, 504.9, 313.6, 5
FILLER_76_883, 504.9, 313.6, 5
FILLER_77_883, 504.9, 313.6, 5
_07158_, 507.6, 313.6, 5
TAP_1281, 507.6, 313.6, 5
FILLER_76_889, 507.6, 313.6, 5
_07201_, 510.3, 313.6, 5
FILLER_77_895, 510.3, 313.6, 5
_07163_, 513, 313.6, 5
FILLER_76_899, 513, 313.6, 5
_07148_, 515.7, 313.6, 5
_07197_, 518.4, 313.6, 5
_07164_, 521.1, 313.6, 5
FILLER_76_914, 521.1, 313.6, 5
FILLER_76_918, 523.8, 313.6, 5
FILLER_77_916, 523.8, 313.6, 5
_07232_, 526.5, 313.6, 5
TAP_1294, 526.5, 313.6, 5
FILLER_76_920, 526.5, 313.6, 5
FILLER_77_920, 526.5, 313.6, 5
FILLER_77_922, 526.5, 313.6, 5
_07165_, 529.2, 313.6, 5
_07230_, 531.9, 313.6, 5
FILLER_77_930, 531.9, 313.6, 5
FILLER_77_938, 534.6, 313.6, 5
PHY_153, 537.3, 313.6, 5
PHY_155, 537.3, 313.6, 5
FILLER_77_942, 537.3, 313.6, 5
_09771_, 10.8, 305.76, 5
PHY_148, 10.8, 305.76, 5
PHY_150, 10.8, 305.76, 5
FILLER_75_2, 10.8, 305.76, 5
_08831_, 13.5, 305.76, 5
FILLER_75_6, 13.5, 305.76, 5
_08829_, 18.9, 305.76, 5
_08827_, 21.6, 305.76, 5
_08830_, 27, 305.76, 5
FILLER_74_31, 27, 305.76, 5
TAP_1243, 29.7, 305.76, 5
FILLER_74_37, 29.7, 305.76, 5
_08825_, 32.4, 305.76, 5
FILLER_74_39, 32.4, 305.76, 5
FILLER_75_38, 32.4, 305.76, 5
FILLER_75_46, 35.1, 305.76, 5
_08824_, 37.8, 305.76, 5
FILLER_75_50, 37.8, 305.76, 5
_08848_, 40.5, 305.76, 5
FILLER_74_54, 40.5, 305.76, 5
_05148_, 43.2, 305.76, 5
FILLER_75_63, 45.9, 305.76, 5
TAP_1256, 48.6, 305.76, 5
FILLER_74_70, 48.6, 305.76, 5
_05164_, 51.3, 305.76, 5
FILLER_75_73, 51.3, 305.76, 5
_05166_, 54, 305.76, 5
_08823_, 54, 305.76, 5
FILLER_75_77, 54, 305.76, 5
FILLER_75_79, 54, 305.76, 5
_05165_, 59.4, 305.76, 5
FILLER_75_88, 59.4, 305.76, 5
_08756_, 64.8, 305.76, 5
_08757_, 64.8, 305.76, 5
FILLER_74_96, 64.8, 305.76, 5
_05169_, 70.2, 305.76, 5
TAP_1244, 70.2, 305.76, 5
FILLER_75_113, 72.9, 305.76, 5
_08759_, 78.3, 305.76, 5
_09750_, 81, 305.76, 5
FILLER_75_129, 81, 305.76, 5
FILLER_75_133, 83.7, 305.76, 5
_08776_, 86.4, 305.76, 5
TAP_1257, 89.1, 305.76, 5
_08775_, 91.8, 305.76, 5
FILLER_75_152, 94.5, 305.76, 5
_08791_, 97.2, 305.76, 5
FILLER_75_154, 97.2, 305.76, 5
FILLER_74_158, 99.9, 305.76, 5
_04740_, 102.6, 305.76, 5
_09747_, 102.6, 305.76, 5
FILLER_74_166, 102.6, 305.76, 5
_08770_, 105.3, 305.76, 5
FILLER_74_168, 105.3, 305.76, 5
TAP_1245, 108, 305.76, 5
_08769_, 110.7, 305.76, 5
_04747_, 116.1, 305.76, 5
_09756_, 116.1, 305.76, 5
_08788_, 118.8, 305.76, 5
FILLER_75_204, 124.2, 305.76, 5
FILLER_75_206, 124.2, 305.76, 5
_04744_, 126.9, 305.76, 5
FILLER_75_211, 126.9, 305.76, 5
TAP_1258, 129.6, 305.76, 5
FILLER_75_215, 129.6, 305.76, 5
_08878_, 132.3, 305.76, 5
FILLER_74_220, 132.3, 305.76, 5
_09182_, 135, 305.76, 5
FILLER_74_224, 135, 305.76, 5
_08872_, 137.7, 305.76, 5
FILLER_74_226, 137.7, 305.76, 5
_08871_, 140.4, 305.76, 5
_08877_, 140.4, 305.76, 5
_09788_, 145.8, 305.76, 5
FILLER_74_243, 145.8, 305.76, 5
TAP_1246, 148.5, 305.76, 5
FILLER_74_247, 148.5, 305.76, 5
FILLER_74_250, 151.2, 305.76, 5
FILLER_74_254, 151.2, 305.76, 5
_09187_, 153.9, 305.76, 5
_08875_, 159.3, 305.76, 5
_08880_, 162, 305.76, 5
_09910_, 162, 305.76, 5
_08879_, 164.7, 305.76, 5
FILLER_75_283, 167.4, 305.76, 5
_09219_, 170.1, 305.76, 5
TAP_1259, 170.1, 305.76, 5
_09082_, 175.5, 305.76, 5
FILLER_75_294, 175.5, 305.76, 5
FILLER_74_302, 178.2, 305.76, 5
_09261_, 180.9, 305.76, 5
FILLER_75_304, 180.9, 305.76, 5
_05107_, 183.6, 305.76, 5
_09969_, 186.3, 305.76, 5
_09289_, 189, 305.76, 5
TAP_1247, 189, 305.76, 5
_09288_, 194.4, 305.76, 5
_09080_, 202.5, 305.76, 5
_09266_, 202.5, 305.76, 5
TAP_1260, 207.9, 305.76, 5
FILLER_75_353, 207.9, 305.76, 5
_09264_, 210.6, 305.76, 5
_09276_, 216, 305.76, 5
FILLER_74_368, 216, 305.76, 5
_06971_, 221.4, 305.76, 5
FILLER_75_375, 221.4, 305.76, 5
_09625_, 224.1, 305.76, 5
FILLER_74_388, 226.8, 305.76, 5
_06658_, 229.5, 305.76, 5
TAP_1248, 229.5, 305.76, 5
FILLER_74_392, 229.5, 305.76, 5
_06715_, 234.9, 305.76, 5
_06685_, 245.7, 305.76, 5
_06746_, 245.7, 305.76, 5
TAP_1261, 248.4, 305.76, 5
FILLER_75_425, 248.4, 305.76, 5
_06695_, 251.1, 305.76, 5
FILLER_74_447, 259.2, 305.76, 5
_06722_, 261.9, 305.76, 5
_06683_, 267.3, 305.76, 5
TAP_1249, 267.3, 305.76, 5
_06691_, 270, 305.76, 5
_06690_, 272.7, 305.76, 5
_06686_, 280.8, 305.76, 5
_06687_, 286.2, 305.76, 5
FILLER_75_494, 286.2, 305.76, 5
_06671_, 288.9, 305.76, 5
_06700_, 288.9, 305.76, 5
TAP_1262, 288.9, 305.76, 5
FILLER_75_496, 288.9, 305.76, 5
_06697_, 291.6, 305.76, 5
_06696_, 294.3, 305.76, 5
_06702_, 299.7, 305.76, 5
_06664_, 302.4, 305.76, 5
FILLER_74_528, 305.1, 305.76, 5
_06667_, 307.8, 305.76, 5
TAP_1250, 307.8, 305.76, 5
FILLER_74_534, 307.8, 305.76, 5
_06706_, 310.5, 305.76, 5
_06708_, 313.2, 305.76, 5
FILLER_75_541, 313.2, 305.76, 5
_06713_, 315.9, 305.76, 5
_06710_, 321.3, 305.76, 5
_06745_, 321.3, 305.76, 5
FILLER_75_554, 321.3, 305.76, 5
_06660_, 326.7, 305.76, 5
_06743_, 326.7, 305.76, 5
FILLER_74_564, 326.7, 305.76, 5
_06707_, 329.4, 305.76, 5
_09615_, 329.4, 305.76, 5
TAP_1263, 329.4, 305.76, 5
FILLER_75_577, 332.1, 305.76, 5
_09715_, 334.8, 305.76, 5
FILLER_75_581, 334.8, 305.76, 5
_09353_, 348.3, 305.76, 5
TAP_1251, 348.3, 305.76, 5
FILLER_74_615, 353.7, 305.76, 5
_07299_, 356.4, 305.76, 5
_07300_, 356.4, 305.76, 5
FILLER_74_625, 359.1, 305.76, 5
_04800_, 361.8, 305.76, 5
_07210_, 361.8, 305.76, 5
FILLER_75_626, 361.8, 305.76, 5
_07259_, 364.5, 305.76, 5
_07260_, 364.5, 305.76, 5
TAP_1264, 367.2, 305.76, 5
_07211_, 369.9, 305.76, 5
FILLER_74_656, 378, 305.76, 5
_06978_, 380.7, 305.76, 5
FILLER_74_672, 386.1, 305.76, 5
_07000_, 388.8, 305.76, 5
TAP_1252, 388.8, 305.76, 5
_07212_, 402.3, 305.76, 5
FILLER_75_706, 405, 305.76, 5
TAP_1265, 407.7, 305.76, 5
FILLER_75_712, 407.7, 305.76, 5
_07127_, 410.4, 305.76, 5
_07178_, 410.4, 305.76, 5
FILLER_74_714, 410.4, 305.76, 5
FILLER_74_716, 410.4, 305.76, 5
FILLER_75_716, 410.4, 305.76, 5
_07126_, 418.5, 305.76, 5
FILLER_75_728, 418.5, 305.76, 5
FILLER_75_736, 421.2, 305.76, 5
_07128_, 423.9, 305.76, 5
_07182_, 423.9, 305.76, 5
TAP_1253, 426.6, 305.76, 5
_07183_, 429.3, 305.76, 5
_07184_, 429.3, 305.76, 5
_07185_, 432, 305.76, 5
FILLER_75_759, 434.7, 305.76, 5
_06980_, 437.4, 305.76, 5
_06995_, 437.4, 305.76, 5
FILLER_74_762, 437.4, 305.76, 5
FILLER_75_761, 437.4, 305.76, 5
_06992_, 442.8, 305.76, 5
_07246_, 442.8, 305.76, 5
_07245_, 448.2, 305.76, 5
TAP_1266, 448.2, 305.76, 5
FILLER_74_784, 448.2, 305.76, 5
FILLER_75_780, 448.2, 305.76, 5
_07286_, 450.9, 305.76, 5
_07287_, 450.9, 305.76, 5
FILLER_75_788, 450.9, 305.76, 5
FILLER_74_798, 456.3, 305.76, 5
_07187_, 459, 305.76, 5
_07188_, 459, 305.76, 5
_07281_, 464.4, 305.76, 5
FILLER_75_813, 464.4, 305.76, 5
_07190_, 467.1, 305.76, 5
TAP_1254, 467.1, 305.76, 5
FILLER_74_815, 467.1, 305.76, 5
FILLER_74_818, 467.1, 305.76, 5
FILLER_75_815, 467.1, 305.76, 5
_07177_, 469.8, 305.76, 5
FILLER_74_822, 469.8, 305.76, 5
_07175_, 472.5, 305.76, 5
_07176_, 472.5, 305.76, 5
FILLER_75_825, 472.5, 305.76, 5
_07174_, 480.6, 305.76, 5
_07194_, 480.6, 305.76, 5
FILLER_74_845, 483.3, 305.76, 5
FILLER_75_847, 483.3, 305.76, 5
TAP_1267, 486, 305.76, 5
FILLER_75_851, 486, 305.76, 5
_07208_, 488.7, 305.76, 5
FILLER_75_854, 488.7, 305.76, 5
FILLER_74_861, 491.4, 305.76, 5
_07155_, 494.1, 305.76, 5
_07269_, 496.8, 305.76, 5
_07109_, 502.2, 305.76, 5
_07157_, 502.2, 305.76, 5
FILLER_74_878, 502.2, 305.76, 5
FILLER_74_880, 502.2, 305.76, 5
FILLER_75_878, 502.2, 305.76, 5
FILLER_74_886, 504.9, 305.76, 5
_07156_, 507.6, 305.76, 5
TAP_1255, 507.6, 305.76, 5
_07146_, 510.3, 305.76, 5
FILLER_74_895, 510.3, 305.76, 5
_07151_, 513, 305.76, 5
_07152_, 513, 305.76, 5
FILLER_74_899, 513, 305.76, 5
_07150_, 515.7, 305.76, 5
_07167_, 521.1, 305.76, 5
FILLER_74_911, 521.1, 305.76, 5
TAP_1268, 526.5, 305.76, 5
FILLER_75_921, 526.5, 305.76, 5
_07196_, 529.2, 305.76, 5
_07253_, 529.2, 305.76, 5
FILLER_75_925, 529.2, 305.76, 5
FILLER_75_927, 529.2, 305.76, 5
_07231_, 534.6, 305.76, 5
FILLER_74_939, 534.6, 305.76, 5
PHY_149, 537.3, 305.76, 5
PHY_151, 537.3, 305.76, 5
FILLER_74_943, 537.3, 305.76, 5
FILLER_75_941, 537.3, 305.76, 5
FILLER_75_943, 537.3, 305.76, 5
_09770_, 10.8, 297.92, 5
PHY_144, 10.8, 297.92, 5
PHY_146, 10.8, 297.92, 5
FILLER_72_2, 10.8, 297.92, 5
FILLER_72_10, 16.2, 297.92, 5
_08828_, 18.9, 297.92, 5
FILLER_72_14, 18.9, 297.92, 5
_08826_, 21.6, 297.92, 5
_09769_, 27, 297.92, 5
FILLER_72_30, 27, 297.92, 5
TAP_1217, 29.7, 297.92, 5
FILLER_72_34, 29.7, 297.92, 5
FILLER_72_37, 29.7, 297.92, 5
_08822_, 32.4, 297.92, 5
FILLER_72_39, 32.4, 297.92, 5
_08821_, 37.8, 297.92, 5
_04849_, 40.5, 297.92, 5
FILLER_72_58, 43.2, 297.92, 5
FILLER_73_60, 43.2, 297.92, 5
_05162_, 45.9, 297.92, 5
_09732_, 45.9, 297.92, 5
FILLER_72_62, 45.9, 297.92, 5
FILLER_73_64, 45.9, 297.92, 5
TAP_1230, 48.6, 297.92, 5
_05163_, 51.3, 297.92, 5
_05154_, 56.7, 297.92, 5
_09734_, 59.4, 297.92, 5
_05168_, 62.1, 297.92, 5
FILLER_72_104, 67.5, 297.92, 5
_08799_, 70.2, 297.92, 5
TAP_1218, 70.2, 297.92, 5
_09743_, 72.9, 297.92, 5
_04750_, 75.6, 297.92, 5
_08761_, 78.3, 297.92, 5
_05167_, 83.7, 297.92, 5
_08760_, 86.4, 297.92, 5
TAP_1231, 89.1, 297.92, 5
FILLER_72_143, 89.1, 297.92, 5
FILLER_73_140, 89.1, 297.92, 5
_04741_, 91.8, 297.92, 5
_09749_, 91.8, 297.92, 5
FILLER_73_144, 91.8, 297.92, 5
_08773_, 94.5, 297.92, 5
FILLER_73_150, 94.5, 297.92, 5
FILLER_73_152, 94.5, 297.92, 5
_04743_, 99.9, 297.92, 5
FILLER_73_161, 99.9, 297.92, 5
FILLER_73_166, 102.6, 297.92, 5
_08772_, 105.3, 297.92, 5
FILLER_73_170, 105.3, 297.92, 5
TAP_1219, 108, 297.92, 5
FILLER_72_174, 108, 297.92, 5
FILLER_72_176, 108, 297.92, 5
_04745_, 110.7, 297.92, 5
_08771_, 110.7, 297.92, 5
FILLER_73_184, 113.4, 297.92, 5
_09757_, 116.1, 297.92, 5
FILLER_72_187, 116.1, 297.92, 5
_08787_, 118.8, 297.92, 5
_08790_, 121.5, 297.92, 5
FILLER_73_208, 126.9, 297.92, 5
_09787_, 129.6, 297.92, 5
TAP_1232, 129.6, 297.92, 5
FILLER_73_212, 129.6, 297.92, 5
_09557_, 132.3, 297.92, 5
FILLER_73_244, 145.8, 297.92, 5
_08881_, 148.5, 297.92, 5
TAP_1220, 148.5, 297.92, 5
_08882_, 151.2, 297.92, 5
_08876_, 153.9, 297.92, 5
FILLER_72_258, 153.9, 297.92, 5
FILLER_73_264, 156.6, 297.92, 5
_09895_, 159.3, 297.92, 5
FILLER_73_272, 162, 297.92, 5
_09126_, 164.7, 297.92, 5
FILLER_73_276, 164.7, 297.92, 5
_09891_, 170.1, 297.92, 5
TAP_1233, 170.1, 297.92, 5
FILLER_72_295, 175.5, 297.92, 5
_09081_, 178.2, 297.92, 5
FILLER_72_299, 178.2, 297.92, 5
_09298_, 183.6, 297.92, 5
_05217_, 186.3, 297.92, 5
_09311_, 189, 297.92, 5
TAP_1221, 189, 297.92, 5
_09078_, 197.1, 297.92, 5
_04711_, 199.8, 297.92, 5
_09963_, 202.5, 297.92, 5
_09273_, 205.2, 297.92, 5
TAP_1234, 207.9, 297.92, 5
_09096_, 210.6, 297.92, 5
_09312_, 218.7, 297.92, 5
_09300_, 224.1, 297.92, 5
_06758_, 229.5, 297.92, 5
TAP_1222, 229.5, 297.92, 5
FILLER_72_392, 229.5, 297.92, 5
_09286_, 232.2, 297.92, 5
_06747_, 237.6, 297.92, 5
repeater8, 243, 297.92, 5
TAP_1235, 248.4, 297.92, 5
_06717_, 251.1, 297.92, 5
FILLER_73_428, 251.1, 297.92, 5
_06716_, 259.2, 297.92, 5
_06721_, 259.2, 297.92, 5
_06723_, 261.9, 297.92, 5
FILLER_73_449, 261.9, 297.92, 5
_06694_, 264.6, 297.92, 5
TAP_1223, 267.3, 297.92, 5
_06659_, 270, 297.92, 5
_06759_, 270, 297.92, 5
FILLER_72_473, 275.4, 297.92, 5
_06688_, 278.1, 297.92, 5
_06727_, 278.1, 297.92, 5
_06689_, 280.8, 297.92, 5
_06732_, 283.5, 297.92, 5
_06733_, 286.2, 297.92, 5
FILLER_73_493, 286.2, 297.92, 5
_06692_, 288.9, 297.92, 5
TAP_1236, 288.9, 297.92, 5
FILLER_73_505, 291.6, 297.92, 5
_06698_, 294.3, 297.92, 5
_06704_, 294.3, 297.92, 5
FILLER_72_508, 294.3, 297.92, 5
_06703_, 299.7, 297.92, 5
FILLER_72_517, 299.7, 297.92, 5
_06740_, 302.4, 297.92, 5
_06699_, 305.1, 297.92, 5
TAP_1224, 307.8, 297.92, 5
FILLER_72_534, 307.8, 297.92, 5
FILLER_73_530, 307.8, 297.92, 5
_06705_, 310.5, 297.92, 5
_06726_, 313.2, 297.92, 5
FILLER_72_542, 313.2, 297.92, 5
FILLER_72_546, 315.9, 297.92, 5
FILLER_72_548, 315.9, 297.92, 5
_06741_, 318.6, 297.92, 5
_06724_, 324, 297.92, 5
FILLER_72_566, 326.7, 297.92, 5
FILLER_73_566, 326.7, 297.92, 5
_06742_, 329.4, 297.92, 5
_06785_, 329.4, 297.92, 5
TAP_1237, 329.4, 297.92, 5
FILLER_72_576, 332.1, 297.92, 5
_06725_, 334.8, 297.92, 5
_06783_, 337.5, 297.92, 5
FILLER_72_584, 337.5, 297.92, 5
FILLER_73_583, 337.5, 297.92, 5
FILLER_73_591, 340.2, 297.92, 5
_09997_, 342.9, 297.92, 5
FILLER_72_595, 342.9, 297.92, 5
_06744_, 348.3, 297.92, 5
TAP_1225, 348.3, 297.92, 5
_09352_, 351, 297.92, 5
FILLER_72_616, 353.7, 297.92, 5
FILLER_72_624, 359.1, 297.92, 5
FILLER_73_622, 359.1, 297.92, 5
_06977_, 361.8, 297.92, 5
_09638_, 361.8, 297.92, 5
FILLER_72_628, 361.8, 297.92, 5
FILLER_73_626, 361.8, 297.92, 5
_06976_, 364.5, 297.92, 5
TAP_1238, 367.2, 297.92, 5
_07302_, 369.9, 297.92, 5
_04799_, 372.6, 297.92, 5
FILLER_73_653, 375.3, 297.92, 5
_09347_, 378, 297.92, 5
FILLER_73_657, 378, 297.92, 5
_09346_, 383.4, 297.92, 5
FILLER_72_666, 383.4, 297.92, 5
TAP_1226, 388.8, 297.92, 5
FILLER_72_676, 388.8, 297.92, 5
FILLER_73_675, 388.8, 297.92, 5
FILLER_73_683, 391.5, 297.92, 5
_09634_, 394.2, 297.92, 5
FILLER_72_684, 394.2, 297.92, 5
FILLER_73_687, 394.2, 297.92, 5
_07294_, 396.9, 297.92, 5
FILLER_73_689, 396.9, 297.92, 5
_07080_, 402.3, 297.92, 5
FILLER_73_698, 402.3, 297.92, 5
_07081_, 407.7, 297.92, 5
TAP_1239, 407.7, 297.92, 5
_07002_, 410.4, 297.92, 5
_07082_, 413.1, 297.92, 5
FILLER_72_721, 413.1, 297.92, 5
_07129_, 418.5, 297.92, 5
FILLER_72_729, 418.5, 297.92, 5
FILLER_72_731, 418.5, 297.92, 5
_07083_, 421.2, 297.92, 5
_07131_, 423.9, 297.92, 5
TAP_1227, 426.6, 297.92, 5
FILLER_72_744, 426.6, 297.92, 5
FILLER_73_743, 426.6, 297.92, 5
_07130_, 429.3, 297.92, 5
_07133_, 429.3, 297.92, 5
_07132_, 432, 297.92, 5
FILLER_73_755, 432, 297.92, 5
_06973_, 434.7, 297.92, 5
FILLER_73_759, 434.7, 297.92, 5
_06984_, 437.4, 297.92, 5
_06991_, 437.4, 297.92, 5
FILLER_73_761, 437.4, 297.92, 5
_06994_, 440.1, 297.92, 5
_06985_, 445.5, 297.92, 5
TAP_1240, 448.2, 297.92, 5
FILLER_73_780, 448.2, 297.92, 5
FILLER_73_783, 448.2, 297.92, 5
_07053_, 450.9, 297.92, 5
_07134_, 453.6, 297.92, 5
FILLER_72_794, 453.6, 297.92, 5
FILLER_73_791, 453.6, 297.92, 5
_07092_, 456.3, 297.92, 5
_07135_, 456.3, 297.92, 5
_07088_, 464.4, 297.92, 5
_07136_, 464.4, 297.92, 5
_07137_, 467.1, 297.92, 5
TAP_1228, 467.1, 297.92, 5
FILLER_72_818, 467.1, 297.92, 5
_07138_, 469.8, 297.92, 5
_07125_, 472.5, 297.92, 5
_07123_, 475.2, 297.92, 5
FILLER_72_829, 475.2, 297.92, 5
FILLER_72_831, 475.2, 297.92, 5
FILLER_73_830, 475.2, 297.92, 5
_07139_, 480.6, 297.92, 5
_09630_, 480.6, 297.92, 5
FILLER_72_840, 480.6, 297.92, 5
FILLER_73_838, 480.6, 297.92, 5
TAP_1241, 486, 297.92, 5
FILLER_73_850, 486, 297.92, 5
_07089_, 488.7, 297.92, 5
FILLER_73_854, 488.7, 297.92, 5
FILLER_73_861, 491.4, 297.92, 5
FILLER_73_865, 494.1, 297.92, 5
_07205_, 496.8, 297.92, 5
FILLER_72_873, 499.5, 297.92, 5
FILLER_73_872, 499.5, 297.92, 5
FILLER_73_876, 499.5, 297.92, 5
_07067_, 502.2, 297.92, 5
_07107_, 502.2, 297.92, 5
_07066_, 504.9, 297.92, 5
_07110_, 504.9, 297.92, 5
_07111_, 507.6, 297.92, 5
_07149_, 507.6, 297.92, 5
TAP_1229, 507.6, 297.92, 5
_07108_, 515.7, 297.92, 5
_07147_, 518.4, 297.92, 5
FILLER_73_910, 518.4, 297.92, 5
FILLER_72_913, 521.1, 297.92, 5
FILLER_73_914, 521.1, 297.92, 5
_07145_, 523.8, 297.92, 5
_07170_, 523.8, 297.92, 5
FILLER_72_915, 523.8, 297.92, 5
FILLER_73_916, 523.8, 297.92, 5
TAP_1242, 526.5, 297.92, 5
_07168_, 529.2, 297.92, 5
_07172_, 529.2, 297.92, 5
_07169_, 534.6, 297.92, 5
PHY_145, 537.3, 297.92, 5
PHY_147, 537.3, 297.92, 5
FILLER_72_941, 537.3, 297.92, 5
FILLER_72_943, 537.3, 297.92, 5
_09767_, 10.8, 290.08, 5
PHY_140, 10.8, 290.08, 5
PHY_142, 10.8, 290.08, 5
FILLER_71_2, 10.8, 290.08, 5
FILLER_71_18, 18.9, 290.08, 5
_08816_, 24.3, 290.08, 5
_08817_, 29.7, 290.08, 5
TAP_1191, 29.7, 290.08, 5
FILLER_70_33, 29.7, 290.08, 5
_08819_, 32.4, 290.08, 5
_08813_, 35.1, 290.08, 5
_08820_, 35.1, 290.08, 5
_05151_, 40.5, 290.08, 5
_05161_, 40.5, 290.08, 5
FILLER_70_55, 40.5, 290.08, 5
_08808_, 43.2, 290.08, 5
FILLER_71_57, 43.2, 290.08, 5
FILLER_71_59, 43.2, 290.08, 5
_08800_, 45.9, 290.08, 5
_08810_, 45.9, 290.08, 5
TAP_1204, 48.6, 290.08, 5
_08802_, 51.3, 290.08, 5
_05160_, 54, 290.08, 5
_08807_, 56.7, 290.08, 5
FILLER_70_84, 56.7, 290.08, 5
_05156_, 59.4, 290.08, 5
FILLER_71_95, 62.1, 290.08, 5
_08806_, 64.8, 290.08, 5
repeater4, 64.8, 290.08, 5
FILLER_71_97, 64.8, 290.08, 5
FILLER_70_104, 67.5, 290.08, 5
TAP_1192, 70.2, 290.08, 5
FILLER_70_108, 70.2, 290.08, 5
_08758_, 75.6, 290.08, 5
_08763_, 78.3, 290.08, 5
_08764_, 78.3, 290.08, 5
_05153_, 83.7, 290.08, 5
_08762_, 86.4, 290.08, 5
_08766_, 89.1, 290.08, 5
TAP_1205, 89.1, 290.08, 5
FILLER_71_141, 89.1, 290.08, 5
_08765_, 91.8, 290.08, 5
FILLER_70_146, 91.8, 290.08, 5
_08774_, 94.5, 290.08, 5
FILLER_71_152, 94.5, 290.08, 5
FILLER_70_162, 99.9, 290.08, 5
FILLER_71_161, 99.9, 290.08, 5
_09748_, 102.6, 290.08, 5
FILLER_71_163, 102.6, 290.08, 5
FILLER_70_170, 105.3, 290.08, 5
TAP_1193, 108, 290.08, 5
FILLER_70_174, 108, 290.08, 5
FILLER_70_176, 108, 290.08, 5
FILLER_70_179, 110.7, 290.08, 5
_08789_, 118.8, 290.08, 5
FILLER_70_195, 118.8, 290.08, 5
FILLER_71_201, 121.5, 290.08, 5
FILLER_71_205, 124.2, 290.08, 5
_04742_, 126.9, 290.08, 5
FILLER_70_211, 126.9, 290.08, 5
FILLER_71_211, 126.9, 290.08, 5
TAP_1206, 129.6, 290.08, 5
FILLER_70_215, 129.6, 290.08, 5
FILLER_71_215, 129.6, 290.08, 5
_09556_, 132.3, 290.08, 5
clkbuf_leaf_2_clk, 135, 290.08, 5
FILLER_71_223, 135, 290.08, 5
TAP_1194, 148.5, 290.08, 5
FILLER_70_247, 148.5, 290.08, 5
_09550_, 151.2, 290.08, 5
_09098_, 164.7, 290.08, 5
FILLER_71_275, 164.7, 290.08, 5
FILLER_70_281, 167.4, 290.08, 5
_05202_, 170.1, 290.08, 5
_09097_, 170.1, 290.08, 5
TAP_1207, 170.1, 290.08, 5
FILLER_70_285, 170.1, 290.08, 5
_09086_, 175.5, 290.08, 5
FILLER_70_295, 175.5, 290.08, 5
FILLER_71_301, 178.2, 290.08, 5
_09085_, 180.9, 290.08, 5
FILLER_71_309, 183.6, 290.08, 5
_09973_, 186.3, 290.08, 5
FILLER_70_313, 186.3, 290.08, 5
FILLER_70_317, 186.3, 290.08, 5
TAP_1195, 189, 290.08, 5
FILLER_70_321, 189, 290.08, 5
_09297_, 194.4, 290.08, 5
FILLER_70_335, 197.1, 290.08, 5
FILLER_70_339, 199.8, 290.08, 5
FILLER_70_341, 199.8, 290.08, 5
_09268_, 202.5, 290.08, 5
_09274_, 202.5, 290.08, 5
FILLER_71_342, 202.5, 290.08, 5
FILLER_71_344, 202.5, 290.08, 5
_09083_, 207.9, 290.08, 5
TAP_1208, 207.9, 290.08, 5
FILLER_70_352, 207.9, 290.08, 5
_09095_, 210.6, 290.08, 5
_09965_, 213.3, 290.08, 5
FILLER_71_365, 213.3, 290.08, 5
_09968_, 216, 290.08, 5
_09279_, 229.5, 290.08, 5
TAP_1196, 229.5, 290.08, 5
_09285_, 232.2, 290.08, 5
FILLER_70_398, 232.2, 290.08, 5
_06749_, 234.9, 290.08, 5
_06801_, 234.9, 290.08, 5
FILLER_70_400, 234.9, 290.08, 5
FILLER_71_401, 234.9, 290.08, 5
_06748_, 243, 290.08, 5
_06803_, 243, 290.08, 5
_06714_, 245.7, 290.08, 5
FILLER_71_420, 245.7, 290.08, 5
TAP_1209, 248.4, 290.08, 5
FILLER_70_426, 248.4, 290.08, 5
_06760_, 251.1, 290.08, 5
_06786_, 251.1, 290.08, 5
FILLER_70_428, 251.1, 290.08, 5
FILLER_71_428, 251.1, 290.08, 5
_06805_, 253.8, 290.08, 5
_06762_, 256.5, 290.08, 5
_06830_, 261.9, 290.08, 5
FILLER_71_452, 261.9, 290.08, 5
_06764_, 264.6, 290.08, 5
TAP_1197, 267.3, 290.08, 5
_06731_, 270, 290.08, 5
_06806_, 270, 290.08, 5
FILLER_70_475, 275.4, 290.08, 5
_06729_, 278.1, 290.08, 5
FILLER_70_477, 278.1, 290.08, 5
FILLER_70_490, 283.5, 290.08, 5
FILLER_71_488, 283.5, 290.08, 5
_06680_, 286.2, 290.08, 5
_06774_, 286.2, 290.08, 5
_06773_, 288.9, 290.08, 5
TAP_1210, 288.9, 290.08, 5
FILLER_70_500, 288.9, 290.08, 5
_06775_, 291.6, 290.08, 5
_06693_, 294.3, 290.08, 5
_06782_, 294.3, 290.08, 5
_06781_, 297, 290.08, 5
FILLER_71_512, 297, 290.08, 5
_06738_, 299.7, 290.08, 5
FILLER_71_516, 299.7, 290.08, 5
_06739_, 302.4, 290.08, 5
FILLER_70_524, 302.4, 290.08, 5
_06736_, 307.8, 290.08, 5
TAP_1198, 307.8, 290.08, 5
FILLER_71_533, 307.8, 290.08, 5
FILLER_71_537, 310.5, 290.08, 5
_06737_, 313.2, 290.08, 5
FILLER_70_542, 313.2, 290.08, 5
FILLER_71_539, 313.2, 290.08, 5
_06810_, 315.9, 290.08, 5
FILLER_70_549, 318.6, 290.08, 5
FILLER_71_550, 318.6, 290.08, 5
FILLER_71_558, 321.3, 290.08, 5
_06765_, 324, 290.08, 5
FILLER_70_565, 326.7, 290.08, 5
_06766_, 329.4, 290.08, 5
_06767_, 329.4, 290.08, 5
TAP_1211, 329.4, 290.08, 5
FILLER_70_569, 329.4, 290.08, 5
_06808_, 334.8, 290.08, 5
FILLER_70_584, 337.5, 290.08, 5
_06826_, 342.9, 290.08, 5
_09616_, 342.9, 290.08, 5
FILLER_70_592, 342.9, 290.08, 5
FILLER_71_593, 342.9, 290.08, 5
_06784_, 348.3, 290.08, 5
TAP_1199, 348.3, 290.08, 5
FILLER_70_602, 348.3, 290.08, 5
_09998_, 353.7, 290.08, 5
FILLER_70_613, 353.7, 290.08, 5
_09355_, 361.8, 290.08, 5
TAP_1212, 367.2, 290.08, 5
FILLER_71_636, 367.2, 290.08, 5
FILLER_71_638, 367.2, 290.08, 5
_07301_, 369.9, 290.08, 5
FILLER_70_644, 369.9, 290.08, 5
_09354_, 372.6, 290.08, 5
_09996_, 372.6, 290.08, 5
_09994_, 378, 290.08, 5
_07297_, 388.8, 290.08, 5
TAP_1200, 388.8, 290.08, 5
FILLER_70_676, 388.8, 290.08, 5
_07293_, 394.2, 290.08, 5
_09636_, 394.2, 290.08, 5
FILLER_71_684, 394.2, 290.08, 5
_07298_, 396.9, 290.08, 5
FILLER_71_701, 402.3, 290.08, 5
TAP_1213, 407.7, 290.08, 5
FILLER_71_709, 407.7, 290.08, 5
FILLER_71_712, 407.7, 290.08, 5
_07001_, 410.4, 290.08, 5
FILLER_70_717, 410.4, 290.08, 5
_04803_, 413.1, 290.08, 5
_07045_, 413.1, 290.08, 5
_04801_, 415.8, 290.08, 5
_07084_, 418.5, 290.08, 5
FILLER_71_728, 418.5, 290.08, 5
_06990_, 421.2, 290.08, 5
_07086_, 423.9, 290.08, 5
_07087_, 423.9, 290.08, 5
TAP_1201, 426.6, 290.08, 5
FILLER_71_746, 426.6, 290.08, 5
_06982_, 429.3, 290.08, 5
_07085_, 429.3, 290.08, 5
FILLER_71_750, 429.3, 290.08, 5
FILLER_70_755, 432, 290.08, 5
_06972_, 434.7, 290.08, 5
_06986_, 434.7, 290.08, 5
_06975_, 437.4, 290.08, 5
_06988_, 440.1, 290.08, 5
_06981_, 448.2, 290.08, 5
TAP_1214, 448.2, 290.08, 5
_06983_, 450.9, 290.08, 5
_07091_, 453.6, 290.08, 5
_06989_, 456.3, 290.08, 5
_07090_, 456.3, 290.08, 5
_07093_, 461.7, 290.08, 5
FILLER_71_806, 461.7, 290.08, 5
TAP_1202, 467.1, 290.08, 5
FILLER_70_815, 467.1, 290.08, 5
FILLER_70_818, 467.1, 290.08, 5
FILLER_71_822, 469.8, 290.08, 5
_07122_, 472.5, 290.08, 5
_07124_, 472.5, 290.08, 5
FILLER_70_826, 472.5, 290.08, 5
FILLER_71_826, 472.5, 290.08, 5
_07142_, 477.9, 290.08, 5
FILLER_70_844, 483.3, 290.08, 5
_07097_, 486, 290.08, 5
TAP_1215, 486, 290.08, 5
FILLER_70_848, 486, 290.08, 5
FILLER_71_850, 486, 290.08, 5
_07140_, 488.7, 290.08, 5
FILLER_70_855, 488.7, 290.08, 5
_07121_, 494.1, 290.08, 5
FILLER_70_863, 494.1, 290.08, 5
FILLER_70_865, 494.1, 290.08, 5
FILLER_71_862, 494.1, 290.08, 5
FILLER_71_866, 494.1, 290.08, 5
_07052_, 496.8, 290.08, 5
FILLER_71_875, 499.5, 290.08, 5
_07120_, 502.2, 290.08, 5
FILLER_70_884, 504.9, 290.08, 5
FILLER_70_886, 504.9, 290.08, 5
FILLER_71_883, 504.9, 290.08, 5
_07068_, 507.6, 290.08, 5
_07143_, 507.6, 290.08, 5
TAP_1203, 507.6, 290.08, 5
FILLER_71_887, 507.6, 290.08, 5
FILLER_71_889, 507.6, 290.08, 5
FILLER_70_895, 510.3, 290.08, 5
FILLER_70_899, 513, 290.08, 5
_07101_, 515.7, 290.08, 5
_07102_, 518.4, 290.08, 5
_07103_, 518.4, 290.08, 5
FILLER_71_906, 518.4, 290.08, 5
FILLER_71_908, 518.4, 290.08, 5
_07195_, 523.8, 290.08, 5
FILLER_70_919, 523.8, 290.08, 5
_07173_, 526.5, 290.08, 5
TAP_1216, 526.5, 290.08, 5
FILLER_70_921, 526.5, 290.08, 5
_07112_, 529.2, 290.08, 5
_07104_, 531.9, 290.08, 5
_07171_, 534.6, 290.08, 5
PHY_141, 537.3, 290.08, 5
PHY_143, 537.3, 290.08, 5
FILLER_70_942, 537.3, 290.08, 5
_09768_, 10.8, 282.24, 5
PHY_136, 10.8, 282.24, 5
PHY_138, 10.8, 282.24, 5
FILLER_68_2, 10.8, 282.24, 5
FILLER_68_18, 18.9, 282.24, 5
_08818_, 27, 282.24, 5
FILLER_69_31, 27, 282.24, 5
_08814_, 29.7, 282.24, 5
TAP_1165, 29.7, 282.24, 5
FILLER_68_34, 29.7, 282.24, 5
_04848_, 32.4, 282.24, 5
_05159_, 35.1, 282.24, 5
_05149_, 37.8, 282.24, 5
_05152_, 40.5, 282.24, 5
_05158_, 40.5, 282.24, 5
_08812_, 43.2, 282.24, 5
TAP_1178, 48.6, 282.24, 5
_09765_, 51.3, 282.24, 5
FILLER_69_73, 51.3, 282.24, 5
FILLER_69_75, 51.3, 282.24, 5
_08801_, 62.1, 282.24, 5
FILLER_68_100, 64.8, 282.24, 5
FILLER_68_104, 67.5, 282.24, 5
_08811_, 70.2, 282.24, 5
TAP_1166, 70.2, 282.24, 5
FILLER_68_108, 70.2, 282.24, 5
_09744_, 72.9, 282.24, 5
_09745_, 72.9, 282.24, 5
FILLER_68_112, 72.9, 282.24, 5
FILLER_69_110, 72.9, 282.24, 5
_09439_, 89.1, 282.24, 5
TAP_1179, 89.1, 282.24, 5
FILLER_69_141, 89.1, 282.24, 5
_05278_, 91.8, 282.24, 5
FILLER_69_153, 94.5, 282.24, 5
_05020_, 97.2, 282.24, 5
FILLER_69_161, 99.9, 282.24, 5
_05286_, 105.3, 282.24, 5
FILLER_68_171, 105.3, 282.24, 5
FILLER_69_169, 105.3, 282.24, 5
FILLER_69_171, 105.3, 282.24, 5
TAP_1167, 108, 282.24, 5
FILLER_68_175, 108, 282.24, 5
_05084_, 110.7, 282.24, 5
FILLER_69_182, 110.7, 282.24, 5
FILLER_68_183, 113.4, 282.24, 5
_09440_, 116.1, 282.24, 5
FILLER_68_187, 116.1, 282.24, 5
FILLER_69_198, 121.5, 282.24, 5
FILLER_69_206, 124.2, 282.24, 5
FILLER_69_210, 126.9, 282.24, 5
TAP_1180, 129.6, 282.24, 5
FILLER_69_212, 129.6, 282.24, 5
FILLER_69_215, 129.6, 282.24, 5
_05605_, 132.3, 282.24, 5
FILLER_68_217, 132.3, 282.24, 5
FILLER_69_224, 135, 282.24, 5
_05634_, 137.7, 282.24, 5
FILLER_68_233, 140.4, 282.24, 5
FILLER_69_234, 140.4, 282.24, 5
_05431_, 143.1, 282.24, 5
FILLER_68_237, 143.1, 282.24, 5
FILLER_68_239, 143.1, 282.24, 5
_05576_, 145.8, 282.24, 5
TAP_1168, 148.5, 282.24, 5
FILLER_69_246, 148.5, 282.24, 5
_09555_, 151.2, 282.24, 5
repeater6, 151.2, 282.24, 5
_05207_, 164.7, 282.24, 5
FILLER_69_281, 167.4, 282.24, 5
FILLER_69_283, 167.4, 282.24, 5
_09892_, 170.1, 282.24, 5
TAP_1181, 170.1, 282.24, 5
FILLER_68_295, 175.5, 282.24, 5
_05215_, 178.2, 282.24, 5
FILLER_68_299, 178.2, 282.24, 5
_09292_, 186.3, 282.24, 5
FILLER_69_315, 186.3, 282.24, 5
_04720_, 189, 282.24, 5
TAP_1169, 189, 282.24, 5
_09960_, 191.7, 282.24, 5
_09291_, 194.4, 282.24, 5
FILLER_68_333, 197.1, 282.24, 5
FILLER_68_341, 199.8, 282.24, 5
_09084_, 202.5, 282.24, 5
TAP_1182, 207.9, 282.24, 5
_05239_, 210.6, 282.24, 5
_09076_, 216, 282.24, 5
_09280_, 224.1, 282.24, 5
FILLER_68_384, 224.1, 282.24, 5
FILLER_68_388, 226.8, 282.24, 5
TAP_1170, 229.5, 282.24, 5
FILLER_68_392, 229.5, 282.24, 5
FILLER_69_391, 229.5, 282.24, 5
_06802_, 232.2, 282.24, 5
_06757_, 234.9, 282.24, 5
_06789_, 234.9, 282.24, 5
_06788_, 237.6, 282.24, 5
_06800_, 237.6, 282.24, 5
_06854_, 240.3, 282.24, 5
_06855_, 240.3, 282.24, 5
FILLER_68_411, 240.3, 282.24, 5
_06719_, 245.7, 282.24, 5
_06791_, 245.7, 282.24, 5
_06857_, 248.4, 282.24, 5
TAP_1183, 248.4, 282.24, 5
clkbuf_1_1__f_clk, 251.1, 282.24, 5
_06756_, 253.8, 282.24, 5
_06763_, 261.9, 282.24, 5
FILLER_68_449, 261.9, 282.24, 5
FILLER_68_451, 261.9, 282.24, 5
TAP_1171, 267.3, 282.24, 5
FILLER_68_460, 267.3, 282.24, 5
_06772_, 270, 282.24, 5
_06771_, 278.1, 282.24, 5
FILLER_69_478, 278.1, 282.24, 5
FILLER_69_485, 280.8, 282.24, 5
_06730_, 283.5, 282.24, 5
_06815_, 283.5, 282.24, 5
FILLER_69_487, 283.5, 282.24, 5
FILLER_69_494, 286.2, 282.24, 5
_06804_, 288.9, 282.24, 5
_06816_, 288.9, 282.24, 5
TAP_1184, 288.9, 282.24, 5
FILLER_69_496, 288.9, 282.24, 5
FILLER_69_504, 291.6, 282.24, 5
_06776_, 294.3, 282.24, 5
_06818_, 294.3, 282.24, 5
FILLER_69_506, 294.3, 282.24, 5
_06780_, 297, 282.24, 5
FILLER_69_513, 297, 282.24, 5
_06779_, 299.7, 282.24, 5
FILLER_69_515, 299.7, 282.24, 5
_06819_, 302.4, 282.24, 5
FILLER_68_526, 305.1, 282.24, 5
FILLER_69_526, 305.1, 282.24, 5
_06823_, 307.8, 282.24, 5
TAP_1172, 307.8, 282.24, 5
FILLER_68_530, 307.8, 282.24, 5
FILLER_68_534, 307.8, 282.24, 5
_06820_, 310.5, 282.24, 5
_06821_, 310.5, 282.24, 5
_06822_, 313.2, 282.24, 5
FILLER_68_548, 315.9, 282.24, 5
_06824_, 318.6, 282.24, 5
FILLER_69_558, 321.3, 282.24, 5
_06807_, 324, 282.24, 5
FILLER_68_564, 326.7, 282.24, 5
_06809_, 329.4, 282.24, 5
TAP_1185, 329.4, 282.24, 5
FILLER_68_572, 329.4, 282.24, 5
_06829_, 332.1, 282.24, 5
_06876_, 334.8, 282.24, 5
FILLER_68_590, 340.2, 282.24, 5
_06825_, 342.9, 282.24, 5
FILLER_68_594, 342.9, 282.24, 5
FILLER_68_596, 342.9, 282.24, 5
_06827_, 345.6, 282.24, 5
_09617_, 345.6, 282.24, 5
_06875_, 348.3, 282.24, 5
TAP_1173, 348.3, 282.24, 5
FILLER_68_613, 353.7, 282.24, 5
_09308_, 356.4, 282.24, 5
FILLER_68_617, 356.4, 282.24, 5
FILLER_68_619, 356.4, 282.24, 5
_09307_, 361.8, 282.24, 5
FILLER_69_632, 364.5, 282.24, 5
TAP_1186, 367.2, 282.24, 5
FILLER_68_636, 367.2, 282.24, 5
FILLER_68_640, 367.2, 282.24, 5
FILLER_69_636, 367.2, 282.24, 5
FILLER_69_638, 367.2, 282.24, 5
_08733_, 369.9, 282.24, 5
FILLER_68_642, 369.9, 282.24, 5
FILLER_69_641, 369.9, 282.24, 5
FILLER_68_651, 375.3, 282.24, 5
_09351_, 378, 282.24, 5
FILLER_68_659, 378, 282.24, 5
_09349_, 380.7, 282.24, 5
_09350_, 383.4, 282.24, 5
FILLER_68_671, 386.1, 282.24, 5
FILLER_68_673, 386.1, 282.24, 5
FILLER_69_673, 386.1, 282.24, 5
_09348_, 388.8, 282.24, 5
TAP_1174, 388.8, 282.24, 5
_07295_, 391.5, 282.24, 5
_09635_, 391.5, 282.24, 5
FILLER_68_682, 391.5, 282.24, 5
FILLER_69_681, 391.5, 282.24, 5
_07296_, 396.9, 282.24, 5
FILLER_69_699, 402.3, 282.24, 5
_04802_, 405, 282.24, 5
FILLER_69_703, 405, 282.24, 5
TAP_1187, 407.7, 282.24, 5
FILLER_68_712, 407.7, 282.24, 5
FILLER_69_712, 407.7, 282.24, 5
_07003_, 410.4, 282.24, 5
FILLER_68_716, 410.4, 282.24, 5
FILLER_69_716, 410.4, 282.24, 5
_07004_, 413.1, 282.24, 5
_07046_, 418.5, 282.24, 5
FILLER_69_736, 421.2, 282.24, 5
_07009_, 423.9, 282.24, 5
FILLER_69_740, 423.9, 282.24, 5
TAP_1175, 426.6, 282.24, 5
FILLER_68_742, 426.6, 282.24, 5
FILLER_68_744, 426.6, 282.24, 5
_07048_, 429.3, 282.24, 5
_07079_, 429.3, 282.24, 5
_07047_, 432, 282.24, 5
FILLER_69_754, 432, 282.24, 5
_06987_, 434.7, 282.24, 5
FILLER_68_760, 434.7, 282.24, 5
_07013_, 437.4, 282.24, 5
_06974_, 440.1, 282.24, 5
_07021_, 440.1, 282.24, 5
FILLER_69_777, 445.5, 282.24, 5
_07050_, 448.2, 282.24, 5
TAP_1188, 448.2, 282.24, 5
FILLER_69_783, 448.2, 282.24, 5
_07054_, 450.9, 282.24, 5
_07055_, 450.9, 282.24, 5
_07056_, 456.3, 282.24, 5
_07078_, 456.3, 282.24, 5
FILLER_69_798, 456.3, 282.24, 5
FILLER_68_807, 461.7, 282.24, 5
_07096_, 464.4, 282.24, 5
FILLER_68_809, 464.4, 282.24, 5
_07095_, 467.1, 282.24, 5
TAP_1176, 467.1, 282.24, 5
_07094_, 469.8, 282.24, 5
_07076_, 472.5, 282.24, 5
FILLER_68_826, 472.5, 282.24, 5
_07098_, 477.9, 282.24, 5
FILLER_68_834, 477.9, 282.24, 5
_07014_, 480.6, 282.24, 5
_07077_, 480.6, 282.24, 5
FILLER_68_838, 480.6, 282.24, 5
_07038_, 483.3, 282.24, 5
FILLER_69_846, 483.3, 282.24, 5
_07011_, 486, 282.24, 5
TAP_1189, 486, 282.24, 5
FILLER_69_850, 486, 282.24, 5
_07075_, 488.7, 282.24, 5
_07037_, 491.4, 282.24, 5
_07032_, 494.1, 282.24, 5
_07074_, 494.1, 282.24, 5
FILLER_69_871, 496.8, 282.24, 5
_07035_, 499.5, 282.24, 5
FILLER_69_875, 499.5, 282.24, 5
_07119_, 502.2, 282.24, 5
FILLER_68_880, 502.2, 282.24, 5
FILLER_69_877, 502.2, 282.24, 5
_07100_, 504.9, 282.24, 5
FILLER_68_886, 504.9, 282.24, 5
_07118_, 507.6, 282.24, 5
TAP_1177, 507.6, 282.24, 5
FILLER_68_889, 507.6, 282.24, 5
_07064_, 510.3, 282.24, 5
FILLER_68_896, 513, 282.24, 5
FILLER_69_896, 513, 282.24, 5
FILLER_69_900, 513, 282.24, 5
_07061_, 515.7, 282.24, 5
FILLER_68_904, 515.7, 282.24, 5
_07070_, 518.4, 282.24, 5
_07105_, 518.4, 282.24, 5
_07062_, 521.1, 282.24, 5
_07113_, 521.1, 282.24, 5
FILLER_68_912, 521.1, 282.24, 5
TAP_1190, 526.5, 282.24, 5
FILLER_69_921, 526.5, 282.24, 5
_07117_, 529.2, 282.24, 5
_07114_, 534.6, 282.24, 5
FILLER_69_937, 534.6, 282.24, 5
PHY_137, 537.3, 282.24, 5
PHY_139, 537.3, 282.24, 5
FILLER_68_941, 537.3, 282.24, 5
FILLER_68_943, 537.3, 282.24, 5
FILLER_69_941, 537.3, 282.24, 5
FILLER_69_943, 537.3, 282.24, 5
PHY_132, 10.8, 274.4, 5
PHY_134, 10.8, 274.4, 5
FILLER_66_2, 10.8, 274.4, 5
FILLER_67_2, 10.8, 274.4, 5
_09766_, 18.9, 274.4, 5
FILLER_66_18, 18.9, 274.4, 5
FILLER_66_26, 24.3, 274.4, 5
_08815_, 27, 274.4, 5
FILLER_66_28, 27, 274.4, 5
TAP_1139, 29.7, 274.4, 5
FILLER_66_37, 29.7, 274.4, 5
_08803_, 32.4, 274.4, 5
_08805_, 35.1, 274.4, 5
_09763_, 35.1, 274.4, 5
_05150_, 40.5, 274.4, 5
TAP_1152, 48.6, 274.4, 5
_05157_, 51.3, 274.4, 5
FILLER_67_73, 51.3, 274.4, 5
_08809_, 54, 274.4, 5
_09764_, 56.7, 274.4, 5
FILLER_66_81, 56.7, 274.4, 5
FILLER_66_97, 64.8, 274.4, 5
TAP_1140, 70.2, 274.4, 5
FILLER_66_105, 70.2, 274.4, 5
FILLER_66_108, 70.2, 274.4, 5
FILLER_67_116, 75.6, 274.4, 5
FILLER_66_124, 78.3, 274.4, 5
_05280_, 81, 274.4, 5
FILLER_66_128, 81, 274.4, 5
FILLER_67_132, 83.7, 274.4, 5
_04894_, 89.1, 274.4, 5
_09455_, 89.1, 274.4, 5
TAP_1153, 89.1, 274.4, 5
FILLER_67_140, 89.1, 274.4, 5
FILLER_67_144, 91.8, 274.4, 5
FILLER_67_148, 91.8, 274.4, 5
_05284_, 94.5, 274.4, 5
FILLER_67_150, 94.5, 274.4, 5
_09441_, 99.9, 274.4, 5
FILLER_67_161, 99.9, 274.4, 5
_05022_, 105.3, 274.4, 5
TAP_1141, 108, 274.4, 5
FILLER_66_176, 108, 274.4, 5
_05306_, 110.7, 274.4, 5
FILLER_66_179, 110.7, 274.4, 5
_05624_, 116.1, 274.4, 5
FILLER_67_191, 116.1, 274.4, 5
_05285_, 118.8, 274.4, 5
_05086_, 121.5, 274.4, 5
_05052_, 124.2, 274.4, 5
_09456_, 124.2, 274.4, 5
FILLER_67_207, 126.9, 274.4, 5
FILLER_67_211, 126.9, 274.4, 5
TAP_1154, 129.6, 274.4, 5
FILLER_67_215, 129.6, 274.4, 5
_05586_, 132.3, 274.4, 5
FILLER_67_217, 132.3, 274.4, 5
FILLER_67_227, 137.7, 274.4, 5
_05054_, 140.4, 274.4, 5
FILLER_66_236, 143.1, 274.4, 5
_05547_, 145.8, 274.4, 5
_09553_, 145.8, 274.4, 5
TAP_1142, 148.5, 274.4, 5
_05518_, 151.2, 274.4, 5
FILLER_66_258, 153.9, 274.4, 5
_09893_, 156.6, 274.4, 5
FILLER_66_262, 156.6, 274.4, 5
_05205_, 164.7, 274.4, 5
FILLER_67_274, 164.7, 274.4, 5
_09089_, 170.1, 274.4, 5
TAP_1155, 170.1, 274.4, 5
_05206_, 172.8, 274.4, 5
_09094_, 175.5, 274.4, 5
FILLER_67_294, 175.5, 274.4, 5
_09093_, 180.9, 274.4, 5
_09970_, 183.6, 274.4, 5
FILLER_66_316, 186.3, 274.4, 5
_09971_, 189, 274.4, 5
TAP_1143, 189, 274.4, 5
FILLER_66_318, 189, 274.4, 5
FILLER_67_340, 199.8, 274.4, 5
_09088_, 205.2, 274.4, 5
_09267_, 205.2, 274.4, 5
TAP_1156, 207.9, 274.4, 5
FILLER_67_354, 207.9, 274.4, 5
_09283_, 210.6, 274.4, 5
_09967_, 213.3, 274.4, 5
_09282_, 218.7, 274.4, 5
_05226_, 224.1, 274.4, 5
FILLER_66_383, 224.1, 274.4, 5
_05227_, 229.5, 274.4, 5
_09284_, 229.5, 274.4, 5
TAP_1144, 229.5, 274.4, 5
_06799_, 234.9, 274.4, 5
FILLER_67_402, 234.9, 274.4, 5
_06831_, 243, 274.4, 5
_06877_, 243, 274.4, 5
FILLER_67_416, 243, 274.4, 5
_06797_, 248.4, 274.4, 5
TAP_1157, 248.4, 274.4, 5
FILLER_66_424, 248.4, 274.4, 5
_06755_, 251.1, 274.4, 5
FILLER_67_428, 251.1, 274.4, 5
_06856_, 256.5, 274.4, 5
_06720_, 259.2, 274.4, 5
_06734_, 261.9, 274.4, 5
_06753_, 261.9, 274.4, 5
FILLER_67_449, 261.9, 274.4, 5
_06750_, 264.6, 274.4, 5
_06761_, 264.6, 274.4, 5
_06769_, 267.3, 274.4, 5
TAP_1145, 267.3, 274.4, 5
FILLER_66_459, 267.3, 274.4, 5
_06768_, 270, 274.4, 5
_06811_, 270, 274.4, 5
FILLER_66_463, 270, 274.4, 5
_06770_, 275.4, 274.4, 5
FILLER_67_473, 275.4, 274.4, 5
_06813_, 278.1, 274.4, 5
_06867_, 283.5, 274.4, 5
FILLER_67_487, 283.5, 274.4, 5
_06814_, 286.2, 274.4, 5
_06817_, 288.9, 274.4, 5
TAP_1158, 288.9, 274.4, 5
FILLER_66_500, 288.9, 274.4, 5
_06866_, 291.6, 274.4, 5
FILLER_67_507, 294.3, 274.4, 5
_06778_, 297, 274.4, 5
_06868_, 297, 274.4, 5
FILLER_67_511, 297, 274.4, 5
FILLER_67_513, 297, 274.4, 5
_06956_, 299.7, 274.4, 5
FILLER_66_518, 299.7, 274.4, 5
FILLER_67_522, 302.4, 274.4, 5
FILLER_66_528, 305.1, 274.4, 5
TAP_1146, 307.8, 274.4, 5
FILLER_66_534, 307.8, 274.4, 5
_06869_, 310.5, 274.4, 5
FILLER_67_538, 310.5, 274.4, 5
_06870_, 313.2, 274.4, 5
FILLER_67_546, 315.9, 274.4, 5
_06871_, 318.6, 274.4, 5
_06873_, 318.6, 274.4, 5
FILLER_67_550, 318.6, 274.4, 5
_06861_, 324, 274.4, 5
FILLER_66_559, 324, 274.4, 5
FILLER_66_567, 326.7, 274.4, 5
FILLER_67_565, 326.7, 274.4, 5
FILLER_67_567, 326.7, 274.4, 5
_06860_, 329.4, 274.4, 5
TAP_1159, 329.4, 274.4, 5
FILLER_66_571, 329.4, 274.4, 5
_06858_, 332.1, 274.4, 5
_06859_, 334.8, 274.4, 5
FILLER_66_589, 340.2, 274.4, 5
_06874_, 342.9, 274.4, 5
FILLER_66_597, 345.6, 274.4, 5
FILLER_66_601, 345.6, 274.4, 5
_06828_, 348.3, 274.4, 5
_09618_, 348.3, 274.4, 5
TAP_1147, 348.3, 274.4, 5
_09977_, 351, 274.4, 5
FILLER_67_608, 351, 274.4, 5
_09721_, 367.2, 274.4, 5
TAP_1160, 367.2, 274.4, 5
FILLER_66_636, 367.2, 274.4, 5
_08732_, 369.9, 274.4, 5
FILLER_67_649, 372.6, 274.4, 5
_04752_, 375.3, 274.4, 5
_09995_, 378, 274.4, 5
FILLER_66_673, 386.1, 274.4, 5
_08451_, 388.8, 274.4, 5
TAP_1148, 388.8, 274.4, 5
_04797_, 394.2, 274.4, 5
FILLER_67_684, 394.2, 274.4, 5
_04798_, 396.9, 274.4, 5
_08424_, 396.9, 274.4, 5
_08422_, 399.6, 274.4, 5
FILLER_67_707, 405, 274.4, 5
TAP_1161, 407.7, 274.4, 5
FILLER_67_709, 407.7, 274.4, 5
FILLER_67_712, 407.7, 274.4, 5
_08578_, 410.4, 274.4, 5
FILLER_67_716, 410.4, 274.4, 5
_07006_, 413.1, 274.4, 5
_07049_, 426.6, 274.4, 5
TAP_1149, 426.6, 274.4, 5
FILLER_66_743, 426.6, 274.4, 5
_07044_, 429.3, 274.4, 5
_07007_, 432, 274.4, 5
_07015_, 434.7, 274.4, 5
_07016_, 440.1, 274.4, 5
_07026_, 440.1, 274.4, 5
FILLER_67_767, 440.1, 274.4, 5
_07022_, 448.2, 274.4, 5
_07025_, 448.2, 274.4, 5
TAP_1162, 448.2, 274.4, 5
FILLER_66_788, 450.9, 274.4, 5
_07040_, 453.6, 274.4, 5
_07051_, 453.6, 274.4, 5
FILLER_67_793, 453.6, 274.4, 5
_07059_, 456.3, 274.4, 5
_07057_, 461.7, 274.4, 5
FILLER_67_807, 461.7, 274.4, 5
_09629_, 467.1, 274.4, 5
TAP_1150, 467.1, 274.4, 5
FILLER_66_815, 467.1, 274.4, 5
FILLER_66_818, 467.1, 274.4, 5
FILLER_67_815, 467.1, 274.4, 5
FILLER_66_826, 472.5, 274.4, 5
_06979_, 475.2, 274.4, 5
FILLER_66_830, 475.2, 274.4, 5
FILLER_66_841, 480.6, 274.4, 5
_07039_, 483.3, 274.4, 5
FILLER_66_843, 483.3, 274.4, 5
TAP_1163, 486, 274.4, 5
_07012_, 488.7, 274.4, 5
FILLER_66_856, 488.7, 274.4, 5
_07030_, 491.4, 274.4, 5
_07073_, 491.4, 274.4, 5
FILLER_66_860, 491.4, 274.4, 5
_07036_, 496.8, 274.4, 5
_07072_, 496.8, 274.4, 5
_07031_, 502.2, 274.4, 5
_07099_, 504.9, 274.4, 5
FILLER_66_884, 504.9, 274.4, 5
FILLER_66_886, 504.9, 274.4, 5
TAP_1151, 507.6, 274.4, 5
FILLER_66_889, 507.6, 274.4, 5
_07029_, 510.3, 274.4, 5
_07069_, 510.3, 274.4, 5
FILLER_66_893, 510.3, 274.4, 5
_07063_, 513, 274.4, 5
_07071_, 515.7, 274.4, 5
FILLER_66_913, 521.1, 274.4, 5
_07028_, 523.8, 274.4, 5
TAP_1164, 526.5, 274.4, 5
FILLER_67_922, 526.5, 274.4, 5
_07116_, 529.2, 274.4, 5
FILLER_66_929, 529.2, 274.4, 5
FILLER_67_925, 529.2, 274.4, 5
_07144_, 531.9, 274.4, 5
FILLER_66_931, 531.9, 274.4, 5
_07115_, 534.6, 274.4, 5
PHY_133, 537.3, 274.4, 5
PHY_135, 537.3, 274.4, 5
FILLER_66_940, 537.3, 274.4, 5
FILLER_67_943, 537.3, 274.4, 5
_09739_, 10.8, 266.56, 5
PHY_128, 10.8, 266.56, 5
PHY_130, 10.8, 266.56, 5
FILLER_65_2, 10.8, 266.56, 5
FILLER_65_18, 18.9, 266.56, 5
_05541_, 24.3, 266.56, 5
FILLER_65_26, 24.3, 266.56, 5
_05008_, 27, 266.56, 5
TAP_1113, 29.7, 266.56, 5
FILLER_64_37, 29.7, 266.56, 5
FILLER_65_36, 29.7, 266.56, 5
_08747_, 32.4, 266.56, 5
_09762_, 32.4, 266.56, 5
FILLER_64_41, 32.4, 266.56, 5
FILLER_65_38, 32.4, 266.56, 5
FILLER_64_51, 37.8, 266.56, 5
FILLER_64_55, 40.5, 266.56, 5
_08804_, 43.2, 266.56, 5
FILLER_64_57, 43.2, 266.56, 5
_04844_, 45.9, 266.56, 5
TAP_1126, 48.6, 266.56, 5
FILLER_65_68, 48.6, 266.56, 5
FILLER_65_70, 48.6, 266.56, 5
_09872_, 51.3, 266.56, 5
FILLER_65_73, 51.3, 266.56, 5
_05042_, 67.5, 266.56, 5
_05040_, 70.2, 266.56, 5
_09435_, 70.2, 266.56, 5
TAP_1114, 70.2, 266.56, 5
_09451_, 72.9, 266.56, 5
_04892_, 86.4, 266.56, 5
_05300_, 89.1, 266.56, 5
TAP_1127, 89.1, 266.56, 5
FILLER_65_140, 89.1, 266.56, 5
repeater9, 91.8, 266.56, 5
_05304_, 94.5, 266.56, 5
FILLER_64_151, 94.5, 266.56, 5
FILLER_64_162, 99.9, 266.56, 5
_05551_, 102.6, 266.56, 5
_09457_, 105.3, 266.56, 5
TAP_1115, 108, 266.56, 5
FILLER_64_173, 108, 266.56, 5
FILLER_64_179, 110.7, 266.56, 5
_09438_, 116.1, 266.56, 5
FILLER_65_199, 121.5, 266.56, 5
FILLER_65_201, 121.5, 266.56, 5
_04988_, 124.2, 266.56, 5
FILLER_65_206, 124.2, 266.56, 5
FILLER_65_210, 126.9, 266.56, 5
_05305_, 129.6, 266.56, 5
TAP_1128, 129.6, 266.56, 5
FILLER_65_212, 129.6, 266.56, 5
_09454_, 132.3, 266.56, 5
_05528_, 135, 266.56, 5
FILLER_65_234, 140.4, 266.56, 5
_09554_, 143.1, 266.56, 5
FILLER_65_238, 143.1, 266.56, 5
TAP_1116, 148.5, 266.56, 5
FILLER_64_245, 148.5, 266.56, 5
FILLER_64_247, 148.5, 266.56, 5
FILLER_64_250, 151.2, 266.56, 5
FILLER_64_254, 151.2, 266.56, 5
_09551_, 153.9, 266.56, 5
FILLER_65_270, 162, 266.56, 5
_09090_, 164.7, 266.56, 5
FILLER_65_274, 164.7, 266.56, 5
_09894_, 170.1, 266.56, 5
TAP_1129, 170.1, 266.56, 5
FILLER_64_287, 170.1, 266.56, 5
_05204_, 175.5, 266.56, 5
FILLER_64_295, 175.5, 266.56, 5
_09296_, 186.3, 266.56, 5
FILLER_64_315, 186.3, 266.56, 5
TAP_1117, 189, 266.56, 5
FILLER_64_321, 189, 266.56, 5
_05214_, 191.7, 266.56, 5
_09294_, 191.7, 266.56, 5
_09293_, 197.1, 266.56, 5
_09092_, 199.8, 266.56, 5
_09295_, 199.8, 266.56, 5
FILLER_64_339, 199.8, 266.56, 5
_09091_, 205.2, 266.56, 5
TAP_1130, 207.9, 266.56, 5
_09966_, 210.6, 266.56, 5
FILLER_65_357, 210.6, 266.56, 5
FILLER_65_359, 210.6, 266.56, 5
FILLER_64_364, 213.3, 266.56, 5
_09281_, 216, 266.56, 5
FILLER_64_368, 216, 266.56, 5
FILLER_64_376, 221.4, 266.56, 5
FILLER_64_384, 224.1, 266.56, 5
FILLER_64_388, 226.8, 266.56, 5
FILLER_65_389, 226.8, 266.56, 5
_06790_, 229.5, 266.56, 5
_06851_, 229.5, 266.56, 5
TAP_1118, 229.5, 266.56, 5
_05236_, 232.2, 266.56, 5
FILLER_64_397, 232.2, 266.56, 5
_06787_, 243, 266.56, 5
_06735_, 245.7, 266.56, 5
_06853_, 245.7, 266.56, 5
TAP_1131, 248.4, 266.56, 5
_06798_, 251.1, 266.56, 5
_06834_, 253.8, 266.56, 5
_06796_, 259.2, 266.56, 5
FILLER_64_446, 259.2, 266.56, 5
_06842_, 261.9, 266.56, 5
FILLER_64_448, 261.9, 266.56, 5
_06839_, 264.6, 266.56, 5
_06852_, 264.6, 266.56, 5
FILLER_65_453, 264.6, 266.56, 5
_06754_, 267.3, 266.56, 5
TAP_1119, 267.3, 266.56, 5
_06777_, 270, 266.56, 5
_06903_, 270, 266.56, 5
_06752_, 272.7, 266.56, 5
FILLER_65_470, 272.7, 266.56, 5
_06812_, 275.4, 266.56, 5
_06862_, 275.4, 266.56, 5
FILLER_65_472, 275.4, 266.56, 5
_06863_, 278.1, 266.56, 5
_06910_, 278.1, 266.56, 5
FILLER_65_489, 283.5, 266.56, 5
_06952_, 286.2, 266.56, 5
_06865_, 288.9, 266.56, 5
TAP_1132, 288.9, 266.56, 5
FILLER_64_498, 288.9, 266.56, 5
_06913_, 294.3, 266.56, 5
_06951_, 297, 266.56, 5
FILLER_65_511, 297, 266.56, 5
FILLER_65_513, 297, 266.56, 5
_06949_, 299.7, 266.56, 5
FILLER_64_516, 299.7, 266.56, 5
_06957_, 302.4, 266.56, 5
_06916_, 305.1, 266.56, 5
_06955_, 307.8, 266.56, 5
TAP_1120, 307.8, 266.56, 5
FILLER_64_530, 307.8, 266.56, 5
FILLER_64_534, 307.8, 266.56, 5
_06917_, 310.5, 266.56, 5
_06918_, 310.5, 266.56, 5
FILLER_65_537, 310.5, 266.56, 5
_06919_, 313.2, 266.56, 5
_06872_, 318.6, 266.56, 5
_06920_, 318.6, 266.56, 5
_06669_, 321.3, 266.56, 5
_06959_, 321.3, 266.56, 5
FILLER_65_561, 324, 266.56, 5
FILLER_64_565, 326.7, 266.56, 5
FILLER_65_565, 326.7, 266.56, 5
FILLER_65_567, 326.7, 266.56, 5
TAP_1133, 329.4, 266.56, 5
FILLER_65_570, 329.4, 266.56, 5
_06925_, 332.1, 266.56, 5
_06946_, 332.1, 266.56, 5
FILLER_64_573, 332.1, 266.56, 5
FILLER_65_574, 332.1, 266.56, 5
_06960_, 337.5, 266.56, 5
FILLER_65_591, 340.2, 266.56, 5
_06961_, 342.9, 266.56, 5
_06947_, 345.6, 266.56, 5
TAP_1121, 348.3, 266.56, 5
FILLER_64_605, 348.3, 266.56, 5
FILLER_65_603, 348.3, 266.56, 5
FILLER_64_613, 353.7, 266.56, 5
_09310_, 356.4, 266.56, 5
FILLER_64_617, 356.4, 266.56, 5
FILLER_64_619, 356.4, 266.56, 5
FILLER_65_619, 356.4, 266.56, 5
FILLER_64_630, 361.8, 266.56, 5
_04751_, 364.5, 266.56, 5
_09722_, 364.5, 266.56, 5
FILLER_65_635, 364.5, 266.56, 5
TAP_1134, 367.2, 266.56, 5
_08483_, 369.9, 266.56, 5
_08452_, 383.4, 266.56, 5
FILLER_64_671, 386.1, 266.56, 5
FILLER_64_673, 386.1, 266.56, 5
_08389_, 388.8, 266.56, 5
TAP_1122, 388.8, 266.56, 5
_08387_, 399.6, 266.56, 5
_08391_, 399.6, 266.56, 5
FILLER_64_694, 399.6, 266.56, 5
_08528_, 407.7, 266.56, 5
TAP_1135, 407.7, 266.56, 5
FILLER_65_708, 407.7, 266.56, 5
_08682_, 413.1, 266.56, 5
_06999_, 423.9, 266.56, 5
_07008_, 423.9, 266.56, 5
TAP_1123, 426.6, 266.56, 5
FILLER_64_742, 426.6, 266.56, 5
FILLER_64_744, 426.6, 266.56, 5
_07005_, 429.3, 266.56, 5
_08633_, 429.3, 266.56, 5
_04807_, 432, 266.56, 5
FILLER_65_752, 432, 266.56, 5
_07018_, 437.4, 266.56, 5
_07010_, 442.8, 266.56, 5
_07020_, 442.8, 266.56, 5
_07019_, 448.2, 266.56, 5
_07024_, 448.2, 266.56, 5
TAP_1136, 448.2, 266.56, 5
_07041_, 450.9, 266.56, 5
FILLER_64_789, 450.9, 266.56, 5
FILLER_64_793, 453.6, 266.56, 5
_07042_, 456.3, 266.56, 5
_07043_, 456.3, 266.56, 5
FILLER_64_795, 456.3, 266.56, 5
FILLER_64_802, 459, 266.56, 5
_07058_, 461.7, 266.56, 5
FILLER_64_810, 464.4, 266.56, 5
_07027_, 467.1, 266.56, 5
TAP_1124, 467.1, 266.56, 5
FILLER_64_814, 467.1, 266.56, 5
FILLER_64_818, 467.1, 266.56, 5
_08671_, 469.8, 266.56, 5
_09708_, 469.8, 266.56, 5
FILLER_65_820, 469.8, 266.56, 5
FILLER_64_824, 472.5, 266.56, 5
FILLER_64_832, 475.2, 266.56, 5
_08670_, 477.9, 266.56, 5
_08615_, 480.6, 266.56, 5
FILLER_64_847, 483.3, 266.56, 5
TAP_1137, 486, 266.56, 5
FILLER_64_851, 486, 266.56, 5
_08559_, 488.7, 266.56, 5
FILLER_64_853, 488.7, 266.56, 5
FILLER_65_854, 488.7, 266.56, 5
_08560_, 494.1, 266.56, 5
_07034_, 496.8, 266.56, 5
FILLER_64_869, 496.8, 266.56, 5
_08696_, 499.5, 266.56, 5
FILLER_64_873, 499.5, 266.56, 5
FILLER_65_875, 499.5, 266.56, 5
FILLER_64_883, 504.9, 266.56, 5
_08698_, 507.6, 266.56, 5
TAP_1125, 507.6, 266.56, 5
FILLER_64_894, 510.3, 266.56, 5
FILLER_65_891, 510.3, 266.56, 5
FILLER_65_899, 513, 266.56, 5
_07060_, 515.7, 266.56, 5
_08703_, 515.7, 266.56, 5
FILLER_64_902, 515.7, 266.56, 5
FILLER_65_908, 518.4, 266.56, 5
FILLER_64_911, 521.1, 266.56, 5
FILLER_64_919, 523.8, 266.56, 5
FILLER_65_916, 523.8, 266.56, 5
_08658_, 526.5, 266.56, 5
TAP_1138, 526.5, 266.56, 5
FILLER_64_921, 526.5, 266.56, 5
FILLER_65_920, 526.5, 266.56, 5
FILLER_65_922, 526.5, 266.56, 5
FILLER_64_927, 529.2, 266.56, 5
FILLER_65_925, 529.2, 266.56, 5
PHY_129, 537.3, 266.56, 5
PHY_131, 537.3, 266.56, 5
FILLER_64_943, 537.3, 266.56, 5
FILLER_65_941, 537.3, 266.56, 5
FILLER_65_943, 537.3, 266.56, 5
_09871_, 10.8, 258.72, 5
PHY_124, 10.8, 258.72, 5
PHY_126, 10.8, 258.72, 5
FILLER_62_2, 10.8, 258.72, 5
FILLER_62_18, 18.9, 258.72, 5
_09028_, 21.6, 258.72, 5
_08752_, 27, 258.72, 5
FILLER_62_32, 27, 258.72, 5
TAP_1087, 29.7, 258.72, 5
FILLER_62_34, 29.7, 258.72, 5
FILLER_62_37, 29.7, 258.72, 5
_05010_, 32.4, 258.72, 5
repeater11, 32.4, 258.72, 5
FILLER_62_39, 32.4, 258.72, 5
FILLER_63_45, 35.1, 258.72, 5
FILLER_63_47, 35.1, 258.72, 5
_09025_, 37.8, 258.72, 5
_04912_, 43.2, 258.72, 5
_04914_, 45.9, 258.72, 5
FILLER_63_62, 45.9, 258.72, 5
_09029_, 48.6, 258.72, 5
TAP_1100, 48.6, 258.72, 5
FILLER_63_70, 48.6, 258.72, 5
FILLER_63_73, 51.3, 258.72, 5
_09740_, 54, 258.72, 5
repeater10, 54, 258.72, 5
FILLER_63_77, 54, 258.72, 5
FILLER_63_79, 54, 258.72, 5
_05563_, 70.2, 258.72, 5
_09436_, 70.2, 258.72, 5
TAP_1088, 70.2, 258.72, 5
FILLER_63_118, 75.6, 258.72, 5
_04924_, 81, 258.72, 5
FILLER_63_126, 81, 258.72, 5
FILLER_63_128, 81, 258.72, 5
_05435_, 83.7, 258.72, 5
_05281_, 86.4, 258.72, 5
TAP_1101, 89.1, 258.72, 5
_04926_, 91.8, 258.72, 5
_09437_, 91.8, 258.72, 5
FILLER_63_148, 91.8, 258.72, 5
_05298_, 94.5, 258.72, 5
_09453_, 99.9, 258.72, 5
FILLER_63_159, 99.9, 258.72, 5
FILLER_63_161, 99.9, 258.72, 5
TAP_1089, 108, 258.72, 5
FILLER_62_176, 108, 258.72, 5
_05302_, 110.7, 258.72, 5
_04956_, 116.1, 258.72, 5
FILLER_63_191, 116.1, 258.72, 5
_05279_, 118.8, 258.72, 5
_05283_, 118.8, 258.72, 5
FILLER_62_203, 124.2, 258.72, 5
FILLER_63_203, 124.2, 258.72, 5
FILLER_62_211, 126.9, 258.72, 5
FILLER_63_211, 126.9, 258.72, 5
TAP_1102, 129.6, 258.72, 5
FILLER_62_215, 129.6, 258.72, 5
FILLER_63_215, 129.6, 258.72, 5
_05299_, 132.3, 258.72, 5
_05303_, 132.3, 258.72, 5
FILLER_62_217, 132.3, 258.72, 5
FILLER_63_217, 132.3, 258.72, 5
_04990_, 137.7, 258.72, 5
_05410_, 137.7, 258.72, 5
FILLER_63_232, 140.4, 258.72, 5
_05489_, 143.1, 258.72, 5
_09552_, 143.1, 258.72, 5
FILLER_62_237, 143.1, 258.72, 5
FILLER_63_236, 143.1, 258.72, 5
TAP_1090, 148.5, 258.72, 5
FILLER_62_247, 148.5, 258.72, 5
_05460_, 151.2, 258.72, 5
FILLER_62_250, 151.2, 258.72, 5
FILLER_62_252, 151.2, 258.72, 5
FILLER_62_261, 156.6, 258.72, 5
_08737_, 162, 258.72, 5
FILLER_63_269, 162, 258.72, 5
_09728_, 164.7, 258.72, 5
FILLER_63_277, 164.7, 258.72, 5
FILLER_63_281, 167.4, 258.72, 5
FILLER_63_283, 167.4, 258.72, 5
TAP_1103, 170.1, 258.72, 5
FILLER_63_286, 170.1, 258.72, 5
FILLER_63_294, 175.5, 258.72, 5
_05218_, 178.2, 258.72, 5
FILLER_63_298, 178.2, 258.72, 5
FILLER_62_307, 180.9, 258.72, 5
_05216_, 183.6, 258.72, 5
_09972_, 183.6, 258.72, 5
FILLER_62_316, 186.3, 258.72, 5
_05275_, 189, 258.72, 5
TAP_1091, 189, 258.72, 5
FILLER_62_318, 189, 258.72, 5
_09271_, 199.8, 258.72, 5
_09961_, 199.8, 258.72, 5
FILLER_62_339, 199.8, 258.72, 5
FILLER_63_337, 199.8, 258.72, 5
_09270_, 202.5, 258.72, 5
TAP_1104, 207.9, 258.72, 5
_09087_, 210.6, 258.72, 5
_09269_, 213.3, 258.72, 5
FILLER_62_370, 216, 258.72, 5
FILLER_62_374, 218.7, 258.72, 5
FILLER_63_371, 218.7, 258.72, 5
_05229_, 221.4, 258.72, 5
_05230_, 221.4, 258.72, 5
_05223_, 224.1, 258.72, 5
FILLER_62_387, 226.8, 258.72, 5
FILLER_62_389, 226.8, 258.72, 5
TAP_1092, 229.5, 258.72, 5
clkbuf_0_clk, 229.5, 258.72, 5
_05233_, 232.2, 258.72, 5
FILLER_63_423, 245.7, 258.72, 5
TAP_1105, 248.4, 258.72, 5
FILLER_63_425, 248.4, 258.72, 5
_06905_, 251.1, 258.72, 5
_06793_, 256.5, 258.72, 5
_06843_, 259.2, 258.72, 5
_06882_, 259.2, 258.72, 5
FILLER_62_452, 261.9, 258.72, 5
_06795_, 264.6, 258.72, 5
_06841_, 264.6, 258.72, 5
_06888_, 267.3, 258.72, 5
TAP_1093, 267.3, 258.72, 5
FILLER_62_459, 267.3, 258.72, 5
_06889_, 270, 258.72, 5
_06886_, 272.7, 258.72, 5
_06887_, 275.4, 258.72, 5
FILLER_63_477, 278.1, 258.72, 5
_06911_, 280.8, 258.72, 5
_06953_, 283.5, 258.72, 5
FILLER_62_486, 283.5, 258.72, 5
FILLER_62_488, 283.5, 258.72, 5
FILLER_62_494, 286.2, 258.72, 5
_06864_, 288.9, 258.72, 5
_06912_, 288.9, 258.72, 5
TAP_1106, 288.9, 258.72, 5
FILLER_62_498, 288.9, 258.72, 5
_06954_, 294.3, 258.72, 5
_06914_, 297, 258.72, 5
_06915_, 302.4, 258.72, 5
_06950_, 305.1, 258.72, 5
_06958_, 307.8, 258.72, 5
TAP_1094, 307.8, 258.72, 5
FILLER_62_531, 307.8, 258.72, 5
FILLER_62_534, 307.8, 258.72, 5
_06792_, 310.5, 258.72, 5
FILLER_63_538, 310.5, 258.72, 5
FILLER_63_542, 313.2, 258.72, 5
_06921_, 315.9, 258.72, 5
FILLER_63_544, 315.9, 258.72, 5
_06909_, 321.3, 258.72, 5
_06907_, 324, 258.72, 5
FILLER_63_559, 324, 258.72, 5
FILLER_63_561, 324, 258.72, 5
_06908_, 329.4, 258.72, 5
TAP_1107, 329.4, 258.72, 5
_06906_, 332.1, 258.72, 5
_06922_, 334.8, 258.72, 5
_06923_, 340.2, 258.72, 5
_04814_, 342.9, 258.72, 5
FILLER_63_593, 342.9, 258.72, 5
_09620_, 345.6, 258.72, 5
FILLER_62_598, 345.6, 258.72, 5
FILLER_63_598, 345.6, 258.72, 5
TAP_1095, 348.3, 258.72, 5
FILLER_62_602, 348.3, 258.72, 5
FILLER_62_605, 348.3, 258.72, 5
_09978_, 353.7, 258.72, 5
_09309_, 361.8, 258.72, 5
TAP_1108, 367.2, 258.72, 5
FILLER_63_636, 367.2, 258.72, 5
FILLER_63_638, 367.2, 258.72, 5
_08734_, 369.9, 258.72, 5
FILLER_62_642, 369.9, 258.72, 5
_08735_, 372.6, 258.72, 5
_09305_, 372.6, 258.72, 5
FILLER_62_646, 372.6, 258.72, 5
_09301_, 375.3, 258.72, 5
FILLER_63_657, 378, 258.72, 5
FILLER_63_659, 378, 258.72, 5
_08482_, 380.7, 258.72, 5
_09976_, 380.7, 258.72, 5
FILLER_62_660, 380.7, 258.72, 5
_09306_, 388.8, 258.72, 5
TAP_1096, 388.8, 258.72, 5
_08527_, 394.2, 258.72, 5
_08681_, 396.9, 258.72, 5
_08423_, 399.6, 258.72, 5
_08390_, 402.3, 258.72, 5
FILLER_62_699, 402.3, 258.72, 5
_08577_, 407.7, 258.72, 5
TAP_1109, 407.7, 258.72, 5
_08386_, 415.8, 258.72, 5
_04793_, 421.2, 258.72, 5
_08731_, 421.2, 258.72, 5
_09627_, 421.2, 258.72, 5
FILLER_63_734, 421.2, 258.72, 5
TAP_1097, 426.6, 258.72, 5
FILLER_62_744, 426.6, 258.72, 5
_08632_, 429.3, 258.72, 5
_08330_, 432, 258.72, 5
FILLER_62_752, 432, 258.72, 5
FILLER_62_760, 434.7, 258.72, 5
_09719_, 437.4, 258.72, 5
FILLER_62_762, 437.4, 258.72, 5
FILLER_63_766, 440.1, 258.72, 5
FILLER_63_770, 440.1, 258.72, 5
_07017_, 442.8, 258.72, 5
_07023_, 445.5, 258.72, 5
_08567_, 448.2, 258.72, 5
TAP_1110, 448.2, 258.72, 5
FILLER_63_789, 450.9, 258.72, 5
FILLER_62_794, 453.6, 258.72, 5
FILLER_63_793, 453.6, 258.72, 5
_08400_, 456.3, 258.72, 5
_08708_, 456.3, 258.72, 5
FILLER_63_795, 456.3, 258.72, 5
_04754_, 459, 258.72, 5
_09628_, 459, 258.72, 5
FILLER_63_802, 459, 258.72, 5
_08709_, 464.4, 258.72, 5
TAP_1098, 467.1, 258.72, 5
FILLER_62_818, 467.1, 258.72, 5
_08707_, 469.8, 258.72, 5
_08706_, 475.2, 258.72, 5
FILLER_63_834, 477.9, 258.72, 5
_08397_, 480.6, 258.72, 5
FILLER_63_842, 480.6, 258.72, 5
_08394_, 483.3, 258.72, 5
_08412_, 483.3, 258.72, 5
FILLER_63_846, 483.3, 258.72, 5
TAP_1111, 486, 258.72, 5
_08398_, 488.7, 258.72, 5
_08561_, 494.1, 258.72, 5
_08562_, 494.1, 258.72, 5
_08699_, 499.5, 258.72, 5
_08701_, 502.2, 258.72, 5
_08705_, 502.2, 258.72, 5
_08683_, 507.6, 258.72, 5
_08704_, 507.6, 258.72, 5
TAP_1099, 507.6, 258.72, 5
_08697_, 510.3, 258.72, 5
_08662_, 513, 258.72, 5
_08552_, 521.1, 258.72, 5
_08661_, 521.1, 258.72, 5
_08554_, 526.5, 258.72, 5
TAP_1112, 526.5, 258.72, 5
FILLER_62_920, 526.5, 258.72, 5
FILLER_62_922, 526.5, 258.72, 5
_08600_, 529.2, 258.72, 5
_08659_, 531.9, 258.72, 5
_08553_, 534.6, 258.72, 5
FILLER_63_938, 534.6, 258.72, 5
PHY_125, 537.3, 258.72, 5
PHY_127, 537.3, 258.72, 5
FILLER_62_940, 537.3, 258.72, 5
FILLER_63_942, 537.3, 258.72, 5
_09741_, 10.8, 250.88, 5
PHY_120, 10.8, 250.88, 5
PHY_122, 10.8, 250.88, 5
FILLER_61_2, 10.8, 250.88, 5
_05074_, 18.9, 250.88, 5
_08754_, 21.6, 250.88, 5
_05072_, 27, 250.88, 5
FILLER_61_32, 27, 250.88, 5
_09023_, 29.7, 250.88, 5
TAP_1061, 29.7, 250.88, 5
FILLER_60_37, 29.7, 250.88, 5
_09736_, 32.4, 250.88, 5
_09868_, 32.4, 250.88, 5
_09031_, 48.6, 250.88, 5
TAP_1074, 48.6, 250.88, 5
_08755_, 51.3, 250.88, 5
FILLER_61_73, 51.3, 250.88, 5
FILLER_61_75, 51.3, 250.88, 5
_09742_, 54, 250.88, 5
_08753_, 59.4, 250.88, 5
_05612_, 64.8, 250.88, 5
FILLER_61_96, 64.8, 250.88, 5
_05104_, 70.2, 250.88, 5
TAP_1062, 70.2, 250.88, 5
FILLER_61_106, 70.2, 250.88, 5
_09452_, 72.9, 250.88, 5
FILLER_60_112, 72.9, 250.88, 5
FILLER_61_110, 72.9, 250.88, 5
FILLER_61_112, 72.9, 250.88, 5
FILLER_60_128, 81, 250.88, 5
_04893_, 83.7, 250.88, 5
FILLER_60_130, 83.7, 250.88, 5
_05482_, 86.4, 250.88, 5
TAP_1075, 89.1, 250.88, 5
_05301_, 91.8, 250.88, 5
FILLER_60_144, 91.8, 250.88, 5
_05282_, 97.2, 250.88, 5
FILLER_61_154, 97.2, 250.88, 5
_05277_, 99.9, 250.88, 5
FILLER_60_160, 99.9, 250.88, 5
_05552_, 102.6, 250.88, 5
_05511_, 108, 250.88, 5
TAP_1063, 108, 250.88, 5
FILLER_61_174, 108, 250.88, 5
_04958_, 110.7, 250.88, 5
_09434_, 113.4, 250.88, 5
FILLER_60_183, 113.4, 250.88, 5
FILLER_60_199, 121.5, 250.88, 5
FILLER_60_201, 121.5, 250.88, 5
_04860_, 124.2, 250.88, 5
FILLER_60_206, 124.2, 250.88, 5
_09450_, 129.6, 250.88, 5
TAP_1076, 129.6, 250.88, 5
FILLER_60_214, 129.6, 250.88, 5
_04989_, 132.3, 250.88, 5
FILLER_60_216, 132.3, 250.88, 5
_05297_, 135, 250.88, 5
FILLER_60_221, 135, 250.88, 5
FILLER_60_238, 143.1, 250.88, 5
_04862_, 145.8, 250.88, 5
TAP_1064, 148.5, 250.88, 5
FILLER_60_246, 148.5, 250.88, 5
FILLER_61_248, 148.5, 250.88, 5
_05095_, 151.2, 250.88, 5
_09727_, 151.2, 250.88, 5
FILLER_60_250, 151.2, 250.88, 5
FILLER_61_252, 151.2, 250.88, 5
_08745_, 153.9, 250.88, 5
_08742_, 159.3, 250.88, 5
_04999_, 164.7, 250.88, 5
_05263_, 167.4, 250.88, 5
FILLER_60_279, 167.4, 250.88, 5
FILLER_61_283, 167.4, 250.88, 5
_08743_, 170.1, 250.88, 5
TAP_1077, 170.1, 250.88, 5
_05031_, 175.5, 250.88, 5
_05219_, 178.2, 250.88, 5
_05276_, 178.2, 250.88, 5
_05250_, 189, 250.88, 5
TAP_1065, 189, 250.88, 5
_09962_, 191.7, 250.88, 5
_09272_, 205.2, 250.88, 5
TAP_1078, 207.9, 250.88, 5
FILLER_60_357, 210.6, 250.88, 5
FILLER_61_357, 210.6, 250.88, 5
_05232_, 218.7, 250.88, 5
FILLER_60_373, 218.7, 250.88, 5
FILLER_61_373, 218.7, 250.88, 5
_05224_, 224.1, 250.88, 5
_05235_, 224.1, 250.88, 5
FILLER_60_381, 224.1, 250.88, 5
FILLER_60_389, 226.8, 250.88, 5
_06837_, 229.5, 250.88, 5
TAP_1066, 229.5, 250.88, 5
FILLER_60_392, 229.5, 250.88, 5
_06833_, 234.9, 250.88, 5
_06850_, 237.6, 250.88, 5
_06878_, 237.6, 250.88, 5
FILLER_60_406, 237.6, 250.88, 5
FILLER_61_404, 237.6, 250.88, 5
_06904_, 240.3, 250.88, 5
_06926_, 245.7, 250.88, 5
TAP_1079, 248.4, 250.88, 5
FILLER_60_427, 248.4, 250.88, 5
_06794_, 251.1, 250.88, 5
_06945_, 251.1, 250.88, 5
FILLER_61_428, 251.1, 250.88, 5
_06844_, 253.8, 250.88, 5
FILLER_61_434, 253.8, 250.88, 5
_06840_, 261.9, 250.88, 5
FILLER_60_451, 261.9, 250.88, 5
TAP_1067, 267.3, 250.88, 5
FILLER_60_457, 267.3, 250.88, 5
FILLER_61_459, 267.3, 250.88, 5
_06934_, 270, 250.88, 5
_06939_, 270, 250.88, 5
FILLER_61_473, 275.4, 250.88, 5
_06893_, 283.5, 250.88, 5
FILLER_61_489, 283.5, 250.88, 5
FILLER_60_495, 286.2, 250.88, 5
_06891_, 288.9, 250.88, 5
_06933_, 288.9, 250.88, 5
TAP_1080, 288.9, 250.88, 5
FILLER_61_504, 291.6, 250.88, 5
_06948_, 294.3, 250.88, 5
FILLER_60_509, 294.3, 250.88, 5
_06932_, 297, 250.88, 5
FILLER_61_514, 297, 250.88, 5
FILLER_60_516, 299.7, 250.88, 5
_06890_, 307.8, 250.88, 5
TAP_1068, 307.8, 250.88, 5
FILLER_60_534, 307.8, 250.88, 5
FILLER_60_550, 318.6, 250.88, 5
_06845_, 321.3, 250.88, 5
FILLER_60_554, 321.3, 250.88, 5
FILLER_60_556, 321.3, 250.88, 5
TAP_1081, 329.4, 250.88, 5
FILLER_61_570, 329.4, 250.88, 5
_07940_, 334.8, 250.88, 5
_09619_, 342.9, 250.88, 5
FILLER_60_595, 342.9, 250.88, 5
_06924_, 345.6, 250.88, 5
TAP_1069, 348.3, 250.88, 5
FILLER_60_605, 348.3, 250.88, 5
_09982_, 351, 250.88, 5
_09319_, 359.1, 250.88, 5
FILLER_61_631, 364.5, 250.88, 5
_09974_, 367.2, 250.88, 5
TAP_1082, 367.2, 250.88, 5
FILLER_61_641, 369.9, 250.88, 5
_09302_, 372.6, 250.88, 5
FILLER_61_655, 378, 250.88, 5
FILLER_61_659, 378, 250.88, 5
_09975_, 380.7, 250.88, 5
_09303_, 383.4, 250.88, 5
FILLER_60_667, 383.4, 250.88, 5
TAP_1070, 388.8, 250.88, 5
FILLER_60_676, 388.8, 250.88, 5
_08728_, 391.5, 250.88, 5
_08372_, 394.2, 250.88, 5
_08726_, 396.9, 250.88, 5
_08364_, 399.6, 250.88, 5
_08388_, 399.6, 250.88, 5
FILLER_60_704, 405, 250.88, 5
FILLER_61_707, 405, 250.88, 5
_08730_, 407.7, 250.88, 5
_09692_, 407.7, 250.88, 5
TAP_1083, 407.7, 250.88, 5
FILLER_61_709, 407.7, 250.88, 5
_04775_, 413.1, 250.88, 5
_09720_, 418.5, 250.88, 5
FILLER_61_728, 418.5, 250.88, 5
FILLER_61_730, 418.5, 250.88, 5
TAP_1071, 426.6, 250.88, 5
FILLER_60_744, 426.6, 250.88, 5
_08332_, 429.3, 250.88, 5
_04805_, 434.7, 250.88, 5
_09718_, 434.7, 250.88, 5
_04753_, 437.4, 250.88, 5
_08727_, 440.1, 250.88, 5
FILLER_61_778, 445.5, 250.88, 5
_08729_, 448.2, 250.88, 5
TAP_1084, 448.2, 250.88, 5
FILLER_61_780, 448.2, 250.88, 5
_04755_, 453.6, 250.88, 5
_09709_, 453.6, 250.88, 5
FILLER_60_791, 453.6, 250.88, 5
FILLER_61_791, 453.6, 250.88, 5
_08426_, 459, 250.88, 5
FILLER_60_812, 464.4, 250.88, 5
TAP_1072, 467.1, 250.88, 5
FILLER_60_818, 467.1, 250.88, 5
_08413_, 469.8, 250.88, 5
_08694_, 469.8, 250.88, 5
_08393_, 483.3, 250.88, 5
_08409_, 486, 250.88, 5
TAP_1085, 486, 250.88, 5
_08408_, 488.7, 250.88, 5
_08396_, 499.5, 250.88, 5
_08403_, 502.2, 250.88, 5
_08700_, 502.2, 250.88, 5
FILLER_60_884, 504.9, 250.88, 5
FILLER_60_886, 504.9, 250.88, 5
_08695_, 507.6, 250.88, 5
TAP_1073, 507.6, 250.88, 5
FILLER_61_889, 507.6, 250.88, 5
_08702_, 510.3, 250.88, 5
FILLER_60_895, 510.3, 250.88, 5
FILLER_61_891, 510.3, 250.88, 5
_08660_, 513, 250.88, 5
_08663_, 513, 250.88, 5
_08664_, 518.4, 250.88, 5
FILLER_61_913, 521.1, 250.88, 5
_08555_, 523.8, 250.88, 5
_08657_, 523.8, 250.88, 5
FILLER_60_915, 523.8, 250.88, 5
FILLER_61_915, 523.8, 250.88, 5
_08603_, 526.5, 250.88, 5
TAP_1086, 526.5, 250.88, 5
FILLER_61_921, 526.5, 250.88, 5
_08601_, 529.2, 250.88, 5
_08602_, 534.6, 250.88, 5
FILLER_61_937, 534.6, 250.88, 5
PHY_121, 537.3, 250.88, 5
PHY_123, 537.3, 250.88, 5
FILLER_60_941, 537.3, 250.88, 5
FILLER_60_943, 537.3, 250.88, 5
FILLER_61_941, 537.3, 250.88, 5
FILLER_61_943, 537.3, 250.88, 5
_09873_, 10.8, 243.04, 5
PHY_116, 10.8, 243.04, 5
PHY_118, 10.8, 243.04, 5
FILLER_58_2, 10.8, 243.04, 5
FILLER_58_18, 18.9, 243.04, 5
_09030_, 21.6, 243.04, 5
FILLER_58_20, 21.6, 243.04, 5
_05589_, 27, 243.04, 5
FILLER_58_31, 27, 243.04, 5
TAP_1035, 29.7, 243.04, 5
FILLER_58_37, 29.7, 243.04, 5
FILLER_59_40, 32.4, 243.04, 5
FILLER_58_45, 35.1, 243.04, 5
_08748_, 37.8, 243.04, 5
_08749_, 37.8, 243.04, 5
FILLER_58_49, 37.8, 243.04, 5
FILLER_59_48, 37.8, 243.04, 5
FILLER_59_50, 37.8, 243.04, 5
_04882_, 43.2, 243.04, 5
_05441_, 43.2, 243.04, 5
FILLER_58_64, 45.9, 243.04, 5
TAP_1048, 48.6, 243.04, 5
FILLER_59_70, 48.6, 243.04, 5
_09874_, 51.3, 243.04, 5
FILLER_58_80, 54, 243.04, 5
_09022_, 59.4, 243.04, 5
FILLER_58_88, 59.4, 243.04, 5
_05106_, 67.5, 243.04, 5
_09427_, 70.2, 243.04, 5
TAP_1036, 70.2, 243.04, 5
FILLER_59_106, 70.2, 243.04, 5
FILLER_59_114, 72.9, 243.04, 5
_04891_, 75.6, 243.04, 5
_05268_, 78.3, 243.04, 5
_05436_, 83.7, 243.04, 5
_05294_, 86.4, 243.04, 5
FILLER_58_137, 86.4, 243.04, 5
TAP_1049, 89.1, 243.04, 5
FILLER_59_141, 89.1, 243.04, 5
_09431_, 91.8, 243.04, 5
_09447_, 91.8, 243.04, 5
_05021_, 108, 243.04, 5
TAP_1037, 108, 243.04, 5
FILLER_59_177, 108, 243.04, 5
_05553_, 110.7, 243.04, 5
_09430_, 110.7, 243.04, 5
FILLER_58_184, 113.4, 243.04, 5
FILLER_58_186, 113.4, 243.04, 5
_05271_, 116.1, 243.04, 5
_04987_, 121.5, 243.04, 5
FILLER_58_201, 121.5, 243.04, 5
_09446_, 124.2, 243.04, 5
FILLER_58_203, 124.2, 243.04, 5
FILLER_59_210, 126.9, 243.04, 5
_05293_, 129.6, 243.04, 5
TAP_1050, 129.6, 243.04, 5
FILLER_59_212, 129.6, 243.04, 5
_05529_, 135, 243.04, 5
_05530_, 140.4, 243.04, 5
FILLER_59_234, 140.4, 243.04, 5
_09730_, 143.1, 243.04, 5
FILLER_58_238, 143.1, 243.04, 5
TAP_1038, 148.5, 243.04, 5
FILLER_58_246, 148.5, 243.04, 5
FILLER_58_250, 151.2, 243.04, 5
FILLER_58_254, 151.2, 243.04, 5
_05097_, 153.9, 243.04, 5
_09664_, 153.9, 243.04, 5
_05001_, 159.3, 243.04, 5
FILLER_59_265, 159.3, 243.04, 5
_07673_, 162, 243.04, 5
FILLER_59_281, 167.4, 243.04, 5
FILLER_59_283, 167.4, 243.04, 5
_05524_, 170.1, 243.04, 5
TAP_1051, 170.1, 243.04, 5
FILLER_59_286, 170.1, 243.04, 5
_05249_, 172.8, 243.04, 5
FILLER_59_290, 172.8, 243.04, 5
_05264_, 175.5, 243.04, 5
_05220_, 183.6, 243.04, 5
_05562_, 189, 243.04, 5
TAP_1039, 189, 243.04, 5
FILLER_58_326, 191.7, 243.04, 5
_09644_, 194.4, 243.04, 5
_08383_, 197.1, 243.04, 5
_05560_, 202.5, 243.04, 5
TAP_1052, 207.9, 243.04, 5
FILLER_59_354, 207.9, 243.04, 5
_05000_, 210.6, 243.04, 5
_08382_, 210.6, 243.04, 5
FILLER_59_357, 210.6, 243.04, 5
_09643_, 213.3, 243.04, 5
_05522_, 216, 243.04, 5
_05002_, 221.4, 243.04, 5
FILLER_59_382, 224.1, 243.04, 5
_06836_, 229.5, 243.04, 5
_06838_, 229.5, 243.04, 5
TAP_1040, 229.5, 243.04, 5
FILLER_59_390, 229.5, 243.04, 5
_06902_, 237.6, 243.04, 5
FILLER_58_404, 237.6, 243.04, 5
_06835_, 243, 243.04, 5
FILLER_59_423, 245.7, 243.04, 5
TAP_1053, 248.4, 243.04, 5
FILLER_59_425, 248.4, 243.04, 5
_06900_, 251.1, 243.04, 5
_06927_, 251.1, 243.04, 5
_06848_, 253.8, 243.04, 5
FILLER_58_436, 253.8, 243.04, 5
FILLER_59_436, 253.8, 243.04, 5
_06897_, 256.5, 243.04, 5
FILLER_58_438, 256.5, 243.04, 5
_06847_, 261.9, 243.04, 5
_06928_, 261.9, 243.04, 5
_06930_, 267.3, 243.04, 5
TAP_1041, 267.3, 243.04, 5
FILLER_58_458, 267.3, 243.04, 5
FILLER_58_460, 267.3, 243.04, 5
FILLER_58_463, 270, 243.04, 5
FILLER_59_465, 270, 243.04, 5
_06896_, 272.7, 243.04, 5
_06935_, 272.7, 243.04, 5
FILLER_59_467, 272.7, 243.04, 5
_06938_, 275.4, 243.04, 5
_06895_, 278.1, 243.04, 5
_06894_, 283.5, 243.04, 5
_06937_, 286.2, 243.04, 5
FILLER_59_494, 286.2, 243.04, 5
_06892_, 288.9, 243.04, 5
TAP_1054, 288.9, 243.04, 5
FILLER_59_496, 288.9, 243.04, 5
_06846_, 291.6, 243.04, 5
_06936_, 294.3, 243.04, 5
_06751_, 297, 243.04, 5
FILLER_58_513, 297, 243.04, 5
FILLER_59_510, 297, 243.04, 5
FILLER_59_512, 297, 243.04, 5
_07710_, 302.4, 243.04, 5
_07785_, 305.1, 243.04, 5
_07711_, 307.8, 243.04, 5
TAP_1042, 307.8, 243.04, 5
_07826_, 318.6, 243.04, 5
_07827_, 318.6, 243.04, 5
_06718_, 321.3, 243.04, 5
FILLER_59_556, 321.3, 243.04, 5
FILLER_59_564, 326.7, 243.04, 5
_06931_, 329.4, 243.04, 5
TAP_1055, 329.4, 243.04, 5
_07888_, 342.9, 243.04, 5
_07886_, 348.3, 243.04, 5
_07889_, 348.3, 243.04, 5
TAP_1043, 348.3, 243.04, 5
_09983_, 353.7, 243.04, 5
FILLER_58_613, 353.7, 243.04, 5
_09320_, 356.4, 243.04, 5
FILLER_59_630, 361.8, 243.04, 5
TAP_1056, 367.2, 243.04, 5
FILLER_59_638, 367.2, 243.04, 5
FILLER_58_643, 369.9, 243.04, 5
FILLER_59_641, 369.9, 243.04, 5
_08374_, 372.6, 243.04, 5
_08375_, 375.3, 243.04, 5
FILLER_59_657, 378, 243.04, 5
_09304_, 380.7, 243.04, 5
FILLER_58_661, 380.7, 243.04, 5
FILLER_59_661, 380.7, 243.04, 5
FILLER_59_663, 380.7, 243.04, 5
_08028_, 383.4, 243.04, 5
FILLER_58_665, 383.4, 243.04, 5
FILLER_58_667, 383.4, 243.04, 5
_08060_, 388.8, 243.04, 5
_08354_, 388.8, 243.04, 5
TAP_1044, 388.8, 243.04, 5
_09688_, 391.5, 243.04, 5
_08093_, 407.7, 243.04, 5
TAP_1057, 407.7, 243.04, 5
FILLER_59_712, 407.7, 243.04, 5
_08373_, 410.4, 243.04, 5
FILLER_58_717, 410.4, 243.04, 5
_04771_, 413.1, 243.04, 5
_08178_, 413.1, 243.04, 5
_08331_, 415.8, 243.04, 5
_08239_, 418.5, 243.04, 5
_08137_, 421.2, 243.04, 5
TAP_1045, 426.6, 243.04, 5
_08180_, 429.3, 243.04, 5
_08289_, 432, 243.04, 5
_08059_, 437.4, 243.04, 5
_08290_, 440.1, 243.04, 5
_09706_, 442.8, 243.04, 5
FILLER_59_778, 445.5, 243.04, 5
_08288_, 448.2, 243.04, 5
TAP_1058, 448.2, 243.04, 5
FILLER_59_780, 448.2, 243.04, 5
_08568_, 453.6, 243.04, 5
_08425_, 456.3, 243.04, 5
_08429_, 459, 243.04, 5
FILLER_58_803, 459, 243.04, 5
_08654_, 461.7, 243.04, 5
FILLER_58_807, 461.7, 243.04, 5
FILLER_59_811, 464.4, 243.04, 5
FILLER_59_813, 464.4, 243.04, 5
_08652_, 467.1, 243.04, 5
_08653_, 467.1, 243.04, 5
TAP_1046, 467.1, 243.04, 5
_08651_, 472.5, 243.04, 5
FILLER_58_828, 472.5, 243.04, 5
_08596_, 475.2, 243.04, 5
_08669_, 475.2, 243.04, 5
FILLER_59_831, 475.2, 243.04, 5
_08598_, 477.9, 243.04, 5
_08655_, 480.6, 243.04, 5
_08563_, 483.3, 243.04, 5
FILLER_58_843, 483.3, 243.04, 5
_08401_, 486, 243.04, 5
TAP_1059, 486, 243.04, 5
FILLER_59_850, 486, 243.04, 5
_08404_, 488.7, 243.04, 5
_08399_, 491.4, 243.04, 5
_08402_, 494.1, 243.04, 5
_08405_, 496.8, 243.04, 5
_08395_, 499.5, 243.04, 5
_08667_, 499.5, 243.04, 5
FILLER_58_872, 499.5, 243.04, 5
FILLER_59_879, 502.2, 243.04, 5
FILLER_59_881, 502.2, 243.04, 5
_08668_, 504.9, 243.04, 5
_08666_, 507.6, 243.04, 5
TAP_1047, 507.6, 243.04, 5
_08656_, 510.3, 243.04, 5
FILLER_58_899, 513, 243.04, 5
FILLER_59_896, 513, 243.04, 5
FILLER_59_904, 515.7, 243.04, 5
_08606_, 518.4, 243.04, 5
_08605_, 521.1, 243.04, 5
_08604_, 523.8, 243.04, 5
FILLER_58_915, 523.8, 243.04, 5
FILLER_58_917, 523.8, 243.04, 5
TAP_1060, 526.5, 243.04, 5
_08556_, 529.2, 243.04, 5
_08558_, 529.2, 243.04, 5
_08557_, 534.6, 243.04, 5
FILLER_59_937, 534.6, 243.04, 5
PHY_117, 537.3, 243.04, 5
PHY_119, 537.3, 243.04, 5
FILLER_59_941, 537.3, 243.04, 5
FILLER_59_943, 537.3, 243.04, 5
_09737_, 10.8, 235.2, 5
PHY_112, 10.8, 235.2, 5
PHY_114, 10.8, 235.2, 5
FILLER_57_2, 10.8, 235.2, 5
FILLER_57_10, 16.2, 235.2, 5
_04946_, 18.9, 235.2, 5
FILLER_57_14, 18.9, 235.2, 5
FILLER_57_16, 18.9, 235.2, 5
_08750_, 21.6, 235.2, 5
_04944_, 27, 235.2, 5
FILLER_57_31, 27, 235.2, 5
_05543_, 29.7, 235.2, 5
_09867_, 29.7, 235.2, 5
TAP_1009, 29.7, 235.2, 5
FILLER_57_33, 29.7, 235.2, 5
_09735_, 32.4, 235.2, 5
FILLER_57_39, 32.4, 235.2, 5
_05414_, 45.9, 235.2, 5
TAP_1022, 48.6, 235.2, 5
FILLER_57_69, 48.6, 235.2, 5
_09027_, 51.3, 235.2, 5
_09738_, 51.3, 235.2, 5
_08751_, 56.7, 235.2, 5
_08746_, 62.1, 235.2, 5
FILLER_57_93, 62.1, 235.2, 5
FILLER_56_104, 67.5, 235.2, 5
_05502_, 70.2, 235.2, 5
TAP_1010, 70.2, 235.2, 5
_09443_, 72.9, 235.2, 5
FILLER_56_117, 75.6, 235.2, 5
_05288_, 78.3, 235.2, 5
FILLER_56_121, 78.3, 235.2, 5
_05290_, 83.7, 235.2, 5
TAP_1023, 89.1, 235.2, 5
repeater5, 89.1, 235.2, 5
FILLER_56_141, 89.1, 235.2, 5
FILLER_57_139, 89.1, 235.2, 5
FILLER_57_141, 89.1, 235.2, 5
_05437_, 91.8, 235.2, 5
_05272_, 94.5, 235.2, 5
_05019_, 99.9, 235.2, 5
_05265_, 102.6, 235.2, 5
FILLER_57_163, 102.6, 235.2, 5
FILLER_57_165, 102.6, 235.2, 5
_05085_, 105.3, 235.2, 5
TAP_1011, 108, 235.2, 5
FILLER_56_173, 108, 235.2, 5
_09432_, 110.7, 235.2, 5
clkbuf_leaf_1_clk, 110.7, 235.2, 5
FILLER_56_179, 110.7, 235.2, 5
FILLER_57_211, 126.9, 235.2, 5
TAP_1024, 129.6, 235.2, 5
FILLER_57_215, 129.6, 235.2, 5
_05545_, 132.3, 235.2, 5
FILLER_57_217, 132.3, 235.2, 5
FILLER_56_230, 137.7, 235.2, 5
_05574_, 140.4, 235.2, 5
FILLER_56_232, 140.4, 235.2, 5
_09667_, 145.8, 235.2, 5
TAP_1012, 148.5, 235.2, 5
FILLER_56_247, 148.5, 235.2, 5
_05607_, 151.2, 235.2, 5
_08738_, 153.9, 235.2, 5
_05575_, 162, 235.2, 5
_07676_, 162, 235.2, 5
_05523_, 164.7, 235.2, 5
FILLER_57_282, 167.4, 235.2, 5
_07674_, 170.1, 235.2, 5
_09665_, 170.1, 235.2, 5
TAP_1025, 170.1, 235.2, 5
FILLER_56_285, 170.1, 235.2, 5
FILLER_57_286, 170.1, 235.2, 5
_07667_, 175.5, 235.2, 5
_05033_, 186.3, 235.2, 5
FILLER_56_317, 186.3, 235.2, 5
FILLER_57_316, 186.3, 235.2, 5
_05561_, 189, 235.2, 5
_09699_, 189, 235.2, 5
TAP_1013, 189, 235.2, 5
_08376_, 194.4, 235.2, 5
FILLER_56_330, 194.4, 235.2, 5
_05032_, 205.2, 235.2, 5
_07310_, 205.2, 235.2, 5
_05034_, 207.9, 235.2, 5
TAP_1026, 207.9, 235.2, 5
_08377_, 210.6, 235.2, 5
_09698_, 210.6, 235.2, 5
_07309_, 216, 235.2, 5
FILLER_56_366, 216, 235.2, 5
_07304_, 224.1, 235.2, 5
FILLER_56_389, 226.8, 235.2, 5
FILLER_57_386, 226.8, 235.2, 5
TAP_1014, 229.5, 235.2, 5
FILLER_56_392, 229.5, 235.2, 5
_06879_, 234.9, 235.2, 5
_09326_, 234.9, 235.2, 5
FILLER_56_400, 234.9, 235.2, 5
FILLER_56_407, 237.6, 235.2, 5
FILLER_57_408, 237.6, 235.2, 5
_06849_, 240.3, 235.2, 5
_06901_, 243, 235.2, 5
FILLER_56_423, 245.7, 235.2, 5
TAP_1027, 248.4, 235.2, 5
FILLER_56_427, 248.4, 235.2, 5
FILLER_57_425, 248.4, 235.2, 5
_06832_, 251.1, 235.2, 5
_06899_, 251.1, 235.2, 5
FILLER_57_428, 251.1, 235.2, 5
FILLER_57_430, 251.1, 235.2, 5
_06881_, 253.8, 235.2, 5
FILLER_56_433, 253.8, 235.2, 5
_06884_, 256.5, 235.2, 5
_06944_, 259.2, 235.2, 5
FILLER_57_443, 259.2, 235.2, 5
_06929_, 261.9, 235.2, 5
TAP_1015, 267.3, 235.2, 5
FILLER_56_460, 267.3, 235.2, 5
_06880_, 270, 235.2, 5
_06898_, 272.7, 235.2, 5
_06942_, 272.7, 235.2, 5
FILLER_56_468, 272.7, 235.2, 5
FILLER_56_470, 272.7, 235.2, 5
_06943_, 275.4, 235.2, 5
FILLER_57_473, 275.4, 235.2, 5
FILLER_56_494, 286.2, 235.2, 5
_06941_, 288.9, 235.2, 5
TAP_1028, 288.9, 235.2, 5
FILLER_56_498, 288.9, 235.2, 5
FILLER_57_499, 288.9, 235.2, 5
FILLER_56_505, 291.6, 235.2, 5
_06657_, 294.3, 235.2, 5
FILLER_56_513, 297, 235.2, 5
_07786_, 299.7, 235.2, 5
FILLER_56_515, 299.7, 235.2, 5
_07679_, 302.4, 235.2, 5
_07709_, 305.1, 235.2, 5
_07680_, 307.8, 235.2, 5
TAP_1016, 307.8, 235.2, 5
_07678_, 315.9, 235.2, 5
_07748_, 318.6, 235.2, 5
FILLER_57_551, 318.6, 235.2, 5
_07828_, 324, 235.2, 5
_07746_, 329.4, 235.2, 5
TAP_1029, 329.4, 235.2, 5
_07747_, 332.1, 235.2, 5
FILLER_56_576, 332.1, 235.2, 5
FILLER_57_581, 334.8, 235.2, 5
_07982_, 337.5, 235.2, 5
FILLER_56_584, 337.5, 235.2, 5
_09980_, 340.2, 235.2, 5
FILLER_57_589, 340.2, 235.2, 5
FILLER_56_601, 345.6, 235.2, 5
_09315_, 348.3, 235.2, 5
TAP_1017, 348.3, 235.2, 5
FILLER_56_605, 348.3, 235.2, 5
_09981_, 353.7, 235.2, 5
_09322_, 356.4, 235.2, 5
_09321_, 361.8, 235.2, 5
TAP_1030, 367.2, 235.2, 5
FILLER_57_636, 367.2, 235.2, 5
FILLER_57_638, 367.2, 235.2, 5
_08371_, 369.9, 235.2, 5
FILLER_56_641, 369.9, 235.2, 5
FILLER_57_641, 369.9, 235.2, 5
_09693_, 372.6, 235.2, 5
FILLER_57_645, 372.6, 235.2, 5
_08037_, 375.3, 235.2, 5
_04770_, 383.4, 235.2, 5
_08029_, 388.8, 235.2, 5
TAP_1018, 388.8, 235.2, 5
_08356_, 391.5, 235.2, 5
_08335_, 405, 235.2, 5
_08365_, 407.7, 235.2, 5
TAP_1031, 407.7, 235.2, 5
FILLER_56_711, 407.7, 235.2, 5
_08095_, 410.4, 235.2, 5
FILLER_56_713, 410.4, 235.2, 5
_08094_, 413.1, 235.2, 5
FILLER_57_723, 415.8, 235.2, 5
_08138_, 418.5, 235.2, 5
_08139_, 421.2, 235.2, 5
_04806_, 423.9, 235.2, 5
TAP_1019, 426.6, 235.2, 5
_08136_, 429.3, 235.2, 5
_08294_, 437.4, 235.2, 5
_08240_, 440.1, 235.2, 5
_09707_, 442.8, 235.2, 5
FILLER_57_777, 445.5, 235.2, 5
_08291_, 448.2, 235.2, 5
TAP_1032, 448.2, 235.2, 5
_08566_, 453.6, 235.2, 5
_08614_, 456.3, 235.2, 5
_08430_, 459, 235.2, 5
FILLER_56_803, 459, 235.2, 5
_08594_, 461.7, 235.2, 5
FILLER_57_807, 461.7, 235.2, 5
FILLER_56_812, 464.4, 235.2, 5
_04764_, 467.1, 235.2, 5
_08595_, 467.1, 235.2, 5
TAP_1020, 467.1, 235.2, 5
_08545_, 472.5, 235.2, 5
FILLER_56_824, 472.5, 235.2, 5
FILLER_57_828, 472.5, 235.2, 5
_08597_, 475.2, 235.2, 5
_08613_, 477.9, 235.2, 5
_08565_, 480.6, 235.2, 5
FILLER_57_839, 480.6, 235.2, 5
FILLER_57_841, 480.6, 235.2, 5
_08549_, 483.3, 235.2, 5
TAP_1033, 486, 235.2, 5
FILLER_56_851, 486, 235.2, 5
_08550_, 488.7, 235.2, 5
_08564_, 488.7, 235.2, 5
FILLER_56_855, 488.7, 235.2, 5
FILLER_57_854, 488.7, 235.2, 5
_08599_, 494.1, 235.2, 5
FILLER_56_862, 494.1, 235.2, 5
FILLER_57_866, 494.1, 235.2, 5
_08611_, 496.8, 235.2, 5
_08612_, 496.8, 235.2, 5
FILLER_57_868, 496.8, 235.2, 5
_08609_, 502.2, 235.2, 5
_08610_, 502.2, 235.2, 5
FILLER_56_886, 504.9, 235.2, 5
_08431_, 507.6, 235.2, 5
_08665_, 507.6, 235.2, 5
TAP_1021, 507.6, 235.2, 5
FILLER_57_896, 513, 235.2, 5
_08427_, 521.1, 235.2, 5
_08484_, 521.1, 235.2, 5
_08487_, 523.8, 235.2, 5
FILLER_56_917, 523.8, 235.2, 5
_08488_, 526.5, 235.2, 5
TAP_1034, 526.5, 235.2, 5
_08485_, 529.2, 235.2, 5
_08486_, 534.6, 235.2, 5
_08551_, 534.6, 235.2, 5
PHY_113, 537.3, 235.2, 5
PHY_115, 537.3, 235.2, 5
FILLER_56_943, 537.3, 235.2, 5
FILLER_57_942, 537.3, 235.2, 5
_09869_, 10.8, 227.36, 5
PHY_108, 10.8, 227.36, 5
PHY_110, 10.8, 227.36, 5
FILLER_54_2, 10.8, 227.36, 5
FILLER_54_18, 18.9, 227.36, 5
_09026_, 21.6, 227.36, 5
FILLER_54_20, 21.6, 227.36, 5
_05470_, 27, 227.36, 5
FILLER_54_31, 27, 227.36, 5
_05542_, 29.7, 227.36, 5
TAP_983, 29.7, 227.36, 5
FILLER_55_40, 32.4, 227.36, 5
_09024_, 35.1, 227.36, 5
FILLER_54_46, 35.1, 227.36, 5
FILLER_55_44, 35.1, 227.36, 5
_04880_, 40.5, 227.36, 5
FILLER_55_60, 43.2, 227.36, 5
FILLER_54_62, 45.9, 227.36, 5
TAP_996, 48.6, 227.36, 5
FILLER_55_68, 48.6, 227.36, 5
FILLER_55_70, 48.6, 227.36, 5
_09870_, 51.3, 227.36, 5
_05039_, 54, 227.36, 5
FILLER_54_78, 54, 227.36, 5
_04976_, 56.7, 227.36, 5
FILLER_54_88, 59.4, 227.36, 5
FILLER_54_90, 59.4, 227.36, 5
_04978_, 62.1, 227.36, 5
FILLER_54_95, 62.1, 227.36, 5
FILLER_54_103, 67.5, 227.36, 5
FILLER_55_102, 67.5, 227.36, 5
FILLER_55_104, 67.5, 227.36, 5
_05565_, 70.2, 227.36, 5
_09428_, 70.2, 227.36, 5
TAP_984, 70.2, 227.36, 5
FILLER_54_105, 70.2, 227.36, 5
FILLER_55_110, 72.9, 227.36, 5
FILLER_55_118, 75.6, 227.36, 5
_05269_, 78.3, 227.36, 5
_05266_, 83.7, 227.36, 5
_04923_, 86.4, 227.36, 5
_09433_, 89.1, 227.36, 5
TAP_997, 89.1, 227.36, 5
FILLER_55_141, 89.1, 227.36, 5
FILLER_55_144, 91.8, 227.36, 5
FILLER_55_148, 91.8, 227.36, 5
_05274_, 94.5, 227.36, 5
_05296_, 99.9, 227.36, 5
_05083_, 105.3, 227.36, 5
_05625_, 105.3, 227.36, 5
TAP_985, 108, 227.36, 5
FILLER_54_174, 108, 227.36, 5
FILLER_54_176, 108, 227.36, 5
_05287_, 110.7, 227.36, 5
_05626_, 110.7, 227.36, 5
FILLER_54_179, 110.7, 227.36, 5
_09426_, 113.4, 227.36, 5
_05273_, 118.8, 227.36, 5
_05051_, 124.2, 227.36, 5
_05053_, 126.9, 227.36, 5
_05295_, 129.6, 227.36, 5
_09448_, 129.6, 227.36, 5
TAP_998, 129.6, 227.36, 5
_05587_, 135, 227.36, 5
_05412_, 140.4, 227.36, 5
FILLER_54_238, 143.1, 227.36, 5
_04871_, 145.8, 227.36, 5
_05588_, 145.8, 227.36, 5
FILLER_54_242, 145.8, 227.36, 5
TAP_986, 148.5, 227.36, 5
FILLER_55_249, 148.5, 227.36, 5
_09723_, 151.2, 227.36, 5
clkbuf_1_0__f_clk, 151.2, 227.36, 5
FILLER_54_250, 151.2, 227.36, 5
FILLER_54_252, 151.2, 227.36, 5
_05608_, 167.4, 227.36, 5
TAP_999, 170.1, 227.36, 5
FILLER_55_286, 170.1, 227.36, 5
FILLER_55_288, 170.1, 227.36, 5
_08736_, 172.8, 227.36, 5
_07675_, 180.9, 227.36, 5
_08744_, 180.9, 227.36, 5
_07668_, 186.3, 227.36, 5
FILLER_54_313, 186.3, 227.36, 5
FILLER_54_317, 186.3, 227.36, 5
_05065_, 189, 227.36, 5
TAP_987, 189, 227.36, 5
_05606_, 191.7, 227.36, 5
_09646_, 191.7, 227.36, 5
FILLER_54_325, 191.7, 227.36, 5
FILLER_55_324, 191.7, 227.36, 5
_07303_, 197.1, 227.36, 5
_05098_, 205.2, 227.36, 5
TAP_1000, 207.9, 227.36, 5
FILLER_54_355, 207.9, 227.36, 5
FILLER_55_354, 207.9, 227.36, 5
_04872_, 210.6, 227.36, 5
_08378_, 210.6, 227.36, 5
FILLER_55_357, 210.6, 227.36, 5
_09639_, 213.3, 227.36, 5
FILLER_55_368, 216, 227.36, 5
_07305_, 218.7, 227.36, 5
_04874_, 224.1, 227.36, 5
_09985_, 226.8, 227.36, 5
_09327_, 229.5, 227.36, 5
TAP_988, 229.5, 227.36, 5
FILLER_54_392, 229.5, 227.36, 5
_09986_, 237.6, 227.36, 5
FILLER_54_404, 237.6, 227.36, 5
FILLER_55_415, 243, 227.36, 5
FILLER_55_423, 245.7, 227.36, 5
TAP_1001, 248.4, 227.36, 5
FILLER_55_425, 248.4, 227.36, 5
FILLER_55_428, 251.1, 227.36, 5
FILLER_54_437, 253.8, 227.36, 5
FILLER_55_436, 253.8, 227.36, 5
_06885_, 256.5, 227.36, 5
FILLER_55_438, 256.5, 227.36, 5
_06883_, 261.9, 227.36, 5
FILLER_54_453, 264.6, 227.36, 5
TAP_989, 267.3, 227.36, 5
FILLER_55_461, 267.3, 227.36, 5
FILLER_54_463, 270, 227.36, 5
FILLER_54_471, 272.7, 227.36, 5
FILLER_55_469, 272.7, 227.36, 5
FILLER_55_471, 272.7, 227.36, 5
_06940_, 275.4, 227.36, 5
_09668_, 275.4, 227.36, 5
FILLER_55_477, 278.1, 227.36, 5
FILLER_55_493, 286.2, 227.36, 5
TAP_1002, 288.9, 227.36, 5
FILLER_55_499, 288.9, 227.36, 5
_04785_, 291.6, 227.36, 5
_09670_, 291.6, 227.36, 5
_04760_, 294.3, 227.36, 5
FILLER_55_507, 294.3, 227.36, 5
_09333_, 307.8, 227.36, 5
TAP_990, 307.8, 227.36, 5
_07787_, 310.5, 227.36, 5
_09987_, 315.9, 227.36, 5
FILLER_54_544, 315.9, 227.36, 5
_09330_, 324, 227.36, 5
TAP_1003, 329.4, 227.36, 5
FILLER_55_570, 329.4, 227.36, 5
_09979_, 332.1, 227.36, 5
FILLER_54_577, 332.1, 227.36, 5
_09314_, 334.8, 227.36, 5
FILLER_54_581, 334.8, 227.36, 5
_09313_, 342.9, 227.36, 5
FILLER_54_598, 345.6, 227.36, 5
_09316_, 348.3, 227.36, 5
TAP_991, 348.3, 227.36, 5
FILLER_54_602, 348.3, 227.36, 5
FILLER_54_605, 348.3, 227.36, 5
FILLER_54_613, 353.7, 227.36, 5
FILLER_55_613, 353.7, 227.36, 5
_08368_, 356.4, 227.36, 5
_09318_, 356.4, 227.36, 5
FILLER_54_617, 356.4, 227.36, 5
FILLER_55_617, 356.4, 227.36, 5
_08369_, 361.8, 227.36, 5
_09317_, 361.8, 227.36, 5
_08353_, 364.5, 227.36, 5
FILLER_54_634, 364.5, 227.36, 5
FILLER_55_635, 364.5, 227.36, 5
_08370_, 367.2, 227.36, 5
TAP_1004, 367.2, 227.36, 5
_09691_, 369.9, 227.36, 5
_08048_, 372.6, 227.36, 5
_04772_, 388.8, 227.36, 5
_08352_, 388.8, 227.36, 5
TAP_992, 388.8, 227.36, 5
_08316_, 394.2, 227.36, 5
_08357_, 394.2, 227.36, 5
FILLER_54_684, 394.2, 227.36, 5
FILLER_54_697, 399.6, 227.36, 5
_08313_, 402.3, 227.36, 5
_08036_, 407.7, 227.36, 5
TAP_1005, 407.7, 227.36, 5
FILLER_55_708, 407.7, 227.36, 5
_08312_, 410.4, 227.36, 5
_08315_, 413.1, 227.36, 5
FILLER_54_721, 413.1, 227.36, 5
_08132_, 415.8, 227.36, 5
_08177_, 415.8, 227.36, 5
FILLER_54_723, 415.8, 227.36, 5
FILLER_55_724, 415.8, 227.36, 5
_08179_, 421.2, 227.36, 5
_08182_, 421.2, 227.36, 5
TAP_993, 426.6, 227.36, 5
_08135_, 429.3, 227.36, 5
_08238_, 440.1, 227.36, 5
_08287_, 442.8, 227.36, 5
_09705_, 445.5, 227.36, 5
FILLER_55_779, 445.5, 227.36, 5
_08262_, 448.2, 227.36, 5
TAP_1006, 448.2, 227.36, 5
_08520_, 453.6, 227.36, 5
FILLER_55_790, 453.6, 227.36, 5
_08428_, 459, 227.36, 5
FILLER_55_802, 459, 227.36, 5
_08293_, 464.4, 227.36, 5
FILLER_55_811, 464.4, 227.36, 5
TAP_994, 467.1, 227.36, 5
FILLER_54_815, 467.1, 227.36, 5
FILLER_54_818, 467.1, 227.36, 5
_08519_, 469.8, 227.36, 5
_08512_, 472.5, 227.36, 5
FILLER_55_827, 472.5, 227.36, 5
_08548_, 475.2, 227.36, 5
_08546_, 477.9, 227.36, 5
_08547_, 477.9, 227.36, 5
_08513_, 483.3, 227.36, 5
TAP_1007, 486, 227.36, 5
FILLER_54_852, 486, 227.36, 5
FILLER_55_849, 486, 227.36, 5
FILLER_55_851, 486, 227.36, 5
_08476_, 488.7, 227.36, 5
FILLER_54_854, 488.7, 227.36, 5
FILLER_55_854, 488.7, 227.36, 5
_08410_, 494.1, 227.36, 5
FILLER_55_870, 496.8, 227.36, 5
_08517_, 499.5, 227.36, 5
_08608_, 499.5, 227.36, 5
FILLER_54_873, 499.5, 227.36, 5
FILLER_55_872, 499.5, 227.36, 5
_08518_, 502.2, 227.36, 5
FILLER_55_877, 502.2, 227.36, 5
_08635_, 507.6, 227.36, 5
_08636_, 507.6, 227.36, 5
TAP_995, 507.6, 227.36, 5
_08432_, 510.3, 227.36, 5
FILLER_55_892, 510.3, 227.36, 5
_08466_, 513, 227.36, 5
FILLER_55_896, 513, 227.36, 5
FILLER_55_898, 513, 227.36, 5
_08471_, 515.7, 227.36, 5
FILLER_55_907, 518.4, 227.36, 5
_08467_, 523.8, 227.36, 5
_08468_, 526.5, 227.36, 5
TAP_1008, 526.5, 227.36, 5
_08489_, 529.2, 227.36, 5
FILLER_55_925, 529.2, 227.36, 5
_08470_, 534.6, 227.36, 5
FILLER_55_939, 534.6, 227.36, 5
PHY_109, 537.3, 227.36, 5
PHY_111, 537.3, 227.36, 5
FILLER_54_942, 537.3, 227.36, 5
FILLER_55_943, 537.3, 227.36, 5
_09904_, 10.8, 219.52, 5
PHY_104, 10.8, 219.52, 5
PHY_106, 10.8, 219.52, 5
FILLER_52_2, 10.8, 219.52, 5
_09798_, 13.5, 219.52, 5
_05007_, 27, 219.52, 5
_08910_, 29.7, 219.52, 5
TAP_957, 29.7, 219.52, 5
FILLER_52_33, 29.7, 219.52, 5
FILLER_53_35, 29.7, 219.52, 5
FILLER_53_37, 29.7, 219.52, 5
_09901_, 32.4, 219.52, 5
FILLER_52_47, 35.1, 219.52, 5
_09108_, 37.8, 219.52, 5
_05442_, 43.2, 219.52, 5
FILLER_52_58, 43.2, 219.52, 5
_05443_, 48.6, 219.52, 5
TAP_970, 48.6, 219.52, 5
FILLER_53_67, 48.6, 219.52, 5
_09905_, 51.3, 219.52, 5
FILLER_52_73, 51.3, 219.52, 5
_09799_, 54, 219.52, 5
_05564_, 67.5, 219.52, 5
_05614_, 70.2, 219.52, 5
TAP_958, 70.2, 219.52, 5
_05041_, 72.9, 219.52, 5
_09444_, 72.9, 219.52, 5
FILLER_53_111, 72.9, 219.52, 5
FILLER_52_117, 75.6, 219.52, 5
FILLER_52_125, 81, 219.52, 5
FILLER_52_129, 81, 219.52, 5
_05291_, 83.7, 219.52, 5
_05483_, 89.1, 219.52, 5
TAP_971, 89.1, 219.52, 5
_04925_, 91.8, 219.52, 5
_09449_, 91.8, 219.52, 5
_05484_, 94.5, 219.52, 5
FILLER_52_155, 97.2, 219.52, 5
_05270_, 102.6, 219.52, 5
FILLER_52_163, 102.6, 219.52, 5
_04955_, 108, 219.52, 5
TAP_959, 108, 219.52, 5
_05512_, 110.7, 219.52, 5
FILLER_52_179, 110.7, 219.52, 5
FILLER_53_181, 110.7, 219.52, 5
_05267_, 116.1, 219.52, 5
_05292_, 116.1, 219.52, 5
_04859_, 121.5, 219.52, 5
_04957_, 121.5, 219.52, 5
_09442_, 124.2, 219.52, 5
FILLER_52_204, 124.2, 219.52, 5
FILLER_53_203, 124.2, 219.52, 5
_04861_, 126.9, 219.52, 5
FILLER_53_207, 126.9, 219.52, 5
_05289_, 129.6, 219.52, 5
TAP_972, 129.6, 219.52, 5
_05411_, 135, 219.52, 5
_05630_, 140.4, 219.52, 5
FILLER_52_235, 140.4, 219.52, 5
FILLER_52_239, 143.1, 219.52, 5
_05459_, 145.8, 219.52, 5
FILLER_53_243, 145.8, 219.52, 5
TAP_960, 148.5, 219.52, 5
_05307_, 151.2, 219.52, 5
_09660_, 151.2, 219.52, 5
FILLER_52_268, 159.3, 219.52, 5
_07669_, 162, 219.52, 5
_04873_, 167.4, 219.52, 5
_05409_, 167.4, 219.52, 5
FILLER_52_279, 167.4, 219.52, 5
_09729_, 170.1, 219.52, 5
TAP_973, 170.1, 219.52, 5
FILLER_53_286, 170.1, 219.52, 5
_09666_, 172.8, 219.52, 5
_05063_, 186.3, 219.52, 5
_09701_, 189, 219.52, 5
TAP_961, 189, 219.52, 5
FILLER_52_321, 189, 219.52, 5
_08385_, 194.4, 219.52, 5
_07312_, 199.8, 219.52, 5
_05096_, 205.2, 219.52, 5
FILLER_52_349, 205.2, 219.52, 5
TAP_974, 207.9, 219.52, 5
FILLER_53_352, 207.9, 219.52, 5
FILLER_53_354, 207.9, 219.52, 5
_09694_, 210.6, 219.52, 5
FILLER_52_365, 213.3, 219.52, 5
_05407_, 216, 219.52, 5
FILLER_52_367, 216, 219.52, 5
FILLER_52_377, 221.4, 219.52, 5
FILLER_52_385, 226.8, 219.52, 5
FILLER_52_389, 226.8, 219.52, 5
FILLER_53_386, 226.8, 219.52, 5
_09984_, 229.5, 219.52, 5
TAP_962, 229.5, 219.52, 5
FILLER_53_394, 229.5, 219.52, 5
_09325_, 232.2, 219.52, 5
_09324_, 237.6, 219.52, 5
FILLER_53_412, 240.3, 219.52, 5
_09329_, 243, 219.52, 5
FILLER_52_421, 245.7, 219.52, 5
TAP_975, 248.4, 219.52, 5
_08021_, 251.1, 219.52, 5
_09328_, 251.1, 219.52, 5
_09669_, 253.8, 219.52, 5
FILLER_52_437, 253.8, 219.52, 5
FILLER_53_434, 253.8, 219.52, 5
FILLER_52_441, 256.5, 219.52, 5
_07738_, 259.2, 219.52, 5
FILLER_52_443, 259.2, 219.52, 5
_07737_, 264.6, 219.52, 5
TAP_963, 267.3, 219.52, 5
_04784_, 270, 219.52, 5
_07733_, 270, 219.52, 5
_07732_, 275.4, 219.52, 5
_07735_, 275.4, 219.52, 5
FILLER_53_481, 278.1, 219.52, 5
_07706_, 280.8, 219.52, 5
FILLER_52_485, 280.8, 219.52, 5
FILLER_52_493, 286.2, 219.52, 5
FILLER_53_492, 286.2, 219.52, 5
_07758_, 288.9, 219.52, 5
TAP_976, 288.9, 219.52, 5
FILLER_53_496, 288.9, 219.52, 5
FILLER_53_499, 288.9, 219.52, 5
_07775_, 291.6, 219.52, 5
FILLER_52_505, 291.6, 219.52, 5
FILLER_53_503, 291.6, 219.52, 5
_07739_, 297, 219.52, 5
FILLER_53_518, 299.7, 219.52, 5
FILLER_52_521, 302.4, 219.52, 5
FILLER_53_522, 302.4, 219.52, 5
FILLER_53_524, 302.4, 219.52, 5
_09988_, 305.1, 219.52, 5
FILLER_52_529, 305.1, 219.52, 5
TAP_964, 307.8, 219.52, 5
FILLER_52_531, 307.8, 219.52, 5
FILLER_52_534, 307.8, 219.52, 5
FILLER_52_538, 310.5, 219.52, 5
_09332_, 313.2, 219.52, 5
FILLER_52_540, 313.2, 219.52, 5
FILLER_52_547, 315.9, 219.52, 5
_08025_, 318.6, 219.52, 5
FILLER_52_549, 318.6, 219.52, 5
_09331_, 321.3, 219.52, 5
FILLER_52_558, 321.3, 219.52, 5
_09679_, 326.7, 219.52, 5
FILLER_52_566, 326.7, 219.52, 5
FILLER_53_564, 326.7, 219.52, 5
_08023_, 329.4, 219.52, 5
TAP_977, 329.4, 219.52, 5
FILLER_53_570, 329.4, 219.52, 5
FILLER_53_580, 334.8, 219.52, 5
FILLER_53_582, 334.8, 219.52, 5
_04779_, 337.5, 219.52, 5
_07983_, 340.2, 219.52, 5
FILLER_53_594, 342.9, 219.52, 5
_08366_, 345.6, 219.52, 5
FILLER_53_598, 345.6, 219.52, 5
_09689_, 348.3, 219.52, 5
TAP_965, 348.3, 219.52, 5
_09690_, 351, 219.52, 5
TAP_978, 367.2, 219.52, 5
_04773_, 369.9, 219.52, 5
_08034_, 369.9, 219.52, 5
FILLER_53_641, 369.9, 219.52, 5
_08035_, 372.6, 219.52, 5
clkbuf_leaf_8_clk, 372.6, 219.52, 5
_08064_, 388.8, 219.52, 5
TAP_966, 388.8, 219.52, 5
_08362_, 394.2, 219.52, 5
FILLER_52_685, 394.2, 219.52, 5
_08258_, 399.6, 219.52, 5
_08063_, 402.3, 219.52, 5
FILLER_53_706, 405, 219.52, 5
_08207_, 407.7, 219.52, 5
_08257_, 407.7, 219.52, 5
TAP_979, 407.7, 219.52, 5
_08206_, 413.1, 219.52, 5
_08259_, 413.1, 219.52, 5
_08134_, 415.8, 219.52, 5
_08350_, 418.5, 219.52, 5
FILLER_53_731, 418.5, 219.52, 5
_08133_, 421.2, 219.52, 5
_08183_, 421.2, 219.52, 5
_08186_, 423.9, 219.52, 5
TAP_967, 426.6, 219.52, 5
FILLER_52_744, 426.6, 219.52, 5
_08181_, 429.3, 219.52, 5
FILLER_52_752, 432, 219.52, 5
_08092_, 434.7, 219.52, 5
_08235_, 434.7, 219.52, 5
FILLER_53_777, 445.5, 219.52, 5
_08336_, 448.2, 219.52, 5
_08449_, 448.2, 219.52, 5
TAP_980, 448.2, 219.52, 5
FILLER_52_782, 448.2, 219.52, 5
_08448_, 453.6, 219.52, 5
_08521_, 456.3, 219.52, 5
FILLER_52_799, 456.3, 219.52, 5
_04769_, 459, 219.52, 5
FILLER_53_804, 459, 219.52, 5
_08515_, 461.7, 219.52, 5
_08631_, 461.7, 219.52, 5
FILLER_52_812, 464.4, 219.52, 5
_08392_, 467.1, 219.52, 5
TAP_968, 467.1, 219.52, 5
_08450_, 472.5, 219.52, 5
_08514_, 475.2, 219.52, 5
FILLER_53_829, 475.2, 219.52, 5
_08511_, 477.9, 219.52, 5
FILLER_52_838, 480.6, 219.52, 5
FILLER_52_842, 480.6, 219.52, 5
FILLER_53_841, 480.6, 219.52, 5
_08462_, 483.3, 219.52, 5
_08411_, 486, 219.52, 5
TAP_981, 486, 219.52, 5
FILLER_52_849, 486, 219.52, 5
FILLER_53_849, 486, 219.52, 5
FILLER_53_851, 486, 219.52, 5
_08475_, 488.7, 219.52, 5
_08477_, 488.7, 219.52, 5
_08407_, 491.4, 219.52, 5
_08406_, 494.1, 219.52, 5
_08509_, 496.8, 219.52, 5
_08510_, 499.5, 219.52, 5
_08516_, 499.5, 219.52, 5
FILLER_52_881, 502.2, 219.52, 5
_08507_, 504.9, 219.52, 5
FILLER_52_885, 504.9, 219.52, 5
TAP_969, 507.6, 219.52, 5
FILLER_52_889, 507.6, 219.52, 5
_08680_, 510.3, 219.52, 5
FILLER_53_891, 510.3, 219.52, 5
FILLER_53_895, 510.3, 219.52, 5
_08433_, 513, 219.52, 5
FILLER_52_898, 513, 219.52, 5
_08421_, 515.7, 219.52, 5
_08686_, 518.4, 219.52, 5
FILLER_52_906, 518.4, 219.52, 5
FILLER_52_908, 518.4, 219.52, 5
FILLER_53_909, 518.4, 219.52, 5
FILLER_53_917, 523.8, 219.52, 5
_08688_, 526.5, 219.52, 5
TAP_982, 526.5, 219.52, 5
FILLER_53_921, 526.5, 219.52, 5
_08481_, 529.2, 219.52, 5
FILLER_52_927, 529.2, 219.52, 5
_08469_, 531.9, 219.52, 5
FILLER_53_938, 534.6, 219.52, 5
PHY_105, 537.3, 219.52, 5
PHY_107, 537.3, 219.52, 5
FILLER_52_943, 537.3, 219.52, 5
FILLER_53_942, 537.3, 219.52, 5
PHY_100, 10.8, 211.68, 5
PHY_102, 10.8, 211.68, 5
FILLER_50_2, 10.8, 211.68, 5
FILLER_51_2, 10.8, 211.68, 5
_10028_, 13.5, 211.68, 5
_10029_, 13.5, 211.68, 5
FILLER_50_6, 13.5, 211.68, 5
FILLER_51_6, 13.5, 211.68, 5
FILLER_50_12, 16.2, 211.68, 5
FILLER_51_12, 16.2, 211.68, 5
_09109_, 18.9, 211.68, 5
FILLER_50_16, 18.9, 211.68, 5
FILLER_51_16, 18.9, 211.68, 5
FILLER_51_18, 18.9, 211.68, 5
_09111_, 21.6, 211.68, 5
_05009_, 27, 211.68, 5
_05472_, 27, 211.68, 5
FILLER_50_28, 27, 211.68, 5
FILLER_51_29, 27, 211.68, 5
TAP_931, 29.7, 211.68, 5
FILLER_50_37, 29.7, 211.68, 5
FILLER_51_34, 29.7, 211.68, 5
_09795_, 32.4, 211.68, 5
FILLER_51_50, 37.8, 211.68, 5
_04911_, 40.5, 211.68, 5
_04913_, 43.2, 211.68, 5
FILLER_51_62, 45.9, 211.68, 5
TAP_944, 48.6, 211.68, 5
FILLER_50_68, 48.6, 211.68, 5
FILLER_51_70, 48.6, 211.68, 5
_09112_, 51.3, 211.68, 5
_09114_, 51.3, 211.68, 5
FILLER_51_73, 51.3, 211.68, 5
FILLER_51_75, 51.3, 211.68, 5
FILLER_50_82, 56.7, 211.68, 5
_08911_, 59.4, 211.68, 5
_08913_, 59.4, 211.68, 5
FILLER_50_86, 59.4, 211.68, 5
FILLER_51_86, 59.4, 211.68, 5
FILLER_51_88, 59.4, 211.68, 5
_05105_, 64.8, 211.68, 5
_05613_, 64.8, 211.68, 5
FILLER_50_102, 67.5, 211.68, 5
TAP_932, 70.2, 211.68, 5
FILLER_50_108, 70.2, 211.68, 5
FILLER_51_108, 70.2, 211.68, 5
FILLER_50_124, 78.3, 211.68, 5
FILLER_51_124, 78.3, 211.68, 5
_04885_, 81, 211.68, 5
FILLER_50_128, 81, 211.68, 5
_05445_, 83.7, 211.68, 5
TAP_945, 89.1, 211.68, 5
FILLER_50_142, 89.1, 211.68, 5
FILLER_51_140, 89.1, 211.68, 5
_05457_, 91.8, 211.68, 5
FILLER_51_144, 91.8, 211.68, 5
FILLER_51_152, 94.5, 211.68, 5
_09429_, 97.2, 211.68, 5
FILLER_51_156, 97.2, 211.68, 5
FILLER_50_171, 105.3, 211.68, 5
TAP_933, 108, 211.68, 5
FILLER_50_175, 108, 211.68, 5
FILLER_50_179, 110.7, 211.68, 5
_09445_, 113.4, 211.68, 5
FILLER_51_186, 113.4, 211.68, 5
_05513_, 116.1, 211.68, 5
FILLER_51_188, 116.1, 211.68, 5
FILLER_51_194, 118.8, 211.68, 5
FILLER_51_210, 126.9, 211.68, 5
TAP_946, 129.6, 211.68, 5
FILLER_50_212, 129.6, 211.68, 5
FILLER_51_212, 129.6, 211.68, 5
FILLER_51_215, 129.6, 211.68, 5
FILLER_50_220, 132.3, 211.68, 5
_05430_, 135, 211.68, 5
FILLER_50_222, 135, 211.68, 5
FILLER_51_223, 135, 211.68, 5
FILLER_51_225, 135, 211.68, 5
_05413_, 137.7, 211.68, 5
_05633_, 137.7, 211.68, 5
_05428_, 140.4, 211.68, 5
_05247_, 148.5, 211.68, 5
TAP_934, 148.5, 211.68, 5
_05318_, 151.2, 211.68, 5
FILLER_50_250, 151.2, 211.68, 5
_05248_, 153.9, 211.68, 5
_05208_, 156.6, 211.68, 5
_05261_, 164.7, 211.68, 5
FILLER_51_283, 167.4, 211.68, 5
_08739_, 170.1, 211.68, 5
_09661_, 170.1, 211.68, 5
TAP_947, 170.1, 211.68, 5
_07670_, 175.5, 211.68, 5
_05408_, 180.9, 211.68, 5
_05448_, 186.3, 211.68, 5
FILLER_50_317, 186.3, 211.68, 5
_05582_, 189, 211.68, 5
TAP_935, 189, 211.68, 5
_05581_, 191.7, 211.68, 5
FILLER_50_326, 191.7, 211.68, 5
_05580_, 197.1, 211.68, 5
_09645_, 197.1, 211.68, 5
FILLER_50_334, 197.1, 211.68, 5
FILLER_51_333, 197.1, 211.68, 5
_07311_, 202.5, 211.68, 5
TAP_948, 207.9, 211.68, 5
FILLER_51_353, 207.9, 211.68, 5
_09695_, 210.6, 211.68, 5
_08379_, 213.3, 211.68, 5
_07306_, 221.4, 211.68, 5
FILLER_50_375, 221.4, 211.68, 5
FILLER_50_387, 226.8, 211.68, 5
FILLER_50_389, 226.8, 211.68, 5
FILLER_51_386, 226.8, 211.68, 5
_05447_, 229.5, 211.68, 5
TAP_936, 229.5, 211.68, 5
FILLER_50_401, 234.9, 211.68, 5
FILLER_51_402, 234.9, 211.68, 5
_08017_, 237.6, 211.68, 5
_08019_, 237.6, 211.68, 5
FILLER_50_405, 237.6, 211.68, 5
FILLER_51_406, 237.6, 211.68, 5
_09678_, 243, 211.68, 5
FILLER_50_414, 243, 211.68, 5
FILLER_50_416, 243, 211.68, 5
FILLER_51_416, 243, 211.68, 5
_04781_, 245.7, 211.68, 5
TAP_949, 248.4, 211.68, 5
_08022_, 251.1, 211.68, 5
FILLER_51_436, 253.8, 211.68, 5
_07725_, 259.2, 211.68, 5
FILLER_51_444, 259.2, 211.68, 5
_04780_, 264.6, 211.68, 5
_07734_, 267.3, 211.68, 5
TAP_937, 267.3, 211.68, 5
_07704_, 270, 211.68, 5
_07736_, 270, 211.68, 5
FILLER_50_471, 272.7, 211.68, 5
_07703_, 275.4, 211.68, 5
_07705_, 275.4, 211.68, 5
FILLER_50_473, 275.4, 211.68, 5
_07740_, 280.8, 211.68, 5
_07759_, 280.8, 211.68, 5
FILLER_50_482, 280.8, 211.68, 5
FILLER_50_484, 280.8, 211.68, 5
FILLER_51_492, 286.2, 211.68, 5
_07757_, 288.9, 211.68, 5
TAP_950, 288.9, 211.68, 5
FILLER_51_496, 288.9, 211.68, 5
_07777_, 294.3, 211.68, 5
_07801_, 294.3, 211.68, 5
_07799_, 299.7, 211.68, 5
_07776_, 302.4, 211.68, 5
FILLER_51_521, 302.4, 211.68, 5
_09671_, 305.1, 211.68, 5
_07818_, 307.8, 211.68, 5
TAP_938, 307.8, 211.68, 5
FILLER_50_531, 307.8, 211.68, 5
FILLER_50_542, 313.2, 211.68, 5
_09680_, 315.9, 211.68, 5
FILLER_50_546, 315.9, 211.68, 5
_08026_, 324, 211.68, 5
FILLER_51_567, 326.7, 211.68, 5
TAP_951, 329.4, 211.68, 5
FILLER_51_570, 329.4, 211.68, 5
FILLER_51_572, 329.4, 211.68, 5
_08024_, 332.1, 211.68, 5
FILLER_51_581, 334.8, 211.68, 5
_07981_, 337.5, 211.68, 5
_08002_, 337.5, 211.68, 5
_07887_, 340.2, 211.68, 5
_04756_, 345.6, 211.68, 5
_08055_, 348.3, 211.68, 5
TAP_939, 348.3, 211.68, 5
FILLER_50_605, 348.3, 211.68, 5
FILLER_51_606, 348.3, 211.68, 5
_08367_, 351, 211.68, 5
_08056_, 353.7, 211.68, 5
FILLER_51_615, 353.7, 211.68, 5
FILLER_50_620, 356.4, 211.68, 5
FILLER_51_619, 356.4, 211.68, 5
_04774_, 359.1, 211.68, 5
FILLER_50_624, 359.1, 211.68, 5
FILLER_51_621, 359.1, 211.68, 5
_08032_, 361.8, 211.68, 5
_08053_, 361.8, 211.68, 5
FILLER_50_626, 361.8, 211.68, 5
_08355_, 364.5, 211.68, 5
FILLER_50_633, 364.5, 211.68, 5
_08041_, 367.2, 211.68, 5
TAP_952, 367.2, 211.68, 5
_08040_, 369.9, 211.68, 5
FILLER_51_641, 369.9, 211.68, 5
_08043_, 375.3, 211.68, 5
_08047_, 375.3, 211.68, 5
FILLER_50_670, 386.1, 211.68, 5
_08039_, 388.8, 211.68, 5
_08358_, 388.8, 211.68, 5
TAP_940, 388.8, 211.68, 5
_08260_, 396.9, 211.68, 5
_08261_, 396.9, 211.68, 5
FILLER_50_689, 396.9, 211.68, 5
_08363_, 402.3, 211.68, 5
_08314_, 405, 211.68, 5
_08263_, 407.7, 211.68, 5
TAP_953, 407.7, 211.68, 5
FILLER_51_708, 407.7, 211.68, 5
FILLER_51_712, 407.7, 211.68, 5
_08321_, 410.4, 211.68, 5
_08349_, 410.4, 211.68, 5
_08320_, 415.8, 211.68, 5
_08318_, 421.2, 211.68, 5
FILLER_51_736, 421.2, 211.68, 5
_08292_, 423.9, 211.68, 5
_08333_, 423.9, 211.68, 5
FILLER_50_738, 423.9, 211.68, 5
FILLER_51_738, 423.9, 211.68, 5
_08140_, 426.6, 211.68, 5
TAP_941, 426.6, 211.68, 5
_08163_, 429.3, 211.68, 5
FILLER_51_777, 445.5, 211.68, 5
_08340_, 448.2, 211.68, 5
_09703_, 448.2, 211.68, 5
TAP_954, 448.2, 211.68, 5
FILLER_51_806, 461.7, 211.68, 5
FILLER_51_808, 461.7, 211.68, 5
_04768_, 464.4, 211.68, 5
_08444_, 464.4, 211.68, 5
_08446_, 467.1, 211.68, 5
TAP_942, 467.1, 211.68, 5
FILLER_50_815, 467.1, 211.68, 5
_08415_, 469.8, 211.68, 5
_08414_, 472.5, 211.68, 5
FILLER_51_827, 472.5, 211.68, 5
FILLER_50_831, 475.2, 211.68, 5
_08447_, 477.9, 211.68, 5
FILLER_50_833, 477.9, 211.68, 5
_08442_, 480.6, 211.68, 5
FILLER_51_838, 480.6, 211.68, 5
_08434_, 483.3, 211.68, 5
FILLER_50_844, 483.3, 211.68, 5
TAP_955, 486, 211.68, 5
FILLER_50_851, 486, 211.68, 5
_08437_, 488.7, 211.68, 5
_08474_, 488.7, 211.68, 5
FILLER_50_853, 488.7, 211.68, 5
FILLER_51_854, 488.7, 211.68, 5
_08436_, 494.1, 211.68, 5
_08441_, 494.1, 211.68, 5
FILLER_51_870, 496.8, 211.68, 5
_08637_, 502.2, 211.68, 5
_08638_, 502.2, 211.68, 5
FILLER_50_877, 502.2, 211.68, 5
FILLER_51_878, 502.2, 211.68, 5
_08684_, 504.9, 211.68, 5
_08639_, 507.6, 211.68, 5
TAP_943, 507.6, 211.68, 5
_08634_, 513, 211.68, 5
_08687_, 513, 211.68, 5
FILLER_50_904, 515.7, 211.68, 5
FILLER_50_908, 518.4, 211.68, 5
FILLER_50_910, 518.4, 211.68, 5
_08685_, 521.1, 211.68, 5
FILLER_50_916, 523.8, 211.68, 5
_08690_, 526.5, 211.68, 5
TAP_956, 526.5, 211.68, 5
FILLER_50_920, 526.5, 211.68, 5
FILLER_51_920, 526.5, 211.68, 5
FILLER_51_922, 526.5, 211.68, 5
_08530_, 529.2, 211.68, 5
_08689_, 531.9, 211.68, 5
FILLER_51_935, 534.6, 211.68, 5
PHY_101, 537.3, 211.68, 5
PHY_103, 537.3, 211.68, 5
FILLER_51_943, 537.3, 211.68, 5
_09902_, 10.8, 203.84, 5
PHY_96, 10.8, 203.84, 5
PHY_98, 10.8, 203.84, 5
FILLER_49_2, 10.8, 203.84, 5
_09796_, 13.5, 203.84, 5
_04943_, 27, 203.84, 5
_05471_, 29.7, 203.84, 5
_08908_, 29.7, 203.84, 5
TAP_905, 29.7, 203.84, 5
_04945_, 35.1, 203.84, 5
FILLER_48_46, 35.1, 203.84, 5
FILLER_49_47, 35.1, 203.84, 5
_08907_, 37.8, 203.84, 5
FILLER_48_50, 37.8, 203.84, 5
_04879_, 40.5, 203.84, 5
FILLER_48_56, 40.5, 203.84, 5
_09907_, 43.2, 203.84, 5
FILLER_48_60, 43.2, 203.84, 5
FILLER_49_59, 43.2, 203.84, 5
TAP_918, 48.6, 203.84, 5
FILLER_49_67, 48.6, 203.84, 5
FILLER_49_73, 51.3, 203.84, 5
_05103_, 54, 203.84, 5
FILLER_49_77, 54, 203.84, 5
_09801_, 56.7, 203.84, 5
_09105_, 59.4, 203.84, 5
_10020_, 70.2, 203.84, 5
TAP_906, 70.2, 203.84, 5
_09828_, 72.9, 203.84, 5
FILLER_49_111, 72.9, 203.84, 5
_04883_, 86.4, 203.84, 5
_08976_, 89.1, 203.84, 5
TAP_919, 89.1, 203.84, 5
FILLER_48_141, 89.1, 203.84, 5
FILLER_49_141, 89.1, 203.84, 5
_05446_, 91.8, 203.84, 5
FILLER_49_144, 91.8, 203.84, 5
_04917_, 94.5, 203.84, 5
_05487_, 94.5, 203.84, 5
FILLER_49_151, 94.5, 203.84, 5
FILLER_49_157, 97.2, 203.84, 5
FILLER_49_165, 102.6, 203.84, 5
FILLER_49_167, 102.6, 203.84, 5
_09836_, 105.3, 203.84, 5
TAP_907, 108, 203.84, 5
_05478_, 110.7, 203.84, 5
_08985_, 113.4, 203.84, 5
_09837_, 118.8, 203.84, 5
_05476_, 121.5, 203.84, 5
_05604_, 124.2, 203.84, 5
TAP_920, 129.6, 203.84, 5
FILLER_49_215, 129.6, 203.84, 5
_05631_, 132.3, 203.84, 5
FILLER_49_217, 132.3, 203.84, 5
_05488_, 135, 203.84, 5
_05602_, 137.7, 203.84, 5
FILLER_49_232, 140.4, 203.84, 5
_05319_, 143.1, 203.84, 5
FILLER_48_244, 145.8, 203.84, 5
TAP_908, 148.5, 203.84, 5
_05262_, 151.2, 203.84, 5
_05420_, 151.2, 203.84, 5
_05406_, 159.3, 203.84, 5
_05203_, 167.4, 203.84, 5
_05492_, 170.1, 203.84, 5
_09724_, 170.1, 203.84, 5
TAP_921, 170.1, 203.84, 5
FILLER_48_291, 172.8, 203.84, 5
_04903_, 175.5, 203.84, 5
FILLER_48_293, 175.5, 203.84, 5
FILLER_48_298, 178.2, 203.84, 5
FILLER_48_302, 178.2, 203.84, 5
_04905_, 180.9, 203.84, 5
FILLER_48_308, 183.6, 203.84, 5
_05449_, 186.3, 203.84, 5
FILLER_48_316, 186.3, 203.84, 5
_05456_, 189, 203.84, 5
_09700_, 189, 203.84, 5
TAP_909, 189, 203.84, 5
FILLER_48_318, 189, 203.84, 5
_08384_, 194.4, 203.84, 5
FILLER_48_330, 194.4, 203.84, 5
_05064_, 199.8, 203.84, 5
FILLER_48_345, 202.5, 203.84, 5
_05066_, 205.2, 203.84, 5
TAP_922, 207.9, 203.84, 5
FILLER_49_353, 207.9, 203.84, 5
FILLER_49_357, 210.6, 203.84, 5
FILLER_48_361, 213.3, 203.84, 5
FILLER_49_365, 213.3, 203.84, 5
_04904_, 216, 203.84, 5
FILLER_49_367, 216, 203.84, 5
_09640_, 218.7, 203.84, 5
FILLER_48_377, 221.4, 203.84, 5
FILLER_48_379, 221.4, 203.84, 5
_04906_, 224.1, 203.84, 5
_04970_, 224.1, 203.84, 5
FILLER_48_388, 226.8, 203.84, 5
TAP_910, 229.5, 203.84, 5
FILLER_48_392, 229.5, 203.84, 5
_09677_, 232.2, 203.84, 5
FILLER_48_396, 232.2, 203.84, 5
FILLER_49_401, 234.9, 203.84, 5
_08018_, 237.6, 203.84, 5
FILLER_49_405, 237.6, 203.84, 5
_08020_, 243, 203.84, 5
FILLER_49_422, 245.7, 203.84, 5
TAP_923, 248.4, 203.84, 5
_07686_, 251.1, 203.84, 5
_07731_, 251.1, 203.84, 5
FILLER_49_428, 251.1, 203.84, 5
_07687_, 253.8, 203.84, 5
_07700_, 256.5, 203.84, 5
TAP_911, 267.3, 203.84, 5
_07695_, 270, 203.84, 5
_07727_, 270, 203.84, 5
_07729_, 272.7, 203.84, 5
FILLER_48_481, 278.1, 203.84, 5
_07726_, 280.8, 203.84, 5
_07772_, 280.8, 203.84, 5
FILLER_48_483, 280.8, 203.84, 5
_07702_, 286.2, 203.84, 5
_07769_, 286.2, 203.84, 5
_07774_, 288.9, 203.84, 5
_08011_, 288.9, 203.84, 5
TAP_924, 288.9, 203.84, 5
FILLER_49_496, 288.9, 203.84, 5
_07819_, 297, 203.84, 5
_08004_, 297, 203.84, 5
FILLER_49_511, 297, 203.84, 5
_07800_, 299.7, 203.84, 5
FILLER_48_515, 299.7, 203.84, 5
_07816_, 302.4, 203.84, 5
_07817_, 302.4, 203.84, 5
_07802_, 305.1, 203.84, 5
_08016_, 305.1, 203.84, 5
_08015_, 307.8, 203.84, 5
_09675_, 307.8, 203.84, 5
TAP_912, 307.8, 203.84, 5
FILLER_49_532, 307.8, 203.84, 5
FILLER_49_542, 313.2, 203.84, 5
FILLER_49_558, 321.3, 203.84, 5
FILLER_48_565, 326.7, 203.84, 5
FILLER_49_566, 326.7, 203.84, 5
_04778_, 329.4, 203.84, 5
_08003_, 329.4, 203.84, 5
TAP_925, 329.4, 203.84, 5
FILLER_48_569, 329.4, 203.84, 5
_07677_, 332.1, 203.84, 5
FILLER_49_576, 332.1, 203.84, 5
_07984_, 334.8, 203.84, 5
_07890_, 337.5, 203.84, 5
_07941_, 337.5, 203.84, 5
_09681_, 348.3, 203.84, 5
TAP_913, 348.3, 203.84, 5
FILLER_49_620, 356.4, 203.84, 5
_08051_, 359.1, 203.84, 5
_08054_, 361.8, 203.84, 5
_08052_, 367.2, 203.84, 5
TAP_926, 367.2, 203.84, 5
FILLER_49_638, 367.2, 203.84, 5
_08050_, 369.9, 203.84, 5
FILLER_49_641, 369.9, 203.84, 5
_08045_, 372.6, 203.84, 5
_08049_, 372.6, 203.84, 5
FILLER_49_645, 372.6, 203.84, 5
_08038_, 378, 203.84, 5
_08044_, 378, 203.84, 5
FILLER_48_655, 378, 203.84, 5
_08042_, 383.4, 203.84, 5
FILLER_48_673, 386.1, 203.84, 5
_08030_, 388.8, 203.84, 5
_08033_, 388.8, 203.84, 5
TAP_914, 388.8, 203.84, 5
_08359_, 394.2, 203.84, 5
_08311_, 396.9, 203.84, 5
FILLER_48_693, 396.9, 203.84, 5
_08208_, 399.6, 203.84, 5
_08266_, 402.3, 203.84, 5
_08361_, 402.3, 203.84, 5
_08265_, 407.7, 203.84, 5
TAP_927, 407.7, 203.84, 5
FILLER_49_708, 407.7, 203.84, 5
FILLER_49_720, 413.1, 203.84, 5
_08319_, 415.8, 203.84, 5
FILLER_48_724, 415.8, 203.84, 5
FILLER_48_726, 415.8, 203.84, 5
_08164_, 418.5, 203.84, 5
_08162_, 421.2, 203.84, 5
FILLER_49_735, 421.2, 203.84, 5
_08234_, 423.9, 203.84, 5
FILLER_48_741, 423.9, 203.84, 5
TAP_915, 426.6, 203.84, 5
_08334_, 429.3, 203.84, 5
_08027_, 432, 203.84, 5
_08058_, 434.7, 203.84, 5
_09702_, 448.2, 203.84, 5
TAP_928, 448.2, 203.84, 5
FILLER_49_783, 448.2, 203.84, 5
_08338_, 450.9, 203.84, 5
_08420_, 453.6, 203.84, 5
FILLER_48_790, 453.6, 203.84, 5
_08419_, 456.3, 203.84, 5
FILLER_48_808, 461.7, 203.84, 5
_08443_, 464.4, 203.84, 5
FILLER_48_810, 464.4, 203.84, 5
FILLER_49_813, 464.4, 203.84, 5
_08418_, 467.1, 203.84, 5
_08445_, 467.1, 203.84, 5
TAP_916, 467.1, 203.84, 5
FILLER_49_815, 467.1, 203.84, 5
_08416_, 472.5, 203.84, 5
_08417_, 472.5, 203.84, 5
FILLER_48_830, 475.2, 203.84, 5
FILLER_48_832, 475.2, 203.84, 5
FILLER_49_831, 475.2, 203.84, 5
_08463_, 477.9, 203.84, 5
_08465_, 477.9, 203.84, 5
_04767_, 483.3, 203.84, 5
_08461_, 483.3, 203.84, 5
_08479_, 486, 203.84, 5
TAP_929, 486, 203.84, 5
_08478_, 488.7, 203.84, 5
FILLER_48_857, 488.7, 203.84, 5
_08473_, 494.1, 203.84, 5
FILLER_48_873, 499.5, 203.84, 5
FILLER_49_873, 499.5, 203.84, 5
_08508_, 502.2, 203.84, 5
FILLER_48_881, 502.2, 203.84, 5
FILLER_49_877, 502.2, 203.84, 5
FILLER_49_879, 502.2, 203.84, 5
_08640_, 504.9, 203.84, 5
FILLER_48_885, 504.9, 203.84, 5
TAP_917, 507.6, 203.84, 5
FILLER_48_889, 507.6, 203.84, 5
_04761_, 513, 203.84, 5
FILLER_48_897, 513, 203.84, 5
FILLER_49_908, 518.4, 203.84, 5
_08620_, 523.8, 203.84, 5
FILLER_49_916, 523.8, 203.84, 5
_08691_, 526.5, 203.84, 5
TAP_930, 526.5, 203.84, 5
FILLER_49_920, 526.5, 203.84, 5
FILLER_49_922, 526.5, 203.84, 5
FILLER_49_925, 529.2, 203.84, 5
PHY_97, 537.3, 203.84, 5
PHY_99, 537.3, 203.84, 5
FILLER_49_941, 537.3, 203.84, 5
FILLER_49_943, 537.3, 203.84, 5
PHY_92, 10.8, 196, 5
PHY_94, 10.8, 196, 5
FILLER_46_2, 10.8, 196, 5
FILLER_47_2, 10.8, 196, 5
_05071_, 16.2, 196, 5
FILLER_46_10, 16.2, 196, 5
FILLER_46_12, 16.2, 196, 5
_09113_, 18.9, 196, 5
FILLER_47_18, 18.9, 196, 5
_09106_, 24.3, 196, 5
FILLER_46_27, 24.3, 196, 5
FILLER_47_26, 24.3, 196, 5
_05591_, 27, 196, 5
FILLER_46_29, 27, 196, 5
_08905_, 29.7, 196, 5
_09900_, 29.7, 196, 5
TAP_879, 29.7, 196, 5
_09107_, 35.1, 196, 5
_04881_, 40.5, 196, 5
FILLER_46_60, 43.2, 196, 5
_05416_, 45.9, 196, 5
_09903_, 45.9, 196, 5
FILLER_46_62, 45.9, 196, 5
TAP_892, 48.6, 196, 5
FILLER_47_70, 48.6, 196, 5
_09110_, 51.3, 196, 5
_04975_, 56.7, 196, 5
FILLER_47_87, 59.4, 196, 5
_05503_, 62.1, 196, 5
FILLER_47_95, 62.1, 196, 5
_08904_, 64.8, 196, 5
_05504_, 67.5, 196, 5
TAP_880, 70.2, 196, 5
FILLER_46_108, 70.2, 196, 5
_09403_, 72.9, 196, 5
FILLER_47_112, 72.9, 196, 5
_09405_, 75.6, 196, 5
_08975_, 78.3, 196, 5
_04947_, 81, 196, 5
FILLER_46_130, 83.7, 196, 5
FILLER_47_133, 83.7, 196, 5
_10021_, 86.4, 196, 5
TAP_893, 89.1, 196, 5
FILLER_47_141, 89.1, 196, 5
_09829_, 91.8, 196, 5
_05477_, 102.6, 196, 5
TAP_881, 108, 196, 5
FILLER_46_176, 108, 196, 5
FILLER_47_173, 108, 196, 5
FILLER_47_177, 108, 196, 5
_05444_, 110.7, 196, 5
_08919_, 110.7, 196, 5
_04886_, 116.1, 196, 5
FILLER_46_189, 116.1, 196, 5
FILLER_47_191, 116.1, 196, 5
FILLER_47_195, 118.8, 196, 5
_04918_, 121.5, 196, 5
_08986_, 121.5, 196, 5
FILLER_46_197, 121.5, 196, 5
FILLER_46_201, 121.5, 196, 5
_05603_, 124.2, 196, 5
FILLER_46_203, 124.2, 196, 5
FILLER_47_211, 126.9, 196, 5
TAP_894, 129.6, 196, 5
FILLER_47_215, 129.6, 196, 5
_05429_, 132.3, 196, 5
FILLER_46_218, 132.3, 196, 5
_05516_, 137.7, 196, 5
FILLER_46_226, 137.7, 196, 5
_05515_, 140.4, 196, 5
FILLER_46_242, 145.8, 196, 5
_05517_, 148.5, 196, 5
TAP_882, 148.5, 196, 5
FILLER_46_246, 148.5, 196, 5
_09726_, 151.2, 196, 5
FILLER_47_254, 151.2, 196, 5
_09663_, 153.9, 196, 5
_08740_, 167.4, 196, 5
FILLER_46_279, 167.4, 196, 5
_07672_, 170.1, 196, 5
TAP_895, 170.1, 196, 5
_09662_, 172.8, 196, 5
FILLER_47_296, 175.5, 196, 5
_07671_, 178.2, 196, 5
_05468_, 183.6, 196, 5
FILLER_47_308, 183.6, 196, 5
_04937_, 189, 196, 5
_05485_, 189, 196, 5
TAP_883, 189, 196, 5
FILLER_46_325, 191.7, 196, 5
_08380_, 194.4, 196, 5
FILLER_47_328, 194.4, 196, 5
_05467_, 197.1, 196, 5
FILLER_47_332, 197.1, 196, 5
FILLER_47_334, 197.1, 196, 5
_09641_, 199.8, 196, 5
_07307_, 202.5, 196, 5
TAP_896, 207.9, 196, 5
FILLER_47_354, 207.9, 196, 5
_09697_, 210.6, 196, 5
FILLER_47_357, 210.6, 196, 5
_08381_, 216, 196, 5
_07308_, 221.4, 196, 5
FILLER_46_376, 221.4, 196, 5
FILLER_46_378, 221.4, 196, 5
FILLER_46_389, 226.8, 196, 5
FILLER_47_388, 226.8, 196, 5
_05490_, 229.5, 196, 5
_09676_, 229.5, 196, 5
TAP_884, 229.5, 196, 5
FILLER_46_401, 234.9, 196, 5
_07688_, 240.3, 196, 5
FILLER_46_409, 240.3, 196, 5
FILLER_46_411, 240.3, 196, 5
_04782_, 243, 196, 5
_07685_, 248.4, 196, 5
TAP_897, 248.4, 196, 5
_07692_, 251.1, 196, 5
_07689_, 253.8, 196, 5
_07699_, 256.5, 196, 5
_07684_, 261.9, 196, 5
TAP_885, 267.3, 196, 5
_07690_, 270, 196, 5
_07696_, 270, 196, 5
_07701_, 275.4, 196, 5
_07722_, 280.8, 196, 5
_07773_, 280.8, 196, 5
_07768_, 286.2, 196, 5
FILLER_47_495, 286.2, 196, 5
_07771_, 288.9, 196, 5
TAP_898, 288.9, 196, 5
FILLER_47_499, 288.9, 196, 5
_08012_, 291.6, 196, 5
_07770_, 294.3, 196, 5
FILLER_46_514, 297, 196, 5
_07681_, 299.7, 196, 5
FILLER_47_526, 305.1, 196, 5
_07712_, 307.8, 196, 5
TAP_886, 307.8, 196, 5
FILLER_47_542, 313.2, 196, 5
_07750_, 318.6, 196, 5
_07829_, 318.6, 196, 5
FILLER_46_551, 318.6, 196, 5
FILLER_47_550, 318.6, 196, 5
_07784_, 321.3, 196, 5
_07833_, 324, 196, 5
_07745_, 329.4, 196, 5
TAP_899, 329.4, 196, 5
_07882_, 332.1, 196, 5
FILLER_46_582, 334.8, 196, 5
FILLER_47_582, 334.8, 196, 5
_07708_, 337.5, 196, 5
_07825_, 337.5, 196, 5
FILLER_47_584, 337.5, 196, 5
_07986_, 342.9, 196, 5
FILLER_46_601, 345.6, 196, 5
TAP_887, 348.3, 196, 5
FILLER_46_605, 348.3, 196, 5
_09682_, 351, 196, 5
FILLER_47_611, 351, 196, 5
FILLER_47_619, 356.4, 196, 5
_08087_, 359.1, 196, 5
_04777_, 364.5, 196, 5
_08081_, 367.2, 196, 5
TAP_900, 367.2, 196, 5
FILLER_47_636, 367.2, 196, 5
FILLER_47_638, 367.2, 196, 5
FILLER_46_643, 369.9, 196, 5
FILLER_47_641, 369.9, 196, 5
_08083_, 372.6, 196, 5
FILLER_46_647, 372.6, 196, 5
FILLER_47_649, 372.6, 196, 5
_08031_, 375.3, 196, 5
_08046_, 378, 196, 5
_08076_, 380.7, 196, 5
_08073_, 383.4, 196, 5
FILLER_47_666, 383.4, 196, 5
_08061_, 388.8, 196, 5
_08071_, 388.8, 196, 5
TAP_888, 388.8, 196, 5
FILLER_47_674, 388.8, 196, 5
_08209_, 394.2, 196, 5
_08210_, 396.9, 196, 5
FILLER_46_689, 396.9, 196, 5
_08211_, 402.3, 196, 5
_08212_, 402.3, 196, 5
_08165_, 405, 196, 5
FILLER_46_706, 405, 196, 5
FILLER_47_704, 405, 196, 5
_08205_, 407.7, 196, 5
_08264_, 407.7, 196, 5
TAP_901, 407.7, 196, 5
_08166_, 415.8, 196, 5
_08215_, 415.8, 196, 5
FILLER_47_723, 415.8, 196, 5
FILLER_46_734, 421.2, 196, 5
_08283_, 423.9, 196, 5
TAP_889, 426.6, 196, 5
_08286_, 429.3, 196, 5
FILLER_47_748, 429.3, 196, 5
_08339_, 432, 196, 5
_08284_, 442.8, 196, 5
_08345_, 442.8, 196, 5
FILLER_46_771, 442.8, 196, 5
_08295_, 448.2, 196, 5
TAP_902, 448.2, 196, 5
FILLER_47_780, 448.2, 196, 5
_08342_, 450.9, 196, 5
_08343_, 453.6, 196, 5
_08440_, 456.3, 196, 5
FILLER_47_798, 456.3, 196, 5
_08439_, 459, 196, 5
_08497_, 461.7, 196, 5
FILLER_47_806, 461.7, 196, 5
_08499_, 467.1, 196, 5
TAP_890, 467.1, 196, 5
FILLER_46_814, 467.1, 196, 5
FILLER_46_827, 472.5, 196, 5
FILLER_47_826, 472.5, 196, 5
_08464_, 475.2, 196, 5
_09704_, 475.2, 196, 5
FILLER_46_831, 475.2, 196, 5
FILLER_47_830, 475.2, 196, 5
FILLER_47_837, 477.9, 196, 5
FILLER_47_841, 480.6, 196, 5
_08480_, 483.3, 196, 5
FILLER_47_843, 483.3, 196, 5
TAP_903, 486, 196, 5
FILLER_47_850, 486, 196, 5
FILLER_47_854, 488.7, 196, 5
_08627_, 491.4, 196, 5
FILLER_46_861, 491.4, 196, 5
FILLER_47_858, 491.4, 196, 5
_08626_, 494.1, 196, 5
_08630_, 494.1, 196, 5
FILLER_46_863, 494.1, 196, 5
_08676_, 496.8, 196, 5
_08607_, 502.2, 196, 5
_08677_, 504.9, 196, 5
TAP_891, 507.6, 196, 5
FILLER_46_889, 507.6, 196, 5
FILLER_47_890, 507.6, 196, 5
_08581_, 510.3, 196, 5
_08678_, 510.3, 196, 5
_08580_, 513, 196, 5
_08692_, 513, 196, 5
FILLER_47_897, 513, 196, 5
FILLER_47_899, 513, 196, 5
_08624_, 518.4, 196, 5
TAP_904, 526.5, 196, 5
_08623_, 529.2, 196, 5
_08674_, 531.9, 196, 5
_08675_, 531.9, 196, 5
_08625_, 537.3, 196, 5
PHY_93, 537.3, 196, 5
PHY_95, 537.3, 196, 5
FILLER_47_941, 537.3, 196, 5
FILLER_47_943, 537.3, 196, 5
_09800_, 10.8, 188.16, 5
_09906_, 10.8, 188.16, 5
PHY_88, 10.8, 188.16, 5
PHY_90, 10.8, 188.16, 5
_05073_, 27, 188.16, 5
_08912_, 27, 188.16, 5
TAP_853, 29.7, 188.16, 5
FILLER_44_37, 29.7, 188.16, 5
_09794_, 32.4, 188.16, 5
FILLER_45_41, 32.4, 188.16, 5
FILLER_45_45, 35.1, 188.16, 5
FILLER_45_47, 35.1, 188.16, 5
_08906_, 37.8, 188.16, 5
_05415_, 43.2, 188.16, 5
TAP_866, 48.6, 188.16, 5
FILLER_44_67, 48.6, 188.16, 5
FILLER_45_67, 48.6, 188.16, 5
_09797_, 51.3, 188.16, 5
FILLER_45_73, 51.3, 188.16, 5
_08909_, 56.7, 188.16, 5
FILLER_44_83, 56.7, 188.16, 5
_04977_, 62.1, 188.16, 5
FILLER_44_98, 64.8, 188.16, 5
_10022_, 67.5, 188.16, 5
_09830_, 70.2, 188.16, 5
TAP_854, 70.2, 188.16, 5
_09401_, 83.7, 188.16, 5
FILLER_45_132, 83.7, 188.16, 5
_05509_, 86.4, 188.16, 5
TAP_867, 89.1, 188.16, 5
_09404_, 91.8, 188.16, 5
FILLER_44_146, 91.8, 188.16, 5
FILLER_44_148, 91.8, 188.16, 5
FILLER_45_144, 91.8, 188.16, 5
_09400_, 94.5, 188.16, 5
_04915_, 97.2, 188.16, 5
_09804_, 99.9, 188.16, 5
FILLER_44_165, 102.6, 188.16, 5
_04884_, 108, 188.16, 5
TAP_855, 108, 188.16, 5
_09805_, 110.7, 188.16, 5
_08920_, 116.1, 188.16, 5
_04916_, 121.5, 188.16, 5
FILLER_45_202, 124.2, 188.16, 5
_08921_, 126.9, 188.16, 5
FILLER_44_208, 126.9, 188.16, 5
FILLER_45_210, 126.9, 188.16, 5
TAP_868, 129.6, 188.16, 5
FILLER_45_212, 129.6, 188.16, 5
FILLER_45_215, 129.6, 188.16, 5
FILLER_44_220, 132.3, 188.16, 5
FILLER_45_219, 132.3, 188.16, 5
_04948_, 135, 188.16, 5
_08987_, 135, 188.16, 5
FILLER_44_222, 135, 188.16, 5
FILLER_45_225, 135, 188.16, 5
_05508_, 140.4, 188.16, 5
_05510_, 140.4, 188.16, 5
FILLER_45_233, 140.4, 188.16, 5
_05514_, 145.8, 188.16, 5
FILLER_44_242, 145.8, 188.16, 5
FILLER_45_240, 145.8, 188.16, 5
TAP_856, 148.5, 188.16, 5
FILLER_44_246, 148.5, 188.16, 5
FILLER_44_250, 151.2, 188.16, 5
FILLER_45_250, 151.2, 188.16, 5
FILLER_45_258, 153.9, 188.16, 5
_08741_, 156.6, 188.16, 5
FILLER_45_260, 156.6, 188.16, 5
_04967_, 159.3, 188.16, 5
_05491_, 162, 188.16, 5
FILLER_44_270, 162, 188.16, 5
_04969_, 167.4, 188.16, 5
_09725_, 170.1, 188.16, 5
TAP_869, 170.1, 188.16, 5
FILLER_44_286, 170.1, 188.16, 5
_04935_, 175.5, 188.16, 5
FILLER_44_294, 175.5, 188.16, 5
FILLER_44_296, 175.5, 188.16, 5
FILLER_44_301, 178.2, 188.16, 5
_05469_, 186.3, 188.16, 5
FILLER_44_317, 186.3, 188.16, 5
_09696_, 189, 188.16, 5
TAP_857, 189, 188.16, 5
FILLER_44_321, 189, 188.16, 5
FILLER_44_329, 194.4, 188.16, 5
_04936_, 197.1, 188.16, 5
FILLER_44_333, 197.1, 188.16, 5
FILLER_44_339, 199.8, 188.16, 5
_04938_, 205.2, 188.16, 5
TAP_870, 207.9, 188.16, 5
FILLER_44_355, 207.9, 188.16, 5
FILLER_45_353, 207.9, 188.16, 5
FILLER_45_357, 210.6, 188.16, 5
FILLER_45_365, 213.3, 188.16, 5
FILLER_45_369, 216, 188.16, 5
_04968_, 218.7, 188.16, 5
FILLER_44_371, 218.7, 188.16, 5
_09642_, 221.4, 188.16, 5
FILLER_44_387, 226.8, 188.16, 5
FILLER_44_389, 226.8, 188.16, 5
TAP_858, 229.5, 188.16, 5
FILLER_44_392, 229.5, 188.16, 5
_04972_, 232.2, 188.16, 5
FILLER_44_396, 232.2, 188.16, 5
FILLER_44_398, 232.2, 188.16, 5
FILLER_44_403, 234.9, 188.16, 5
FILLER_45_404, 237.6, 188.16, 5
FILLER_45_412, 240.3, 188.16, 5
_07714_, 243, 188.16, 5
FILLER_45_416, 243, 188.16, 5
FILLER_44_419, 245.7, 188.16, 5
FILLER_44_423, 245.7, 188.16, 5
_07707_, 248.4, 188.16, 5
TAP_871, 248.4, 188.16, 5
FILLER_44_425, 248.4, 188.16, 5
_07715_, 251.1, 188.16, 5
FILLER_45_428, 251.1, 188.16, 5
FILLER_45_432, 251.1, 188.16, 5
_07693_, 253.8, 188.16, 5
_07730_, 256.5, 188.16, 5
_07691_, 259.2, 188.16, 5
_07723_, 261.9, 188.16, 5
_07694_, 267.3, 188.16, 5
TAP_859, 267.3, 188.16, 5
FILLER_44_460, 267.3, 188.16, 5
FILLER_45_459, 267.3, 188.16, 5
_07697_, 270, 188.16, 5
_07859_, 270, 188.16, 5
_07698_, 275.4, 188.16, 5
_07716_, 275.4, 188.16, 5
FILLER_44_481, 278.1, 188.16, 5
_07917_, 280.8, 188.16, 5
_07918_, 280.8, 188.16, 5
FILLER_45_482, 280.8, 188.16, 5
_07682_, 286.2, 188.16, 5
_07713_, 286.2, 188.16, 5
_07811_, 288.9, 188.16, 5
_07970_, 288.9, 188.16, 5
TAP_872, 288.9, 188.16, 5
_07813_, 294.3, 188.16, 5
_07849_, 294.3, 188.16, 5
FILLER_45_515, 299.7, 188.16, 5
FILLER_45_519, 299.7, 188.16, 5
_07866_, 302.4, 188.16, 5
_09672_, 305.1, 188.16, 5
_07865_, 307.8, 188.16, 5
TAP_860, 307.8, 188.16, 5
FILLER_44_543, 313.2, 188.16, 5
_07810_, 315.9, 188.16, 5
FILLER_44_545, 315.9, 188.16, 5
FILLER_45_558, 321.3, 188.16, 5
_07937_, 324, 188.16, 5
_07938_, 324, 188.16, 5
_07934_, 329.4, 188.16, 5
TAP_873, 329.4, 188.16, 5
FILLER_45_580, 334.8, 188.16, 5
FILLER_45_582, 334.8, 188.16, 5
_07987_, 337.5, 188.16, 5
_07991_, 337.5, 188.16, 5
_07985_, 340.2, 188.16, 5
FILLER_44_600, 345.6, 188.16, 5
_07988_, 348.3, 188.16, 5
TAP_861, 348.3, 188.16, 5
FILLER_44_602, 348.3, 188.16, 5
FILLER_44_610, 351, 188.16, 5
FILLER_45_607, 351, 188.16, 5
FILLER_45_615, 353.7, 188.16, 5
_08078_, 356.4, 188.16, 5
_08085_, 356.4, 188.16, 5
_08079_, 359.1, 188.16, 5
_08086_, 359.1, 188.16, 5
_08080_, 364.5, 188.16, 5
FILLER_45_635, 364.5, 188.16, 5
TAP_874, 367.2, 188.16, 5
FILLER_44_638, 367.2, 188.16, 5
_08077_, 369.9, 188.16, 5
_08084_, 372.6, 188.16, 5
FILLER_44_646, 372.6, 188.16, 5
_08082_, 375.3, 188.16, 5
FILLER_44_650, 375.3, 188.16, 5
_08072_, 378, 188.16, 5
FILLER_44_659, 378, 188.16, 5
_08065_, 380.7, 188.16, 5
FILLER_44_663, 380.7, 188.16, 5
_08074_, 383.4, 188.16, 5
_08062_, 386.1, 188.16, 5
FILLER_44_671, 386.1, 188.16, 5
FILLER_44_673, 386.1, 188.16, 5
TAP_862, 388.8, 188.16, 5
FILLER_44_676, 388.8, 188.16, 5
_08075_, 391.5, 188.16, 5
_08161_, 391.5, 188.16, 5
_08158_, 394.2, 188.16, 5
_08156_, 396.9, 188.16, 5
_08217_, 396.9, 188.16, 5
_08256_, 402.3, 188.16, 5
FILLER_44_700, 402.3, 188.16, 5
_08154_, 405, 188.16, 5
FILLER_45_706, 405, 188.16, 5
TAP_875, 407.7, 188.16, 5
FILLER_45_712, 407.7, 188.16, 5
_08216_, 410.4, 188.16, 5
_08351_, 410.4, 188.16, 5
_08115_, 413.1, 188.16, 5
_08119_, 415.8, 188.16, 5
_08214_, 415.8, 188.16, 5
_08117_, 421.2, 188.16, 5
_08213_, 423.9, 188.16, 5
_08285_, 426.6, 188.16, 5
TAP_863, 426.6, 188.16, 5
FILLER_44_743, 426.6, 188.16, 5
FILLER_45_743, 426.6, 188.16, 5
FILLER_45_745, 426.6, 188.16, 5
_08116_, 429.3, 188.16, 5
_08341_, 432, 188.16, 5
_08337_, 434.7, 188.16, 5
FILLER_44_761, 437.4, 188.16, 5
FILLER_45_764, 437.4, 188.16, 5
_08296_, 440.1, 188.16, 5
FILLER_44_769, 440.1, 188.16, 5
_08241_, 442.8, 188.16, 5
FILLER_44_771, 442.8, 188.16, 5
FILLER_44_777, 445.5, 188.16, 5
_08344_, 448.2, 188.16, 5
_08346_, 448.2, 188.16, 5
TAP_876, 448.2, 188.16, 5
FILLER_45_795, 456.3, 188.16, 5
FILLER_44_804, 459, 188.16, 5
FILLER_45_803, 459, 188.16, 5
_08438_, 461.7, 188.16, 5
FILLER_45_807, 461.7, 188.16, 5
FILLER_44_812, 464.4, 188.16, 5
_08502_, 467.1, 188.16, 5
TAP_864, 467.1, 188.16, 5
_08460_, 472.5, 188.16, 5
_08490_, 477.9, 188.16, 5
_08458_, 483.3, 188.16, 5
FILLER_45_847, 483.3, 188.16, 5
_08455_, 486, 188.16, 5
TAP_877, 486, 188.16, 5
FILLER_44_851, 486, 188.16, 5
FILLER_45_851, 486, 188.16, 5
FILLER_44_857, 488.7, 188.16, 5
FILLER_45_854, 488.7, 188.16, 5
_08435_, 491.4, 188.16, 5
FILLER_45_858, 491.4, 188.16, 5
_08629_, 496.8, 188.16, 5
FILLER_45_868, 496.8, 188.16, 5
_08628_, 499.5, 188.16, 5
_08679_, 502.2, 188.16, 5
FILLER_44_878, 502.2, 188.16, 5
FILLER_45_877, 502.2, 188.16, 5
FILLER_44_886, 504.9, 188.16, 5
TAP_865, 507.6, 188.16, 5
FILLER_44_889, 507.6, 188.16, 5
_08575_, 510.3, 188.16, 5
FILLER_44_891, 510.3, 188.16, 5
_08582_, 513, 188.16, 5
_08621_, 515.7, 188.16, 5
FILLER_45_901, 515.7, 188.16, 5
_08579_, 518.4, 188.16, 5
FILLER_45_915, 523.8, 188.16, 5
_08643_, 526.5, 188.16, 5
TAP_878, 526.5, 188.16, 5
FILLER_44_920, 526.5, 188.16, 5
_08622_, 529.2, 188.16, 5
_08642_, 531.9, 188.16, 5
_08641_, 534.6, 188.16, 5
PHY_89, 537.3, 188.16, 5
PHY_91, 537.3, 188.16, 5
FILLER_45_943, 537.3, 188.16, 5
PHY_84, 10.8, 180.32, 5
PHY_86, 10.8, 180.32, 5
FILLER_42_2, 10.8, 180.32, 5
FILLER_43_2, 10.8, 180.32, 5
_05592_, 16.2, 180.32, 5
FILLER_42_10, 16.2, 180.32, 5
FILLER_43_18, 18.9, 180.32, 5
_05338_, 21.6, 180.32, 5
_05590_, 24.3, 180.32, 5
FILLER_42_31, 27, 180.32, 5
_05594_, 29.7, 180.32, 5
TAP_827, 29.7, 180.32, 5
FILLER_43_35, 29.7, 180.32, 5
FILLER_42_42, 32.4, 180.32, 5
_05352_, 35.1, 180.32, 5
FILLER_42_44, 35.1, 180.32, 5
_04868_, 37.8, 180.32, 5
_05403_, 40.5, 180.32, 5
FILLER_43_55, 40.5, 180.32, 5
_09509_, 45.9, 180.32, 5
TAP_840, 48.6, 180.32, 5
FILLER_43_73, 51.3, 180.32, 5
_04966_, 59.4, 180.32, 5
_05493_, 62.1, 180.32, 5
FILLER_43_93, 62.1, 180.32, 5
FILLER_43_95, 62.1, 180.32, 5
_05495_, 64.8, 180.32, 5
FILLER_42_102, 67.5, 180.32, 5
FILLER_43_101, 67.5, 180.32, 5
TAP_828, 70.2, 180.32, 5
FILLER_42_108, 70.2, 180.32, 5
FILLER_43_117, 75.6, 180.32, 5
_05013_, 78.3, 180.32, 5
_08977_, 78.3, 180.32, 5
FILLER_43_121, 78.3, 180.32, 5
FILLER_42_128, 81, 180.32, 5
_04949_, 83.7, 180.32, 5
FILLER_42_136, 86.4, 180.32, 5
FILLER_43_136, 86.4, 180.32, 5
_09833_, 89.1, 180.32, 5
TAP_841, 89.1, 180.32, 5
FILLER_42_140, 89.1, 180.32, 5
FILLER_43_140, 89.1, 180.32, 5
FILLER_43_144, 91.8, 180.32, 5
_05043_, 94.5, 180.32, 5
FILLER_43_156, 97.2, 180.32, 5
FILLER_43_160, 99.9, 180.32, 5
FILLER_43_162, 99.9, 180.32, 5
_05584_, 102.6, 180.32, 5
FILLER_42_170, 105.3, 180.32, 5
FILLER_43_172, 105.3, 180.32, 5
TAP_829, 108, 180.32, 5
FILLER_42_174, 108, 180.32, 5
FILLER_42_176, 108, 180.32, 5
FILLER_43_176, 108, 180.32, 5
_05044_, 110.7, 180.32, 5
_09841_, 110.7, 180.32, 5
FILLER_42_179, 110.7, 180.32, 5
FILLER_42_181, 110.7, 180.32, 5
FILLER_42_186, 113.4, 180.32, 5
_05585_, 116.1, 180.32, 5
FILLER_42_190, 116.1, 180.32, 5
_05601_, 118.8, 180.32, 5
_09806_, 124.2, 180.32, 5
FILLER_43_207, 126.9, 180.32, 5
FILLER_43_211, 126.9, 180.32, 5
TAP_842, 129.6, 180.32, 5
FILLER_43_215, 129.6, 180.32, 5
_09838_, 132.3, 180.32, 5
_04950_, 140.4, 180.32, 5
FILLER_42_238, 143.1, 180.32, 5
TAP_830, 148.5, 180.32, 5
FILLER_42_246, 148.5, 180.32, 5
FILLER_43_246, 148.5, 180.32, 5
_04875_, 151.2, 180.32, 5
_09605_, 151.2, 180.32, 5
FILLER_43_250, 151.2, 180.32, 5
FILLER_43_252, 151.2, 180.32, 5
_06645_, 153.9, 180.32, 5
_05425_, 159.3, 180.32, 5
_05426_, 164.7, 180.32, 5
_09608_, 167.4, 180.32, 5
FILLER_43_281, 167.4, 180.32, 5
FILLER_43_283, 167.4, 180.32, 5
TAP_843, 170.1, 180.32, 5
FILLER_43_286, 170.1, 180.32, 5
FILLER_43_288, 170.1, 180.32, 5
_04971_, 172.8, 180.32, 5
_05501_, 175.5, 180.32, 5
FILLER_43_293, 175.5, 180.32, 5
_09611_, 178.2, 180.32, 5
_06651_, 183.6, 180.32, 5
_05596_, 189, 180.32, 5
TAP_831, 189, 180.32, 5
FILLER_42_318, 189, 180.32, 5
_05067_, 194.4, 180.32, 5
_05597_, 194.4, 180.32, 5
_09590_, 197.1, 180.32, 5
FILLER_42_334, 197.1, 180.32, 5
FILLER_43_334, 197.1, 180.32, 5
FILLER_43_342, 202.5, 180.32, 5
FILLER_43_346, 202.5, 180.32, 5
_05068_, 205.2, 180.32, 5
TAP_844, 207.9, 180.32, 5
FILLER_43_352, 207.9, 180.32, 5
FILLER_43_354, 207.9, 180.32, 5
_05595_, 210.6, 180.32, 5
FILLER_42_365, 213.3, 180.32, 5
_05070_, 216, 180.32, 5
_09584_, 216, 180.32, 5
_06316_, 218.7, 180.32, 5
FILLER_42_371, 218.7, 180.32, 5
_04876_, 224.1, 180.32, 5
FILLER_42_387, 226.8, 180.32, 5
FILLER_42_389, 226.8, 180.32, 5
TAP_832, 229.5, 180.32, 5
FILLER_42_392, 229.5, 180.32, 5
FILLER_42_394, 229.5, 180.32, 5
_06319_, 232.2, 180.32, 5
_09587_, 232.2, 180.32, 5
_05499_, 237.6, 180.32, 5
FILLER_42_414, 243, 180.32, 5
FILLER_42_422, 245.7, 180.32, 5
_07719_, 248.4, 180.32, 5
TAP_845, 248.4, 180.32, 5
FILLER_42_424, 248.4, 180.32, 5
FILLER_43_424, 248.4, 180.32, 5
_07717_, 251.1, 180.32, 5
_07718_, 253.8, 180.32, 5
_07720_, 256.5, 180.32, 5
_07721_, 259.2, 180.32, 5
_07724_, 261.9, 180.32, 5
FILLER_43_448, 261.9, 180.32, 5
_07861_, 264.6, 180.32, 5
_07860_, 267.3, 180.32, 5
TAP_833, 267.3, 180.32, 5
FILLER_43_459, 267.3, 180.32, 5
_07862_, 270, 180.32, 5
_07741_, 272.7, 180.32, 5
FILLER_43_468, 272.7, 180.32, 5
FILLER_43_470, 272.7, 180.32, 5
_07683_, 275.4, 180.32, 5
FILLER_42_475, 275.4, 180.32, 5
_07761_, 283.5, 180.32, 5
_07916_, 286.2, 180.32, 5
TAP_846, 288.9, 180.32, 5
FILLER_42_499, 288.9, 180.32, 5
FILLER_43_499, 288.9, 180.32, 5
_07812_, 291.6, 180.32, 5
_07814_, 291.6, 180.32, 5
_07969_, 297, 180.32, 5
_07971_, 297, 180.32, 5
_04783_, 299.7, 180.32, 5
FILLER_42_516, 299.7, 180.32, 5
FILLER_43_519, 299.7, 180.32, 5
_07863_, 302.4, 180.32, 5
FILLER_42_521, 302.4, 180.32, 5
_07864_, 305.1, 180.32, 5
FILLER_42_529, 305.1, 180.32, 5
_07906_, 307.8, 180.32, 5
TAP_834, 307.8, 180.32, 5
FILLER_42_531, 307.8, 180.32, 5
FILLER_43_537, 310.5, 180.32, 5
_07788_, 313.2, 180.32, 5
FILLER_42_539, 313.2, 180.32, 5
FILLER_43_541, 313.2, 180.32, 5
_07789_, 318.6, 180.32, 5
_07936_, 321.3, 180.32, 5
FILLER_42_555, 321.3, 180.32, 5
_07935_, 324, 180.32, 5
_07995_, 326.7, 180.32, 5
FILLER_43_565, 326.7, 180.32, 5
FILLER_43_567, 326.7, 180.32, 5
_07881_, 329.4, 180.32, 5
TAP_847, 329.4, 180.32, 5
_07943_, 337.5, 180.32, 5
FILLER_43_583, 337.5, 180.32, 5
_07992_, 340.2, 180.32, 5
FILLER_42_589, 340.2, 180.32, 5
_07944_, 342.9, 180.32, 5
FILLER_42_593, 342.9, 180.32, 5
FILLER_42_601, 345.6, 180.32, 5
_07996_, 348.3, 180.32, 5
TAP_835, 348.3, 180.32, 5
_07989_, 353.7, 180.32, 5
_08104_, 361.8, 180.32, 5
_08106_, 361.8, 180.32, 5
FILLER_43_626, 361.8, 180.32, 5
TAP_848, 367.2, 180.32, 5
FILLER_42_640, 367.2, 180.32, 5
FILLER_43_636, 367.2, 180.32, 5
FILLER_43_638, 367.2, 180.32, 5
_08067_, 369.9, 180.32, 5
FILLER_43_641, 369.9, 180.32, 5
FILLER_43_649, 372.6, 180.32, 5
_08070_, 375.3, 180.32, 5
_08057_, 380.7, 180.32, 5
_08069_, 383.4, 180.32, 5
_08088_, 383.4, 180.32, 5
FILLER_42_673, 386.1, 180.32, 5
_08120_, 388.8, 180.32, 5
TAP_836, 388.8, 180.32, 5
FILLER_42_687, 394.2, 180.32, 5
_08157_, 396.9, 180.32, 5
_08160_, 396.9, 180.32, 5
_08109_, 402.3, 180.32, 5
_08110_, 402.3, 180.32, 5
FILLER_42_701, 402.3, 180.32, 5
_08111_, 407.7, 180.32, 5
_08155_, 407.7, 180.32, 5
TAP_849, 407.7, 180.32, 5
_08317_, 410.4, 180.32, 5
_08360_, 413.1, 180.32, 5
FILLER_42_725, 415.8, 180.32, 5
FILLER_43_724, 415.8, 180.32, 5
FILLER_43_726, 415.8, 180.32, 5
_08118_, 418.5, 180.32, 5
FILLER_42_733, 421.2, 180.32, 5
FILLER_43_732, 421.2, 180.32, 5
FILLER_43_736, 421.2, 180.32, 5
_08096_, 423.9, 180.32, 5
_08233_, 423.9, 180.32, 5
FILLER_42_737, 423.9, 180.32, 5
_08237_, 426.6, 180.32, 5
TAP_837, 426.6, 180.32, 5
_08278_, 429.3, 180.32, 5
FILLER_42_747, 429.3, 180.32, 5
FILLER_42_749, 429.3, 180.32, 5
FILLER_42_760, 434.7, 180.32, 5
FILLER_42_768, 440.1, 180.32, 5
FILLER_43_770, 440.1, 180.32, 5
_08242_, 442.8, 180.32, 5
_08243_, 442.8, 180.32, 5
FILLER_43_772, 442.8, 180.32, 5
_08298_, 448.2, 180.32, 5
TAP_850, 448.2, 180.32, 5
FILLER_43_780, 448.2, 180.32, 5
_08329_, 450.9, 180.32, 5
FILLER_42_793, 453.6, 180.32, 5
_08297_, 456.3, 180.32, 5
_08501_, 459, 180.32, 5
FILLER_42_801, 459, 180.32, 5
FILLER_42_803, 459, 180.32, 5
FILLER_43_801, 459, 180.32, 5
_08456_, 461.7, 180.32, 5
FILLER_43_805, 461.7, 180.32, 5
FILLER_43_812, 464.4, 180.32, 5
_08503_, 467.1, 180.32, 5
_08504_, 467.1, 180.32, 5
TAP_838, 467.1, 180.32, 5
_08459_, 469.8, 180.32, 5
FILLER_43_821, 469.8, 180.32, 5
_08457_, 472.5, 180.32, 5
_08506_, 475.2, 180.32, 5
FILLER_42_830, 475.2, 180.32, 5
_08453_, 480.6, 180.32, 5
FILLER_42_844, 483.3, 180.32, 5
TAP_851, 486, 180.32, 5
FILLER_42_852, 486, 180.32, 5
FILLER_43_848, 486, 180.32, 5
_08472_, 488.7, 180.32, 5
_08498_, 488.7, 180.32, 5
FILLER_42_854, 488.7, 180.32, 5
FILLER_43_859, 491.4, 180.32, 5
FILLER_43_861, 491.4, 180.32, 5
_08496_, 494.1, 180.32, 5
_08535_, 494.1, 180.32, 5
_08529_, 496.8, 180.32, 5
FILLER_43_872, 499.5, 180.32, 5
FILLER_42_886, 504.9, 180.32, 5
_08533_, 507.6, 180.32, 5
TAP_839, 507.6, 180.32, 5
FILLER_42_889, 507.6, 180.32, 5
_08531_, 510.3, 180.32, 5
FILLER_43_893, 510.3, 180.32, 5
_08532_, 513, 180.32, 5
_08534_, 515.7, 180.32, 5
_08576_, 518.4, 180.32, 5
_08586_, 521.1, 180.32, 5
FILLER_43_911, 521.1, 180.32, 5
_08583_, 523.8, 180.32, 5
FILLER_43_915, 523.8, 180.32, 5
FILLER_43_917, 523.8, 180.32, 5
TAP_852, 526.5, 180.32, 5
_08585_, 529.2, 180.32, 5
_08644_, 534.6, 180.32, 5
FILLER_43_935, 534.6, 180.32, 5
PHY_85, 537.3, 180.32, 5
PHY_87, 537.3, 180.32, 5
FILLER_42_942, 537.3, 180.32, 5
FILLER_43_943, 537.3, 180.32, 5
_09496_, 10.8, 172.48, 5
_09512_, 10.8, 172.48, 5
PHY_80, 10.8, 172.48, 5
PHY_82, 10.8, 172.48, 5
_05060_, 27, 172.48, 5
_05062_, 27, 172.48, 5
_09490_, 29.7, 172.48, 5
_09506_, 29.7, 172.48, 5
TAP_801, 29.7, 172.48, 5
_05405_, 45.9, 172.48, 5
FILLER_40_66, 45.9, 172.48, 5
TAP_814, 48.6, 172.48, 5
FILLER_41_69, 48.6, 172.48, 5
_09493_, 51.3, 172.48, 5
FILLER_41_73, 51.3, 172.48, 5
clkbuf_leaf_0_clk, 56.7, 172.48, 5
FILLER_41_81, 56.7, 172.48, 5
FILLER_40_103, 67.5, 172.48, 5
_09832_, 70.2, 172.48, 5
TAP_802, 70.2, 172.48, 5
FILLER_40_105, 70.2, 172.48, 5
_09408_, 83.7, 172.48, 5
_10025_, 86.4, 172.48, 5
TAP_815, 89.1, 172.48, 5
_08980_, 91.8, 172.48, 5
FILLER_41_144, 91.8, 172.48, 5
_05045_, 97.2, 172.48, 5
FILLER_41_156, 97.2, 172.48, 5
FILLER_41_161, 99.9, 172.48, 5
_09809_, 102.6, 172.48, 5
FILLER_40_166, 102.6, 172.48, 5
TAP_803, 108, 172.48, 5
FILLER_40_174, 108, 172.48, 5
FILLER_40_176, 108, 172.48, 5
_08924_, 110.7, 172.48, 5
_05583_, 116.1, 172.48, 5
FILLER_40_189, 116.1, 172.48, 5
_08990_, 118.8, 172.48, 5
FILLER_40_200, 121.5, 172.48, 5
_05046_, 124.2, 172.48, 5
FILLER_40_204, 124.2, 172.48, 5
FILLER_40_206, 124.2, 172.48, 5
_09808_, 126.9, 172.48, 5
FILLER_41_208, 126.9, 172.48, 5
_08917_, 129.6, 172.48, 5
TAP_816, 129.6, 172.48, 5
FILLER_41_212, 129.6, 172.48, 5
_05012_, 135, 172.48, 5
FILLER_41_228, 137.7, 172.48, 5
_05550_, 143.1, 172.48, 5
FILLER_40_236, 143.1, 172.48, 5
FILLER_40_243, 145.8, 172.48, 5
FILLER_41_244, 145.8, 172.48, 5
_09418_, 148.5, 172.48, 5
TAP_804, 148.5, 172.48, 5
FILLER_40_247, 148.5, 172.48, 5
FILLER_41_246, 148.5, 172.48, 5
_05572_, 151.2, 172.48, 5
FILLER_40_259, 153.9, 172.48, 5
_05253_, 156.6, 172.48, 5
FILLER_40_263, 156.6, 172.48, 5
_04877_, 164.7, 172.48, 5
FILLER_40_274, 164.7, 172.48, 5
FILLER_40_278, 164.7, 172.48, 5
_09421_, 167.4, 172.48, 5
FILLER_41_280, 167.4, 172.48, 5
_06648_, 170.1, 172.48, 5
TAP_817, 170.1, 172.48, 5
_05500_, 175.5, 172.48, 5
FILLER_41_305, 180.9, 172.48, 5
_09424_, 183.6, 172.48, 5
FILLER_40_308, 183.6, 172.48, 5
FILLER_40_316, 186.3, 172.48, 5
_05259_, 189, 172.48, 5
TAP_805, 189, 172.48, 5
FILLER_40_318, 189, 172.48, 5
FILLER_40_331, 194.4, 172.48, 5
_09857_, 197.1, 172.48, 5
_05069_, 199.8, 172.48, 5
_06322_, 202.5, 172.48, 5
FILLER_41_342, 202.5, 172.48, 5
FILLER_41_344, 202.5, 172.48, 5
TAP_818, 207.9, 172.48, 5
clkbuf_leaf_9_clk, 210.6, 172.48, 5
_09851_, 213.3, 172.48, 5
_09854_, 229.5, 172.48, 5
TAP_806, 229.5, 172.48, 5
_04878_, 237.6, 172.48, 5
_09003_, 240.3, 172.48, 5
_04974_, 245.7, 172.48, 5
FILLER_41_420, 245.7, 172.48, 5
TAP_819, 248.4, 172.48, 5
FILLER_40_425, 248.4, 172.48, 5
FILLER_41_424, 248.4, 172.48, 5
_07764_, 251.1, 172.48, 5
_07766_, 251.1, 172.48, 5
FILLER_41_428, 251.1, 172.48, 5
_07807_, 256.5, 172.48, 5
_07765_, 259.2, 172.48, 5
_07760_, 261.9, 172.48, 5
_07808_, 261.9, 172.48, 5
_07857_, 264.6, 172.48, 5
_07809_, 267.3, 172.48, 5
TAP_807, 267.3, 172.48, 5
_07858_, 270, 172.48, 5
FILLER_40_463, 270, 172.48, 5
FILLER_40_471, 272.7, 172.48, 5
FILLER_41_469, 272.7, 172.48, 5
_07762_, 275.4, 172.48, 5
FILLER_40_475, 275.4, 172.48, 5
_07781_, 278.1, 172.48, 5
_07919_, 280.8, 172.48, 5
FILLER_41_493, 286.2, 172.48, 5
_07815_, 288.9, 172.48, 5
TAP_820, 288.9, 172.48, 5
FILLER_40_503, 291.6, 172.48, 5
_07846_, 294.3, 172.48, 5
_07847_, 299.7, 172.48, 5
_07848_, 302.4, 172.48, 5
_07868_, 302.4, 172.48, 5
_07921_, 307.8, 172.48, 5
TAP_808, 307.8, 172.48, 5
FILLER_40_531, 307.8, 172.48, 5
FILLER_40_534, 307.8, 172.48, 5
_09673_, 310.5, 172.48, 5
_07922_, 313.2, 172.48, 5
FILLER_41_548, 315.9, 172.48, 5
FILLER_41_556, 321.3, 172.48, 5
FILLER_41_560, 324, 172.48, 5
FILLER_41_562, 324, 172.48, 5
_07993_, 326.7, 172.48, 5
FILLER_40_567, 326.7, 172.48, 5
_07930_, 329.4, 172.48, 5
_07990_, 329.4, 172.48, 5
TAP_821, 329.4, 172.48, 5
_07879_, 332.1, 172.48, 5
_07994_, 334.8, 172.48, 5
FILLER_40_583, 337.5, 172.48, 5
FILLER_40_587, 337.5, 172.48, 5
FILLER_41_585, 337.5, 172.48, 5
_07942_, 340.2, 172.48, 5
_07947_, 340.2, 172.48, 5
_07891_, 342.9, 172.48, 5
_07939_, 345.6, 172.48, 5
_07945_, 348.3, 172.48, 5
TAP_809, 348.3, 172.48, 5
_07946_, 353.7, 172.48, 5
_08123_, 353.7, 172.48, 5
FILLER_40_613, 353.7, 172.48, 5
FILLER_40_615, 353.7, 172.48, 5
FILLER_41_620, 356.4, 172.48, 5
_08122_, 359.1, 172.48, 5
FILLER_41_624, 359.1, 172.48, 5
_08105_, 361.8, 172.48, 5
_08121_, 361.8, 172.48, 5
FILLER_41_626, 361.8, 172.48, 5
_08103_, 367.2, 172.48, 5
TAP_822, 367.2, 172.48, 5
FILLER_41_637, 367.2, 172.48, 5
_08107_, 369.9, 172.48, 5
FILLER_40_645, 372.6, 172.48, 5
FILLER_41_649, 372.6, 172.48, 5
FILLER_41_653, 375.3, 172.48, 5
_08066_, 378, 172.48, 5
_08108_, 380.7, 172.48, 5
FILLER_40_661, 380.7, 172.48, 5
_08068_, 383.4, 172.48, 5
_08114_, 386.1, 172.48, 5
FILLER_40_671, 386.1, 172.48, 5
FILLER_40_673, 386.1, 172.48, 5
_08129_, 388.8, 172.48, 5
TAP_810, 388.8, 172.48, 5
_08112_, 394.2, 172.48, 5
_08159_, 399.6, 172.48, 5
FILLER_40_702, 402.3, 172.48, 5
_08113_, 405, 172.48, 5
_08267_, 405, 172.48, 5
_09687_, 407.7, 172.48, 5
TAP_823, 407.7, 172.48, 5
FILLER_40_708, 407.7, 172.48, 5
FILLER_41_709, 407.7, 172.48, 5
FILLER_41_712, 407.7, 172.48, 5
_08322_, 410.4, 172.48, 5
_08324_, 415.8, 172.48, 5
FILLER_41_733, 421.2, 172.48, 5
_08271_, 423.9, 172.48, 5
TAP_811, 426.6, 172.48, 5
FILLER_40_743, 426.6, 172.48, 5
_08190_, 429.3, 172.48, 5
_08236_, 429.3, 172.48, 5
_08141_, 434.7, 172.48, 5
FILLER_41_762, 437.4, 172.48, 5
FILLER_40_770, 440.1, 172.48, 5
FILLER_41_770, 440.1, 172.48, 5
_08277_, 442.8, 172.48, 5
_08279_, 442.8, 172.48, 5
_08299_, 445.5, 172.48, 5
FILLER_41_776, 445.5, 172.48, 5
_08276_, 448.2, 172.48, 5
TAP_824, 448.2, 172.48, 5
FILLER_41_780, 448.2, 172.48, 5
FILLER_41_788, 450.9, 172.48, 5
FILLER_41_796, 456.3, 172.48, 5
_08492_, 459, 172.48, 5
FILLER_40_802, 459, 172.48, 5
FILLER_41_800, 459, 172.48, 5
FILLER_41_802, 459, 172.48, 5
_08500_, 461.7, 172.48, 5
_08491_, 464.4, 172.48, 5
FILLER_40_810, 464.4, 172.48, 5
_08495_, 467.1, 172.48, 5
TAP_812, 467.1, 172.48, 5
_08522_, 472.5, 172.48, 5
_08454_, 475.2, 172.48, 5
_08494_, 477.9, 172.48, 5
_08505_, 480.6, 172.48, 5
FILLER_40_841, 480.6, 172.48, 5
_08493_, 483.3, 172.48, 5
_08524_, 483.3, 172.48, 5
FILLER_40_843, 483.3, 172.48, 5
_08525_, 486, 172.48, 5
TAP_825, 486, 172.48, 5
FILLER_41_854, 488.7, 172.48, 5
_08538_, 491.4, 172.48, 5
FILLER_41_858, 491.4, 172.48, 5
FILLER_40_865, 494.1, 172.48, 5
_08526_, 496.8, 172.48, 5
_08570_, 499.5, 172.48, 5
_08537_, 502.2, 172.48, 5
_08536_, 504.9, 172.48, 5
FILLER_40_886, 504.9, 172.48, 5
TAP_813, 507.6, 172.48, 5
FILLER_40_889, 507.6, 172.48, 5
FILLER_41_889, 507.6, 172.48, 5
_08571_, 510.3, 172.48, 5
FILLER_40_893, 510.3, 172.48, 5
_08572_, 513, 172.48, 5
FILLER_41_897, 513, 172.48, 5
_08573_, 515.7, 172.48, 5
_08574_, 518.4, 172.48, 5
_08523_, 521.1, 172.48, 5
_08618_, 523.8, 172.48, 5
_08619_, 523.8, 172.48, 5
TAP_826, 526.5, 172.48, 5
_08584_, 529.2, 172.48, 5
_08673_, 531.9, 172.48, 5
PHY_81, 537.3, 172.48, 5
PHY_83, 537.3, 172.48, 5
FILLER_41_941, 537.3, 172.48, 5
FILLER_41_943, 537.3, 172.48, 5
PHY_76, 10.8, 164.64, 5
PHY_78, 10.8, 164.64, 5
FILLER_38_2, 10.8, 164.64, 5
FILLER_39_2, 10.8, 164.64, 5
FILLER_38_18, 18.9, 164.64, 5
FILLER_39_18, 18.9, 164.64, 5
_05356_, 21.6, 164.64, 5
_05358_, 21.6, 164.64, 5
_04996_, 27, 164.64, 5
FILLER_39_29, 27, 164.64, 5
_05351_, 29.7, 164.64, 5
TAP_775, 29.7, 164.64, 5
FILLER_38_34, 29.7, 164.64, 5
FILLER_38_37, 29.7, 164.64, 5
_05331_, 32.4, 164.64, 5
FILLER_39_42, 32.4, 164.64, 5
_05332_, 35.1, 164.64, 5
FILLER_39_46, 35.1, 164.64, 5
FILLER_38_50, 37.8, 164.64, 5
_04870_, 43.2, 164.64, 5
_05355_, 43.2, 164.64, 5
_09513_, 43.2, 164.64, 5
FILLER_38_58, 43.2, 164.64, 5
FILLER_38_60, 43.2, 164.64, 5
TAP_788, 48.6, 164.64, 5
_04964_, 51.3, 164.64, 5
FILLER_39_73, 51.3, 164.64, 5
FILLER_39_75, 51.3, 164.64, 5
_05335_, 54, 164.64, 5
_05330_, 59.4, 164.64, 5
_05350_, 59.4, 164.64, 5
_05011_, 70.2, 164.64, 5
_10024_, 70.2, 164.64, 5
TAP_776, 70.2, 164.64, 5
FILLER_39_106, 70.2, 164.64, 5
_09407_, 72.9, 164.64, 5
_08979_, 78.3, 164.64, 5
_05549_, 83.7, 164.64, 5
FILLER_38_137, 86.4, 164.64, 5
_09406_, 89.1, 164.64, 5
TAP_789, 89.1, 164.64, 5
FILLER_39_140, 89.1, 164.64, 5
FILLER_39_144, 91.8, 164.64, 5
_08972_, 94.5, 164.64, 5
FILLER_39_152, 94.5, 164.64, 5
FILLER_39_156, 97.2, 164.64, 5
_09807_, 99.9, 164.64, 5
FILLER_39_158, 99.9, 164.64, 5
FILLER_38_165, 102.6, 164.64, 5
TAP_777, 108, 164.64, 5
FILLER_38_173, 108, 164.64, 5
_08922_, 110.7, 164.64, 5
FILLER_38_189, 116.1, 164.64, 5
FILLER_38_191, 116.1, 164.64, 5
FILLER_39_188, 116.1, 164.64, 5
_04852_, 118.8, 164.64, 5
FILLER_38_196, 118.8, 164.64, 5
FILLER_38_200, 121.5, 164.64, 5
_08916_, 124.2, 164.64, 5
FILLER_39_204, 124.2, 164.64, 5
_08923_, 129.6, 164.64, 5
TAP_790, 129.6, 164.64, 5
FILLER_39_212, 129.6, 164.64, 5
_09840_, 132.3, 164.64, 5
FILLER_38_218, 132.3, 164.64, 5
_08989_, 135, 164.64, 5
_05548_, 140.4, 164.64, 5
_05546_, 145.8, 164.64, 5
TAP_778, 148.5, 164.64, 5
FILLER_38_250, 151.2, 164.64, 5
FILLER_39_251, 151.2, 164.64, 5
_06652_, 153.9, 164.64, 5
FILLER_39_259, 153.9, 164.64, 5
_05099_, 156.6, 164.64, 5
FILLER_39_263, 156.6, 164.64, 5
_05260_, 159.3, 164.64, 5
FILLER_39_268, 159.3, 164.64, 5
_05619_, 164.7, 164.64, 5
_05620_, 164.7, 164.64, 5
FILLER_39_281, 167.4, 164.64, 5
FILLER_39_283, 167.4, 164.64, 5
_05256_, 170.1, 164.64, 5
TAP_791, 170.1, 164.64, 5
FILLER_38_287, 170.1, 164.64, 5
FILLER_39_286, 170.1, 164.64, 5
_04973_, 178.2, 164.64, 5
FILLER_39_302, 178.2, 164.64, 5
FILLER_38_303, 180.9, 164.64, 5
FILLER_38_307, 180.9, 164.64, 5
_05003_, 183.6, 164.64, 5
FILLER_38_312, 183.6, 164.64, 5
FILLER_38_316, 186.3, 164.64, 5
_05535_, 189, 164.64, 5
TAP_779, 189, 164.64, 5
FILLER_38_318, 189, 164.64, 5
FILLER_39_318, 189, 164.64, 5
_05537_, 191.7, 164.64, 5
FILLER_39_322, 191.7, 164.64, 5
FILLER_39_324, 191.7, 164.64, 5
_05005_, 194.4, 164.64, 5
_09591_, 197.1, 164.64, 5
FILLER_39_334, 197.1, 164.64, 5
FILLER_39_342, 202.5, 164.64, 5
FILLER_39_346, 202.5, 164.64, 5
_05100_, 205.2, 164.64, 5
FILLER_39_348, 205.2, 164.64, 5
TAP_792, 207.9, 164.64, 5
FILLER_39_353, 207.9, 164.64, 5
_09010_, 210.6, 164.64, 5
_05618_, 213.3, 164.64, 5
FILLER_39_367, 216, 164.64, 5
_09004_, 218.7, 164.64, 5
FILLER_38_372, 218.7, 164.64, 5
FILLER_39_371, 218.7, 164.64, 5
_05424_, 224.1, 164.64, 5
FILLER_38_388, 226.8, 164.64, 5
_06320_, 229.5, 164.64, 5
_09588_, 229.5, 164.64, 5
TAP_780, 229.5, 164.64, 5
_09007_, 234.9, 164.64, 5
_09008_, 240.3, 164.64, 5
FILLER_38_421, 245.7, 164.64, 5
FILLER_39_421, 245.7, 164.64, 5
TAP_793, 248.4, 164.64, 5
FILLER_39_425, 248.4, 164.64, 5
_07806_, 251.1, 164.64, 5
FILLER_38_429, 251.1, 164.64, 5
FILLER_39_428, 251.1, 164.64, 5
FILLER_39_430, 251.1, 164.64, 5
_07804_, 253.8, 164.64, 5
_07763_, 259.2, 164.64, 5
_07805_, 259.2, 164.64, 5
_07855_, 261.9, 164.64, 5
FILLER_39_448, 261.9, 164.64, 5
_07908_, 264.6, 164.64, 5
FILLER_38_453, 264.6, 164.64, 5
FILLER_38_455, 264.6, 164.64, 5
_07856_, 267.3, 164.64, 5
TAP_781, 267.3, 164.64, 5
_07915_, 270, 164.64, 5
FILLER_39_466, 270, 164.64, 5
_07962_, 275.4, 164.64, 5
_08005_, 275.4, 164.64, 5
FILLER_38_475, 275.4, 164.64, 5
FILLER_39_474, 275.4, 164.64, 5
_07963_, 278.1, 164.64, 5
_07920_, 280.8, 164.64, 5
_08007_, 286.2, 164.64, 5
FILLER_39_493, 286.2, 164.64, 5
_08006_, 288.9, 164.64, 5
TAP_794, 288.9, 164.64, 5
FILLER_39_504, 291.6, 164.64, 5
_07972_, 294.3, 164.64, 5
FILLER_38_506, 294.3, 164.64, 5
_07907_, 297, 164.64, 5
_07905_, 299.7, 164.64, 5
FILLER_38_515, 299.7, 164.64, 5
FILLER_38_519, 299.7, 164.64, 5
_07904_, 302.4, 164.64, 5
_07903_, 305.1, 164.64, 5
TAP_782, 307.8, 164.64, 5
FILLER_38_531, 307.8, 164.64, 5
FILLER_38_534, 307.8, 164.64, 5
_08000_, 310.5, 164.64, 5
_07924_, 313.2, 164.64, 5
FILLER_38_541, 313.2, 164.64, 5
_07867_, 315.9, 164.64, 5
FILLER_39_553, 318.6, 164.64, 5
_07783_, 321.3, 164.64, 5
_07884_, 321.3, 164.64, 5
FILLER_38_557, 321.3, 164.64, 5
_07885_, 326.7, 164.64, 5
_07749_, 329.4, 164.64, 5
TAP_795, 329.4, 164.64, 5
_07880_, 334.8, 164.64, 5
_07883_, 337.5, 164.64, 5
FILLER_38_587, 337.5, 164.64, 5
_07893_, 340.2, 164.64, 5
FILLER_39_592, 342.9, 164.64, 5
_07892_, 348.3, 164.64, 5
TAP_783, 348.3, 164.64, 5
FILLER_38_602, 348.3, 164.64, 5
_09683_, 351, 164.64, 5
_07948_, 353.7, 164.64, 5
FILLER_38_618, 356.4, 164.64, 5
FILLER_38_634, 364.5, 164.64, 5
TAP_796, 367.2, 164.64, 5
FILLER_38_638, 367.2, 164.64, 5
FILLER_38_640, 367.2, 164.64, 5
_08125_, 369.9, 164.64, 5
_08152_, 369.9, 164.64, 5
FILLER_39_649, 372.6, 164.64, 5
FILLER_39_653, 375.3, 164.64, 5
_08150_, 378, 164.64, 5
_08151_, 380.7, 164.64, 5
_08171_, 380.7, 164.64, 5
_08153_, 383.4, 164.64, 5
FILLER_38_672, 386.1, 164.64, 5
FILLER_39_671, 386.1, 164.64, 5
_04776_, 388.8, 164.64, 5
TAP_784, 388.8, 164.64, 5
FILLER_38_676, 388.8, 164.64, 5
_08167_, 391.5, 164.64, 5
_08168_, 391.5, 164.64, 5
FILLER_38_687, 394.2, 164.64, 5
_08218_, 396.9, 164.64, 5
_08219_, 396.9, 164.64, 5
FILLER_39_689, 396.9, 164.64, 5
FILLER_38_697, 399.6, 164.64, 5
_08268_, 402.3, 164.64, 5
FILLER_39_701, 402.3, 164.64, 5
FILLER_38_707, 405, 164.64, 5
_08309_, 407.7, 164.64, 5
TAP_797, 407.7, 164.64, 5
FILLER_38_711, 407.7, 164.64, 5
FILLER_39_709, 407.7, 164.64, 5
FILLER_39_712, 407.7, 164.64, 5
_08323_, 410.4, 164.64, 5
_08310_, 415.8, 164.64, 5
_08325_, 415.8, 164.64, 5
_08348_, 421.2, 164.64, 5
FILLER_38_732, 421.2, 164.64, 5
FILLER_39_733, 421.2, 164.64, 5
FILLER_39_741, 423.9, 164.64, 5
TAP_785, 426.6, 164.64, 5
FILLER_39_745, 426.6, 164.64, 5
_08185_, 429.3, 164.64, 5
FILLER_38_747, 429.3, 164.64, 5
FILLER_39_747, 429.3, 164.64, 5
_08184_, 434.7, 164.64, 5
FILLER_38_763, 437.4, 164.64, 5
FILLER_39_762, 437.4, 164.64, 5
_08280_, 440.1, 164.64, 5
FILLER_39_766, 440.1, 164.64, 5
FILLER_38_779, 445.5, 164.64, 5
_08282_, 448.2, 164.64, 5
_08328_, 448.2, 164.64, 5
TAP_798, 448.2, 164.64, 5
_08347_, 450.9, 164.64, 5
_08281_, 456.3, 164.64, 5
FILLER_39_803, 459, 164.64, 5
FILLER_38_808, 461.7, 164.64, 5
TAP_786, 467.1, 164.64, 5
FILLER_38_818, 467.1, 164.64, 5
FILLER_38_822, 469.8, 164.64, 5
FILLER_39_819, 469.8, 164.64, 5
FILLER_39_823, 469.8, 164.64, 5
_08540_, 472.5, 164.64, 5
_08541_, 472.5, 164.64, 5
FILLER_38_824, 472.5, 164.64, 5
_08539_, 475.2, 164.64, 5
FILLER_39_836, 477.9, 164.64, 5
_08542_, 480.6, 164.64, 5
_08544_, 480.6, 164.64, 5
FILLER_39_838, 480.6, 164.64, 5
_08616_, 486, 164.64, 5
TAP_799, 486, 164.64, 5
_08593_, 488.7, 164.64, 5
FILLER_39_867, 496.8, 164.64, 5
_08589_, 499.5, 164.64, 5
_08650_, 499.5, 164.64, 5
FILLER_38_873, 499.5, 164.64, 5
_08617_, 507.6, 164.64, 5
_08649_, 507.6, 164.64, 5
TAP_787, 507.6, 164.64, 5
FILLER_39_895, 510.3, 164.64, 5
_08587_, 513, 164.64, 5
FILLER_39_899, 513, 164.64, 5
_08672_, 515.7, 164.64, 5
FILLER_38_910, 518.4, 164.64, 5
FILLER_38_918, 523.8, 164.64, 5
_08693_, 526.5, 164.64, 5
TAP_800, 526.5, 164.64, 5
FILLER_38_920, 526.5, 164.64, 5
_08645_, 529.2, 164.64, 5
_08646_, 529.2, 164.64, 5
PHY_77, 537.3, 164.64, 5
PHY_79, 537.3, 164.64, 5
FILLER_39_941, 537.3, 164.64, 5
FILLER_39_943, 537.3, 164.64, 5
_09494_, 10.8, 156.8, 5
_09510_, 10.8, 156.8, 5
PHY_72, 10.8, 156.8, 5
PHY_74, 10.8, 156.8, 5
_04998_, 27, 156.8, 5
_05336_, 27, 156.8, 5
_09507_, 29.7, 156.8, 5
TAP_749, 29.7, 156.8, 5
_05525_, 32.4, 156.8, 5
FILLER_37_50, 37.8, 156.8, 5
_04900_, 40.5, 156.8, 5
FILLER_37_52, 40.5, 156.8, 5
FILLER_37_57, 43.2, 156.8, 5
FILLER_36_66, 45.9, 156.8, 5
FILLER_37_65, 45.9, 156.8, 5
TAP_762, 48.6, 156.8, 5
FILLER_36_70, 48.6, 156.8, 5
FILLER_37_69, 48.6, 156.8, 5
_05092_, 51.3, 156.8, 5
_05359_, 51.3, 156.8, 5
_09497_, 54, 156.8, 5
_05339_, 56.7, 156.8, 5
FILLER_36_82, 56.7, 156.8, 5
FILLER_36_84, 56.7, 156.8, 5
_05627_, 62.1, 156.8, 5
FILLER_36_104, 67.5, 156.8, 5
_05094_, 70.2, 156.8, 5
_10019_, 70.2, 156.8, 5
TAP_750, 70.2, 156.8, 5
FILLER_36_112, 72.9, 156.8, 5
_09402_, 75.6, 156.8, 5
FILLER_36_116, 75.6, 156.8, 5
_04851_, 81, 156.8, 5
_10023_, 83.7, 156.8, 5
_04979_, 86.4, 156.8, 5
FILLER_37_135, 86.4, 156.8, 5
FILLER_37_137, 86.4, 156.8, 5
TAP_763, 89.1, 156.8, 5
_10026_, 91.8, 156.8, 5
_05075_, 99.9, 156.8, 5
FILLER_36_164, 102.6, 156.8, 5
FILLER_36_172, 105.3, 156.8, 5
_04980_, 108, 156.8, 5
_09803_, 108, 156.8, 5
TAP_751, 108, 156.8, 5
FILLER_36_176, 108, 156.8, 5
FILLER_36_179, 110.7, 156.8, 5
_08918_, 113.4, 156.8, 5
FILLER_36_183, 113.4, 156.8, 5
FILLER_36_185, 113.4, 156.8, 5
FILLER_36_196, 118.8, 156.8, 5
_09810_, 121.5, 156.8, 5
FILLER_37_206, 124.2, 156.8, 5
_05076_, 126.9, 156.8, 5
FILLER_37_208, 126.9, 156.8, 5
_08982_, 129.6, 156.8, 5
TAP_764, 129.6, 156.8, 5
_05621_, 137.7, 156.8, 5
_08925_, 140.4, 156.8, 5
FILLER_36_238, 143.1, 156.8, 5
_05014_, 145.8, 156.8, 5
TAP_752, 148.5, 156.8, 5
FILLER_36_246, 148.5, 156.8, 5
FILLER_37_245, 148.5, 156.8, 5
_09612_, 151.2, 156.8, 5
FILLER_37_253, 151.2, 156.8, 5
_09425_, 153.9, 156.8, 5
_05101_, 167.4, 156.8, 5
FILLER_36_283, 167.4, 156.8, 5
TAP_765, 170.1, 156.8, 5
FILLER_36_287, 170.1, 156.8, 5
FILLER_37_286, 170.1, 156.8, 5
_05252_, 172.8, 156.8, 5
_09609_, 172.8, 156.8, 5
FILLER_36_289, 172.8, 156.8, 5
FILLER_37_290, 172.8, 156.8, 5
_06649_, 178.2, 156.8, 5
_09422_, 183.6, 156.8, 5
_05257_, 189, 156.8, 5
TAP_753, 189, 156.8, 5
_05536_, 194.4, 156.8, 5
FILLER_36_336, 197.1, 156.8, 5
FILLER_37_339, 199.8, 156.8, 5
_06321_, 202.5, 156.8, 5
_06323_, 202.5, 156.8, 5
FILLER_37_343, 202.5, 156.8, 5
TAP_766, 207.9, 156.8, 5
FILLER_36_354, 207.9, 156.8, 5
FILLER_37_354, 207.9, 156.8, 5
_09011_, 210.6, 156.8, 5
_09858_, 210.6, 156.8, 5
FILLER_36_356, 210.6, 156.8, 5
_05102_, 216, 156.8, 5
FILLER_36_371, 218.7, 156.8, 5
FILLER_36_379, 221.4, 156.8, 5
_06315_, 224.1, 156.8, 5
FILLER_37_386, 226.8, 156.8, 5
_05004_, 229.5, 156.8, 5
TAP_754, 229.5, 156.8, 5
FILLER_36_392, 229.5, 156.8, 5
FILLER_37_390, 229.5, 156.8, 5
FILLER_37_392, 229.5, 156.8, 5
_05534_, 232.2, 156.8, 5
_09855_, 232.2, 156.8, 5
FILLER_36_396, 232.2, 156.8, 5
_05006_, 237.6, 156.8, 5
FILLER_36_410, 240.3, 156.8, 5
TAP_767, 248.4, 156.8, 5
FILLER_36_426, 248.4, 156.8, 5
FILLER_37_428, 251.1, 156.8, 5
FILLER_37_432, 251.1, 156.8, 5
_07803_, 253.8, 156.8, 5
FILLER_36_434, 253.8, 156.8, 5
FILLER_37_434, 253.8, 156.8, 5
_07851_, 256.5, 156.8, 5
FILLER_36_438, 256.5, 156.8, 5
_07854_, 259.2, 156.8, 5
FILLER_37_446, 259.2, 156.8, 5
_07909_, 261.9, 156.8, 5
FILLER_37_456, 264.6, 156.8, 5
_07914_, 267.3, 156.8, 5
TAP_755, 267.3, 156.8, 5
FILLER_36_457, 267.3, 156.8, 5
FILLER_37_458, 267.3, 156.8, 5
_07912_, 270, 156.8, 5
_07910_, 272.7, 156.8, 5
_07911_, 275.4, 156.8, 5
FILLER_37_480, 278.1, 156.8, 5
_07964_, 280.8, 156.8, 5
FILLER_36_483, 280.8, 156.8, 5
FILLER_36_485, 280.8, 156.8, 5
_07965_, 283.5, 156.8, 5
_07967_, 283.5, 156.8, 5
FILLER_37_495, 286.2, 156.8, 5
_07968_, 288.9, 156.8, 5
_08009_, 288.9, 156.8, 5
TAP_768, 288.9, 156.8, 5
FILLER_36_498, 288.9, 156.8, 5
_08008_, 294.3, 156.8, 5
FILLER_37_506, 294.3, 156.8, 5
_07973_, 297, 156.8, 5
_08013_, 297, 156.8, 5
_08001_, 302.4, 156.8, 5
_08014_, 302.4, 156.8, 5
FILLER_37_520, 302.4, 156.8, 5
FILLER_36_528, 305.1, 156.8, 5
_07974_, 307.8, 156.8, 5
_07999_, 307.8, 156.8, 5
TAP_756, 307.8, 156.8, 5
_07975_, 315.9, 156.8, 5
FILLER_37_544, 315.9, 156.8, 5
_07923_, 321.3, 156.8, 5
FILLER_36_557, 321.3, 156.8, 5
_07834_, 324, 156.8, 5
FILLER_36_561, 324, 156.8, 5
FILLER_37_559, 324, 156.8, 5
FILLER_37_567, 326.7, 156.8, 5
TAP_769, 329.4, 156.8, 5
FILLER_36_570, 329.4, 156.8, 5
FILLER_36_572, 329.4, 156.8, 5
FILLER_37_570, 329.4, 156.8, 5
_07929_, 332.1, 156.8, 5
_07931_, 334.8, 156.8, 5
FILLER_37_578, 334.8, 156.8, 5
FILLER_37_582, 334.8, 156.8, 5
_07979_, 337.5, 156.8, 5
_07933_, 340.2, 156.8, 5
_07949_, 342.9, 156.8, 5
_07980_, 348.3, 156.8, 5
_07997_, 348.3, 156.8, 5
TAP_757, 348.3, 156.8, 5
FILLER_36_613, 353.7, 156.8, 5
_09684_, 359.1, 156.8, 5
FILLER_36_621, 359.1, 156.8, 5
FILLER_37_627, 361.8, 156.8, 5
_08124_, 364.5, 156.8, 5
TAP_770, 367.2, 156.8, 5
FILLER_37_636, 367.2, 156.8, 5
FILLER_37_638, 367.2, 156.8, 5
_08170_, 369.9, 156.8, 5
FILLER_37_649, 372.6, 156.8, 5
FILLER_36_654, 375.3, 156.8, 5
FILLER_37_657, 378, 156.8, 5
FILLER_37_659, 378, 156.8, 5
_08169_, 380.7, 156.8, 5
_08221_, 383.4, 156.8, 5
FILLER_36_670, 386.1, 156.8, 5
FILLER_37_673, 386.1, 156.8, 5
_08204_, 388.8, 156.8, 5
_08220_, 388.8, 156.8, 5
TAP_758, 388.8, 156.8, 5
_08255_, 394.2, 156.8, 5
FILLER_36_684, 394.2, 156.8, 5
FILLER_37_697, 399.6, 156.8, 5
_08269_, 402.3, 156.8, 5
FILLER_37_707, 405, 156.8, 5
_08253_, 407.7, 156.8, 5
TAP_771, 407.7, 156.8, 5
FILLER_37_709, 407.7, 156.8, 5
FILLER_37_712, 407.7, 156.8, 5
_08308_, 410.4, 156.8, 5
FILLER_37_716, 410.4, 156.8, 5
_08273_, 413.1, 156.8, 5
_08307_, 415.8, 156.8, 5
_08306_, 421.2, 156.8, 5
_08326_, 423.9, 156.8, 5
_08187_, 426.6, 156.8, 5
TAP_759, 426.6, 156.8, 5
FILLER_37_742, 426.6, 156.8, 5
_08189_, 429.3, 156.8, 5
_08228_, 429.3, 156.8, 5
FILLER_36_747, 429.3, 156.8, 5
FILLER_36_749, 429.3, 156.8, 5
_08229_, 432, 156.8, 5
_08188_, 434.7, 156.8, 5
_08230_, 437.4, 156.8, 5
_08275_, 440.1, 156.8, 5
_08231_, 442.8, 156.8, 5
FILLER_36_778, 445.5, 156.8, 5
FILLER_37_776, 445.5, 156.8, 5
_08300_, 448.2, 156.8, 5
_08302_, 448.2, 156.8, 5
TAP_772, 448.2, 156.8, 5
FILLER_37_780, 448.2, 156.8, 5
FILLER_37_783, 448.2, 156.8, 5
_08327_, 450.9, 156.8, 5
_08301_, 456.3, 156.8, 5
FILLER_37_803, 459, 156.8, 5
FILLER_36_806, 461.7, 156.8, 5
TAP_760, 467.1, 156.8, 5
FILLER_36_814, 467.1, 156.8, 5
FILLER_36_818, 467.1, 156.8, 5
FILLER_37_819, 469.8, 156.8, 5
FILLER_37_827, 472.5, 156.8, 5
_08569_, 475.2, 156.8, 5
FILLER_37_831, 475.2, 156.8, 5
FILLER_36_834, 477.9, 156.8, 5
_08543_, 483.3, 156.8, 5
FILLER_37_845, 483.3, 156.8, 5
TAP_773, 486, 156.8, 5
FILLER_36_850, 486, 156.8, 5
_08591_, 488.7, 156.8, 5
_08592_, 488.7, 156.8, 5
FILLER_36_854, 488.7, 156.8, 5
FILLER_36_868, 496.8, 156.8, 5
FILLER_36_876, 499.5, 156.8, 5
_08588_, 502.2, 156.8, 5
_08590_, 502.2, 156.8, 5
FILLER_37_877, 502.2, 156.8, 5
FILLER_36_885, 504.9, 156.8, 5
_08648_, 507.6, 156.8, 5
TAP_761, 507.6, 156.8, 5
FILLER_36_889, 507.6, 156.8, 5
FILLER_37_897, 513, 156.8, 5
FILLER_36_905, 515.7, 156.8, 5
FILLER_37_913, 521.1, 156.8, 5
TAP_774, 526.5, 156.8, 5
FILLER_36_921, 526.5, 156.8, 5
FILLER_37_921, 526.5, 156.8, 5
_08647_, 529.2, 156.8, 5
FILLER_36_937, 534.6, 156.8, 5
FILLER_37_937, 534.6, 156.8, 5
PHY_73, 537.3, 156.8, 5
PHY_75, 537.3, 156.8, 5
FILLER_36_941, 537.3, 156.8, 5
FILLER_36_943, 537.3, 156.8, 5
FILLER_37_941, 537.3, 156.8, 5
FILLER_37_943, 537.3, 156.8, 5
_09492_, 10.8, 148.96, 5
PHY_68, 10.8, 148.96, 5
PHY_70, 10.8, 148.96, 5
FILLER_35_2, 10.8, 148.96, 5
FILLER_35_18, 18.9, 148.96, 5
_04934_, 21.6, 148.96, 5
_05334_, 24.3, 148.96, 5
_04932_, 27, 148.96, 5
_05527_, 29.7, 148.96, 5
TAP_723, 29.7, 148.96, 5
FILLER_34_37, 29.7, 148.96, 5
FILLER_35_33, 29.7, 148.96, 5
FILLER_35_35, 29.7, 148.96, 5
_09491_, 32.4, 148.96, 5
FILLER_35_41, 32.4, 148.96, 5
FILLER_35_45, 35.1, 148.96, 5
FILLER_35_47, 35.1, 148.96, 5
_05353_, 37.8, 148.96, 5
_04902_, 43.2, 148.96, 5
FILLER_35_62, 45.9, 148.96, 5
_09511_, 48.6, 148.96, 5
TAP_736, 48.6, 148.96, 5
FILLER_34_68, 48.6, 148.96, 5
FILLER_35_70, 48.6, 148.96, 5
FILLER_35_73, 51.3, 148.96, 5
_05357_, 54, 148.96, 5
_05337_, 59.4, 148.96, 5
FILLER_35_87, 59.4, 148.96, 5
_05028_, 64.8, 148.96, 5
FILLER_35_98, 64.8, 148.96, 5
FILLER_35_100, 64.8, 148.96, 5
_05629_, 67.5, 148.96, 5
FILLER_34_103, 67.5, 148.96, 5
_05030_, 70.2, 148.96, 5
TAP_724, 70.2, 148.96, 5
FILLER_34_105, 70.2, 148.96, 5
FILLER_34_108, 70.2, 148.96, 5
_08973_, 72.9, 148.96, 5
FILLER_34_110, 72.9, 148.96, 5
FILLER_35_110, 72.9, 148.96, 5
_08974_, 78.3, 148.96, 5
_05422_, 81, 148.96, 5
FILLER_35_126, 81, 148.96, 5
FILLER_34_130, 83.7, 148.96, 5
_08978_, 86.4, 148.96, 5
FILLER_34_134, 86.4, 148.96, 5
FILLER_34_136, 86.4, 148.96, 5
FILLER_35_136, 86.4, 148.96, 5
TAP_737, 89.1, 148.96, 5
FILLER_35_140, 89.1, 148.96, 5
_08981_, 91.8, 148.96, 5
_09409_, 91.8, 148.96, 5
_04981_, 97.2, 148.96, 5
_05539_, 97.2, 148.96, 5
FILLER_35_154, 97.2, 148.96, 5
_05622_, 99.9, 148.96, 5
FILLER_34_161, 99.9, 148.96, 5
_05540_, 102.6, 148.96, 5
FILLER_35_164, 102.6, 148.96, 5
_05544_, 105.3, 148.96, 5
FILLER_34_171, 105.3, 148.96, 5
TAP_725, 108, 148.96, 5
FILLER_34_175, 108, 148.96, 5
_05538_, 110.7, 148.96, 5
_05423_, 116.1, 148.96, 5
FILLER_34_188, 116.1, 148.96, 5
_05421_, 118.8, 148.96, 5
FILLER_35_196, 118.8, 148.96, 5
_05427_, 124.2, 148.96, 5
_05623_, 129.6, 148.96, 5
_08983_, 129.6, 148.96, 5
TAP_738, 129.6, 148.96, 5
FILLER_34_213, 129.6, 148.96, 5
FILLER_35_212, 129.6, 148.96, 5
_05632_, 132.3, 148.96, 5
_05458_, 140.4, 148.96, 5
FILLER_35_231, 140.4, 148.96, 5
TAP_726, 148.5, 148.96, 5
FILLER_34_245, 148.5, 148.96, 5
FILLER_34_247, 148.5, 148.96, 5
_05573_, 151.2, 148.96, 5
_05037_, 156.6, 148.96, 5
_05258_, 156.6, 148.96, 5
_05556_, 164.7, 148.96, 5
_09419_, 164.7, 148.96, 5
FILLER_34_275, 164.7, 148.96, 5
FILLER_35_279, 167.4, 148.96, 5
FILLER_35_283, 167.4, 148.96, 5
_05254_, 170.1, 148.96, 5
TAP_739, 170.1, 148.96, 5
_05251_, 175.5, 148.96, 5
_06644_, 180.9, 148.96, 5
FILLER_35_312, 183.6, 148.96, 5
_04909_, 186.3, 148.96, 5
_04941_, 189, 148.96, 5
_05255_, 189, 148.96, 5
TAP_727, 189, 148.96, 5
_05466_, 191.7, 148.96, 5
FILLER_35_324, 191.7, 148.96, 5
FILLER_34_331, 194.4, 148.96, 5
FILLER_35_330, 194.4, 148.96, 5
_09589_, 197.1, 148.96, 5
_06314_, 199.8, 148.96, 5
TAP_740, 207.9, 148.96, 5
FILLER_35_354, 207.9, 148.96, 5
_05036_, 210.6, 148.96, 5
_09586_, 213.3, 148.96, 5
FILLER_35_361, 213.3, 148.96, 5
FILLER_35_369, 216, 148.96, 5
_06318_, 218.7, 148.96, 5
_04940_, 224.1, 148.96, 5
FILLER_35_387, 226.8, 148.96, 5
TAP_728, 229.5, 148.96, 5
FILLER_34_392, 229.5, 148.96, 5
FILLER_34_394, 229.5, 148.96, 5
_06317_, 232.2, 148.96, 5
_09585_, 232.2, 148.96, 5
FILLER_35_395, 232.2, 148.96, 5
FILLER_35_406, 237.6, 148.96, 5
FILLER_35_422, 245.7, 148.96, 5
TAP_741, 248.4, 148.96, 5
FILLER_34_424, 248.4, 148.96, 5
FILLER_35_428, 251.1, 148.96, 5
FILLER_35_436, 253.8, 148.96, 5
_07850_, 256.5, 148.96, 5
FILLER_34_440, 256.5, 148.96, 5
FILLER_34_442, 256.5, 148.96, 5
FILLER_35_440, 256.5, 148.96, 5
_07852_, 259.2, 148.96, 5
_07830_, 264.6, 148.96, 5
_07853_, 267.3, 148.96, 5
TAP_729, 267.3, 148.96, 5
FILLER_34_459, 267.3, 148.96, 5
_07744_, 270, 148.96, 5
FILLER_34_463, 270, 148.96, 5
FILLER_34_465, 270, 148.96, 5
FILLER_35_464, 270, 148.96, 5
_07913_, 272.7, 148.96, 5
_07751_, 275.4, 148.96, 5
FILLER_35_472, 275.4, 148.96, 5
FILLER_35_476, 275.4, 148.96, 5
_07728_, 278.1, 148.96, 5
_07756_, 278.1, 148.96, 5
FILLER_34_479, 278.1, 148.96, 5
FILLER_35_484, 280.8, 148.96, 5
_07966_, 283.5, 148.96, 5
FILLER_35_486, 283.5, 148.96, 5
FILLER_34_492, 286.2, 148.96, 5
_08010_, 288.9, 148.96, 5
TAP_742, 288.9, 148.96, 5
FILLER_34_500, 288.9, 148.96, 5
FILLER_35_499, 288.9, 148.96, 5
_07790_, 291.6, 148.96, 5
FILLER_35_505, 291.6, 148.96, 5
_07767_, 294.3, 148.96, 5
FILLER_35_513, 297, 148.96, 5
_07831_, 299.7, 148.96, 5
_07961_, 299.7, 148.96, 5
FILLER_34_516, 299.7, 148.96, 5
FILLER_35_515, 299.7, 148.96, 5
_07976_, 302.4, 148.96, 5
FILLER_35_521, 302.4, 148.96, 5
_07960_, 305.1, 148.96, 5
_07958_, 307.8, 148.96, 5
TAP_730, 307.8, 148.96, 5
_09674_, 310.5, 148.96, 5
FILLER_34_544, 315.9, 148.96, 5
FILLER_34_552, 318.6, 148.96, 5
_07832_, 321.3, 148.96, 5
_07877_, 326.7, 148.96, 5
_07872_, 329.4, 148.96, 5
TAP_743, 329.4, 148.96, 5
_07875_, 332.1, 148.96, 5
FILLER_35_575, 332.1, 148.96, 5
_07932_, 337.5, 148.96, 5
FILLER_34_583, 337.5, 148.96, 5
FILLER_34_587, 337.5, 148.96, 5
FILLER_35_583, 337.5, 148.96, 5
_07928_, 340.2, 148.96, 5
_07950_, 340.2, 148.96, 5
FILLER_34_589, 340.2, 148.96, 5
FILLER_34_595, 342.9, 148.96, 5
TAP_731, 348.3, 148.96, 5
FILLER_34_605, 348.3, 148.96, 5
FILLER_35_615, 353.7, 148.96, 5
FILLER_34_621, 359.1, 148.96, 5
FILLER_34_625, 359.1, 148.96, 5
_09686_, 361.8, 148.96, 5
FILLER_34_627, 361.8, 148.96, 5
FILLER_35_631, 364.5, 148.96, 5
TAP_744, 367.2, 148.96, 5
_08270_, 369.9, 148.96, 5
FILLER_35_647, 372.6, 148.96, 5
_09685_, 375.3, 148.96, 5
FILLER_35_651, 375.3, 148.96, 5
FILLER_34_659, 378, 148.96, 5
_08102_, 380.7, 148.96, 5
FILLER_34_661, 380.7, 148.96, 5
_08100_, 388.8, 148.96, 5
TAP_732, 388.8, 148.96, 5
FILLER_34_682, 391.5, 148.96, 5
_08201_, 394.2, 148.96, 5
_08202_, 394.2, 148.96, 5
FILLER_35_684, 394.2, 148.96, 5
_08203_, 399.6, 148.96, 5
_08222_, 399.6, 148.96, 5
FILLER_34_702, 402.3, 148.96, 5
_08252_, 405, 148.96, 5
_08254_, 405, 148.96, 5
FILLER_35_704, 405, 148.96, 5
_08272_, 407.7, 148.96, 5
TAP_745, 407.7, 148.96, 5
FILLER_35_720, 413.1, 148.96, 5
_08305_, 415.8, 148.96, 5
FILLER_34_724, 415.8, 148.96, 5
FILLER_35_724, 415.8, 148.96, 5
_08097_, 418.5, 148.96, 5
FILLER_34_728, 418.5, 148.96, 5
FILLER_34_730, 418.5, 148.96, 5
FILLER_35_735, 421.2, 148.96, 5
TAP_733, 426.6, 148.96, 5
FILLER_34_744, 426.6, 148.96, 5
_08131_, 429.3, 148.96, 5
FILLER_35_751, 429.3, 148.96, 5
FILLER_34_754, 432, 148.96, 5
FILLER_35_755, 432, 148.96, 5
_08226_, 434.7, 148.96, 5
_08232_, 434.7, 148.96, 5
FILLER_34_758, 434.7, 148.96, 5
FILLER_34_765, 437.4, 148.96, 5
_08227_, 440.1, 148.96, 5
FILLER_34_770, 440.1, 148.96, 5
FILLER_34_774, 442.8, 148.96, 5
_08245_, 445.5, 148.96, 5
FILLER_34_776, 445.5, 148.96, 5
FILLER_35_779, 445.5, 148.96, 5
TAP_746, 448.2, 148.96, 5
FILLER_35_783, 448.2, 148.96, 5
_08274_, 450.9, 148.96, 5
_08304_, 450.9, 148.96, 5
_08303_, 456.3, 148.96, 5
FILLER_34_797, 456.3, 148.96, 5
FILLER_35_804, 459, 148.96, 5
FILLER_34_813, 464.4, 148.96, 5
TAP_734, 467.1, 148.96, 5
FILLER_34_815, 467.1, 148.96, 5
FILLER_34_818, 467.1, 148.96, 5
FILLER_35_820, 469.8, 148.96, 5
FILLER_34_834, 477.9, 148.96, 5
FILLER_35_836, 477.9, 148.96, 5
TAP_747, 486, 148.96, 5
FILLER_34_850, 486, 148.96, 5
FILLER_35_854, 488.7, 148.96, 5
FILLER_34_866, 494.1, 148.96, 5
FILLER_35_870, 496.8, 148.96, 5
FILLER_34_882, 504.9, 148.96, 5
FILLER_34_886, 504.9, 148.96, 5
FILLER_35_886, 504.9, 148.96, 5
TAP_735, 507.6, 148.96, 5
FILLER_34_889, 507.6, 148.96, 5
FILLER_34_905, 515.7, 148.96, 5
FILLER_35_902, 515.7, 148.96, 5
FILLER_35_918, 523.8, 148.96, 5
TAP_748, 526.5, 148.96, 5
FILLER_34_921, 526.5, 148.96, 5
FILLER_35_922, 526.5, 148.96, 5
FILLER_35_925, 529.2, 148.96, 5
FILLER_34_937, 534.6, 148.96, 5
PHY_69, 537.3, 148.96, 5
PHY_71, 537.3, 148.96, 5
FILLER_34_941, 537.3, 148.96, 5
FILLER_34_943, 537.3, 148.96, 5
FILLER_35_941, 537.3, 148.96, 5
FILLER_35_943, 537.3, 148.96, 5
_09508_, 10.8, 141.12, 5
PHY_64, 10.8, 141.12, 5
PHY_66, 10.8, 141.12, 5
FILLER_32_2, 10.8, 141.12, 5
FILLER_32_18, 18.9, 141.12, 5
_05354_, 21.6, 141.12, 5
FILLER_32_20, 21.6, 141.12, 5
_05479_, 27, 141.12, 5
FILLER_32_31, 27, 141.12, 5
_05593_, 29.7, 141.12, 5
TAP_697, 29.7, 141.12, 5
_05481_, 32.4, 141.12, 5
_05342_, 35.1, 141.12, 5
FILLER_33_45, 35.1, 141.12, 5
_05333_, 37.8, 141.12, 5
FILLER_32_56, 40.5, 141.12, 5
_05453_, 43.2, 141.12, 5
_09501_, 43.2, 141.12, 5
FILLER_33_59, 43.2, 141.12, 5
TAP_710, 48.6, 141.12, 5
FILLER_33_69, 48.6, 141.12, 5
_05455_, 51.3, 141.12, 5
FILLER_33_78, 54, 141.12, 5
_09495_, 56.7, 141.12, 5
FILLER_33_82, 56.7, 141.12, 5
FILLER_32_86, 59.4, 141.12, 5
FILLER_32_94, 62.1, 141.12, 5
FILLER_32_98, 64.8, 141.12, 5
FILLER_32_100, 64.8, 141.12, 5
_05559_, 67.5, 141.12, 5
_05557_, 70.2, 141.12, 5
TAP_698, 70.2, 141.12, 5
_09827_, 72.9, 141.12, 5
FILLER_32_117, 75.6, 141.12, 5
_04853_, 78.3, 141.12, 5
FILLER_32_121, 78.3, 141.12, 5
FILLER_32_123, 78.3, 141.12, 5
_09831_, 81, 141.12, 5
FILLER_32_128, 81, 141.12, 5
TAP_711, 89.1, 141.12, 5
FILLER_33_141, 89.1, 141.12, 5
_09834_, 91.8, 141.12, 5
_05077_, 99.9, 141.12, 5
FILLER_32_162, 99.9, 141.12, 5
FILLER_32_170, 105.3, 141.12, 5
TAP_699, 108, 141.12, 5
FILLER_32_174, 108, 141.12, 5
FILLER_32_176, 108, 141.12, 5
FILLER_33_173, 108, 141.12, 5
FILLER_33_177, 108, 141.12, 5
_04982_, 110.7, 141.12, 5
_08988_, 110.7, 141.12, 5
_09835_, 110.7, 141.12, 5
FILLER_32_179, 110.7, 141.12, 5
FILLER_32_181, 110.7, 141.12, 5
_08984_, 118.8, 141.12, 5
_04854_, 124.2, 141.12, 5
FILLER_32_206, 124.2, 141.12, 5
FILLER_32_210, 126.9, 141.12, 5
FILLER_33_211, 126.9, 141.12, 5
_08991_, 129.6, 141.12, 5
_09842_, 129.6, 141.12, 5
TAP_712, 129.6, 141.12, 5
FILLER_32_212, 129.6, 141.12, 5
_05486_, 135, 141.12, 5
FILLER_33_244, 145.8, 141.12, 5
_09423_, 148.5, 141.12, 5
TAP_700, 148.5, 141.12, 5
FILLER_32_250, 151.2, 141.12, 5
FILLER_32_254, 151.2, 141.12, 5
_06650_, 153.9, 141.12, 5
FILLER_32_256, 153.9, 141.12, 5
_05035_, 159.3, 141.12, 5
_09606_, 162, 141.12, 5
_05451_, 164.7, 141.12, 5
FILLER_33_274, 164.7, 141.12, 5
_06643_, 170.1, 141.12, 5
TAP_713, 170.1, 141.12, 5
_04907_, 178.2, 141.12, 5
_05452_, 178.2, 141.12, 5
_06647_, 180.9, 141.12, 5
_09420_, 180.9, 141.12, 5
_04939_, 186.3, 141.12, 5
_05465_, 189, 141.12, 5
TAP_701, 189, 141.12, 5
FILLER_32_318, 189, 141.12, 5
FILLER_32_330, 194.4, 141.12, 5
_09856_, 197.1, 141.12, 5
FILLER_33_336, 197.1, 141.12, 5
_09002_, 199.8, 141.12, 5
FILLER_33_338, 199.8, 141.12, 5
TAP_714, 207.9, 141.12, 5
_09009_, 210.6, 141.12, 5
_09853_, 213.3, 141.12, 5
_05554_, 216, 141.12, 5
_05464_, 221.4, 141.12, 5
_04942_, 226.8, 141.12, 5
FILLER_33_389, 226.8, 141.12, 5
_09852_, 229.5, 141.12, 5
TAP_702, 229.5, 141.12, 5
_05450_, 232.2, 141.12, 5
_04908_, 237.6, 141.12, 5
FILLER_33_410, 240.3, 141.12, 5
FILLER_32_421, 245.7, 141.12, 5
TAP_715, 248.4, 141.12, 5
FILLER_33_428, 251.1, 141.12, 5
FILLER_32_437, 253.8, 141.12, 5
FILLER_33_444, 259.2, 141.12, 5
FILLER_33_452, 261.9, 141.12, 5
FILLER_32_453, 264.6, 141.12, 5
FILLER_33_456, 264.6, 141.12, 5
_07753_, 267.3, 141.12, 5
TAP_703, 267.3, 141.12, 5
FILLER_32_463, 270, 141.12, 5
_07752_, 272.7, 141.12, 5
FILLER_32_467, 272.7, 141.12, 5
FILLER_32_469, 272.7, 141.12, 5
_07743_, 278.1, 141.12, 5
_07798_, 280.8, 141.12, 5
_07754_, 283.5, 141.12, 5
TAP_716, 288.9, 141.12, 5
FILLER_33_496, 288.9, 141.12, 5
FILLER_33_499, 288.9, 141.12, 5
_07835_, 291.6, 141.12, 5
FILLER_33_503, 291.6, 141.12, 5
FILLER_32_513, 297, 141.12, 5
FILLER_32_521, 302.4, 141.12, 5
_07925_, 305.1, 141.12, 5
_07959_, 305.1, 141.12, 5
FILLER_32_525, 305.1, 141.12, 5
_07956_, 307.8, 141.12, 5
TAP_704, 307.8, 141.12, 5
_07957_, 315.9, 141.12, 5
FILLER_32_552, 318.6, 141.12, 5
FILLER_33_551, 318.6, 141.12, 5
_07821_, 324, 141.12, 5
FILLER_32_560, 324, 141.12, 5
FILLER_33_559, 324, 141.12, 5
_07874_, 326.7, 141.12, 5
_07878_, 326.7, 141.12, 5
TAP_717, 329.4, 141.12, 5
FILLER_33_570, 329.4, 141.12, 5
FILLER_33_572, 329.4, 141.12, 5
_07876_, 332.1, 141.12, 5
_07873_, 337.5, 141.12, 5
FILLER_33_587, 337.5, 141.12, 5
_07927_, 340.2, 141.12, 5
FILLER_33_591, 340.2, 141.12, 5
_07977_, 342.9, 141.12, 5
_07954_, 345.6, 141.12, 5
_07978_, 345.6, 141.12, 5
FILLER_32_597, 345.6, 141.12, 5
_07952_, 348.3, 141.12, 5
_07998_, 348.3, 141.12, 5
TAP_705, 348.3, 141.12, 5
_07951_, 351, 141.12, 5
FILLER_32_616, 353.7, 141.12, 5
FILLER_33_628, 361.8, 141.12, 5
FILLER_32_632, 364.5, 141.12, 5
TAP_718, 367.2, 141.12, 5
FILLER_33_636, 367.2, 141.12, 5
FILLER_33_638, 367.2, 141.12, 5
FILLER_33_641, 369.9, 141.12, 5
FILLER_32_648, 372.6, 141.12, 5
FILLER_33_649, 372.6, 141.12, 5
_08091_, 375.3, 141.12, 5
_08099_, 375.3, 141.12, 5
FILLER_32_652, 375.3, 141.12, 5
FILLER_33_651, 375.3, 141.12, 5
_08147_, 380.7, 141.12, 5
_08090_, 388.8, 141.12, 5
_08098_, 388.8, 141.12, 5
TAP_706, 388.8, 141.12, 5
_08200_, 394.2, 141.12, 5
FILLER_33_685, 394.2, 141.12, 5
_08199_, 396.9, 141.12, 5
FILLER_32_690, 396.9, 141.12, 5
FILLER_33_694, 399.6, 141.12, 5
FILLER_32_706, 405, 141.12, 5
_08089_, 407.7, 141.12, 5
TAP_719, 407.7, 141.12, 5
FILLER_32_708, 407.7, 141.12, 5
FILLER_33_712, 407.7, 141.12, 5
_08126_, 410.4, 141.12, 5
_08251_, 410.4, 141.12, 5
_08130_, 413.1, 141.12, 5
FILLER_32_719, 413.1, 141.12, 5
FILLER_32_721, 413.1, 141.12, 5
FILLER_33_722, 413.1, 141.12, 5
FILLER_33_726, 415.8, 141.12, 5
_08250_, 418.5, 141.12, 5
FILLER_32_731, 418.5, 141.12, 5
FILLER_33_728, 418.5, 141.12, 5
_08249_, 421.2, 141.12, 5
FILLER_32_738, 423.9, 141.12, 5
TAP_707, 426.6, 141.12, 5
FILLER_32_742, 426.6, 141.12, 5
FILLER_32_744, 426.6, 141.12, 5
_08143_, 429.3, 141.12, 5
_08248_, 432, 141.12, 5
_08225_, 434.7, 141.12, 5
FILLER_33_764, 437.4, 141.12, 5
FILLER_33_768, 440.1, 141.12, 5
FILLER_33_770, 440.1, 141.12, 5
_08192_, 442.8, 141.12, 5
_08244_, 442.8, 141.12, 5
_08246_, 442.8, 141.12, 5
_08247_, 448.2, 141.12, 5
TAP_720, 448.2, 141.12, 5
FILLER_32_796, 456.3, 141.12, 5
FILLER_33_807, 461.7, 141.12, 5
FILLER_32_812, 464.4, 141.12, 5
TAP_708, 467.1, 141.12, 5
FILLER_32_818, 467.1, 141.12, 5
FILLER_33_823, 469.8, 141.12, 5
FILLER_32_834, 477.9, 141.12, 5
FILLER_33_839, 480.6, 141.12, 5
FILLER_33_847, 483.3, 141.12, 5
TAP_721, 486, 141.12, 5
FILLER_32_850, 486, 141.12, 5
FILLER_33_851, 486, 141.12, 5
FILLER_33_854, 488.7, 141.12, 5
FILLER_32_866, 494.1, 141.12, 5
FILLER_33_870, 496.8, 141.12, 5
FILLER_32_882, 504.9, 141.12, 5
FILLER_32_886, 504.9, 141.12, 5
FILLER_33_886, 504.9, 141.12, 5
TAP_709, 507.6, 141.12, 5
FILLER_32_889, 507.6, 141.12, 5
FILLER_32_905, 515.7, 141.12, 5
FILLER_33_902, 515.7, 141.12, 5
FILLER_33_918, 523.8, 141.12, 5
TAP_722, 526.5, 141.12, 5
FILLER_32_921, 526.5, 141.12, 5
FILLER_33_922, 526.5, 141.12, 5
FILLER_33_925, 529.2, 141.12, 5
FILLER_32_937, 534.6, 141.12, 5
PHY_65, 537.3, 141.12, 5
PHY_67, 537.3, 141.12, 5
FILLER_32_941, 537.3, 141.12, 5
FILLER_32_943, 537.3, 141.12, 5
FILLER_33_941, 537.3, 141.12, 5
FILLER_33_943, 537.3, 141.12, 5
_09488_, 10.8, 133.28, 5
PHY_60, 10.8, 133.28, 5
PHY_62, 10.8, 133.28, 5
FILLER_31_2, 10.8, 133.28, 5
_05348_, 18.9, 133.28, 5
_05059_, 27, 133.28, 5
_05061_, 27, 133.28, 5
FILLER_31_28, 27, 133.28, 5
_05328_, 29.7, 133.28, 5
_09498_, 29.7, 133.28, 5
TAP_671, 29.7, 133.28, 5
FILLER_31_33, 29.7, 133.28, 5
FILLER_30_47, 35.1, 133.28, 5
_04867_, 37.8, 133.28, 5
FILLER_30_55, 40.5, 133.28, 5
_05345_, 45.9, 133.28, 5
FILLER_30_63, 45.9, 133.28, 5
FILLER_31_64, 45.9, 133.28, 5
TAP_684, 48.6, 133.28, 5
FILLER_31_68, 48.6, 133.28, 5
FILLER_31_70, 48.6, 133.28, 5
_05404_, 51.3, 133.28, 5
_09485_, 51.3, 133.28, 5
_04963_, 56.7, 133.28, 5
_05494_, 59.4, 133.28, 5
FILLER_31_86, 59.4, 133.28, 5
_05320_, 64.8, 133.28, 5
FILLER_30_104, 67.5, 133.28, 5
_05340_, 70.2, 133.28, 5
TAP_672, 70.2, 133.28, 5
FILLER_31_112, 72.9, 133.28, 5
_05385_, 78.3, 133.28, 5
_05496_, 81, 133.28, 5
_09540_, 86.4, 133.28, 5
FILLER_30_134, 86.4, 133.28, 5
FILLER_31_137, 86.4, 133.28, 5
TAP_685, 89.1, 133.28, 5
FILLER_31_141, 89.1, 133.28, 5
_05388_, 91.8, 133.28, 5
_05056_, 97.2, 133.28, 5
_09839_, 99.9, 133.28, 5
_05598_, 102.6, 133.28, 5
FILLER_30_165, 102.6, 133.28, 5
TAP_673, 108, 133.28, 5
FILLER_30_176, 108, 133.28, 5
_05058_, 110.7, 133.28, 5
FILLER_30_183, 113.4, 133.28, 5
FILLER_30_191, 116.1, 133.28, 5
FILLER_31_187, 116.1, 133.28, 5
_05600_, 118.8, 133.28, 5
_05368_, 121.5, 133.28, 5
FILLER_31_203, 124.2, 133.28, 5
_05308_, 126.9, 133.28, 5
FILLER_30_207, 126.9, 133.28, 5
FILLER_31_211, 126.9, 133.28, 5
TAP_686, 129.6, 133.28, 5
FILLER_31_215, 129.6, 133.28, 5
_05078_, 132.3, 133.28, 5
FILLER_31_219, 132.3, 133.28, 5
_05497_, 135, 133.28, 5
FILLER_30_225, 135, 133.28, 5
_05365_, 137.7, 133.28, 5
FILLER_30_227, 137.7, 133.28, 5
_04961_, 140.4, 133.28, 5
_05498_, 143.1, 133.28, 5
FILLER_31_237, 143.1, 133.28, 5
_09610_, 145.8, 133.28, 5
FILLER_30_243, 145.8, 133.28, 5
FILLER_31_241, 145.8, 133.28, 5
TAP_674, 148.5, 133.28, 5
FILLER_30_247, 148.5, 133.28, 5
FILLER_30_250, 151.2, 133.28, 5
_05579_, 159.3, 133.28, 5
FILLER_30_266, 159.3, 133.28, 5
_05398_, 162, 133.28, 5
_05555_, 162, 133.28, 5
FILLER_30_283, 167.4, 133.28, 5
FILLER_31_280, 167.4, 133.28, 5
_06646_, 170.1, 133.28, 5
TAP_687, 170.1, 133.28, 5
FILLER_30_291, 172.8, 133.28, 5
_09012_, 175.5, 133.28, 5
FILLER_31_296, 175.5, 133.28, 5
_09607_, 178.2, 133.28, 5
FILLER_31_298, 178.2, 133.28, 5
FILLER_30_311, 183.6, 133.28, 5
_05507_, 189, 133.28, 5
TAP_675, 189, 133.28, 5
FILLER_30_326, 191.7, 133.28, 5
FILLER_31_328, 194.4, 133.28, 5
_08992_, 197.1, 133.28, 5
FILLER_30_334, 197.1, 133.28, 5
FILLER_31_344, 202.5, 133.28, 5
_05038_, 205.2, 133.28, 5
FILLER_31_348, 205.2, 133.28, 5
_05577_, 207.9, 133.28, 5
TAP_688, 207.9, 133.28, 5
FILLER_30_352, 207.9, 133.28, 5
FILLER_31_354, 207.9, 133.28, 5
FILLER_31_357, 210.6, 133.28, 5
FILLER_30_362, 213.3, 133.28, 5
FILLER_31_365, 213.3, 133.28, 5
FILLER_31_369, 216, 133.28, 5
_09006_, 218.7, 133.28, 5
FILLER_30_378, 221.4, 133.28, 5
_04952_, 224.1, 133.28, 5
FILLER_30_382, 224.1, 133.28, 5
FILLER_31_381, 224.1, 133.28, 5
FILLER_30_388, 226.8, 133.28, 5
FILLER_31_389, 226.8, 133.28, 5
_05505_, 229.5, 133.28, 5
TAP_676, 229.5, 133.28, 5
FILLER_31_393, 229.5, 133.28, 5
_09005_, 232.2, 133.28, 5
FILLER_31_395, 232.2, 133.28, 5
FILLER_30_401, 234.9, 133.28, 5
_04910_, 237.6, 133.28, 5
FILLER_31_410, 240.3, 133.28, 5
FILLER_30_417, 243, 133.28, 5
TAP_689, 248.4, 133.28, 5
FILLER_31_428, 251.1, 133.28, 5
FILLER_30_433, 253.8, 133.28, 5
FILLER_31_444, 259.2, 133.28, 5
FILLER_30_449, 261.9, 133.28, 5
FILLER_31_452, 261.9, 133.28, 5
FILLER_31_456, 264.6, 133.28, 5
_07742_, 267.3, 133.28, 5
TAP_677, 267.3, 133.28, 5
FILLER_30_457, 267.3, 133.28, 5
_07778_, 270, 133.28, 5
_07794_, 270, 133.28, 5
FILLER_31_468, 272.7, 133.28, 5
_07795_, 275.4, 133.28, 5
FILLER_31_472, 275.4, 133.28, 5
FILLER_31_474, 275.4, 133.28, 5
_07820_, 283.5, 133.28, 5
_07845_, 283.5, 133.28, 5
FILLER_31_487, 283.5, 133.28, 5
_07796_, 288.9, 133.28, 5
TAP_690, 288.9, 133.28, 5
_07844_, 291.6, 133.28, 5
_07782_, 297, 133.28, 5
FILLER_31_511, 297, 133.28, 5
_07755_, 299.7, 133.28, 5
_07793_, 302.4, 133.28, 5
_07902_, 302.4, 133.28, 5
_07901_, 305.1, 133.28, 5
_07870_, 307.8, 133.28, 5
TAP_678, 307.8, 133.28, 5
FILLER_31_537, 310.5, 133.28, 5
FILLER_30_542, 313.2, 133.28, 5
FILLER_31_545, 315.9, 133.28, 5
_07792_, 318.6, 133.28, 5
_07822_, 318.6, 133.28, 5
FILLER_30_550, 318.6, 133.28, 5
FILLER_31_549, 318.6, 133.28, 5
_07871_, 326.7, 133.28, 5
FILLER_31_564, 326.7, 133.28, 5
_07791_, 329.4, 133.28, 5
TAP_691, 329.4, 133.28, 5
_07896_, 332.1, 133.28, 5
FILLER_31_580, 334.8, 133.28, 5
_07895_, 337.5, 133.28, 5
_07953_, 342.9, 133.28, 5
FILLER_30_600, 345.6, 133.28, 5
_07955_, 348.3, 133.28, 5
TAP_679, 348.3, 133.28, 5
FILLER_30_602, 348.3, 133.28, 5
FILLER_31_616, 353.7, 133.28, 5
FILLER_30_617, 356.4, 133.28, 5
FILLER_30_633, 364.5, 133.28, 5
FILLER_31_632, 364.5, 133.28, 5
TAP_692, 367.2, 133.28, 5
FILLER_31_636, 367.2, 133.28, 5
FILLER_31_638, 367.2, 133.28, 5
FILLER_31_641, 369.9, 133.28, 5
FILLER_30_649, 372.6, 133.28, 5
_08149_, 378, 133.28, 5
FILLER_30_657, 378, 133.28, 5
FILLER_31_657, 378, 133.28, 5
_08146_, 380.7, 133.28, 5
FILLER_30_661, 380.7, 133.28, 5
_08172_, 388.8, 133.28, 5
TAP_680, 388.8, 133.28, 5
FILLER_31_681, 391.5, 133.28, 5
FILLER_31_683, 391.5, 133.28, 5
_08198_, 394.2, 133.28, 5
_08101_, 396.9, 133.28, 5
_08223_, 399.6, 133.28, 5
FILLER_30_695, 399.6, 133.28, 5
FILLER_31_707, 405, 133.28, 5
_08145_, 407.7, 133.28, 5
TAP_693, 407.7, 133.28, 5
FILLER_31_709, 407.7, 133.28, 5
_08144_, 415.8, 133.28, 5
FILLER_30_723, 415.8, 133.28, 5
_08193_, 421.2, 133.28, 5
_08224_, 421.2, 133.28, 5
_08142_, 426.6, 133.28, 5
TAP_681, 426.6, 133.28, 5
FILLER_30_747, 429.3, 133.28, 5
FILLER_30_751, 429.3, 133.28, 5
_08174_, 432, 133.28, 5
_08176_, 432, 133.28, 5
_08175_, 440.1, 133.28, 5
FILLER_31_766, 440.1, 133.28, 5
_08191_, 442.8, 133.28, 5
FILLER_30_776, 445.5, 133.28, 5
FILLER_31_779, 445.5, 133.28, 5
_08173_, 448.2, 133.28, 5
TAP_694, 448.2, 133.28, 5
FILLER_31_788, 450.9, 133.28, 5
FILLER_30_792, 453.6, 133.28, 5
FILLER_31_804, 459, 133.28, 5
FILLER_30_808, 461.7, 133.28, 5
TAP_682, 467.1, 133.28, 5
FILLER_30_818, 467.1, 133.28, 5
FILLER_31_820, 469.8, 133.28, 5
FILLER_30_834, 477.9, 133.28, 5
FILLER_31_836, 477.9, 133.28, 5
TAP_695, 486, 133.28, 5
FILLER_30_850, 486, 133.28, 5
FILLER_31_854, 488.7, 133.28, 5
FILLER_30_866, 494.1, 133.28, 5
FILLER_31_870, 496.8, 133.28, 5
FILLER_30_882, 504.9, 133.28, 5
FILLER_30_886, 504.9, 133.28, 5
FILLER_31_886, 504.9, 133.28, 5
TAP_683, 507.6, 133.28, 5
FILLER_30_889, 507.6, 133.28, 5
FILLER_30_905, 515.7, 133.28, 5
FILLER_31_902, 515.7, 133.28, 5
FILLER_31_918, 523.8, 133.28, 5
TAP_696, 526.5, 133.28, 5
FILLER_30_921, 526.5, 133.28, 5
FILLER_31_922, 526.5, 133.28, 5
FILLER_31_925, 529.2, 133.28, 5
FILLER_30_937, 534.6, 133.28, 5
PHY_61, 537.3, 133.28, 5
PHY_63, 537.3, 133.28, 5
FILLER_30_941, 537.3, 133.28, 5
FILLER_30_943, 537.3, 133.28, 5
FILLER_31_941, 537.3, 133.28, 5
FILLER_31_943, 537.3, 133.28, 5
_09504_, 10.8, 125.44, 5
PHY_56, 10.8, 125.44, 5
PHY_58, 10.8, 125.44, 5
FILLER_28_2, 10.8, 125.44, 5
FILLER_28_18, 18.9, 125.44, 5
_04995_, 21.6, 125.44, 5
_05341_, 24.3, 125.44, 5
_05526_, 27, 125.44, 5
_04997_, 29.7, 125.44, 5
TAP_645, 29.7, 125.44, 5
FILLER_28_33, 29.7, 125.44, 5
_09482_, 32.4, 125.44, 5
FILLER_28_41, 32.4, 125.44, 5
FILLER_29_40, 32.4, 125.44, 5
_05321_, 37.8, 125.44, 5
FILLER_29_48, 37.8, 125.44, 5
_04869_, 43.2, 125.44, 5
FILLER_29_63, 45.9, 125.44, 5
TAP_658, 48.6, 125.44, 5
FILLER_28_71, 48.6, 125.44, 5
FILLER_29_73, 51.3, 125.44, 5
FILLER_28_79, 54, 125.44, 5
_05091_, 56.7, 125.44, 5
_05325_, 56.7, 125.44, 5
FILLER_28_83, 56.7, 125.44, 5
FILLER_29_81, 56.7, 125.44, 5
FILLER_28_88, 59.4, 125.44, 5
_04965_, 62.1, 125.44, 5
FILLER_29_97, 64.8, 125.44, 5
FILLER_28_104, 67.5, 125.44, 5
_09529_, 70.2, 125.44, 5
_09537_, 70.2, 125.44, 5
TAP_646, 70.2, 125.44, 5
FILLER_29_105, 70.2, 125.44, 5
_04960_, 86.4, 125.44, 5
_05371_, 86.4, 125.44, 5
TAP_659, 89.1, 125.44, 5
FILLER_29_139, 89.1, 125.44, 5
FILLER_29_141, 89.1, 125.44, 5
_04962_, 91.8, 125.44, 5
_05378_, 91.8, 125.44, 5
FILLER_29_148, 91.8, 125.44, 5
_09532_, 94.5, 125.44, 5
_05370_, 97.2, 125.44, 5
FILLER_28_172, 105.3, 125.44, 5
_05055_, 108, 125.44, 5
TAP_647, 108, 125.44, 5
_05316_, 110.7, 125.44, 5
_09520_, 110.7, 125.44, 5
FILLER_28_179, 110.7, 125.44, 5
FILLER_28_181, 110.7, 125.44, 5
_05599_, 118.8, 125.44, 5
FILLER_28_201, 121.5, 125.44, 5
_09477_, 124.2, 125.44, 5
_05057_, 126.9, 125.44, 5
FILLER_29_211, 126.9, 125.44, 5
TAP_660, 129.6, 125.44, 5
FILLER_29_215, 129.6, 125.44, 5
_04959_, 132.3, 125.44, 5
_09517_, 135, 125.44, 5
FILLER_29_221, 135, 125.44, 5
_05360_, 140.4, 125.44, 5
FILLER_28_231, 140.4, 125.44, 5
TAP_648, 148.5, 125.44, 5
_09548_, 151.2, 125.44, 5
_09865_, 151.2, 125.44, 5
_05391_, 167.4, 125.44, 5
FILLER_28_279, 167.4, 125.44, 5
FILLER_29_281, 167.4, 125.44, 5
FILLER_29_283, 167.4, 125.44, 5
_05578_, 170.1, 125.44, 5
TAP_661, 170.1, 125.44, 5
_09862_, 172.8, 125.44, 5
_05390_, 175.5, 125.44, 5
FILLER_29_295, 175.5, 125.44, 5
_05395_, 186.3, 125.44, 5
_05506_, 189, 125.44, 5
TAP_649, 189, 125.44, 5
FILLER_28_318, 189, 125.44, 5
_09849_, 191.7, 125.44, 5
FILLER_29_323, 191.7, 125.44, 5
FILLER_29_325, 191.7, 125.44, 5
_04953_, 194.4, 125.44, 5
FILLER_28_334, 197.1, 125.44, 5
_05221_, 199.8, 125.44, 5
_05243_, 207.9, 125.44, 5
TAP_662, 207.9, 125.44, 5
FILLER_28_354, 207.9, 125.44, 5
_09416_, 210.6, 125.44, 5
FILLER_28_365, 213.3, 125.44, 5
_08993_, 216, 125.44, 5
_08997_, 221.4, 125.44, 5
_09846_, 226.8, 125.44, 5
FILLER_28_385, 226.8, 125.44, 5
FILLER_28_389, 226.8, 125.44, 5
_09413_, 229.5, 125.44, 5
TAP_650, 229.5, 125.44, 5
FILLER_29_415, 243, 125.44, 5
FILLER_28_421, 245.7, 125.44, 5
FILLER_29_423, 245.7, 125.44, 5
TAP_663, 248.4, 125.44, 5
FILLER_29_425, 248.4, 125.44, 5
FILLER_29_428, 251.1, 125.44, 5
FILLER_28_437, 253.8, 125.44, 5
FILLER_29_444, 259.2, 125.44, 5
FILLER_28_453, 264.6, 125.44, 5
TAP_651, 267.3, 125.44, 5
FILLER_29_460, 267.3, 125.44, 5
FILLER_28_463, 270, 125.44, 5
FILLER_29_476, 275.4, 125.44, 5
FILLER_28_479, 278.1, 125.44, 5
_07797_, 280.8, 125.44, 5
_07842_, 280.8, 125.44, 5
FILLER_28_483, 280.8, 125.44, 5
TAP_664, 288.9, 125.44, 5
FILLER_29_499, 288.9, 125.44, 5
_07869_, 291.6, 125.44, 5
FILLER_29_501, 291.6, 125.44, 5
_07839_, 294.3, 125.44, 5
FILLER_28_508, 294.3, 125.44, 5
_07899_, 305.1, 125.44, 5
TAP_652, 307.8, 125.44, 5
FILLER_28_534, 307.8, 125.44, 5
_07900_, 310.5, 125.44, 5
FILLER_28_538, 310.5, 125.44, 5
_07898_, 313.2, 125.44, 5
FILLER_28_540, 313.2, 125.44, 5
FILLER_28_553, 318.6, 125.44, 5
_07824_, 321.3, 125.44, 5
FILLER_29_558, 321.3, 125.44, 5
_07779_, 324, 125.44, 5
FILLER_29_565, 326.7, 125.44, 5
FILLER_29_567, 326.7, 125.44, 5
_07823_, 329.4, 125.44, 5
TAP_665, 329.4, 125.44, 5
_07780_, 332.1, 125.44, 5
_07897_, 334.8, 125.44, 5
FILLER_28_579, 334.8, 125.44, 5
_07837_, 337.5, 125.44, 5
_07926_, 340.2, 125.44, 5
_07894_, 348.3, 125.44, 5
TAP_653, 348.3, 125.44, 5
FILLER_28_605, 348.3, 125.44, 5
FILLER_29_610, 351, 125.44, 5
FILLER_28_621, 359.1, 125.44, 5
FILLER_29_626, 361.8, 125.44, 5
FILLER_29_634, 364.5, 125.44, 5
TAP_666, 367.2, 125.44, 5
FILLER_28_637, 367.2, 125.44, 5
FILLER_29_638, 367.2, 125.44, 5
FILLER_29_641, 369.9, 125.44, 5
FILLER_28_653, 375.3, 125.44, 5
FILLER_29_657, 378, 125.44, 5
_08148_, 383.4, 125.44, 5
FILLER_28_669, 383.4, 125.44, 5
FILLER_29_665, 383.4, 125.44, 5
FILLER_28_673, 386.1, 125.44, 5
TAP_654, 388.8, 125.44, 5
FILLER_28_676, 388.8, 125.44, 5
_08197_, 391.5, 125.44, 5
FILLER_28_692, 396.9, 125.44, 5
FILLER_29_706, 405, 125.44, 5
_08195_, 407.7, 125.44, 5
TAP_667, 407.7, 125.44, 5
FILLER_28_708, 407.7, 125.44, 5
_08196_, 413.1, 125.44, 5
FILLER_29_718, 413.1, 125.44, 5
FILLER_28_724, 415.8, 125.44, 5
_08194_, 418.5, 125.44, 5
FILLER_28_740, 423.9, 125.44, 5
TAP_655, 426.6, 125.44, 5
FILLER_28_744, 426.6, 125.44, 5
FILLER_28_747, 429.3, 125.44, 5
FILLER_29_750, 429.3, 125.44, 5
FILLER_29_754, 432, 125.44, 5
_08127_, 434.7, 125.44, 5
FILLER_29_756, 434.7, 125.44, 5
_08128_, 437.4, 125.44, 5
FILLER_28_763, 437.4, 125.44, 5
FILLER_29_762, 437.4, 125.44, 5
FILLER_29_767, 440.1, 125.44, 5
FILLER_29_775, 442.8, 125.44, 5
FILLER_28_779, 445.5, 125.44, 5
FILLER_29_779, 445.5, 125.44, 5
TAP_668, 448.2, 125.44, 5
FILLER_29_783, 448.2, 125.44, 5
FILLER_28_795, 456.3, 125.44, 5
FILLER_29_799, 456.3, 125.44, 5
FILLER_28_811, 464.4, 125.44, 5
TAP_656, 467.1, 125.44, 5
FILLER_28_815, 467.1, 125.44, 5
FILLER_28_818, 467.1, 125.44, 5
FILLER_29_815, 467.1, 125.44, 5
FILLER_29_831, 475.2, 125.44, 5
FILLER_28_834, 477.9, 125.44, 5
FILLER_29_847, 483.3, 125.44, 5
TAP_669, 486, 125.44, 5
FILLER_28_850, 486, 125.44, 5
FILLER_29_851, 486, 125.44, 5
FILLER_29_854, 488.7, 125.44, 5
FILLER_28_866, 494.1, 125.44, 5
FILLER_29_870, 496.8, 125.44, 5
FILLER_28_882, 504.9, 125.44, 5
FILLER_28_886, 504.9, 125.44, 5
FILLER_29_886, 504.9, 125.44, 5
TAP_657, 507.6, 125.44, 5
FILLER_28_889, 507.6, 125.44, 5
FILLER_28_905, 515.7, 125.44, 5
FILLER_29_902, 515.7, 125.44, 5
FILLER_29_918, 523.8, 125.44, 5
TAP_670, 526.5, 125.44, 5
FILLER_28_921, 526.5, 125.44, 5
FILLER_29_922, 526.5, 125.44, 5
FILLER_29_925, 529.2, 125.44, 5
FILLER_28_937, 534.6, 125.44, 5
PHY_57, 537.3, 125.44, 5
PHY_59, 537.3, 125.44, 5
FILLER_28_941, 537.3, 125.44, 5
FILLER_28_943, 537.3, 125.44, 5
FILLER_29_941, 537.3, 125.44, 5
FILLER_29_943, 537.3, 125.44, 5
_09502_, 10.8, 117.6, 5
PHY_52, 10.8, 117.6, 5
PHY_54, 10.8, 117.6, 5
FILLER_27_2, 10.8, 117.6, 5
_05346_, 16.2, 117.6, 5
_09486_, 21.6, 117.6, 5
FILLER_26_31, 27, 117.6, 5
_05326_, 29.7, 117.6, 5
TAP_619, 29.7, 117.6, 5
FILLER_26_47, 35.1, 117.6, 5
_05322_, 37.8, 117.6, 5
FILLER_26_51, 37.8, 117.6, 5
FILLER_27_49, 37.8, 117.6, 5
clkbuf_leaf_11_clk, 40.5, 117.6, 5
FILLER_27_61, 43.2, 117.6, 5
TAP_632, 48.6, 117.6, 5
FILLER_27_69, 48.6, 117.6, 5
_05349_, 51.3, 117.6, 5
FILLER_27_73, 51.3, 117.6, 5
FILLER_27_85, 56.7, 117.6, 5
_05329_, 59.4, 117.6, 5
_05628_, 64.8, 117.6, 5
FILLER_26_103, 67.5, 117.6, 5
_05093_, 70.2, 117.6, 5
TAP_620, 70.2, 117.6, 5
FILLER_26_105, 70.2, 117.6, 5
FILLER_27_105, 70.2, 117.6, 5
FILLER_26_112, 72.9, 117.6, 5
_04864_, 78.3, 117.6, 5
_05375_, 78.3, 117.6, 5
FILLER_26_120, 78.3, 117.6, 5
FILLER_26_122, 78.3, 117.6, 5
FILLER_26_127, 81, 117.6, 5
_05381_, 83.7, 117.6, 5
TAP_633, 89.1, 117.6, 5
FILLER_26_143, 89.1, 117.6, 5
FILLER_27_140, 89.1, 117.6, 5
FILLER_27_144, 91.8, 117.6, 5
FILLER_27_148, 91.8, 117.6, 5
_04866_, 94.5, 117.6, 5
_05380_, 94.5, 117.6, 5
FILLER_27_150, 94.5, 117.6, 5
FILLER_26_155, 97.2, 117.6, 5
FILLER_27_167, 102.6, 117.6, 5
_09480_, 105.3, 117.6, 5
FILLER_26_171, 105.3, 117.6, 5
TAP_621, 108, 117.6, 5
FILLER_26_175, 108, 117.6, 5
FILLER_26_179, 110.7, 117.6, 5
_04863_, 116.1, 117.6, 5
FILLER_26_187, 116.1, 117.6, 5
_05401_, 118.8, 117.6, 5
FILLER_26_193, 118.8, 117.6, 5
FILLER_27_197, 121.5, 117.6, 5
FILLER_27_201, 121.5, 117.6, 5
_05309_, 124.2, 117.6, 5
FILLER_26_203, 124.2, 117.6, 5
FILLER_27_203, 124.2, 117.6, 5
FILLER_26_211, 126.9, 117.6, 5
_05311_, 129.6, 117.6, 5
_05313_, 129.6, 117.6, 5
TAP_634, 129.6, 117.6, 5
_04895_, 135, 117.6, 5
FILLER_27_225, 135, 117.6, 5
_05361_, 137.7, 117.6, 5
_05363_, 137.7, 117.6, 5
FILLER_27_227, 137.7, 117.6, 5
_04897_, 143.1, 117.6, 5
_05433_, 143.1, 117.6, 5
FILLER_27_241, 145.8, 117.6, 5
TAP_622, 148.5, 117.6, 5
FILLER_26_250, 151.2, 117.6, 5
FILLER_26_254, 151.2, 117.6, 5
_09014_, 153.9, 117.6, 5
_09020_, 153.9, 117.6, 5
FILLER_26_256, 153.9, 117.6, 5
FILLER_27_257, 153.9, 117.6, 5
_04855_, 159.3, 117.6, 5
_05047_, 159.3, 117.6, 5
_05049_, 162, 117.6, 5
_05418_, 162, 117.6, 5
FILLER_26_271, 162, 117.6, 5
FILLER_27_272, 162, 117.6, 5
FILLER_27_277, 164.7, 117.6, 5
_05419_, 167.4, 117.6, 5
FILLER_27_281, 167.4, 117.6, 5
FILLER_27_283, 167.4, 117.6, 5
TAP_635, 170.1, 117.6, 5
FILLER_26_287, 170.1, 117.6, 5
FILLER_27_286, 170.1, 117.6, 5
_09013_, 172.8, 117.6, 5
FILLER_27_290, 172.8, 117.6, 5
FILLER_27_292, 172.8, 117.6, 5
_09017_, 175.5, 117.6, 5
FILLER_26_298, 178.2, 117.6, 5
FILLER_26_302, 178.2, 117.6, 5
_04951_, 180.9, 117.6, 5
_09545_, 180.9, 117.6, 5
FILLER_26_308, 183.6, 117.6, 5
FILLER_26_316, 186.3, 117.6, 5
TAP_623, 189, 117.6, 5
FILLER_26_318, 189, 117.6, 5
FILLER_26_321, 189, 117.6, 5
_09843_, 191.7, 117.6, 5
FILLER_26_323, 191.7, 117.6, 5
FILLER_27_332, 197.1, 117.6, 5
_09000_, 199.8, 117.6, 5
FILLER_27_340, 199.8, 117.6, 5
_05048_, 207.9, 117.6, 5
_05225_, 207.9, 117.6, 5
TAP_636, 207.9, 117.6, 5
FILLER_26_353, 207.9, 117.6, 5
FILLER_27_357, 210.6, 117.6, 5
_04858_, 213.3, 117.6, 5
_05050_, 213.3, 117.6, 5
FILLER_27_365, 213.3, 117.6, 5
FILLER_26_369, 216, 117.6, 5
_08995_, 218.7, 117.6, 5
FILLER_26_373, 218.7, 117.6, 5
_04888_, 224.1, 117.6, 5
_05222_, 224.1, 117.6, 5
FILLER_27_381, 224.1, 117.6, 5
FILLER_26_388, 226.8, 117.6, 5
_05234_, 229.5, 117.6, 5
_05438_, 229.5, 117.6, 5
TAP_624, 229.5, 117.6, 5
_04890_, 234.9, 117.6, 5
_04954_, 234.9, 117.6, 5
FILLER_26_405, 237.6, 117.6, 5
FILLER_27_406, 237.6, 117.6, 5
FILLER_26_421, 245.7, 117.6, 5
FILLER_27_422, 245.7, 117.6, 5
TAP_637, 248.4, 117.6, 5
FILLER_27_428, 251.1, 117.6, 5
FILLER_26_437, 253.8, 117.6, 5
FILLER_27_444, 259.2, 117.6, 5
FILLER_26_453, 264.6, 117.6, 5
TAP_625, 267.3, 117.6, 5
FILLER_27_460, 267.3, 117.6, 5
FILLER_26_463, 270, 117.6, 5
FILLER_27_476, 275.4, 117.6, 5
FILLER_26_479, 278.1, 117.6, 5
_07843_, 280.8, 117.6, 5
FILLER_26_483, 280.8, 117.6, 5
FILLER_27_492, 286.2, 117.6, 5
TAP_638, 288.9, 117.6, 5
FILLER_27_496, 288.9, 117.6, 5
FILLER_27_499, 288.9, 117.6, 5
_07840_, 291.6, 117.6, 5
FILLER_27_503, 291.6, 117.6, 5
FILLER_26_507, 294.3, 117.6, 5
_07841_, 297, 117.6, 5
_07838_, 299.7, 117.6, 5
FILLER_26_523, 302.4, 117.6, 5
TAP_626, 307.8, 117.6, 5
FILLER_26_531, 307.8, 117.6, 5
FILLER_26_534, 307.8, 117.6, 5
FILLER_27_531, 307.8, 117.6, 5
FILLER_27_547, 315.9, 117.6, 5
FILLER_26_550, 318.6, 117.6, 5
FILLER_26_566, 326.7, 117.6, 5
FILLER_27_563, 326.7, 117.6, 5
FILLER_27_567, 326.7, 117.6, 5
_07836_, 329.4, 117.6, 5
TAP_639, 329.4, 117.6, 5
FILLER_27_576, 332.1, 117.6, 5
FILLER_26_582, 334.8, 117.6, 5
FILLER_27_592, 342.9, 117.6, 5
FILLER_26_598, 345.6, 117.6, 5
TAP_627, 348.3, 117.6, 5
FILLER_26_602, 348.3, 117.6, 5
FILLER_26_605, 348.3, 117.6, 5
FILLER_27_608, 351, 117.6, 5
FILLER_26_621, 359.1, 117.6, 5
FILLER_27_624, 359.1, 117.6, 5
FILLER_27_632, 364.5, 117.6, 5
TAP_640, 367.2, 117.6, 5
FILLER_26_637, 367.2, 117.6, 5
FILLER_27_636, 367.2, 117.6, 5
FILLER_27_638, 367.2, 117.6, 5
FILLER_27_641, 369.9, 117.6, 5
FILLER_26_653, 375.3, 117.6, 5
FILLER_27_657, 378, 117.6, 5
FILLER_26_669, 383.4, 117.6, 5
FILLER_26_673, 386.1, 117.6, 5
FILLER_27_673, 386.1, 117.6, 5
TAP_628, 388.8, 117.6, 5
FILLER_26_676, 388.8, 117.6, 5
FILLER_26_692, 396.9, 117.6, 5
FILLER_27_689, 396.9, 117.6, 5
FILLER_27_705, 405, 117.6, 5
TAP_641, 407.7, 117.6, 5
FILLER_26_708, 407.7, 117.6, 5
FILLER_27_709, 407.7, 117.6, 5
FILLER_27_712, 407.7, 117.6, 5
FILLER_26_724, 415.8, 117.6, 5
FILLER_27_728, 418.5, 117.6, 5
FILLER_26_740, 423.9, 117.6, 5
TAP_629, 426.6, 117.6, 5
FILLER_26_744, 426.6, 117.6, 5
FILLER_27_744, 426.6, 117.6, 5
FILLER_26_747, 429.3, 117.6, 5
FILLER_27_760, 434.7, 117.6, 5
FILLER_26_763, 437.4, 117.6, 5
FILLER_26_779, 445.5, 117.6, 5
FILLER_27_776, 445.5, 117.6, 5
TAP_642, 448.2, 117.6, 5
FILLER_27_780, 448.2, 117.6, 5
FILLER_27_783, 448.2, 117.6, 5
FILLER_26_795, 456.3, 117.6, 5
FILLER_27_799, 456.3, 117.6, 5
FILLER_26_811, 464.4, 117.6, 5
TAP_630, 467.1, 117.6, 5
FILLER_26_815, 467.1, 117.6, 5
FILLER_26_818, 467.1, 117.6, 5
FILLER_27_815, 467.1, 117.6, 5
FILLER_27_831, 475.2, 117.6, 5
FILLER_26_834, 477.9, 117.6, 5
FILLER_27_847, 483.3, 117.6, 5
TAP_643, 486, 117.6, 5
FILLER_26_850, 486, 117.6, 5
FILLER_27_851, 486, 117.6, 5
FILLER_27_854, 488.7, 117.6, 5
FILLER_26_866, 494.1, 117.6, 5
FILLER_27_870, 496.8, 117.6, 5
FILLER_26_882, 504.9, 117.6, 5
FILLER_26_886, 504.9, 117.6, 5
FILLER_27_886, 504.9, 117.6, 5
TAP_631, 507.6, 117.6, 5
FILLER_26_889, 507.6, 117.6, 5
FILLER_26_905, 515.7, 117.6, 5
FILLER_27_902, 515.7, 117.6, 5
FILLER_27_918, 523.8, 117.6, 5
TAP_644, 526.5, 117.6, 5
FILLER_26_921, 526.5, 117.6, 5
FILLER_27_922, 526.5, 117.6, 5
FILLER_27_925, 529.2, 117.6, 5
FILLER_26_937, 534.6, 117.6, 5
PHY_53, 537.3, 117.6, 5
PHY_55, 537.3, 117.6, 5
FILLER_26_941, 537.3, 117.6, 5
FILLER_26_943, 537.3, 117.6, 5
FILLER_27_941, 537.3, 117.6, 5
FILLER_27_943, 537.3, 117.6, 5
_09500_, 10.8, 109.76, 5
PHY_48, 10.8, 109.76, 5
PHY_50, 10.8, 109.76, 5
FILLER_25_2, 10.8, 109.76, 5
FILLER_25_10, 16.2, 109.76, 5
_05344_, 18.9, 109.76, 5
FILLER_25_14, 18.9, 109.76, 5
FILLER_25_16, 18.9, 109.76, 5
FILLER_25_27, 24.3, 109.76, 5
_04931_, 27, 109.76, 5
_05480_, 27, 109.76, 5
TAP_593, 29.7, 109.76, 5
FILLER_24_37, 29.7, 109.76, 5
_09499_, 32.4, 109.76, 5
FILLER_24_39, 32.4, 109.76, 5
FILLER_25_38, 32.4, 109.76, 5
FILLER_25_46, 35.1, 109.76, 5
_05343_, 37.8, 109.76, 5
FILLER_25_48, 37.8, 109.76, 5
FILLER_25_59, 43.2, 109.76, 5
FILLER_25_61, 43.2, 109.76, 5
_05454_, 45.9, 109.76, 5
_04899_, 48.6, 109.76, 5
TAP_606, 48.6, 109.76, 5
_09505_, 51.3, 109.76, 5
FILLER_25_73, 51.3, 109.76, 5
_09489_, 54, 109.76, 5
_05027_, 67.5, 109.76, 5
_05327_, 70.2, 109.76, 5
_09534_, 70.2, 109.76, 5
TAP_594, 70.2, 109.76, 5
FILLER_25_106, 70.2, 109.76, 5
_05382_, 75.6, 109.76, 5
FILLER_24_128, 81, 109.76, 5
_04896_, 83.7, 109.76, 5
_09526_, 86.4, 109.76, 5
FILLER_25_136, 86.4, 109.76, 5
TAP_607, 89.1, 109.76, 5
FILLER_25_140, 89.1, 109.76, 5
_05372_, 91.8, 109.76, 5
FILLER_25_144, 91.8, 109.76, 5
_05400_, 97.2, 109.76, 5
_05373_, 102.6, 109.76, 5
_05432_, 102.6, 109.76, 5
FILLER_25_164, 102.6, 109.76, 5
FILLER_25_166, 102.6, 109.76, 5
_04898_, 108, 109.76, 5
TAP_595, 108, 109.76, 5
FILLER_25_176, 108, 109.76, 5
_09474_, 110.7, 109.76, 5
FILLER_25_180, 110.7, 109.76, 5
FILLER_25_182, 110.7, 109.76, 5
_05310_, 113.4, 109.76, 5
_05362_, 118.8, 109.76, 5
FILLER_25_193, 118.8, 109.76, 5
FILLER_25_195, 118.8, 109.76, 5
_05402_, 124.2, 109.76, 5
_04865_, 126.9, 109.76, 5
FILLER_25_211, 126.9, 109.76, 5
_09475_, 129.6, 109.76, 5
TAP_608, 129.6, 109.76, 5
FILLER_24_212, 129.6, 109.76, 5
_09515_, 132.3, 109.76, 5
FILLER_24_216, 132.3, 109.76, 5
FILLER_24_218, 132.3, 109.76, 5
FILLER_25_244, 145.8, 109.76, 5
_09859_, 148.5, 109.76, 5
TAP_596, 148.5, 109.76, 5
clkbuf_leaf_10_clk, 151.2, 109.76, 5
_05392_, 164.7, 109.76, 5
_04857_, 170.1, 109.76, 5
TAP_609, 170.1, 109.76, 5
_09860_, 172.8, 109.76, 5
FILLER_24_300, 178.2, 109.76, 5
_05393_, 183.6, 109.76, 5
FILLER_24_308, 183.6, 109.76, 5
_04887_, 189, 109.76, 5
_05439_, 189, 109.76, 5
TAP_597, 189, 109.76, 5
_04889_, 191.7, 109.76, 5
_05440_, 194.4, 109.76, 5
FILLER_24_329, 194.4, 109.76, 5
FILLER_25_333, 197.1, 109.76, 5
_08994_, 199.8, 109.76, 5
FILLER_25_337, 199.8, 109.76, 5
_05417_, 202.5, 109.76, 5
_04856_, 205.2, 109.76, 5
TAP_610, 207.9, 109.76, 5
FILLER_24_354, 207.9, 109.76, 5
FILLER_25_352, 207.9, 109.76, 5
FILLER_25_354, 207.9, 109.76, 5
_09410_, 210.6, 109.76, 5
FILLER_24_358, 210.6, 109.76, 5
FILLER_24_360, 210.6, 109.76, 5
_09844_, 213.3, 109.76, 5
_09411_, 226.8, 109.76, 5
FILLER_25_386, 226.8, 109.76, 5
_05228_, 229.5, 109.76, 5
TAP_598, 229.5, 109.76, 5
FILLER_24_402, 234.9, 109.76, 5
FILLER_24_418, 243, 109.76, 5
FILLER_25_417, 243, 109.76, 5
TAP_611, 248.4, 109.76, 5
FILLER_25_425, 248.4, 109.76, 5
FILLER_25_428, 251.1, 109.76, 5
FILLER_24_434, 253.8, 109.76, 5
FILLER_25_444, 259.2, 109.76, 5
FILLER_24_450, 261.9, 109.76, 5
TAP_599, 267.3, 109.76, 5
FILLER_24_458, 267.3, 109.76, 5
FILLER_24_460, 267.3, 109.76, 5
FILLER_25_460, 267.3, 109.76, 5
FILLER_24_463, 270, 109.76, 5
FILLER_25_476, 275.4, 109.76, 5
FILLER_24_479, 278.1, 109.76, 5
FILLER_24_495, 286.2, 109.76, 5
FILLER_25_492, 286.2, 109.76, 5
TAP_612, 288.9, 109.76, 5
FILLER_25_496, 288.9, 109.76, 5
FILLER_25_499, 288.9, 109.76, 5
FILLER_24_511, 297, 109.76, 5
FILLER_25_515, 299.7, 109.76, 5
FILLER_24_527, 305.1, 109.76, 5
TAP_600, 307.8, 109.76, 5
FILLER_24_531, 307.8, 109.76, 5
FILLER_24_534, 307.8, 109.76, 5
FILLER_25_531, 307.8, 109.76, 5
FILLER_25_547, 315.9, 109.76, 5
FILLER_24_550, 318.6, 109.76, 5
FILLER_24_566, 326.7, 109.76, 5
FILLER_25_563, 326.7, 109.76, 5
FILLER_25_567, 326.7, 109.76, 5
TAP_613, 329.4, 109.76, 5
FILLER_25_570, 329.4, 109.76, 5
FILLER_24_582, 334.8, 109.76, 5
FILLER_25_586, 337.5, 109.76, 5
FILLER_24_598, 345.6, 109.76, 5
TAP_601, 348.3, 109.76, 5
FILLER_24_602, 348.3, 109.76, 5
FILLER_24_605, 348.3, 109.76, 5
FILLER_25_602, 348.3, 109.76, 5
FILLER_25_618, 356.4, 109.76, 5
FILLER_24_621, 359.1, 109.76, 5
FILLER_25_634, 364.5, 109.76, 5
TAP_614, 367.2, 109.76, 5
FILLER_24_637, 367.2, 109.76, 5
FILLER_25_638, 367.2, 109.76, 5
FILLER_25_641, 369.9, 109.76, 5
FILLER_24_653, 375.3, 109.76, 5
FILLER_25_657, 378, 109.76, 5
FILLER_24_669, 383.4, 109.76, 5
FILLER_24_673, 386.1, 109.76, 5
FILLER_25_673, 386.1, 109.76, 5
TAP_602, 388.8, 109.76, 5
FILLER_24_676, 388.8, 109.76, 5
FILLER_24_692, 396.9, 109.76, 5
FILLER_25_689, 396.9, 109.76, 5
FILLER_25_705, 405, 109.76, 5
TAP_615, 407.7, 109.76, 5
FILLER_24_708, 407.7, 109.76, 5
FILLER_25_709, 407.7, 109.76, 5
FILLER_25_712, 407.7, 109.76, 5
FILLER_24_724, 415.8, 109.76, 5
FILLER_25_728, 418.5, 109.76, 5
FILLER_24_740, 423.9, 109.76, 5
TAP_603, 426.6, 109.76, 5
FILLER_24_744, 426.6, 109.76, 5
FILLER_25_744, 426.6, 109.76, 5
FILLER_24_747, 429.3, 109.76, 5
FILLER_25_760, 434.7, 109.76, 5
FILLER_24_763, 437.4, 109.76, 5
FILLER_24_779, 445.5, 109.76, 5
FILLER_25_776, 445.5, 109.76, 5
TAP_616, 448.2, 109.76, 5
FILLER_25_780, 448.2, 109.76, 5
FILLER_25_783, 448.2, 109.76, 5
FILLER_24_795, 456.3, 109.76, 5
FILLER_25_799, 456.3, 109.76, 5
FILLER_24_811, 464.4, 109.76, 5
TAP_604, 467.1, 109.76, 5
FILLER_24_815, 467.1, 109.76, 5
FILLER_24_818, 467.1, 109.76, 5
FILLER_25_815, 467.1, 109.76, 5
FILLER_25_831, 475.2, 109.76, 5
FILLER_24_834, 477.9, 109.76, 5
FILLER_25_847, 483.3, 109.76, 5
TAP_617, 486, 109.76, 5
FILLER_24_850, 486, 109.76, 5
FILLER_25_851, 486, 109.76, 5
FILLER_25_854, 488.7, 109.76, 5
FILLER_24_866, 494.1, 109.76, 5
FILLER_25_870, 496.8, 109.76, 5
FILLER_24_882, 504.9, 109.76, 5
FILLER_24_886, 504.9, 109.76, 5
FILLER_25_886, 504.9, 109.76, 5
TAP_605, 507.6, 109.76, 5
FILLER_24_889, 507.6, 109.76, 5
FILLER_24_905, 515.7, 109.76, 5
FILLER_25_902, 515.7, 109.76, 5
FILLER_25_918, 523.8, 109.76, 5
TAP_618, 526.5, 109.76, 5
FILLER_24_921, 526.5, 109.76, 5
FILLER_25_922, 526.5, 109.76, 5
FILLER_25_925, 529.2, 109.76, 5
FILLER_24_937, 534.6, 109.76, 5
PHY_49, 537.3, 109.76, 5
PHY_51, 537.3, 109.76, 5
FILLER_24_941, 537.3, 109.76, 5
FILLER_24_943, 537.3, 109.76, 5
FILLER_25_941, 537.3, 109.76, 5
FILLER_25_943, 537.3, 109.76, 5
PHY_44, 10.8, 101.92, 5
PHY_46, 10.8, 101.92, 5
FILLER_22_2, 10.8, 101.92, 5
FILLER_23_2, 10.8, 101.92, 5
_09484_, 16.2, 101.92, 5
FILLER_23_10, 16.2, 101.92, 5
FILLER_22_18, 18.9, 101.92, 5
FILLER_22_26, 24.3, 101.92, 5
_04933_, 27, 101.92, 5
FILLER_22_30, 27, 101.92, 5
_05324_, 29.7, 101.92, 5
TAP_567, 29.7, 101.92, 5
_09483_, 32.4, 101.92, 5
FILLER_23_41, 32.4, 101.92, 5
FILLER_22_47, 35.1, 101.92, 5
_05323_, 40.5, 101.92, 5
_04901_, 45.9, 101.92, 5
TAP_580, 48.6, 101.92, 5
FILLER_22_69, 48.6, 101.92, 5
_09503_, 51.3, 101.92, 5
_09487_, 54, 101.92, 5
_05558_, 67.5, 101.92, 5
TAP_568, 70.2, 101.92, 5
FILLER_22_108, 70.2, 101.92, 5
_05029_, 72.9, 101.92, 5
_05389_, 72.9, 101.92, 5
FILLER_22_112, 72.9, 101.92, 5
FILLER_23_115, 75.6, 101.92, 5
_05090_, 78.3, 101.92, 5
_09535_, 78.3, 101.92, 5
FILLER_23_123, 78.3, 101.92, 5
FILLER_23_128, 81, 101.92, 5
_05383_, 83.7, 101.92, 5
TAP_581, 89.1, 101.92, 5
FILLER_23_144, 91.8, 101.92, 5
FILLER_23_148, 91.8, 101.92, 5
_09527_, 94.5, 101.92, 5
FILLER_22_152, 94.5, 101.92, 5
FILLER_23_150, 94.5, 101.92, 5
FILLER_22_168, 105.3, 101.92, 5
TAP_569, 108, 101.92, 5
FILLER_22_176, 108, 101.92, 5
_09514_, 110.7, 101.92, 5
FILLER_22_179, 110.7, 101.92, 5
FILLER_22_195, 118.8, 101.92, 5
_05610_, 121.5, 101.92, 5
FILLER_22_197, 121.5, 101.92, 5
FILLER_22_207, 126.9, 101.92, 5
FILLER_22_211, 126.9, 101.92, 5
FILLER_23_209, 126.9, 101.92, 5
_09479_, 129.6, 101.92, 5
TAP_582, 129.6, 101.92, 5
FILLER_23_215, 129.6, 101.92, 5
FILLER_23_231, 140.4, 101.92, 5
FILLER_23_235, 140.4, 101.92, 5
_05434_, 143.1, 101.92, 5
FILLER_23_237, 143.1, 101.92, 5
FILLER_22_241, 145.8, 101.92, 5
FILLER_23_243, 145.8, 101.92, 5
TAP_570, 148.5, 101.92, 5
FILLER_22_245, 148.5, 101.92, 5
FILLER_22_247, 148.5, 101.92, 5
_05079_, 151.2, 101.92, 5
FILLER_22_250, 151.2, 101.92, 5
_09021_, 153.9, 101.92, 5
FILLER_23_259, 153.9, 101.92, 5
_05617_, 156.6, 101.92, 5
_05616_, 159.3, 101.92, 5
_09542_, 159.3, 101.92, 5
_05399_, 164.7, 101.92, 5
TAP_583, 170.1, 101.92, 5
FILLER_23_286, 170.1, 101.92, 5
_09015_, 175.5, 101.92, 5
FILLER_22_295, 175.5, 101.92, 5
_09543_, 180.9, 101.92, 5
FILLER_22_303, 180.9, 101.92, 5
FILLER_22_307, 180.9, 101.92, 5
_05396_, 183.6, 101.92, 5
_04985_, 189, 101.92, 5
TAP_571, 189, 101.92, 5
FILLER_22_325, 191.7, 101.92, 5
_05533_, 194.4, 101.92, 5
FILLER_22_327, 194.4, 101.92, 5
_09001_, 197.1, 101.92, 5
FILLER_23_333, 197.1, 101.92, 5
FILLER_23_341, 199.8, 101.92, 5
_05080_, 202.5, 101.92, 5
_09417_, 202.5, 101.92, 5
FILLER_23_345, 202.5, 101.92, 5
FILLER_23_350, 205.2, 101.92, 5
TAP_584, 207.9, 101.92, 5
FILLER_23_354, 207.9, 101.92, 5
_05246_, 210.6, 101.92, 5
_05082_, 216, 101.92, 5
_08998_, 218.7, 101.92, 5
FILLER_22_372, 218.7, 101.92, 5
FILLER_23_371, 218.7, 101.92, 5
FILLER_22_383, 224.1, 101.92, 5
FILLER_22_387, 226.8, 101.92, 5
FILLER_22_389, 226.8, 101.92, 5
FILLER_23_387, 226.8, 101.92, 5
_05237_, 229.5, 101.92, 5
TAP_572, 229.5, 101.92, 5
FILLER_22_402, 234.9, 101.92, 5
FILLER_23_403, 234.9, 101.92, 5
FILLER_22_418, 243, 101.92, 5
FILLER_23_419, 245.7, 101.92, 5
FILLER_23_423, 245.7, 101.92, 5
TAP_585, 248.4, 101.92, 5
FILLER_23_425, 248.4, 101.92, 5
FILLER_23_428, 251.1, 101.92, 5
FILLER_22_434, 253.8, 101.92, 5
FILLER_23_444, 259.2, 101.92, 5
FILLER_22_450, 261.9, 101.92, 5
TAP_573, 267.3, 101.92, 5
FILLER_22_458, 267.3, 101.92, 5
FILLER_22_460, 267.3, 101.92, 5
FILLER_23_460, 267.3, 101.92, 5
FILLER_22_463, 270, 101.92, 5
FILLER_23_476, 275.4, 101.92, 5
FILLER_22_479, 278.1, 101.92, 5
FILLER_22_495, 286.2, 101.92, 5
FILLER_23_492, 286.2, 101.92, 5
TAP_586, 288.9, 101.92, 5
FILLER_23_496, 288.9, 101.92, 5
FILLER_23_499, 288.9, 101.92, 5
FILLER_22_511, 297, 101.92, 5
FILLER_23_515, 299.7, 101.92, 5
FILLER_22_527, 305.1, 101.92, 5
TAP_574, 307.8, 101.92, 5
FILLER_22_531, 307.8, 101.92, 5
FILLER_22_534, 307.8, 101.92, 5
FILLER_23_531, 307.8, 101.92, 5
FILLER_23_547, 315.9, 101.92, 5
FILLER_22_550, 318.6, 101.92, 5
FILLER_22_566, 326.7, 101.92, 5
FILLER_23_563, 326.7, 101.92, 5
FILLER_23_567, 326.7, 101.92, 5
TAP_587, 329.4, 101.92, 5
FILLER_23_570, 329.4, 101.92, 5
FILLER_22_582, 334.8, 101.92, 5
FILLER_23_586, 337.5, 101.92, 5
FILLER_22_598, 345.6, 101.92, 5
TAP_575, 348.3, 101.92, 5
FILLER_22_602, 348.3, 101.92, 5
FILLER_22_605, 348.3, 101.92, 5
FILLER_23_602, 348.3, 101.92, 5
FILLER_23_618, 356.4, 101.92, 5
FILLER_22_621, 359.1, 101.92, 5
FILLER_23_634, 364.5, 101.92, 5
TAP_588, 367.2, 101.92, 5
FILLER_22_637, 367.2, 101.92, 5
FILLER_23_638, 367.2, 101.92, 5
FILLER_23_641, 369.9, 101.92, 5
FILLER_22_653, 375.3, 101.92, 5
FILLER_23_657, 378, 101.92, 5
FILLER_22_669, 383.4, 101.92, 5
FILLER_22_673, 386.1, 101.92, 5
FILLER_23_673, 386.1, 101.92, 5
TAP_576, 388.8, 101.92, 5
FILLER_22_676, 388.8, 101.92, 5
FILLER_22_692, 396.9, 101.92, 5
FILLER_23_689, 396.9, 101.92, 5
FILLER_23_705, 405, 101.92, 5
TAP_589, 407.7, 101.92, 5
FILLER_22_708, 407.7, 101.92, 5
FILLER_23_709, 407.7, 101.92, 5
FILLER_23_712, 407.7, 101.92, 5
FILLER_22_724, 415.8, 101.92, 5
FILLER_23_728, 418.5, 101.92, 5
FILLER_22_740, 423.9, 101.92, 5
TAP_577, 426.6, 101.92, 5
FILLER_22_744, 426.6, 101.92, 5
FILLER_23_744, 426.6, 101.92, 5
FILLER_22_747, 429.3, 101.92, 5
FILLER_23_760, 434.7, 101.92, 5
FILLER_22_763, 437.4, 101.92, 5
FILLER_22_779, 445.5, 101.92, 5
FILLER_23_776, 445.5, 101.92, 5
TAP_590, 448.2, 101.92, 5
FILLER_23_780, 448.2, 101.92, 5
FILLER_23_783, 448.2, 101.92, 5
FILLER_22_795, 456.3, 101.92, 5
FILLER_23_799, 456.3, 101.92, 5
FILLER_22_811, 464.4, 101.92, 5
TAP_578, 467.1, 101.92, 5
FILLER_22_815, 467.1, 101.92, 5
FILLER_22_818, 467.1, 101.92, 5
FILLER_23_815, 467.1, 101.92, 5
FILLER_23_831, 475.2, 101.92, 5
FILLER_22_834, 477.9, 101.92, 5
FILLER_23_847, 483.3, 101.92, 5
TAP_591, 486, 101.92, 5
FILLER_22_850, 486, 101.92, 5
FILLER_23_851, 486, 101.92, 5
FILLER_23_854, 488.7, 101.92, 5
FILLER_22_866, 494.1, 101.92, 5
FILLER_23_870, 496.8, 101.92, 5
FILLER_22_882, 504.9, 101.92, 5
FILLER_22_886, 504.9, 101.92, 5
FILLER_23_886, 504.9, 101.92, 5
TAP_579, 507.6, 101.92, 5
FILLER_22_889, 507.6, 101.92, 5
FILLER_22_905, 515.7, 101.92, 5
FILLER_23_902, 515.7, 101.92, 5
FILLER_23_918, 523.8, 101.92, 5
TAP_592, 526.5, 101.92, 5
FILLER_22_921, 526.5, 101.92, 5
FILLER_23_922, 526.5, 101.92, 5
FILLER_23_925, 529.2, 101.92, 5
FILLER_22_937, 534.6, 101.92, 5
PHY_45, 537.3, 101.92, 5
PHY_47, 537.3, 101.92, 5
FILLER_22_941, 537.3, 101.92, 5
FILLER_22_943, 537.3, 101.92, 5
FILLER_23_941, 537.3, 101.92, 5
FILLER_23_943, 537.3, 101.92, 5
PHY_40, 10.8, 94.08, 5
PHY_42, 10.8, 94.08, 5
FILLER_20_2, 10.8, 94.08, 5
FILLER_21_2, 10.8, 94.08, 5
FILLER_20_18, 18.9, 94.08, 5
FILLER_21_18, 18.9, 94.08, 5
TAP_541, 29.7, 94.08, 5
FILLER_20_34, 29.7, 94.08, 5
FILLER_20_37, 29.7, 94.08, 5
FILLER_21_34, 29.7, 94.08, 5
FILLER_21_50, 37.8, 94.08, 5
FILLER_20_53, 40.5, 94.08, 5
FILLER_21_66, 45.9, 94.08, 5
TAP_554, 48.6, 94.08, 5
FILLER_20_69, 48.6, 94.08, 5
FILLER_21_70, 48.6, 94.08, 5
_05347_, 51.3, 94.08, 5
FILLER_21_73, 51.3, 94.08, 5
FILLER_21_75, 51.3, 94.08, 5
FILLER_20_85, 56.7, 94.08, 5
FILLER_21_86, 59.4, 94.08, 5
_09541_, 67.5, 94.08, 5
FILLER_20_101, 67.5, 94.08, 5
FILLER_21_102, 67.5, 94.08, 5
_09533_, 70.2, 94.08, 5
TAP_542, 70.2, 94.08, 5
FILLER_20_105, 70.2, 94.08, 5
_05379_, 83.7, 94.08, 5
_05387_, 86.4, 94.08, 5
FILLER_20_137, 86.4, 94.08, 5
TAP_555, 89.1, 94.08, 5
_05609_, 91.8, 94.08, 5
_09531_, 91.8, 94.08, 5
FILLER_21_153, 94.5, 94.08, 5
FILLER_21_161, 99.9, 94.08, 5
_05569_, 102.6, 94.08, 5
FILLER_21_165, 102.6, 94.08, 5
TAP_543, 108, 94.08, 5
FILLER_21_176, 108, 94.08, 5
_09481_, 110.7, 94.08, 5
FILLER_21_180, 110.7, 94.08, 5
FILLER_21_182, 110.7, 94.08, 5
_05317_, 113.4, 94.08, 5
_05087_, 118.8, 94.08, 5
_05369_, 121.5, 94.08, 5
FILLER_21_197, 121.5, 94.08, 5
_05089_, 126.9, 94.08, 5
_05611_, 126.9, 94.08, 5
TAP_556, 129.6, 94.08, 5
FILLER_20_212, 129.6, 94.08, 5
FILLER_21_215, 129.6, 94.08, 5
_05315_, 132.3, 94.08, 5
_09519_, 132.3, 94.08, 5
FILLER_20_216, 132.3, 94.08, 5
FILLER_20_218, 132.3, 94.08, 5
_05023_, 137.7, 94.08, 5
FILLER_21_230, 137.7, 94.08, 5
_05570_, 140.4, 94.08, 5
FILLER_21_234, 140.4, 94.08, 5
_05571_, 145.8, 94.08, 5
TAP_544, 148.5, 94.08, 5
FILLER_21_249, 148.5, 94.08, 5
_09866_, 151.2, 94.08, 5
FILLER_21_253, 151.2, 94.08, 5
_09549_, 153.9, 94.08, 5
FILLER_20_279, 167.4, 94.08, 5
_05081_, 170.1, 94.08, 5
TAP_557, 170.1, 94.08, 5
FILLER_20_287, 170.1, 94.08, 5
_09863_, 172.8, 94.08, 5
FILLER_21_290, 172.8, 94.08, 5
_04983_, 175.5, 94.08, 5
FILLER_21_294, 175.5, 94.08, 5
FILLER_21_296, 175.5, 94.08, 5
_09546_, 178.2, 94.08, 5
_05532_, 189, 94.08, 5
TAP_545, 189, 94.08, 5
FILLER_20_318, 189, 94.08, 5
_09850_, 194.4, 94.08, 5
FILLER_21_330, 194.4, 94.08, 5
_05615_, 202.5, 94.08, 5
TAP_558, 207.9, 94.08, 5
_09847_, 210.6, 94.08, 5
FILLER_20_359, 210.6, 94.08, 5
FILLER_21_357, 210.6, 94.08, 5
FILLER_21_359, 210.6, 94.08, 5
_08996_, 216, 94.08, 5
FILLER_20_367, 216, 94.08, 5
FILLER_20_379, 221.4, 94.08, 5
_04984_, 224.1, 94.08, 5
_09414_, 226.8, 94.08, 5
FILLER_20_385, 226.8, 94.08, 5
FILLER_20_389, 226.8, 94.08, 5
_05531_, 229.5, 94.08, 5
TAP_546, 229.5, 94.08, 5
_04986_, 234.9, 94.08, 5
FILLER_20_405, 237.6, 94.08, 5
FILLER_21_418, 243, 94.08, 5
FILLER_20_421, 245.7, 94.08, 5
TAP_559, 248.4, 94.08, 5
FILLER_21_428, 251.1, 94.08, 5
FILLER_20_437, 253.8, 94.08, 5
FILLER_21_444, 259.2, 94.08, 5
FILLER_20_453, 264.6, 94.08, 5
TAP_547, 267.3, 94.08, 5
FILLER_21_460, 267.3, 94.08, 5
FILLER_20_463, 270, 94.08, 5
FILLER_21_476, 275.4, 94.08, 5
FILLER_20_479, 278.1, 94.08, 5
FILLER_20_495, 286.2, 94.08, 5
FILLER_21_492, 286.2, 94.08, 5
TAP_560, 288.9, 94.08, 5
FILLER_21_496, 288.9, 94.08, 5
FILLER_21_499, 288.9, 94.08, 5
FILLER_20_511, 297, 94.08, 5
FILLER_21_515, 299.7, 94.08, 5
FILLER_20_527, 305.1, 94.08, 5
TAP_548, 307.8, 94.08, 5
FILLER_20_531, 307.8, 94.08, 5
FILLER_20_534, 307.8, 94.08, 5
FILLER_21_531, 307.8, 94.08, 5
FILLER_21_547, 315.9, 94.08, 5
FILLER_20_550, 318.6, 94.08, 5
FILLER_20_566, 326.7, 94.08, 5
FILLER_21_563, 326.7, 94.08, 5
FILLER_21_567, 326.7, 94.08, 5
TAP_561, 329.4, 94.08, 5
FILLER_21_570, 329.4, 94.08, 5
FILLER_20_582, 334.8, 94.08, 5
FILLER_21_586, 337.5, 94.08, 5
FILLER_20_598, 345.6, 94.08, 5
TAP_549, 348.3, 94.08, 5
FILLER_20_602, 348.3, 94.08, 5
FILLER_20_605, 348.3, 94.08, 5
FILLER_21_602, 348.3, 94.08, 5
FILLER_21_618, 356.4, 94.08, 5
FILLER_20_621, 359.1, 94.08, 5
FILLER_21_634, 364.5, 94.08, 5
TAP_562, 367.2, 94.08, 5
FILLER_20_637, 367.2, 94.08, 5
FILLER_21_638, 367.2, 94.08, 5
FILLER_21_641, 369.9, 94.08, 5
FILLER_20_653, 375.3, 94.08, 5
FILLER_21_657, 378, 94.08, 5
FILLER_20_669, 383.4, 94.08, 5
FILLER_20_673, 386.1, 94.08, 5
FILLER_21_673, 386.1, 94.08, 5
TAP_550, 388.8, 94.08, 5
FILLER_20_676, 388.8, 94.08, 5
FILLER_20_692, 396.9, 94.08, 5
FILLER_21_689, 396.9, 94.08, 5
FILLER_21_705, 405, 94.08, 5
TAP_563, 407.7, 94.08, 5
FILLER_20_708, 407.7, 94.08, 5
FILLER_21_709, 407.7, 94.08, 5
FILLER_21_712, 407.7, 94.08, 5
FILLER_20_724, 415.8, 94.08, 5
FILLER_21_728, 418.5, 94.08, 5
FILLER_20_740, 423.9, 94.08, 5
TAP_551, 426.6, 94.08, 5
FILLER_20_744, 426.6, 94.08, 5
FILLER_21_744, 426.6, 94.08, 5
FILLER_20_747, 429.3, 94.08, 5
FILLER_21_760, 434.7, 94.08, 5
FILLER_20_763, 437.4, 94.08, 5
FILLER_20_779, 445.5, 94.08, 5
FILLER_21_776, 445.5, 94.08, 5
TAP_564, 448.2, 94.08, 5
FILLER_21_780, 448.2, 94.08, 5
FILLER_21_783, 448.2, 94.08, 5
FILLER_20_795, 456.3, 94.08, 5
FILLER_21_799, 456.3, 94.08, 5
FILLER_20_811, 464.4, 94.08, 5
TAP_552, 467.1, 94.08, 5
FILLER_20_815, 467.1, 94.08, 5
FILLER_20_818, 467.1, 94.08, 5
FILLER_21_815, 467.1, 94.08, 5
FILLER_21_831, 475.2, 94.08, 5
FILLER_20_834, 477.9, 94.08, 5
FILLER_21_847, 483.3, 94.08, 5
TAP_565, 486, 94.08, 5
FILLER_20_850, 486, 94.08, 5
FILLER_21_851, 486, 94.08, 5
FILLER_21_854, 488.7, 94.08, 5
FILLER_20_866, 494.1, 94.08, 5
FILLER_21_870, 496.8, 94.08, 5
FILLER_20_882, 504.9, 94.08, 5
FILLER_20_886, 504.9, 94.08, 5
FILLER_21_886, 504.9, 94.08, 5
TAP_553, 507.6, 94.08, 5
FILLER_20_889, 507.6, 94.08, 5
FILLER_20_905, 515.7, 94.08, 5
FILLER_21_902, 515.7, 94.08, 5
FILLER_21_918, 523.8, 94.08, 5
TAP_566, 526.5, 94.08, 5
FILLER_20_921, 526.5, 94.08, 5
FILLER_21_922, 526.5, 94.08, 5
FILLER_21_925, 529.2, 94.08, 5
FILLER_20_937, 534.6, 94.08, 5
PHY_41, 537.3, 94.08, 5
PHY_43, 537.3, 94.08, 5
FILLER_20_941, 537.3, 94.08, 5
FILLER_20_943, 537.3, 94.08, 5
FILLER_21_941, 537.3, 94.08, 5
FILLER_21_943, 537.3, 94.08, 5
PHY_36, 10.8, 86.24, 5
PHY_38, 10.8, 86.24, 5
FILLER_18_2, 10.8, 86.24, 5
FILLER_19_2, 10.8, 86.24, 5
FILLER_18_18, 18.9, 86.24, 5
FILLER_19_18, 18.9, 86.24, 5
TAP_515, 29.7, 86.24, 5
FILLER_18_34, 29.7, 86.24, 5
FILLER_18_37, 29.7, 86.24, 5
FILLER_19_34, 29.7, 86.24, 5
FILLER_19_50, 37.8, 86.24, 5
FILLER_18_53, 40.5, 86.24, 5
FILLER_19_66, 45.9, 86.24, 5
TAP_528, 48.6, 86.24, 5
FILLER_18_69, 48.6, 86.24, 5
FILLER_19_70, 48.6, 86.24, 5
FILLER_19_73, 51.3, 86.24, 5
FILLER_18_85, 56.7, 86.24, 5
FILLER_19_89, 59.4, 86.24, 5
FILLER_18_101, 67.5, 86.24, 5
TAP_516, 70.2, 86.24, 5
FILLER_18_105, 70.2, 86.24, 5
FILLER_18_108, 70.2, 86.24, 5
FILLER_19_105, 70.2, 86.24, 5
_05386_, 72.9, 86.24, 5
_05088_, 78.3, 86.24, 5
_05376_, 78.3, 86.24, 5
FILLER_19_121, 78.3, 86.24, 5
_04994_, 81, 86.24, 5
FILLER_18_132, 83.7, 86.24, 5
FILLER_19_130, 83.7, 86.24, 5
_09539_, 86.4, 86.24, 5
FILLER_19_138, 86.4, 86.24, 5
TAP_529, 89.1, 86.24, 5
_05024_, 91.8, 86.24, 5
FILLER_19_144, 91.8, 86.24, 5
FILLER_19_152, 94.5, 86.24, 5
_05377_, 97.2, 86.24, 5
_05026_, 102.6, 86.24, 5
_05374_, 102.6, 86.24, 5
FILLER_19_170, 105.3, 86.24, 5
TAP_517, 108, 86.24, 5
FILLER_18_173, 108, 86.24, 5
_05521_, 110.7, 86.24, 5
FILLER_19_178, 110.7, 86.24, 5
FILLER_19_182, 110.7, 86.24, 5
_09521_, 113.4, 86.24, 5
FILLER_18_184, 113.4, 86.24, 5
FILLER_18_186, 113.4, 86.24, 5
_04991_, 116.1, 86.24, 5
FILLER_18_191, 116.1, 86.24, 5
_05366_, 118.8, 86.24, 5
FILLER_18_195, 118.8, 86.24, 5
_04993_, 124.2, 86.24, 5
FILLER_18_210, 126.9, 86.24, 5
_05312_, 129.6, 86.24, 5
TAP_530, 129.6, 86.24, 5
FILLER_18_212, 129.6, 86.24, 5
FILLER_19_215, 129.6, 86.24, 5
_05475_, 135, 86.24, 5
FILLER_18_223, 135, 86.24, 5
FILLER_19_223, 135, 86.24, 5
_05364_, 137.7, 86.24, 5
_05367_, 137.7, 86.24, 5
FILLER_19_227, 137.7, 86.24, 5
FILLER_19_229, 137.7, 86.24, 5
_04929_, 145.8, 86.24, 5
_05025_, 145.8, 86.24, 5
FILLER_18_244, 145.8, 86.24, 5
FILLER_19_244, 145.8, 86.24, 5
TAP_518, 148.5, 86.24, 5
_09864_, 151.2, 86.24, 5
FILLER_19_252, 151.2, 86.24, 5
_09019_, 153.9, 86.24, 5
FILLER_19_256, 153.9, 86.24, 5
FILLER_19_258, 153.9, 86.24, 5
_05015_, 162, 86.24, 5
FILLER_19_273, 162, 86.24, 5
_05567_, 164.7, 86.24, 5
_05397_, 167.4, 86.24, 5
_05568_, 170.1, 86.24, 5
TAP_531, 170.1, 86.24, 5
_05017_, 172.8, 86.24, 5
FILLER_19_291, 172.8, 86.24, 5
_09016_, 175.5, 86.24, 5
_09018_, 175.5, 86.24, 5
FILLER_18_293, 175.5, 86.24, 5
FILLER_19_293, 175.5, 86.24, 5
_04919_, 180.9, 86.24, 5
FILLER_19_304, 180.9, 86.24, 5
_05394_, 183.6, 86.24, 5
_05462_, 189, 86.24, 5
TAP_519, 189, 86.24, 5
FILLER_19_320, 189, 86.24, 5
_09848_, 191.7, 86.24, 5
FILLER_19_324, 191.7, 86.24, 5
_05463_, 194.4, 86.24, 5
_09415_, 197.1, 86.24, 5
FILLER_18_335, 197.1, 86.24, 5
TAP_532, 207.9, 86.24, 5
FILLER_19_357, 210.6, 86.24, 5
_05240_, 213.3, 86.24, 5
_09845_, 213.3, 86.24, 5
_05231_, 221.4, 86.24, 5
FILLER_18_375, 221.4, 86.24, 5
FILLER_18_387, 226.8, 86.24, 5
FILLER_18_389, 226.8, 86.24, 5
_04922_, 229.5, 86.24, 5
_05461_, 229.5, 86.24, 5
TAP_520, 229.5, 86.24, 5
FILLER_19_394, 229.5, 86.24, 5
FILLER_18_401, 234.9, 86.24, 5
FILLER_19_410, 240.3, 86.24, 5
FILLER_18_417, 243, 86.24, 5
TAP_533, 248.4, 86.24, 5
FILLER_19_428, 251.1, 86.24, 5
FILLER_18_433, 253.8, 86.24, 5
FILLER_19_444, 259.2, 86.24, 5
FILLER_18_449, 261.9, 86.24, 5
TAP_521, 267.3, 86.24, 5
FILLER_18_457, 267.3, 86.24, 5
FILLER_19_460, 267.3, 86.24, 5
FILLER_18_463, 270, 86.24, 5
FILLER_19_476, 275.4, 86.24, 5
FILLER_18_479, 278.1, 86.24, 5
FILLER_18_495, 286.2, 86.24, 5
FILLER_19_492, 286.2, 86.24, 5
TAP_534, 288.9, 86.24, 5
FILLER_19_496, 288.9, 86.24, 5
FILLER_19_499, 288.9, 86.24, 5
FILLER_18_511, 297, 86.24, 5
FILLER_19_515, 299.7, 86.24, 5
FILLER_18_527, 305.1, 86.24, 5
TAP_522, 307.8, 86.24, 5
FILLER_18_531, 307.8, 86.24, 5
FILLER_18_534, 307.8, 86.24, 5
FILLER_19_531, 307.8, 86.24, 5
FILLER_19_547, 315.9, 86.24, 5
FILLER_18_550, 318.6, 86.24, 5
FILLER_18_566, 326.7, 86.24, 5
FILLER_19_563, 326.7, 86.24, 5
FILLER_19_567, 326.7, 86.24, 5
TAP_535, 329.4, 86.24, 5
FILLER_19_570, 329.4, 86.24, 5
FILLER_18_582, 334.8, 86.24, 5
FILLER_19_586, 337.5, 86.24, 5
FILLER_18_598, 345.6, 86.24, 5
TAP_523, 348.3, 86.24, 5
FILLER_18_602, 348.3, 86.24, 5
FILLER_18_605, 348.3, 86.24, 5
FILLER_19_602, 348.3, 86.24, 5
FILLER_19_618, 356.4, 86.24, 5
FILLER_18_621, 359.1, 86.24, 5
FILLER_19_634, 364.5, 86.24, 5
TAP_536, 367.2, 86.24, 5
FILLER_18_637, 367.2, 86.24, 5
FILLER_19_638, 367.2, 86.24, 5
FILLER_19_641, 369.9, 86.24, 5
FILLER_18_653, 375.3, 86.24, 5
FILLER_19_657, 378, 86.24, 5
FILLER_18_669, 383.4, 86.24, 5
FILLER_18_673, 386.1, 86.24, 5
FILLER_19_673, 386.1, 86.24, 5
TAP_524, 388.8, 86.24, 5
FILLER_18_676, 388.8, 86.24, 5
FILLER_18_692, 396.9, 86.24, 5
FILLER_19_689, 396.9, 86.24, 5
FILLER_19_705, 405, 86.24, 5
TAP_537, 407.7, 86.24, 5
FILLER_18_708, 407.7, 86.24, 5
FILLER_19_709, 407.7, 86.24, 5
FILLER_19_712, 407.7, 86.24, 5
FILLER_18_724, 415.8, 86.24, 5
FILLER_19_728, 418.5, 86.24, 5
FILLER_18_740, 423.9, 86.24, 5
TAP_525, 426.6, 86.24, 5
FILLER_18_744, 426.6, 86.24, 5
FILLER_19_744, 426.6, 86.24, 5
FILLER_18_747, 429.3, 86.24, 5
FILLER_19_760, 434.7, 86.24, 5
FILLER_18_763, 437.4, 86.24, 5
FILLER_18_779, 445.5, 86.24, 5
FILLER_19_776, 445.5, 86.24, 5
TAP_538, 448.2, 86.24, 5
FILLER_19_780, 448.2, 86.24, 5
FILLER_19_783, 448.2, 86.24, 5
FILLER_18_795, 456.3, 86.24, 5
FILLER_19_799, 456.3, 86.24, 5
FILLER_18_811, 464.4, 86.24, 5
TAP_526, 467.1, 86.24, 5
FILLER_18_815, 467.1, 86.24, 5
FILLER_18_818, 467.1, 86.24, 5
FILLER_19_815, 467.1, 86.24, 5
FILLER_19_831, 475.2, 86.24, 5
FILLER_18_834, 477.9, 86.24, 5
FILLER_19_847, 483.3, 86.24, 5
TAP_539, 486, 86.24, 5
FILLER_18_850, 486, 86.24, 5
FILLER_19_851, 486, 86.24, 5
FILLER_19_854, 488.7, 86.24, 5
FILLER_18_866, 494.1, 86.24, 5
FILLER_19_870, 496.8, 86.24, 5
FILLER_18_882, 504.9, 86.24, 5
FILLER_18_886, 504.9, 86.24, 5
FILLER_19_886, 504.9, 86.24, 5
TAP_527, 507.6, 86.24, 5
FILLER_18_889, 507.6, 86.24, 5
FILLER_18_905, 515.7, 86.24, 5
FILLER_19_902, 515.7, 86.24, 5
FILLER_19_918, 523.8, 86.24, 5
TAP_540, 526.5, 86.24, 5
FILLER_18_921, 526.5, 86.24, 5
FILLER_19_922, 526.5, 86.24, 5
FILLER_19_925, 529.2, 86.24, 5
FILLER_18_937, 534.6, 86.24, 5
PHY_37, 537.3, 86.24, 5
PHY_39, 537.3, 86.24, 5
FILLER_18_941, 537.3, 86.24, 5
FILLER_18_943, 537.3, 86.24, 5
FILLER_19_941, 537.3, 86.24, 5
FILLER_19_943, 537.3, 86.24, 5
PHY_32, 10.8, 78.4, 5
PHY_34, 10.8, 78.4, 5
FILLER_16_2, 10.8, 78.4, 5
FILLER_17_2, 10.8, 78.4, 5
FILLER_16_18, 18.9, 78.4, 5
FILLER_17_18, 18.9, 78.4, 5
TAP_489, 29.7, 78.4, 5
FILLER_16_34, 29.7, 78.4, 5
FILLER_16_37, 29.7, 78.4, 5
FILLER_17_34, 29.7, 78.4, 5
FILLER_17_50, 37.8, 78.4, 5
FILLER_16_53, 40.5, 78.4, 5
FILLER_17_66, 45.9, 78.4, 5
TAP_502, 48.6, 78.4, 5
FILLER_16_69, 48.6, 78.4, 5
FILLER_17_70, 48.6, 78.4, 5
FILLER_17_73, 51.3, 78.4, 5
FILLER_16_85, 56.7, 78.4, 5
FILLER_17_89, 59.4, 78.4, 5
FILLER_17_97, 64.8, 78.4, 5
_09530_, 67.5, 78.4, 5
FILLER_16_101, 67.5, 78.4, 5
FILLER_17_101, 67.5, 78.4, 5
_09538_, 70.2, 78.4, 5
TAP_490, 70.2, 78.4, 5
FILLER_16_105, 70.2, 78.4, 5
_05384_, 83.7, 78.4, 5
_05519_, 86.4, 78.4, 5
TAP_503, 89.1, 78.4, 5
_09528_, 91.8, 78.4, 5
_09536_, 91.8, 78.4, 5
FILLER_16_146, 91.8, 78.4, 5
_05473_, 108, 78.4, 5
TAP_491, 108, 78.4, 5
FILLER_16_176, 108, 78.4, 5
FILLER_16_179, 110.7, 78.4, 5
FILLER_17_182, 110.7, 78.4, 5
_05314_, 113.4, 78.4, 5
_09518_, 113.4, 78.4, 5
_05520_, 118.8, 78.4, 5
_09476_, 124.2, 78.4, 5
FILLER_16_202, 124.2, 78.4, 5
FILLER_16_204, 124.2, 78.4, 5
TAP_504, 129.6, 78.4, 5
FILLER_17_215, 129.6, 78.4, 5
_04927_, 132.3, 78.4, 5
FILLER_17_219, 132.3, 78.4, 5
_09516_, 135, 78.4, 5
_05474_, 140.4, 78.4, 5
FILLER_16_243, 145.8, 78.4, 5
TAP_492, 148.5, 78.4, 5
FILLER_16_247, 148.5, 78.4, 5
FILLER_16_250, 151.2, 78.4, 5
FILLER_17_253, 151.2, 78.4, 5
_09547_, 153.9, 78.4, 5
FILLER_16_266, 159.3, 78.4, 5
FILLER_16_282, 167.4, 78.4, 5
TAP_505, 170.1, 78.4, 5
FILLER_16_286, 170.1, 78.4, 5
FILLER_16_288, 170.1, 78.4, 5
FILLER_17_286, 170.1, 78.4, 5
_09861_, 172.8, 78.4, 5
FILLER_17_294, 175.5, 78.4, 5
_09544_, 178.2, 78.4, 5
FILLER_17_298, 178.2, 78.4, 5
FILLER_17_300, 178.2, 78.4, 5
_04921_, 189, 78.4, 5
TAP_493, 189, 78.4, 5
FILLER_16_318, 189, 78.4, 5
FILLER_16_325, 191.7, 78.4, 5
FILLER_17_330, 194.4, 78.4, 5
_08999_, 199.8, 78.4, 5
FILLER_16_341, 199.8, 78.4, 5
_05566_, 202.5, 78.4, 5
_05016_, 205.2, 78.4, 5
TAP_506, 207.9, 78.4, 5
FILLER_16_354, 207.9, 78.4, 5
FILLER_17_352, 207.9, 78.4, 5
FILLER_17_354, 207.9, 78.4, 5
_05018_, 210.6, 78.4, 5
FILLER_17_361, 213.3, 78.4, 5
FILLER_17_365, 213.3, 78.4, 5
_04920_, 216, 78.4, 5
FILLER_16_370, 216, 78.4, 5
FILLER_17_367, 216, 78.4, 5
_09412_, 218.7, 78.4, 5
FILLER_16_386, 226.8, 78.4, 5
TAP_494, 229.5, 78.4, 5
FILLER_16_392, 229.5, 78.4, 5
FILLER_17_401, 234.9, 78.4, 5
FILLER_16_408, 237.6, 78.4, 5
FILLER_17_417, 243, 78.4, 5
TAP_507, 248.4, 78.4, 5
FILLER_16_424, 248.4, 78.4, 5
FILLER_17_425, 248.4, 78.4, 5
FILLER_17_428, 251.1, 78.4, 5
FILLER_16_440, 256.5, 78.4, 5
FILLER_17_444, 259.2, 78.4, 5
FILLER_16_456, 264.6, 78.4, 5
TAP_495, 267.3, 78.4, 5
FILLER_16_460, 267.3, 78.4, 5
FILLER_17_460, 267.3, 78.4, 5
FILLER_16_463, 270, 78.4, 5
FILLER_17_476, 275.4, 78.4, 5
FILLER_16_479, 278.1, 78.4, 5
FILLER_16_495, 286.2, 78.4, 5
FILLER_17_492, 286.2, 78.4, 5
TAP_508, 288.9, 78.4, 5
FILLER_17_496, 288.9, 78.4, 5
FILLER_17_499, 288.9, 78.4, 5
FILLER_16_511, 297, 78.4, 5
FILLER_17_515, 299.7, 78.4, 5
FILLER_16_527, 305.1, 78.4, 5
TAP_496, 307.8, 78.4, 5
FILLER_16_531, 307.8, 78.4, 5
FILLER_16_534, 307.8, 78.4, 5
FILLER_17_531, 307.8, 78.4, 5
FILLER_17_547, 315.9, 78.4, 5
FILLER_16_550, 318.6, 78.4, 5
FILLER_16_566, 326.7, 78.4, 5
FILLER_17_563, 326.7, 78.4, 5
FILLER_17_567, 326.7, 78.4, 5
TAP_509, 329.4, 78.4, 5
FILLER_17_570, 329.4, 78.4, 5
FILLER_16_582, 334.8, 78.4, 5
FILLER_17_586, 337.5, 78.4, 5
FILLER_16_598, 345.6, 78.4, 5
TAP_497, 348.3, 78.4, 5
FILLER_16_602, 348.3, 78.4, 5
FILLER_16_605, 348.3, 78.4, 5
FILLER_17_602, 348.3, 78.4, 5
FILLER_17_618, 356.4, 78.4, 5
FILLER_16_621, 359.1, 78.4, 5
FILLER_17_634, 364.5, 78.4, 5
TAP_510, 367.2, 78.4, 5
FILLER_16_637, 367.2, 78.4, 5
FILLER_17_638, 367.2, 78.4, 5
FILLER_17_641, 369.9, 78.4, 5
FILLER_16_653, 375.3, 78.4, 5
FILLER_17_657, 378, 78.4, 5
FILLER_16_669, 383.4, 78.4, 5
FILLER_16_673, 386.1, 78.4, 5
FILLER_17_673, 386.1, 78.4, 5
TAP_498, 388.8, 78.4, 5
FILLER_16_676, 388.8, 78.4, 5
FILLER_16_692, 396.9, 78.4, 5
FILLER_17_689, 396.9, 78.4, 5
FILLER_17_705, 405, 78.4, 5
TAP_511, 407.7, 78.4, 5
FILLER_16_708, 407.7, 78.4, 5
FILLER_17_709, 407.7, 78.4, 5
FILLER_17_712, 407.7, 78.4, 5
FILLER_16_724, 415.8, 78.4, 5
FILLER_17_728, 418.5, 78.4, 5
FILLER_16_740, 423.9, 78.4, 5
TAP_499, 426.6, 78.4, 5
FILLER_16_744, 426.6, 78.4, 5
FILLER_17_744, 426.6, 78.4, 5
FILLER_16_747, 429.3, 78.4, 5
FILLER_17_760, 434.7, 78.4, 5
FILLER_16_763, 437.4, 78.4, 5
FILLER_16_779, 445.5, 78.4, 5
FILLER_17_776, 445.5, 78.4, 5
TAP_512, 448.2, 78.4, 5
FILLER_17_780, 448.2, 78.4, 5
FILLER_17_783, 448.2, 78.4, 5
FILLER_16_795, 456.3, 78.4, 5
FILLER_17_799, 456.3, 78.4, 5
FILLER_16_811, 464.4, 78.4, 5
TAP_500, 467.1, 78.4, 5
FILLER_16_815, 467.1, 78.4, 5
FILLER_16_818, 467.1, 78.4, 5
FILLER_17_815, 467.1, 78.4, 5
FILLER_17_831, 475.2, 78.4, 5
FILLER_16_834, 477.9, 78.4, 5
FILLER_17_847, 483.3, 78.4, 5
TAP_513, 486, 78.4, 5
FILLER_16_850, 486, 78.4, 5
FILLER_17_851, 486, 78.4, 5
FILLER_17_854, 488.7, 78.4, 5
FILLER_16_866, 494.1, 78.4, 5
FILLER_17_870, 496.8, 78.4, 5
FILLER_16_882, 504.9, 78.4, 5
FILLER_16_886, 504.9, 78.4, 5
FILLER_17_886, 504.9, 78.4, 5
TAP_501, 507.6, 78.4, 5
FILLER_16_889, 507.6, 78.4, 5
FILLER_16_905, 515.7, 78.4, 5
FILLER_17_902, 515.7, 78.4, 5
FILLER_17_918, 523.8, 78.4, 5
TAP_514, 526.5, 78.4, 5
FILLER_16_921, 526.5, 78.4, 5
FILLER_17_922, 526.5, 78.4, 5
FILLER_17_925, 529.2, 78.4, 5
FILLER_16_937, 534.6, 78.4, 5
PHY_33, 537.3, 78.4, 5
PHY_35, 537.3, 78.4, 5
FILLER_16_941, 537.3, 78.4, 5
FILLER_16_943, 537.3, 78.4, 5
FILLER_17_941, 537.3, 78.4, 5
FILLER_17_943, 537.3, 78.4, 5
PHY_28, 10.8, 70.56, 5
PHY_30, 10.8, 70.56, 5
FILLER_14_2, 10.8, 70.56, 5
FILLER_15_2, 10.8, 70.56, 5
FILLER_14_18, 18.9, 70.56, 5
FILLER_15_18, 18.9, 70.56, 5
TAP_463, 29.7, 70.56, 5
FILLER_14_34, 29.7, 70.56, 5
FILLER_14_37, 29.7, 70.56, 5
FILLER_15_34, 29.7, 70.56, 5
FILLER_15_50, 37.8, 70.56, 5
FILLER_14_53, 40.5, 70.56, 5
FILLER_15_66, 45.9, 70.56, 5
TAP_476, 48.6, 70.56, 5
FILLER_14_69, 48.6, 70.56, 5
FILLER_15_70, 48.6, 70.56, 5
FILLER_15_73, 51.3, 70.56, 5
FILLER_14_85, 56.7, 70.56, 5
FILLER_15_89, 59.4, 70.56, 5
FILLER_14_101, 67.5, 70.56, 5
TAP_464, 70.2, 70.56, 5
FILLER_14_105, 70.2, 70.56, 5
FILLER_14_108, 70.2, 70.56, 5
FILLER_15_105, 70.2, 70.56, 5
_04992_, 78.3, 70.56, 5
FILLER_14_124, 78.3, 70.56, 5
FILLER_15_121, 78.3, 70.56, 5
FILLER_15_127, 81, 70.56, 5
FILLER_15_135, 86.4, 70.56, 5
TAP_477, 89.1, 70.56, 5
FILLER_14_140, 89.1, 70.56, 5
FILLER_15_139, 89.1, 70.56, 5
FILLER_15_141, 89.1, 70.56, 5
FILLER_15_144, 91.8, 70.56, 5
FILLER_15_148, 91.8, 70.56, 5
_04928_, 94.5, 70.56, 5
FILLER_15_153, 94.5, 70.56, 5
FILLER_14_156, 97.2, 70.56, 5
_04930_, 99.9, 70.56, 5
FILLER_15_161, 99.9, 70.56, 5
FILLER_15_166, 102.6, 70.56, 5
_09478_, 105.3, 70.56, 5
FILLER_14_172, 105.3, 70.56, 5
FILLER_15_170, 105.3, 70.56, 5
TAP_465, 108, 70.56, 5
FILLER_14_176, 108, 70.56, 5
FILLER_14_179, 110.7, 70.56, 5
FILLER_14_195, 118.8, 70.56, 5
FILLER_15_200, 121.5, 70.56, 5
FILLER_14_211, 126.9, 70.56, 5
FILLER_15_208, 126.9, 70.56, 5
TAP_478, 129.6, 70.56, 5
FILLER_15_212, 129.6, 70.56, 5
FILLER_15_215, 129.6, 70.56, 5
FILLER_14_227, 137.7, 70.56, 5
FILLER_15_231, 140.4, 70.56, 5
FILLER_14_243, 145.8, 70.56, 5
TAP_466, 148.5, 70.56, 5
FILLER_14_247, 148.5, 70.56, 5
FILLER_15_247, 148.5, 70.56, 5
FILLER_14_250, 151.2, 70.56, 5
FILLER_15_263, 156.6, 70.56, 5
FILLER_14_266, 159.3, 70.56, 5
FILLER_14_282, 167.4, 70.56, 5
FILLER_15_279, 167.4, 70.56, 5
FILLER_15_283, 167.4, 70.56, 5
TAP_479, 170.1, 70.56, 5
FILLER_15_286, 170.1, 70.56, 5
FILLER_14_298, 178.2, 70.56, 5
FILLER_15_302, 178.2, 70.56, 5
FILLER_14_314, 186.3, 70.56, 5
TAP_467, 189, 70.56, 5
FILLER_14_318, 189, 70.56, 5
FILLER_14_321, 189, 70.56, 5
FILLER_15_318, 189, 70.56, 5
FILLER_15_334, 197.1, 70.56, 5
FILLER_14_337, 199.8, 70.56, 5
FILLER_15_350, 205.2, 70.56, 5
TAP_480, 207.9, 70.56, 5
FILLER_14_353, 207.9, 70.56, 5
FILLER_15_354, 207.9, 70.56, 5
FILLER_15_357, 210.6, 70.56, 5
FILLER_14_369, 216, 70.56, 5
FILLER_15_373, 218.7, 70.56, 5
FILLER_14_385, 226.8, 70.56, 5
FILLER_14_389, 226.8, 70.56, 5
FILLER_15_389, 226.8, 70.56, 5
TAP_468, 229.5, 70.56, 5
FILLER_14_392, 229.5, 70.56, 5
FILLER_14_408, 237.6, 70.56, 5
FILLER_15_405, 237.6, 70.56, 5
FILLER_15_421, 245.7, 70.56, 5
TAP_481, 248.4, 70.56, 5
FILLER_14_424, 248.4, 70.56, 5
FILLER_15_425, 248.4, 70.56, 5
FILLER_15_428, 251.1, 70.56, 5
FILLER_14_440, 256.5, 70.56, 5
FILLER_15_444, 259.2, 70.56, 5
FILLER_14_456, 264.6, 70.56, 5
TAP_469, 267.3, 70.56, 5
FILLER_14_460, 267.3, 70.56, 5
FILLER_15_460, 267.3, 70.56, 5
FILLER_14_463, 270, 70.56, 5
FILLER_15_476, 275.4, 70.56, 5
FILLER_14_479, 278.1, 70.56, 5
FILLER_14_495, 286.2, 70.56, 5
FILLER_15_492, 286.2, 70.56, 5
TAP_482, 288.9, 70.56, 5
FILLER_15_496, 288.9, 70.56, 5
FILLER_15_499, 288.9, 70.56, 5
FILLER_14_511, 297, 70.56, 5
FILLER_15_515, 299.7, 70.56, 5
FILLER_14_527, 305.1, 70.56, 5
TAP_470, 307.8, 70.56, 5
FILLER_14_531, 307.8, 70.56, 5
FILLER_14_534, 307.8, 70.56, 5
FILLER_15_531, 307.8, 70.56, 5
FILLER_15_547, 315.9, 70.56, 5
FILLER_14_550, 318.6, 70.56, 5
FILLER_14_566, 326.7, 70.56, 5
FILLER_15_563, 326.7, 70.56, 5
FILLER_15_567, 326.7, 70.56, 5
TAP_483, 329.4, 70.56, 5
FILLER_15_570, 329.4, 70.56, 5
FILLER_14_582, 334.8, 70.56, 5
FILLER_15_586, 337.5, 70.56, 5
FILLER_14_598, 345.6, 70.56, 5
TAP_471, 348.3, 70.56, 5
FILLER_14_602, 348.3, 70.56, 5
FILLER_14_605, 348.3, 70.56, 5
FILLER_15_602, 348.3, 70.56, 5
FILLER_15_618, 356.4, 70.56, 5
FILLER_14_621, 359.1, 70.56, 5
FILLER_15_634, 364.5, 70.56, 5
TAP_484, 367.2, 70.56, 5
FILLER_14_637, 367.2, 70.56, 5
FILLER_15_638, 367.2, 70.56, 5
FILLER_15_641, 369.9, 70.56, 5
FILLER_14_653, 375.3, 70.56, 5
FILLER_15_657, 378, 70.56, 5
FILLER_14_669, 383.4, 70.56, 5
FILLER_14_673, 386.1, 70.56, 5
FILLER_15_673, 386.1, 70.56, 5
TAP_472, 388.8, 70.56, 5
FILLER_14_676, 388.8, 70.56, 5
FILLER_14_692, 396.9, 70.56, 5
FILLER_15_689, 396.9, 70.56, 5
FILLER_15_705, 405, 70.56, 5
TAP_485, 407.7, 70.56, 5
FILLER_14_708, 407.7, 70.56, 5
FILLER_15_709, 407.7, 70.56, 5
FILLER_15_712, 407.7, 70.56, 5
FILLER_14_724, 415.8, 70.56, 5
FILLER_15_728, 418.5, 70.56, 5
FILLER_14_740, 423.9, 70.56, 5
TAP_473, 426.6, 70.56, 5
FILLER_14_744, 426.6, 70.56, 5
FILLER_15_744, 426.6, 70.56, 5
FILLER_14_747, 429.3, 70.56, 5
FILLER_15_760, 434.7, 70.56, 5
FILLER_14_763, 437.4, 70.56, 5
FILLER_14_779, 445.5, 70.56, 5
FILLER_15_776, 445.5, 70.56, 5
TAP_486, 448.2, 70.56, 5
FILLER_15_780, 448.2, 70.56, 5
FILLER_15_783, 448.2, 70.56, 5
FILLER_14_795, 456.3, 70.56, 5
FILLER_15_799, 456.3, 70.56, 5
FILLER_14_811, 464.4, 70.56, 5
TAP_474, 467.1, 70.56, 5
FILLER_14_815, 467.1, 70.56, 5
FILLER_14_818, 467.1, 70.56, 5
FILLER_15_815, 467.1, 70.56, 5
FILLER_15_831, 475.2, 70.56, 5
FILLER_14_834, 477.9, 70.56, 5
FILLER_15_847, 483.3, 70.56, 5
TAP_487, 486, 70.56, 5
FILLER_14_850, 486, 70.56, 5
FILLER_15_851, 486, 70.56, 5
FILLER_15_854, 488.7, 70.56, 5
FILLER_14_866, 494.1, 70.56, 5
FILLER_15_870, 496.8, 70.56, 5
FILLER_14_882, 504.9, 70.56, 5
FILLER_14_886, 504.9, 70.56, 5
FILLER_15_886, 504.9, 70.56, 5
TAP_475, 507.6, 70.56, 5
FILLER_14_889, 507.6, 70.56, 5
FILLER_14_905, 515.7, 70.56, 5
FILLER_15_902, 515.7, 70.56, 5
FILLER_15_918, 523.8, 70.56, 5
TAP_488, 526.5, 70.56, 5
FILLER_14_921, 526.5, 70.56, 5
FILLER_15_922, 526.5, 70.56, 5
FILLER_15_925, 529.2, 70.56, 5
FILLER_14_937, 534.6, 70.56, 5
PHY_29, 537.3, 70.56, 5
PHY_31, 537.3, 70.56, 5
FILLER_14_941, 537.3, 70.56, 5
FILLER_14_943, 537.3, 70.56, 5
FILLER_15_941, 537.3, 70.56, 5
FILLER_15_943, 537.3, 70.56, 5
PHY_24, 10.8, 62.72, 5
PHY_26, 10.8, 62.72, 5
FILLER_12_2, 10.8, 62.72, 5
FILLER_13_2, 10.8, 62.72, 5
FILLER_12_18, 18.9, 62.72, 5
FILLER_13_18, 18.9, 62.72, 5
TAP_437, 29.7, 62.72, 5
FILLER_12_34, 29.7, 62.72, 5
FILLER_12_37, 29.7, 62.72, 5
FILLER_13_34, 29.7, 62.72, 5
FILLER_13_50, 37.8, 62.72, 5
FILLER_12_53, 40.5, 62.72, 5
FILLER_13_66, 45.9, 62.72, 5
TAP_450, 48.6, 62.72, 5
FILLER_12_69, 48.6, 62.72, 5
FILLER_13_70, 48.6, 62.72, 5
FILLER_13_73, 51.3, 62.72, 5
FILLER_12_85, 56.7, 62.72, 5
FILLER_13_89, 59.4, 62.72, 5
FILLER_12_101, 67.5, 62.72, 5
TAP_438, 70.2, 62.72, 5
FILLER_12_105, 70.2, 62.72, 5
FILLER_12_108, 70.2, 62.72, 5
FILLER_13_105, 70.2, 62.72, 5
FILLER_12_124, 78.3, 62.72, 5
FILLER_13_121, 78.3, 62.72, 5
FILLER_13_137, 86.4, 62.72, 5
TAP_451, 89.1, 62.72, 5
FILLER_12_140, 89.1, 62.72, 5
FILLER_13_141, 89.1, 62.72, 5
FILLER_13_144, 91.8, 62.72, 5
FILLER_12_156, 97.2, 62.72, 5
FILLER_13_160, 99.9, 62.72, 5
FILLER_12_172, 105.3, 62.72, 5
TAP_439, 108, 62.72, 5
FILLER_12_176, 108, 62.72, 5
FILLER_13_176, 108, 62.72, 5
FILLER_12_179, 110.7, 62.72, 5
FILLER_12_195, 118.8, 62.72, 5
FILLER_13_192, 118.8, 62.72, 5
FILLER_12_211, 126.9, 62.72, 5
FILLER_13_208, 126.9, 62.72, 5
TAP_452, 129.6, 62.72, 5
FILLER_13_212, 129.6, 62.72, 5
FILLER_13_215, 129.6, 62.72, 5
FILLER_12_227, 137.7, 62.72, 5
FILLER_13_231, 140.4, 62.72, 5
FILLER_12_243, 145.8, 62.72, 5
TAP_440, 148.5, 62.72, 5
FILLER_12_247, 148.5, 62.72, 5
FILLER_13_247, 148.5, 62.72, 5
FILLER_12_250, 151.2, 62.72, 5
FILLER_13_263, 156.6, 62.72, 5
FILLER_12_266, 159.3, 62.72, 5
FILLER_12_282, 167.4, 62.72, 5
FILLER_13_279, 167.4, 62.72, 5
FILLER_13_283, 167.4, 62.72, 5
TAP_453, 170.1, 62.72, 5
FILLER_13_286, 170.1, 62.72, 5
FILLER_12_298, 178.2, 62.72, 5
FILLER_13_302, 178.2, 62.72, 5
FILLER_12_314, 186.3, 62.72, 5
TAP_441, 189, 62.72, 5
FILLER_12_318, 189, 62.72, 5
FILLER_12_321, 189, 62.72, 5
FILLER_13_318, 189, 62.72, 5
FILLER_13_334, 197.1, 62.72, 5
FILLER_12_337, 199.8, 62.72, 5
FILLER_13_350, 205.2, 62.72, 5
TAP_454, 207.9, 62.72, 5
FILLER_12_353, 207.9, 62.72, 5
FILLER_13_354, 207.9, 62.72, 5
FILLER_13_357, 210.6, 62.72, 5
FILLER_12_369, 216, 62.72, 5
FILLER_13_373, 218.7, 62.72, 5
FILLER_12_385, 226.8, 62.72, 5
FILLER_12_389, 226.8, 62.72, 5
FILLER_13_389, 226.8, 62.72, 5
TAP_442, 229.5, 62.72, 5
FILLER_12_392, 229.5, 62.72, 5
FILLER_12_408, 237.6, 62.72, 5
FILLER_13_405, 237.6, 62.72, 5
FILLER_13_421, 245.7, 62.72, 5
TAP_455, 248.4, 62.72, 5
FILLER_12_424, 248.4, 62.72, 5
FILLER_13_425, 248.4, 62.72, 5
FILLER_13_428, 251.1, 62.72, 5
FILLER_12_440, 256.5, 62.72, 5
FILLER_13_444, 259.2, 62.72, 5
FILLER_12_456, 264.6, 62.72, 5
TAP_443, 267.3, 62.72, 5
FILLER_12_460, 267.3, 62.72, 5
FILLER_13_460, 267.3, 62.72, 5
FILLER_12_463, 270, 62.72, 5
FILLER_13_476, 275.4, 62.72, 5
FILLER_12_479, 278.1, 62.72, 5
FILLER_12_495, 286.2, 62.72, 5
FILLER_13_492, 286.2, 62.72, 5
TAP_456, 288.9, 62.72, 5
FILLER_13_496, 288.9, 62.72, 5
FILLER_13_499, 288.9, 62.72, 5
FILLER_12_511, 297, 62.72, 5
FILLER_13_515, 299.7, 62.72, 5
FILLER_12_527, 305.1, 62.72, 5
TAP_444, 307.8, 62.72, 5
FILLER_12_531, 307.8, 62.72, 5
FILLER_12_534, 307.8, 62.72, 5
FILLER_13_531, 307.8, 62.72, 5
FILLER_13_547, 315.9, 62.72, 5
FILLER_12_550, 318.6, 62.72, 5
FILLER_12_566, 326.7, 62.72, 5
FILLER_13_563, 326.7, 62.72, 5
FILLER_13_567, 326.7, 62.72, 5
TAP_457, 329.4, 62.72, 5
FILLER_13_570, 329.4, 62.72, 5
FILLER_12_582, 334.8, 62.72, 5
FILLER_13_586, 337.5, 62.72, 5
FILLER_12_598, 345.6, 62.72, 5
TAP_445, 348.3, 62.72, 5
FILLER_12_602, 348.3, 62.72, 5
FILLER_12_605, 348.3, 62.72, 5
FILLER_13_602, 348.3, 62.72, 5
FILLER_13_618, 356.4, 62.72, 5
FILLER_12_621, 359.1, 62.72, 5
FILLER_13_634, 364.5, 62.72, 5
TAP_458, 367.2, 62.72, 5
FILLER_12_637, 367.2, 62.72, 5
FILLER_13_638, 367.2, 62.72, 5
FILLER_13_641, 369.9, 62.72, 5
FILLER_12_653, 375.3, 62.72, 5
FILLER_13_657, 378, 62.72, 5
FILLER_12_669, 383.4, 62.72, 5
FILLER_12_673, 386.1, 62.72, 5
FILLER_13_673, 386.1, 62.72, 5
TAP_446, 388.8, 62.72, 5
FILLER_12_676, 388.8, 62.72, 5
FILLER_12_692, 396.9, 62.72, 5
FILLER_13_689, 396.9, 62.72, 5
FILLER_13_705, 405, 62.72, 5
TAP_459, 407.7, 62.72, 5
FILLER_12_708, 407.7, 62.72, 5
FILLER_13_709, 407.7, 62.72, 5
FILLER_13_712, 407.7, 62.72, 5
FILLER_12_724, 415.8, 62.72, 5
FILLER_13_728, 418.5, 62.72, 5
FILLER_12_740, 423.9, 62.72, 5
TAP_447, 426.6, 62.72, 5
FILLER_12_744, 426.6, 62.72, 5
FILLER_13_744, 426.6, 62.72, 5
FILLER_12_747, 429.3, 62.72, 5
FILLER_13_760, 434.7, 62.72, 5
FILLER_12_763, 437.4, 62.72, 5
FILLER_12_779, 445.5, 62.72, 5
FILLER_13_776, 445.5, 62.72, 5
TAP_460, 448.2, 62.72, 5
FILLER_13_780, 448.2, 62.72, 5
FILLER_13_783, 448.2, 62.72, 5
FILLER_12_795, 456.3, 62.72, 5
FILLER_13_799, 456.3, 62.72, 5
FILLER_12_811, 464.4, 62.72, 5
TAP_448, 467.1, 62.72, 5
FILLER_12_815, 467.1, 62.72, 5
FILLER_12_818, 467.1, 62.72, 5
FILLER_13_815, 467.1, 62.72, 5
FILLER_13_831, 475.2, 62.72, 5
FILLER_12_834, 477.9, 62.72, 5
FILLER_13_847, 483.3, 62.72, 5
TAP_461, 486, 62.72, 5
FILLER_12_850, 486, 62.72, 5
FILLER_13_851, 486, 62.72, 5
FILLER_13_854, 488.7, 62.72, 5
FILLER_12_866, 494.1, 62.72, 5
FILLER_13_870, 496.8, 62.72, 5
FILLER_12_882, 504.9, 62.72, 5
FILLER_12_886, 504.9, 62.72, 5
FILLER_13_886, 504.9, 62.72, 5
TAP_449, 507.6, 62.72, 5
FILLER_12_889, 507.6, 62.72, 5
FILLER_12_905, 515.7, 62.72, 5
FILLER_13_902, 515.7, 62.72, 5
FILLER_13_918, 523.8, 62.72, 5
TAP_462, 526.5, 62.72, 5
FILLER_12_921, 526.5, 62.72, 5
FILLER_13_922, 526.5, 62.72, 5
FILLER_13_925, 529.2, 62.72, 5
FILLER_12_937, 534.6, 62.72, 5
PHY_25, 537.3, 62.72, 5
PHY_27, 537.3, 62.72, 5
FILLER_12_941, 537.3, 62.72, 5
FILLER_12_943, 537.3, 62.72, 5
FILLER_13_941, 537.3, 62.72, 5
FILLER_13_943, 537.3, 62.72, 5
PHY_20, 10.8, 54.88, 5
PHY_22, 10.8, 54.88, 5
FILLER_10_2, 10.8, 54.88, 5
FILLER_11_2, 10.8, 54.88, 5
FILLER_10_18, 18.9, 54.88, 5
FILLER_11_18, 18.9, 54.88, 5
TAP_411, 29.7, 54.88, 5
FILLER_10_34, 29.7, 54.88, 5
FILLER_10_37, 29.7, 54.88, 5
FILLER_11_34, 29.7, 54.88, 5
FILLER_11_50, 37.8, 54.88, 5
FILLER_10_53, 40.5, 54.88, 5
FILLER_11_66, 45.9, 54.88, 5
TAP_424, 48.6, 54.88, 5
FILLER_10_69, 48.6, 54.88, 5
FILLER_11_70, 48.6, 54.88, 5
FILLER_11_73, 51.3, 54.88, 5
FILLER_10_85, 56.7, 54.88, 5
FILLER_11_89, 59.4, 54.88, 5
FILLER_10_101, 67.5, 54.88, 5
TAP_412, 70.2, 54.88, 5
FILLER_10_105, 70.2, 54.88, 5
FILLER_10_108, 70.2, 54.88, 5
FILLER_11_105, 70.2, 54.88, 5
FILLER_10_124, 78.3, 54.88, 5
FILLER_11_121, 78.3, 54.88, 5
FILLER_11_137, 86.4, 54.88, 5
TAP_425, 89.1, 54.88, 5
FILLER_10_140, 89.1, 54.88, 5
FILLER_11_141, 89.1, 54.88, 5
FILLER_11_144, 91.8, 54.88, 5
FILLER_10_156, 97.2, 54.88, 5
FILLER_11_160, 99.9, 54.88, 5
FILLER_10_172, 105.3, 54.88, 5
TAP_413, 108, 54.88, 5
FILLER_10_176, 108, 54.88, 5
FILLER_11_176, 108, 54.88, 5
FILLER_10_179, 110.7, 54.88, 5
FILLER_10_195, 118.8, 54.88, 5
FILLER_11_192, 118.8, 54.88, 5
FILLER_10_211, 126.9, 54.88, 5
FILLER_11_208, 126.9, 54.88, 5
TAP_426, 129.6, 54.88, 5
FILLER_11_212, 129.6, 54.88, 5
FILLER_11_215, 129.6, 54.88, 5
FILLER_10_227, 137.7, 54.88, 5
FILLER_11_231, 140.4, 54.88, 5
FILLER_10_243, 145.8, 54.88, 5
TAP_414, 148.5, 54.88, 5
FILLER_10_247, 148.5, 54.88, 5
FILLER_11_247, 148.5, 54.88, 5
FILLER_10_250, 151.2, 54.88, 5
FILLER_11_263, 156.6, 54.88, 5
FILLER_10_266, 159.3, 54.88, 5
FILLER_10_282, 167.4, 54.88, 5
FILLER_11_279, 167.4, 54.88, 5
FILLER_11_283, 167.4, 54.88, 5
TAP_427, 170.1, 54.88, 5
FILLER_11_286, 170.1, 54.88, 5
FILLER_10_298, 178.2, 54.88, 5
FILLER_11_302, 178.2, 54.88, 5
FILLER_10_314, 186.3, 54.88, 5
TAP_415, 189, 54.88, 5
FILLER_10_318, 189, 54.88, 5
FILLER_10_321, 189, 54.88, 5
FILLER_11_318, 189, 54.88, 5
FILLER_11_334, 197.1, 54.88, 5
FILLER_10_337, 199.8, 54.88, 5
FILLER_11_350, 205.2, 54.88, 5
TAP_428, 207.9, 54.88, 5
FILLER_10_353, 207.9, 54.88, 5
FILLER_11_354, 207.9, 54.88, 5
FILLER_11_357, 210.6, 54.88, 5
FILLER_10_369, 216, 54.88, 5
FILLER_11_373, 218.7, 54.88, 5
FILLER_10_385, 226.8, 54.88, 5
FILLER_10_389, 226.8, 54.88, 5
FILLER_11_389, 226.8, 54.88, 5
TAP_416, 229.5, 54.88, 5
FILLER_10_392, 229.5, 54.88, 5
FILLER_10_408, 237.6, 54.88, 5
FILLER_11_405, 237.6, 54.88, 5
FILLER_11_421, 245.7, 54.88, 5
TAP_429, 248.4, 54.88, 5
FILLER_10_424, 248.4, 54.88, 5
FILLER_11_425, 248.4, 54.88, 5
FILLER_11_428, 251.1, 54.88, 5
FILLER_10_440, 256.5, 54.88, 5
FILLER_11_444, 259.2, 54.88, 5
FILLER_10_456, 264.6, 54.88, 5
TAP_417, 267.3, 54.88, 5
FILLER_10_460, 267.3, 54.88, 5
FILLER_11_460, 267.3, 54.88, 5
FILLER_10_463, 270, 54.88, 5
FILLER_11_476, 275.4, 54.88, 5
FILLER_10_479, 278.1, 54.88, 5
FILLER_10_495, 286.2, 54.88, 5
FILLER_11_492, 286.2, 54.88, 5
TAP_430, 288.9, 54.88, 5
FILLER_11_496, 288.9, 54.88, 5
FILLER_11_499, 288.9, 54.88, 5
FILLER_10_511, 297, 54.88, 5
FILLER_11_515, 299.7, 54.88, 5
FILLER_10_527, 305.1, 54.88, 5
TAP_418, 307.8, 54.88, 5
FILLER_10_531, 307.8, 54.88, 5
FILLER_10_534, 307.8, 54.88, 5
FILLER_11_531, 307.8, 54.88, 5
FILLER_11_547, 315.9, 54.88, 5
FILLER_10_550, 318.6, 54.88, 5
FILLER_10_566, 326.7, 54.88, 5
FILLER_11_563, 326.7, 54.88, 5
FILLER_11_567, 326.7, 54.88, 5
TAP_431, 329.4, 54.88, 5
FILLER_11_570, 329.4, 54.88, 5
FILLER_10_582, 334.8, 54.88, 5
FILLER_11_586, 337.5, 54.88, 5
FILLER_10_598, 345.6, 54.88, 5
TAP_419, 348.3, 54.88, 5
FILLER_10_602, 348.3, 54.88, 5
FILLER_10_605, 348.3, 54.88, 5
FILLER_11_602, 348.3, 54.88, 5
FILLER_11_618, 356.4, 54.88, 5
FILLER_10_621, 359.1, 54.88, 5
FILLER_11_634, 364.5, 54.88, 5
TAP_432, 367.2, 54.88, 5
FILLER_10_637, 367.2, 54.88, 5
FILLER_11_638, 367.2, 54.88, 5
FILLER_11_641, 369.9, 54.88, 5
FILLER_10_653, 375.3, 54.88, 5
FILLER_11_657, 378, 54.88, 5
FILLER_10_669, 383.4, 54.88, 5
FILLER_10_673, 386.1, 54.88, 5
FILLER_11_673, 386.1, 54.88, 5
TAP_420, 388.8, 54.88, 5
FILLER_10_676, 388.8, 54.88, 5
FILLER_10_692, 396.9, 54.88, 5
FILLER_11_689, 396.9, 54.88, 5
FILLER_11_705, 405, 54.88, 5
TAP_433, 407.7, 54.88, 5
FILLER_10_708, 407.7, 54.88, 5
FILLER_11_709, 407.7, 54.88, 5
FILLER_11_712, 407.7, 54.88, 5
FILLER_10_724, 415.8, 54.88, 5
FILLER_11_728, 418.5, 54.88, 5
FILLER_10_740, 423.9, 54.88, 5
TAP_421, 426.6, 54.88, 5
FILLER_10_744, 426.6, 54.88, 5
FILLER_11_744, 426.6, 54.88, 5
FILLER_10_747, 429.3, 54.88, 5
FILLER_11_760, 434.7, 54.88, 5
FILLER_10_763, 437.4, 54.88, 5
FILLER_10_779, 445.5, 54.88, 5
FILLER_11_776, 445.5, 54.88, 5
TAP_434, 448.2, 54.88, 5
FILLER_11_780, 448.2, 54.88, 5
FILLER_11_783, 448.2, 54.88, 5
FILLER_10_795, 456.3, 54.88, 5
FILLER_11_799, 456.3, 54.88, 5
FILLER_10_811, 464.4, 54.88, 5
TAP_422, 467.1, 54.88, 5
FILLER_10_815, 467.1, 54.88, 5
FILLER_10_818, 467.1, 54.88, 5
FILLER_11_815, 467.1, 54.88, 5
FILLER_11_831, 475.2, 54.88, 5
FILLER_10_834, 477.9, 54.88, 5
FILLER_11_847, 483.3, 54.88, 5
TAP_435, 486, 54.88, 5
FILLER_10_850, 486, 54.88, 5
FILLER_11_851, 486, 54.88, 5
FILLER_11_854, 488.7, 54.88, 5
FILLER_10_866, 494.1, 54.88, 5
FILLER_11_870, 496.8, 54.88, 5
FILLER_10_882, 504.9, 54.88, 5
FILLER_10_886, 504.9, 54.88, 5
FILLER_11_886, 504.9, 54.88, 5
TAP_423, 507.6, 54.88, 5
FILLER_10_889, 507.6, 54.88, 5
FILLER_10_905, 515.7, 54.88, 5
FILLER_11_902, 515.7, 54.88, 5
FILLER_11_918, 523.8, 54.88, 5
TAP_436, 526.5, 54.88, 5
FILLER_10_921, 526.5, 54.88, 5
FILLER_11_922, 526.5, 54.88, 5
FILLER_11_925, 529.2, 54.88, 5
FILLER_10_937, 534.6, 54.88, 5
PHY_21, 537.3, 54.88, 5
PHY_23, 537.3, 54.88, 5
FILLER_10_941, 537.3, 54.88, 5
FILLER_10_943, 537.3, 54.88, 5
FILLER_11_941, 537.3, 54.88, 5
FILLER_11_943, 537.3, 54.88, 5
PHY_16, 10.8, 47.04, 5
PHY_18, 10.8, 47.04, 5
FILLER_8_2, 10.8, 47.04, 5
FILLER_9_2, 10.8, 47.04, 5
FILLER_8_18, 18.9, 47.04, 5
FILLER_9_18, 18.9, 47.04, 5
TAP_385, 29.7, 47.04, 5
FILLER_8_34, 29.7, 47.04, 5
FILLER_8_37, 29.7, 47.04, 5
FILLER_9_34, 29.7, 47.04, 5
FILLER_9_50, 37.8, 47.04, 5
FILLER_8_53, 40.5, 47.04, 5
FILLER_9_66, 45.9, 47.04, 5
TAP_398, 48.6, 47.04, 5
FILLER_8_69, 48.6, 47.04, 5
FILLER_9_70, 48.6, 47.04, 5
FILLER_9_73, 51.3, 47.04, 5
FILLER_8_85, 56.7, 47.04, 5
FILLER_9_89, 59.4, 47.04, 5
FILLER_8_101, 67.5, 47.04, 5
TAP_386, 70.2, 47.04, 5
FILLER_8_105, 70.2, 47.04, 5
FILLER_8_108, 70.2, 47.04, 5
FILLER_9_105, 70.2, 47.04, 5
FILLER_8_124, 78.3, 47.04, 5
FILLER_9_121, 78.3, 47.04, 5
FILLER_9_137, 86.4, 47.04, 5
TAP_399, 89.1, 47.04, 5
FILLER_8_140, 89.1, 47.04, 5
FILLER_9_141, 89.1, 47.04, 5
FILLER_9_144, 91.8, 47.04, 5
FILLER_8_156, 97.2, 47.04, 5
FILLER_9_160, 99.9, 47.04, 5
FILLER_8_172, 105.3, 47.04, 5
TAP_387, 108, 47.04, 5
FILLER_8_176, 108, 47.04, 5
FILLER_9_176, 108, 47.04, 5
FILLER_8_179, 110.7, 47.04, 5
FILLER_8_195, 118.8, 47.04, 5
FILLER_9_192, 118.8, 47.04, 5
FILLER_8_211, 126.9, 47.04, 5
FILLER_9_208, 126.9, 47.04, 5
TAP_400, 129.6, 47.04, 5
FILLER_9_212, 129.6, 47.04, 5
FILLER_9_215, 129.6, 47.04, 5
FILLER_8_227, 137.7, 47.04, 5
FILLER_9_231, 140.4, 47.04, 5
FILLER_8_243, 145.8, 47.04, 5
TAP_388, 148.5, 47.04, 5
FILLER_8_247, 148.5, 47.04, 5
FILLER_9_247, 148.5, 47.04, 5
FILLER_8_250, 151.2, 47.04, 5
FILLER_9_263, 156.6, 47.04, 5
FILLER_8_266, 159.3, 47.04, 5
FILLER_8_282, 167.4, 47.04, 5
FILLER_9_279, 167.4, 47.04, 5
FILLER_9_283, 167.4, 47.04, 5
TAP_401, 170.1, 47.04, 5
FILLER_9_286, 170.1, 47.04, 5
FILLER_8_298, 178.2, 47.04, 5
FILLER_9_302, 178.2, 47.04, 5
FILLER_8_314, 186.3, 47.04, 5
TAP_389, 189, 47.04, 5
FILLER_8_318, 189, 47.04, 5
FILLER_8_321, 189, 47.04, 5
FILLER_9_318, 189, 47.04, 5
FILLER_9_334, 197.1, 47.04, 5
FILLER_8_337, 199.8, 47.04, 5
FILLER_9_350, 205.2, 47.04, 5
TAP_402, 207.9, 47.04, 5
FILLER_8_353, 207.9, 47.04, 5
FILLER_9_354, 207.9, 47.04, 5
FILLER_9_357, 210.6, 47.04, 5
FILLER_8_369, 216, 47.04, 5
FILLER_9_373, 218.7, 47.04, 5
FILLER_8_385, 226.8, 47.04, 5
FILLER_8_389, 226.8, 47.04, 5
FILLER_9_389, 226.8, 47.04, 5
TAP_390, 229.5, 47.04, 5
FILLER_8_392, 229.5, 47.04, 5
FILLER_8_408, 237.6, 47.04, 5
FILLER_9_405, 237.6, 47.04, 5
FILLER_9_421, 245.7, 47.04, 5
TAP_403, 248.4, 47.04, 5
FILLER_8_424, 248.4, 47.04, 5
FILLER_9_425, 248.4, 47.04, 5
FILLER_9_428, 251.1, 47.04, 5
FILLER_8_440, 256.5, 47.04, 5
FILLER_9_444, 259.2, 47.04, 5
FILLER_8_456, 264.6, 47.04, 5
TAP_391, 267.3, 47.04, 5
FILLER_8_460, 267.3, 47.04, 5
FILLER_9_460, 267.3, 47.04, 5
FILLER_8_463, 270, 47.04, 5
FILLER_9_476, 275.4, 47.04, 5
FILLER_8_479, 278.1, 47.04, 5
FILLER_8_495, 286.2, 47.04, 5
FILLER_9_492, 286.2, 47.04, 5
TAP_404, 288.9, 47.04, 5
FILLER_9_496, 288.9, 47.04, 5
FILLER_9_499, 288.9, 47.04, 5
FILLER_8_511, 297, 47.04, 5
FILLER_9_515, 299.7, 47.04, 5
FILLER_8_527, 305.1, 47.04, 5
TAP_392, 307.8, 47.04, 5
FILLER_8_531, 307.8, 47.04, 5
FILLER_8_534, 307.8, 47.04, 5
FILLER_9_531, 307.8, 47.04, 5
FILLER_9_547, 315.9, 47.04, 5
FILLER_8_550, 318.6, 47.04, 5
FILLER_8_566, 326.7, 47.04, 5
FILLER_9_563, 326.7, 47.04, 5
FILLER_9_567, 326.7, 47.04, 5
TAP_405, 329.4, 47.04, 5
FILLER_9_570, 329.4, 47.04, 5
FILLER_8_582, 334.8, 47.04, 5
FILLER_9_586, 337.5, 47.04, 5
FILLER_8_598, 345.6, 47.04, 5
TAP_393, 348.3, 47.04, 5
FILLER_8_602, 348.3, 47.04, 5
FILLER_8_605, 348.3, 47.04, 5
FILLER_9_602, 348.3, 47.04, 5
FILLER_9_618, 356.4, 47.04, 5
FILLER_8_621, 359.1, 47.04, 5
FILLER_9_634, 364.5, 47.04, 5
TAP_406, 367.2, 47.04, 5
FILLER_8_637, 367.2, 47.04, 5
FILLER_9_638, 367.2, 47.04, 5
FILLER_9_641, 369.9, 47.04, 5
FILLER_8_653, 375.3, 47.04, 5
FILLER_9_657, 378, 47.04, 5
FILLER_8_669, 383.4, 47.04, 5
FILLER_8_673, 386.1, 47.04, 5
FILLER_9_673, 386.1, 47.04, 5
TAP_394, 388.8, 47.04, 5
FILLER_8_676, 388.8, 47.04, 5
FILLER_8_692, 396.9, 47.04, 5
FILLER_9_689, 396.9, 47.04, 5
FILLER_9_705, 405, 47.04, 5
TAP_407, 407.7, 47.04, 5
FILLER_8_708, 407.7, 47.04, 5
FILLER_9_709, 407.7, 47.04, 5
FILLER_9_712, 407.7, 47.04, 5
FILLER_8_724, 415.8, 47.04, 5
FILLER_9_728, 418.5, 47.04, 5
FILLER_8_740, 423.9, 47.04, 5
TAP_395, 426.6, 47.04, 5
FILLER_8_744, 426.6, 47.04, 5
FILLER_9_744, 426.6, 47.04, 5
FILLER_8_747, 429.3, 47.04, 5
FILLER_9_760, 434.7, 47.04, 5
FILLER_8_763, 437.4, 47.04, 5
FILLER_8_779, 445.5, 47.04, 5
FILLER_9_776, 445.5, 47.04, 5
TAP_408, 448.2, 47.04, 5
FILLER_9_780, 448.2, 47.04, 5
FILLER_9_783, 448.2, 47.04, 5
FILLER_8_795, 456.3, 47.04, 5
FILLER_9_799, 456.3, 47.04, 5
FILLER_8_811, 464.4, 47.04, 5
TAP_396, 467.1, 47.04, 5
FILLER_8_815, 467.1, 47.04, 5
FILLER_8_818, 467.1, 47.04, 5
FILLER_9_815, 467.1, 47.04, 5
FILLER_9_831, 475.2, 47.04, 5
FILLER_8_834, 477.9, 47.04, 5
FILLER_9_847, 483.3, 47.04, 5
TAP_409, 486, 47.04, 5
FILLER_8_850, 486, 47.04, 5
FILLER_9_851, 486, 47.04, 5
FILLER_9_854, 488.7, 47.04, 5
FILLER_8_866, 494.1, 47.04, 5
FILLER_9_870, 496.8, 47.04, 5
FILLER_8_882, 504.9, 47.04, 5
FILLER_8_886, 504.9, 47.04, 5
FILLER_9_886, 504.9, 47.04, 5
TAP_397, 507.6, 47.04, 5
FILLER_8_889, 507.6, 47.04, 5
FILLER_8_905, 515.7, 47.04, 5
FILLER_9_902, 515.7, 47.04, 5
FILLER_9_918, 523.8, 47.04, 5
TAP_410, 526.5, 47.04, 5
FILLER_8_921, 526.5, 47.04, 5
FILLER_9_922, 526.5, 47.04, 5
FILLER_9_925, 529.2, 47.04, 5
FILLER_8_937, 534.6, 47.04, 5
PHY_17, 537.3, 47.04, 5
PHY_19, 537.3, 47.04, 5
FILLER_8_941, 537.3, 47.04, 5
FILLER_8_943, 537.3, 47.04, 5
FILLER_9_941, 537.3, 47.04, 5
FILLER_9_943, 537.3, 47.04, 5
PHY_12, 10.8, 39.2, 5
PHY_14, 10.8, 39.2, 5
FILLER_6_2, 10.8, 39.2, 5
FILLER_7_2, 10.8, 39.2, 5
FILLER_6_18, 18.9, 39.2, 5
FILLER_7_18, 18.9, 39.2, 5
TAP_359, 29.7, 39.2, 5
FILLER_6_34, 29.7, 39.2, 5
FILLER_6_37, 29.7, 39.2, 5
FILLER_7_34, 29.7, 39.2, 5
FILLER_7_50, 37.8, 39.2, 5
FILLER_6_53, 40.5, 39.2, 5
FILLER_7_66, 45.9, 39.2, 5
TAP_372, 48.6, 39.2, 5
FILLER_6_69, 48.6, 39.2, 5
FILLER_7_70, 48.6, 39.2, 5
FILLER_7_73, 51.3, 39.2, 5
FILLER_6_85, 56.7, 39.2, 5
FILLER_7_89, 59.4, 39.2, 5
FILLER_6_101, 67.5, 39.2, 5
TAP_360, 70.2, 39.2, 5
FILLER_6_105, 70.2, 39.2, 5
FILLER_6_108, 70.2, 39.2, 5
FILLER_7_105, 70.2, 39.2, 5
FILLER_6_124, 78.3, 39.2, 5
FILLER_7_121, 78.3, 39.2, 5
FILLER_7_137, 86.4, 39.2, 5
TAP_373, 89.1, 39.2, 5
FILLER_6_140, 89.1, 39.2, 5
FILLER_7_141, 89.1, 39.2, 5
FILLER_7_144, 91.8, 39.2, 5
FILLER_6_156, 97.2, 39.2, 5
FILLER_7_160, 99.9, 39.2, 5
FILLER_6_172, 105.3, 39.2, 5
TAP_361, 108, 39.2, 5
FILLER_6_176, 108, 39.2, 5
FILLER_7_176, 108, 39.2, 5
FILLER_6_179, 110.7, 39.2, 5
FILLER_6_195, 118.8, 39.2, 5
FILLER_7_192, 118.8, 39.2, 5
FILLER_6_211, 126.9, 39.2, 5
FILLER_7_208, 126.9, 39.2, 5
TAP_374, 129.6, 39.2, 5
FILLER_7_212, 129.6, 39.2, 5
FILLER_7_215, 129.6, 39.2, 5
FILLER_6_227, 137.7, 39.2, 5
FILLER_7_231, 140.4, 39.2, 5
FILLER_6_243, 145.8, 39.2, 5
TAP_362, 148.5, 39.2, 5
FILLER_6_247, 148.5, 39.2, 5
FILLER_7_247, 148.5, 39.2, 5
FILLER_6_250, 151.2, 39.2, 5
FILLER_7_263, 156.6, 39.2, 5
FILLER_6_266, 159.3, 39.2, 5
FILLER_6_282, 167.4, 39.2, 5
FILLER_7_279, 167.4, 39.2, 5
FILLER_7_283, 167.4, 39.2, 5
TAP_375, 170.1, 39.2, 5
FILLER_7_286, 170.1, 39.2, 5
FILLER_6_298, 178.2, 39.2, 5
FILLER_7_302, 178.2, 39.2, 5
FILLER_6_314, 186.3, 39.2, 5
TAP_363, 189, 39.2, 5
FILLER_6_318, 189, 39.2, 5
FILLER_6_321, 189, 39.2, 5
FILLER_7_318, 189, 39.2, 5
FILLER_7_334, 197.1, 39.2, 5
FILLER_6_337, 199.8, 39.2, 5
FILLER_7_350, 205.2, 39.2, 5
TAP_376, 207.9, 39.2, 5
FILLER_6_353, 207.9, 39.2, 5
FILLER_7_354, 207.9, 39.2, 5
FILLER_7_357, 210.6, 39.2, 5
FILLER_6_369, 216, 39.2, 5
FILLER_7_373, 218.7, 39.2, 5
FILLER_6_385, 226.8, 39.2, 5
FILLER_6_389, 226.8, 39.2, 5
FILLER_7_389, 226.8, 39.2, 5
TAP_364, 229.5, 39.2, 5
FILLER_6_392, 229.5, 39.2, 5
FILLER_6_408, 237.6, 39.2, 5
FILLER_7_405, 237.6, 39.2, 5
FILLER_7_421, 245.7, 39.2, 5
TAP_377, 248.4, 39.2, 5
FILLER_6_424, 248.4, 39.2, 5
FILLER_7_425, 248.4, 39.2, 5
FILLER_7_428, 251.1, 39.2, 5
FILLER_6_440, 256.5, 39.2, 5
FILLER_7_444, 259.2, 39.2, 5
FILLER_6_456, 264.6, 39.2, 5
TAP_365, 267.3, 39.2, 5
FILLER_6_460, 267.3, 39.2, 5
FILLER_7_460, 267.3, 39.2, 5
FILLER_6_463, 270, 39.2, 5
FILLER_7_476, 275.4, 39.2, 5
FILLER_6_479, 278.1, 39.2, 5
FILLER_6_495, 286.2, 39.2, 5
FILLER_7_492, 286.2, 39.2, 5
TAP_378, 288.9, 39.2, 5
FILLER_7_496, 288.9, 39.2, 5
FILLER_7_499, 288.9, 39.2, 5
FILLER_6_511, 297, 39.2, 5
FILLER_7_515, 299.7, 39.2, 5
FILLER_6_527, 305.1, 39.2, 5
TAP_366, 307.8, 39.2, 5
FILLER_6_531, 307.8, 39.2, 5
FILLER_6_534, 307.8, 39.2, 5
FILLER_7_531, 307.8, 39.2, 5
FILLER_7_547, 315.9, 39.2, 5
FILLER_6_550, 318.6, 39.2, 5
FILLER_6_566, 326.7, 39.2, 5
FILLER_7_563, 326.7, 39.2, 5
FILLER_7_567, 326.7, 39.2, 5
TAP_379, 329.4, 39.2, 5
FILLER_7_570, 329.4, 39.2, 5
FILLER_6_582, 334.8, 39.2, 5
FILLER_7_586, 337.5, 39.2, 5
FILLER_6_598, 345.6, 39.2, 5
TAP_367, 348.3, 39.2, 5
FILLER_6_602, 348.3, 39.2, 5
FILLER_6_605, 348.3, 39.2, 5
FILLER_7_602, 348.3, 39.2, 5
FILLER_7_618, 356.4, 39.2, 5
FILLER_6_621, 359.1, 39.2, 5
FILLER_7_634, 364.5, 39.2, 5
TAP_380, 367.2, 39.2, 5
FILLER_6_637, 367.2, 39.2, 5
FILLER_7_638, 367.2, 39.2, 5
FILLER_7_641, 369.9, 39.2, 5
FILLER_6_653, 375.3, 39.2, 5
FILLER_7_657, 378, 39.2, 5
FILLER_6_669, 383.4, 39.2, 5
FILLER_6_673, 386.1, 39.2, 5
FILLER_7_673, 386.1, 39.2, 5
TAP_368, 388.8, 39.2, 5
FILLER_6_676, 388.8, 39.2, 5
FILLER_6_692, 396.9, 39.2, 5
FILLER_7_689, 396.9, 39.2, 5
FILLER_7_705, 405, 39.2, 5
TAP_381, 407.7, 39.2, 5
FILLER_6_708, 407.7, 39.2, 5
FILLER_7_709, 407.7, 39.2, 5
FILLER_7_712, 407.7, 39.2, 5
FILLER_6_724, 415.8, 39.2, 5
FILLER_7_728, 418.5, 39.2, 5
FILLER_6_740, 423.9, 39.2, 5
TAP_369, 426.6, 39.2, 5
FILLER_6_744, 426.6, 39.2, 5
FILLER_7_744, 426.6, 39.2, 5
FILLER_6_747, 429.3, 39.2, 5
FILLER_7_760, 434.7, 39.2, 5
FILLER_6_763, 437.4, 39.2, 5
FILLER_6_779, 445.5, 39.2, 5
FILLER_7_776, 445.5, 39.2, 5
TAP_382, 448.2, 39.2, 5
FILLER_7_780, 448.2, 39.2, 5
FILLER_7_783, 448.2, 39.2, 5
FILLER_6_795, 456.3, 39.2, 5
FILLER_7_799, 456.3, 39.2, 5
FILLER_6_811, 464.4, 39.2, 5
TAP_370, 467.1, 39.2, 5
FILLER_6_815, 467.1, 39.2, 5
FILLER_6_818, 467.1, 39.2, 5
FILLER_7_815, 467.1, 39.2, 5
FILLER_7_831, 475.2, 39.2, 5
FILLER_6_834, 477.9, 39.2, 5
FILLER_7_847, 483.3, 39.2, 5
TAP_383, 486, 39.2, 5
FILLER_6_850, 486, 39.2, 5
FILLER_7_851, 486, 39.2, 5
FILLER_7_854, 488.7, 39.2, 5
FILLER_6_866, 494.1, 39.2, 5
FILLER_7_870, 496.8, 39.2, 5
FILLER_6_882, 504.9, 39.2, 5
FILLER_6_886, 504.9, 39.2, 5
FILLER_7_886, 504.9, 39.2, 5
TAP_371, 507.6, 39.2, 5
FILLER_6_889, 507.6, 39.2, 5
FILLER_6_905, 515.7, 39.2, 5
FILLER_7_902, 515.7, 39.2, 5
FILLER_7_918, 523.8, 39.2, 5
TAP_384, 526.5, 39.2, 5
FILLER_6_921, 526.5, 39.2, 5
FILLER_7_922, 526.5, 39.2, 5
FILLER_7_925, 529.2, 39.2, 5
FILLER_6_937, 534.6, 39.2, 5
PHY_13, 537.3, 39.2, 5
PHY_15, 537.3, 39.2, 5
FILLER_6_941, 537.3, 39.2, 5
FILLER_6_943, 537.3, 39.2, 5
FILLER_7_941, 537.3, 39.2, 5
FILLER_7_943, 537.3, 39.2, 5
PHY_8, 10.8, 31.36, 5
PHY_10, 10.8, 31.36, 5
FILLER_4_2, 10.8, 31.36, 5
FILLER_5_2, 10.8, 31.36, 5
FILLER_4_18, 18.9, 31.36, 5
FILLER_5_18, 18.9, 31.36, 5
TAP_333, 29.7, 31.36, 5
FILLER_4_34, 29.7, 31.36, 5
FILLER_4_37, 29.7, 31.36, 5
FILLER_5_34, 29.7, 31.36, 5
FILLER_5_50, 37.8, 31.36, 5
FILLER_4_53, 40.5, 31.36, 5
FILLER_5_66, 45.9, 31.36, 5
TAP_346, 48.6, 31.36, 5
FILLER_4_69, 48.6, 31.36, 5
FILLER_5_70, 48.6, 31.36, 5
FILLER_5_73, 51.3, 31.36, 5
FILLER_4_85, 56.7, 31.36, 5
FILLER_5_89, 59.4, 31.36, 5
FILLER_4_101, 67.5, 31.36, 5
TAP_334, 70.2, 31.36, 5
FILLER_4_105, 70.2, 31.36, 5
FILLER_4_108, 70.2, 31.36, 5
FILLER_5_105, 70.2, 31.36, 5
FILLER_4_124, 78.3, 31.36, 5
FILLER_5_121, 78.3, 31.36, 5
FILLER_5_137, 86.4, 31.36, 5
TAP_347, 89.1, 31.36, 5
FILLER_4_140, 89.1, 31.36, 5
FILLER_5_141, 89.1, 31.36, 5
FILLER_5_144, 91.8, 31.36, 5
FILLER_4_156, 97.2, 31.36, 5
FILLER_5_160, 99.9, 31.36, 5
FILLER_4_172, 105.3, 31.36, 5
TAP_335, 108, 31.36, 5
FILLER_4_176, 108, 31.36, 5
FILLER_5_176, 108, 31.36, 5
FILLER_4_179, 110.7, 31.36, 5
FILLER_4_195, 118.8, 31.36, 5
FILLER_5_192, 118.8, 31.36, 5
FILLER_4_211, 126.9, 31.36, 5
FILLER_5_208, 126.9, 31.36, 5
TAP_348, 129.6, 31.36, 5
FILLER_5_212, 129.6, 31.36, 5
FILLER_5_215, 129.6, 31.36, 5
FILLER_4_227, 137.7, 31.36, 5
FILLER_5_231, 140.4, 31.36, 5
FILLER_4_243, 145.8, 31.36, 5
TAP_336, 148.5, 31.36, 5
FILLER_4_247, 148.5, 31.36, 5
FILLER_5_247, 148.5, 31.36, 5
FILLER_4_250, 151.2, 31.36, 5
FILLER_5_263, 156.6, 31.36, 5
FILLER_4_266, 159.3, 31.36, 5
FILLER_4_282, 167.4, 31.36, 5
FILLER_5_279, 167.4, 31.36, 5
FILLER_5_283, 167.4, 31.36, 5
TAP_349, 170.1, 31.36, 5
FILLER_5_286, 170.1, 31.36, 5
FILLER_4_298, 178.2, 31.36, 5
FILLER_5_302, 178.2, 31.36, 5
FILLER_4_314, 186.3, 31.36, 5
TAP_337, 189, 31.36, 5
FILLER_4_318, 189, 31.36, 5
FILLER_4_321, 189, 31.36, 5
FILLER_5_318, 189, 31.36, 5
FILLER_5_334, 197.1, 31.36, 5
FILLER_4_337, 199.8, 31.36, 5
FILLER_5_350, 205.2, 31.36, 5
TAP_350, 207.9, 31.36, 5
FILLER_4_353, 207.9, 31.36, 5
FILLER_5_354, 207.9, 31.36, 5
FILLER_5_357, 210.6, 31.36, 5
FILLER_4_369, 216, 31.36, 5
FILLER_5_373, 218.7, 31.36, 5
FILLER_4_385, 226.8, 31.36, 5
FILLER_4_389, 226.8, 31.36, 5
FILLER_5_389, 226.8, 31.36, 5
TAP_338, 229.5, 31.36, 5
FILLER_4_392, 229.5, 31.36, 5
FILLER_4_408, 237.6, 31.36, 5
FILLER_5_405, 237.6, 31.36, 5
FILLER_5_421, 245.7, 31.36, 5
TAP_351, 248.4, 31.36, 5
FILLER_4_424, 248.4, 31.36, 5
FILLER_5_425, 248.4, 31.36, 5
FILLER_5_428, 251.1, 31.36, 5
FILLER_4_440, 256.5, 31.36, 5
FILLER_5_444, 259.2, 31.36, 5
FILLER_4_456, 264.6, 31.36, 5
TAP_339, 267.3, 31.36, 5
FILLER_4_460, 267.3, 31.36, 5
FILLER_5_460, 267.3, 31.36, 5
FILLER_4_463, 270, 31.36, 5
FILLER_5_476, 275.4, 31.36, 5
FILLER_4_479, 278.1, 31.36, 5
FILLER_4_495, 286.2, 31.36, 5
FILLER_5_492, 286.2, 31.36, 5
TAP_352, 288.9, 31.36, 5
FILLER_5_496, 288.9, 31.36, 5
FILLER_5_499, 288.9, 31.36, 5
FILLER_4_511, 297, 31.36, 5
FILLER_5_515, 299.7, 31.36, 5
FILLER_4_527, 305.1, 31.36, 5
TAP_340, 307.8, 31.36, 5
FILLER_4_531, 307.8, 31.36, 5
FILLER_4_534, 307.8, 31.36, 5
FILLER_5_531, 307.8, 31.36, 5
FILLER_5_547, 315.9, 31.36, 5
FILLER_4_550, 318.6, 31.36, 5
FILLER_4_566, 326.7, 31.36, 5
FILLER_5_563, 326.7, 31.36, 5
FILLER_5_567, 326.7, 31.36, 5
TAP_353, 329.4, 31.36, 5
FILLER_5_570, 329.4, 31.36, 5
FILLER_4_582, 334.8, 31.36, 5
FILLER_5_586, 337.5, 31.36, 5
FILLER_4_598, 345.6, 31.36, 5
TAP_341, 348.3, 31.36, 5
FILLER_4_602, 348.3, 31.36, 5
FILLER_4_605, 348.3, 31.36, 5
FILLER_5_602, 348.3, 31.36, 5
FILLER_5_618, 356.4, 31.36, 5
FILLER_4_621, 359.1, 31.36, 5
FILLER_5_634, 364.5, 31.36, 5
TAP_354, 367.2, 31.36, 5
FILLER_4_637, 367.2, 31.36, 5
FILLER_5_638, 367.2, 31.36, 5
FILLER_5_641, 369.9, 31.36, 5
FILLER_4_653, 375.3, 31.36, 5
FILLER_5_657, 378, 31.36, 5
FILLER_4_669, 383.4, 31.36, 5
FILLER_4_673, 386.1, 31.36, 5
FILLER_5_673, 386.1, 31.36, 5
TAP_342, 388.8, 31.36, 5
FILLER_4_676, 388.8, 31.36, 5
FILLER_4_692, 396.9, 31.36, 5
FILLER_5_689, 396.9, 31.36, 5
FILLER_5_705, 405, 31.36, 5
TAP_355, 407.7, 31.36, 5
FILLER_4_708, 407.7, 31.36, 5
FILLER_5_709, 407.7, 31.36, 5
FILLER_5_712, 407.7, 31.36, 5
FILLER_4_724, 415.8, 31.36, 5
FILLER_5_728, 418.5, 31.36, 5
FILLER_4_740, 423.9, 31.36, 5
TAP_343, 426.6, 31.36, 5
FILLER_4_744, 426.6, 31.36, 5
FILLER_5_744, 426.6, 31.36, 5
FILLER_4_747, 429.3, 31.36, 5
FILLER_5_760, 434.7, 31.36, 5
FILLER_4_763, 437.4, 31.36, 5
FILLER_4_779, 445.5, 31.36, 5
FILLER_5_776, 445.5, 31.36, 5
TAP_356, 448.2, 31.36, 5
FILLER_5_780, 448.2, 31.36, 5
FILLER_5_783, 448.2, 31.36, 5
FILLER_4_795, 456.3, 31.36, 5
FILLER_5_799, 456.3, 31.36, 5
FILLER_4_811, 464.4, 31.36, 5
TAP_344, 467.1, 31.36, 5
FILLER_4_815, 467.1, 31.36, 5
FILLER_4_818, 467.1, 31.36, 5
FILLER_5_815, 467.1, 31.36, 5
FILLER_5_831, 475.2, 31.36, 5
FILLER_4_834, 477.9, 31.36, 5
FILLER_5_847, 483.3, 31.36, 5
TAP_357, 486, 31.36, 5
FILLER_4_850, 486, 31.36, 5
FILLER_5_851, 486, 31.36, 5
FILLER_5_854, 488.7, 31.36, 5
FILLER_4_866, 494.1, 31.36, 5
FILLER_5_870, 496.8, 31.36, 5
FILLER_4_882, 504.9, 31.36, 5
FILLER_4_886, 504.9, 31.36, 5
FILLER_5_886, 504.9, 31.36, 5
TAP_345, 507.6, 31.36, 5
FILLER_4_889, 507.6, 31.36, 5
FILLER_4_905, 515.7, 31.36, 5
FILLER_5_902, 515.7, 31.36, 5
FILLER_5_918, 523.8, 31.36, 5
TAP_358, 526.5, 31.36, 5
FILLER_4_921, 526.5, 31.36, 5
FILLER_5_922, 526.5, 31.36, 5
FILLER_5_925, 529.2, 31.36, 5
FILLER_4_937, 534.6, 31.36, 5
PHY_9, 537.3, 31.36, 5
PHY_11, 537.3, 31.36, 5
FILLER_4_941, 537.3, 31.36, 5
FILLER_4_943, 537.3, 31.36, 5
FILLER_5_941, 537.3, 31.36, 5
FILLER_5_943, 537.3, 31.36, 5
PHY_4, 10.8, 23.52, 5
PHY_6, 10.8, 23.52, 5
FILLER_2_2, 10.8, 23.52, 5
FILLER_3_2, 10.8, 23.52, 5
FILLER_2_18, 18.9, 23.52, 5
FILLER_3_18, 18.9, 23.52, 5
TAP_307, 29.7, 23.52, 5
FILLER_2_34, 29.7, 23.52, 5
FILLER_2_37, 29.7, 23.52, 5
FILLER_3_34, 29.7, 23.52, 5
FILLER_3_50, 37.8, 23.52, 5
FILLER_2_53, 40.5, 23.52, 5
FILLER_3_66, 45.9, 23.52, 5
TAP_320, 48.6, 23.52, 5
FILLER_2_69, 48.6, 23.52, 5
FILLER_3_70, 48.6, 23.52, 5
FILLER_3_73, 51.3, 23.52, 5
FILLER_2_85, 56.7, 23.52, 5
FILLER_3_89, 59.4, 23.52, 5
FILLER_2_101, 67.5, 23.52, 5
TAP_308, 70.2, 23.52, 5
FILLER_2_105, 70.2, 23.52, 5
FILLER_2_108, 70.2, 23.52, 5
FILLER_3_105, 70.2, 23.52, 5
FILLER_2_124, 78.3, 23.52, 5
FILLER_3_121, 78.3, 23.52, 5
FILLER_3_137, 86.4, 23.52, 5
TAP_321, 89.1, 23.52, 5
FILLER_2_140, 89.1, 23.52, 5
FILLER_3_141, 89.1, 23.52, 5
FILLER_3_144, 91.8, 23.52, 5
FILLER_2_156, 97.2, 23.52, 5
FILLER_3_160, 99.9, 23.52, 5
FILLER_2_172, 105.3, 23.52, 5
TAP_309, 108, 23.52, 5
FILLER_2_176, 108, 23.52, 5
FILLER_3_176, 108, 23.52, 5
FILLER_2_179, 110.7, 23.52, 5
FILLER_2_195, 118.8, 23.52, 5
FILLER_3_192, 118.8, 23.52, 5
FILLER_2_211, 126.9, 23.52, 5
FILLER_3_208, 126.9, 23.52, 5
TAP_322, 129.6, 23.52, 5
FILLER_3_212, 129.6, 23.52, 5
FILLER_3_215, 129.6, 23.52, 5
FILLER_2_227, 137.7, 23.52, 5
FILLER_3_231, 140.4, 23.52, 5
FILLER_2_243, 145.8, 23.52, 5
TAP_310, 148.5, 23.52, 5
FILLER_2_247, 148.5, 23.52, 5
FILLER_3_247, 148.5, 23.52, 5
FILLER_2_250, 151.2, 23.52, 5
FILLER_3_263, 156.6, 23.52, 5
FILLER_2_266, 159.3, 23.52, 5
FILLER_2_282, 167.4, 23.52, 5
FILLER_3_279, 167.4, 23.52, 5
FILLER_3_283, 167.4, 23.52, 5
TAP_323, 170.1, 23.52, 5
FILLER_3_286, 170.1, 23.52, 5
FILLER_2_298, 178.2, 23.52, 5
FILLER_3_302, 178.2, 23.52, 5
FILLER_2_314, 186.3, 23.52, 5
TAP_311, 189, 23.52, 5
FILLER_2_318, 189, 23.52, 5
FILLER_2_321, 189, 23.52, 5
FILLER_3_318, 189, 23.52, 5
FILLER_3_334, 197.1, 23.52, 5
FILLER_2_337, 199.8, 23.52, 5
FILLER_3_350, 205.2, 23.52, 5
TAP_324, 207.9, 23.52, 5
FILLER_2_353, 207.9, 23.52, 5
FILLER_3_354, 207.9, 23.52, 5
FILLER_3_357, 210.6, 23.52, 5
FILLER_2_369, 216, 23.52, 5
FILLER_3_373, 218.7, 23.52, 5
FILLER_2_385, 226.8, 23.52, 5
FILLER_2_389, 226.8, 23.52, 5
FILLER_3_389, 226.8, 23.52, 5
TAP_312, 229.5, 23.52, 5
FILLER_2_392, 229.5, 23.52, 5
FILLER_2_408, 237.6, 23.52, 5
FILLER_3_405, 237.6, 23.52, 5
FILLER_3_421, 245.7, 23.52, 5
TAP_325, 248.4, 23.52, 5
FILLER_2_424, 248.4, 23.52, 5
FILLER_3_425, 248.4, 23.52, 5
FILLER_3_428, 251.1, 23.52, 5
FILLER_2_440, 256.5, 23.52, 5
FILLER_3_444, 259.2, 23.52, 5
FILLER_2_456, 264.6, 23.52, 5
TAP_313, 267.3, 23.52, 5
FILLER_2_460, 267.3, 23.52, 5
FILLER_3_460, 267.3, 23.52, 5
FILLER_2_463, 270, 23.52, 5
FILLER_3_476, 275.4, 23.52, 5
FILLER_2_479, 278.1, 23.52, 5
FILLER_2_495, 286.2, 23.52, 5
FILLER_3_492, 286.2, 23.52, 5
TAP_326, 288.9, 23.52, 5
FILLER_3_496, 288.9, 23.52, 5
FILLER_3_499, 288.9, 23.52, 5
FILLER_2_511, 297, 23.52, 5
FILLER_3_515, 299.7, 23.52, 5
FILLER_2_527, 305.1, 23.52, 5
TAP_314, 307.8, 23.52, 5
FILLER_2_531, 307.8, 23.52, 5
FILLER_2_534, 307.8, 23.52, 5
FILLER_3_531, 307.8, 23.52, 5
FILLER_3_547, 315.9, 23.52, 5
FILLER_2_550, 318.6, 23.52, 5
FILLER_2_566, 326.7, 23.52, 5
FILLER_3_563, 326.7, 23.52, 5
FILLER_3_567, 326.7, 23.52, 5
TAP_327, 329.4, 23.52, 5
FILLER_3_570, 329.4, 23.52, 5
FILLER_2_582, 334.8, 23.52, 5
FILLER_3_586, 337.5, 23.52, 5
FILLER_2_598, 345.6, 23.52, 5
TAP_315, 348.3, 23.52, 5
FILLER_2_602, 348.3, 23.52, 5
FILLER_2_605, 348.3, 23.52, 5
FILLER_3_602, 348.3, 23.52, 5
FILLER_3_618, 356.4, 23.52, 5
FILLER_2_621, 359.1, 23.52, 5
FILLER_3_634, 364.5, 23.52, 5
TAP_328, 367.2, 23.52, 5
FILLER_2_637, 367.2, 23.52, 5
FILLER_3_638, 367.2, 23.52, 5
FILLER_3_641, 369.9, 23.52, 5
FILLER_2_653, 375.3, 23.52, 5
FILLER_3_657, 378, 23.52, 5
FILLER_2_669, 383.4, 23.52, 5
FILLER_2_673, 386.1, 23.52, 5
FILLER_3_673, 386.1, 23.52, 5
TAP_316, 388.8, 23.52, 5
FILLER_2_676, 388.8, 23.52, 5
FILLER_2_692, 396.9, 23.52, 5
FILLER_3_689, 396.9, 23.52, 5
FILLER_3_705, 405, 23.52, 5
TAP_329, 407.7, 23.52, 5
FILLER_2_708, 407.7, 23.52, 5
FILLER_3_709, 407.7, 23.52, 5
FILLER_3_712, 407.7, 23.52, 5
FILLER_2_724, 415.8, 23.52, 5
FILLER_3_728, 418.5, 23.52, 5
FILLER_2_740, 423.9, 23.52, 5
TAP_317, 426.6, 23.52, 5
FILLER_2_744, 426.6, 23.52, 5
FILLER_3_744, 426.6, 23.52, 5
FILLER_2_747, 429.3, 23.52, 5
FILLER_3_760, 434.7, 23.52, 5
FILLER_2_763, 437.4, 23.52, 5
FILLER_2_779, 445.5, 23.52, 5
FILLER_3_776, 445.5, 23.52, 5
TAP_330, 448.2, 23.52, 5
FILLER_3_780, 448.2, 23.52, 5
FILLER_3_783, 448.2, 23.52, 5
FILLER_2_795, 456.3, 23.52, 5
FILLER_3_799, 456.3, 23.52, 5
FILLER_2_811, 464.4, 23.52, 5
TAP_318, 467.1, 23.52, 5
FILLER_2_815, 467.1, 23.52, 5
FILLER_2_818, 467.1, 23.52, 5
FILLER_3_815, 467.1, 23.52, 5
FILLER_3_831, 475.2, 23.52, 5
FILLER_2_834, 477.9, 23.52, 5
FILLER_3_847, 483.3, 23.52, 5
TAP_331, 486, 23.52, 5
FILLER_2_850, 486, 23.52, 5
FILLER_3_851, 486, 23.52, 5
FILLER_3_854, 488.7, 23.52, 5
FILLER_2_866, 494.1, 23.52, 5
FILLER_3_870, 496.8, 23.52, 5
FILLER_2_882, 504.9, 23.52, 5
FILLER_2_886, 504.9, 23.52, 5
FILLER_3_886, 504.9, 23.52, 5
TAP_319, 507.6, 23.52, 5
FILLER_2_889, 507.6, 23.52, 5
FILLER_2_905, 515.7, 23.52, 5
FILLER_3_902, 515.7, 23.52, 5
FILLER_3_918, 523.8, 23.52, 5
TAP_332, 526.5, 23.52, 5
FILLER_2_921, 526.5, 23.52, 5
FILLER_3_922, 526.5, 23.52, 5
FILLER_3_925, 529.2, 23.52, 5
FILLER_2_937, 534.6, 23.52, 5
PHY_5, 537.3, 23.52, 5
PHY_7, 537.3, 23.52, 5
FILLER_2_941, 537.3, 23.52, 5
FILLER_2_943, 537.3, 23.52, 5
FILLER_3_941, 537.3, 23.52, 5
FILLER_3_943, 537.3, 23.52, 5
PHY_0, 10.8, 15.68, 5
PHY_2, 10.8, 15.68, 5
FILLER_0_2, 10.8, 15.68, 5
FILLER_1_2, 10.8, 15.68, 5
FILLER_0_18, 18.9, 15.68, 5
FILLER_1_18, 18.9, 15.68, 5
TAP_268, 29.7, 15.68, 5
FILLER_0_34, 29.7, 15.68, 5
FILLER_0_37, 29.7, 15.68, 5
FILLER_1_34, 29.7, 15.68, 5
FILLER_1_50, 37.8, 15.68, 5
FILLER_0_53, 40.5, 15.68, 5
FILLER_1_66, 45.9, 15.68, 5
TAP_269, 48.6, 15.68, 5
TAP_294, 48.6, 15.68, 5
FILLER_0_69, 48.6, 15.68, 5
FILLER_1_70, 48.6, 15.68, 5
FILLER_0_72, 51.3, 15.68, 5
FILLER_1_73, 51.3, 15.68, 5
FILLER_0_88, 59.4, 15.68, 5
FILLER_1_89, 59.4, 15.68, 5
FILLER_0_104, 67.5, 15.68, 5
TAP_270, 70.2, 15.68, 5
FILLER_0_107, 70.2, 15.68, 5
FILLER_1_105, 70.2, 15.68, 5
FILLER_0_123, 78.3, 15.68, 5
FILLER_1_121, 78.3, 15.68, 5
FILLER_1_137, 86.4, 15.68, 5
TAP_271, 89.1, 15.68, 5
TAP_295, 89.1, 15.68, 5
FILLER_0_139, 89.1, 15.68, 5
FILLER_0_142, 89.1, 15.68, 5
FILLER_1_141, 89.1, 15.68, 5
FILLER_1_144, 91.8, 15.68, 5
FILLER_0_158, 99.9, 15.68, 5
FILLER_1_160, 99.9, 15.68, 5
TAP_272, 108, 15.68, 5
FILLER_0_174, 108, 15.68, 5
FILLER_0_177, 108, 15.68, 5
FILLER_1_176, 108, 15.68, 5
FILLER_0_193, 118.8, 15.68, 5
FILLER_1_192, 118.8, 15.68, 5
TAP_273, 126.9, 15.68, 5
FILLER_0_209, 126.9, 15.68, 5
FILLER_1_208, 126.9, 15.68, 5
TAP_296, 129.6, 15.68, 5
FILLER_0_212, 129.6, 15.68, 5
FILLER_1_212, 129.6, 15.68, 5
FILLER_1_215, 129.6, 15.68, 5
FILLER_0_228, 137.7, 15.68, 5
FILLER_1_231, 140.4, 15.68, 5
FILLER_0_244, 145.8, 15.68, 5
TAP_274, 148.5, 15.68, 5
FILLER_0_247, 148.5, 15.68, 5
FILLER_1_247, 148.5, 15.68, 5
FILLER_0_263, 156.6, 15.68, 5
FILLER_1_263, 156.6, 15.68, 5
TAP_275, 167.4, 15.68, 5
FILLER_0_279, 167.4, 15.68, 5
FILLER_0_282, 167.4, 15.68, 5
FILLER_1_279, 167.4, 15.68, 5
FILLER_1_283, 167.4, 15.68, 5
TAP_297, 170.1, 15.68, 5
FILLER_1_286, 170.1, 15.68, 5
FILLER_0_298, 178.2, 15.68, 5
FILLER_1_302, 178.2, 15.68, 5
TAP_276, 186.3, 15.68, 5
FILLER_0_314, 186.3, 15.68, 5
FILLER_0_317, 186.3, 15.68, 5
FILLER_1_318, 189, 15.68, 5
FILLER_0_333, 197.1, 15.68, 5
FILLER_1_334, 197.1, 15.68, 5
TAP_277, 205.2, 15.68, 5
FILLER_0_349, 205.2, 15.68, 5
FILLER_1_350, 205.2, 15.68, 5
TAP_298, 207.9, 15.68, 5
FILLER_0_352, 207.9, 15.68, 5
FILLER_1_354, 207.9, 15.68, 5
FILLER_1_357, 210.6, 15.68, 5
FILLER_0_368, 216, 15.68, 5
FILLER_1_373, 218.7, 15.68, 5
FILLER_0_384, 224.1, 15.68, 5
TAP_278, 226.8, 15.68, 5
FILLER_0_387, 226.8, 15.68, 5
FILLER_1_389, 226.8, 15.68, 5
FILLER_0_403, 234.9, 15.68, 5
FILLER_1_405, 237.6, 15.68, 5
TAP_279, 245.7, 15.68, 5
FILLER_0_419, 245.7, 15.68, 5
FILLER_0_422, 245.7, 15.68, 5
FILLER_1_421, 245.7, 15.68, 5
TAP_299, 248.4, 15.68, 5
FILLER_1_425, 248.4, 15.68, 5
FILLER_1_428, 251.1, 15.68, 5
FILLER_0_438, 256.5, 15.68, 5
FILLER_1_444, 259.2, 15.68, 5
TAP_280, 264.6, 15.68, 5
FILLER_0_454, 264.6, 15.68, 5
FILLER_0_457, 267.3, 15.68, 5
FILLER_1_460, 267.3, 15.68, 5
FILLER_0_473, 275.4, 15.68, 5
FILLER_1_476, 275.4, 15.68, 5
TAP_281, 283.5, 15.68, 5
FILLER_0_489, 283.5, 15.68, 5
FILLER_0_492, 286.2, 15.68, 5
FILLER_1_492, 286.2, 15.68, 5
TAP_300, 288.9, 15.68, 5
FILLER_1_496, 288.9, 15.68, 5
FILLER_1_499, 288.9, 15.68, 5
FILLER_0_508, 294.3, 15.68, 5
FILLER_1_515, 299.7, 15.68, 5
FILLER_0_524, 302.4, 15.68, 5
TAP_282, 305.1, 15.68, 5
FILLER_0_527, 305.1, 15.68, 5
FILLER_1_531, 307.8, 15.68, 5
FILLER_0_543, 313.2, 15.68, 5
FILLER_1_547, 315.9, 15.68, 5
TAP_283, 324, 15.68, 5
FILLER_0_559, 324, 15.68, 5
FILLER_0_562, 324, 15.68, 5
FILLER_1_563, 326.7, 15.68, 5
FILLER_1_567, 326.7, 15.68, 5
TAP_301, 329.4, 15.68, 5
FILLER_1_570, 329.4, 15.68, 5
FILLER_0_578, 334.8, 15.68, 5
FILLER_1_586, 337.5, 15.68, 5
TAP_284, 342.9, 15.68, 5
FILLER_0_594, 342.9, 15.68, 5
FILLER_0_597, 345.6, 15.68, 5
FILLER_1_602, 348.3, 15.68, 5
FILLER_0_613, 353.7, 15.68, 5
FILLER_1_618, 356.4, 15.68, 5
TAP_285, 361.8, 15.68, 5
FILLER_0_629, 361.8, 15.68, 5
FILLER_0_632, 364.5, 15.68, 5
FILLER_1_634, 364.5, 15.68, 5
TAP_302, 367.2, 15.68, 5
FILLER_1_638, 367.2, 15.68, 5
FILLER_1_641, 369.9, 15.68, 5
FILLER_0_648, 372.6, 15.68, 5
FILLER_1_657, 378, 15.68, 5
FILLER_0_664, 380.7, 15.68, 5
TAP_286, 383.4, 15.68, 5
FILLER_0_667, 383.4, 15.68, 5
FILLER_1_673, 386.1, 15.68, 5
FILLER_0_683, 391.5, 15.68, 5
FILLER_1_689, 396.9, 15.68, 5
TAP_287, 402.3, 15.68, 5
FILLER_0_699, 402.3, 15.68, 5
FILLER_0_702, 402.3, 15.68, 5
FILLER_1_705, 405, 15.68, 5
TAP_303, 407.7, 15.68, 5
FILLER_1_709, 407.7, 15.68, 5
FILLER_1_712, 407.7, 15.68, 5
FILLER_0_718, 413.1, 15.68, 5
FILLER_1_728, 418.5, 15.68, 5
TAP_288, 421.2, 15.68, 5
FILLER_0_734, 421.2, 15.68, 5
FILLER_0_737, 423.9, 15.68, 5
FILLER_1_744, 426.6, 15.68, 5
FILLER_0_753, 432, 15.68, 5
FILLER_1_760, 434.7, 15.68, 5
TAP_289, 440.1, 15.68, 5
FILLER_0_769, 440.1, 15.68, 5
FILLER_0_772, 442.8, 15.68, 5
FILLER_1_776, 445.5, 15.68, 5
TAP_304, 448.2, 15.68, 5
FILLER_1_780, 448.2, 15.68, 5
FILLER_1_783, 448.2, 15.68, 5
FILLER_0_788, 450.9, 15.68, 5
FILLER_1_799, 456.3, 15.68, 5
FILLER_0_804, 459, 15.68, 5
TAP_290, 461.7, 15.68, 5
FILLER_0_807, 461.7, 15.68, 5
FILLER_1_815, 467.1, 15.68, 5
FILLER_0_823, 469.8, 15.68, 5
FILLER_1_831, 475.2, 15.68, 5
TAP_291, 480.6, 15.68, 5
FILLER_0_839, 480.6, 15.68, 5
FILLER_0_842, 480.6, 15.68, 5
FILLER_1_847, 483.3, 15.68, 5
TAP_305, 486, 15.68, 5
FILLER_1_851, 486, 15.68, 5
FILLER_1_854, 488.7, 15.68, 5
FILLER_0_858, 491.4, 15.68, 5
FILLER_1_870, 496.8, 15.68, 5
TAP_292, 499.5, 15.68, 5
FILLER_0_874, 499.5, 15.68, 5
FILLER_0_877, 502.2, 15.68, 5
FILLER_1_886, 504.9, 15.68, 5
FILLER_0_893, 510.3, 15.68, 5
FILLER_1_902, 515.7, 15.68, 5
TAP_293, 518.4, 15.68, 5
FILLER_0_909, 518.4, 15.68, 5
FILLER_0_912, 521.1, 15.68, 5
FILLER_1_918, 523.8, 15.68, 5
TAP_306, 526.5, 15.68, 5
FILLER_1_922, 526.5, 15.68, 5
FILLER_0_928, 529.2, 15.68, 5
FILLER_1_925, 529.2, 15.68, 5
PHY_1, 537.3, 15.68, 5
PHY_3, 537.3, 15.68, 5
FILLER_1_941, 537.3, 15.68, 5
FILLER_1_943, 537.3, 15.68, 5

