Instance name,  X location,  Y location,  Voltage 
PHY_266, 10.8, 537.04, 1.3504e-06
FILLER_133_2, 10.8, 537.04, 1.3504e-06
FILLER_133_18, 18.9, 537.04, 1.35028e-06
TAP_2010, 29.7, 537.04, 1.3511e-06
FILLER_133_34, 29.7, 537.04, 1.3511e-06
FILLER_133_37, 29.7, 537.04, 1.3511e-06
FILLER_133_53, 40.5, 537.04, 1.35203e-06
TAP_2011, 48.6, 537.04, 1.35266e-06
FILLER_133_69, 48.6, 537.04, 1.35266e-06
FILLER_133_72, 51.3, 537.04, 1.35283e-06
FILLER_133_88, 59.4, 537.04, 1.35329e-06
FILLER_133_104, 67.5, 537.04, 1.3542e-06
TAP_2012, 70.2, 537.04, 1.35457e-06
FILLER_133_107, 70.2, 537.04, 1.35457e-06
FILLER_133_123, 78.3, 537.04, 1.35556e-06
TAP_2013, 89.1, 537.04, 1.3568e-06
FILLER_133_139, 89.1, 537.04, 1.3568e-06
FILLER_133_142, 89.1, 537.04, 1.3568e-06
FILLER_133_158, 99.9, 537.04, 1.3578e-06
TAP_2014, 108, 537.04, 1.35913e-06
FILLER_133_174, 108, 537.04, 1.35913e-06
FILLER_133_177, 108, 537.04, 1.35913e-06
FILLER_133_193, 118.8, 537.04, 1.36067e-06
TAP_2015, 126.9, 537.04, 1.36176e-06
FILLER_133_209, 126.9, 537.04, 1.36176e-06
FILLER_133_212, 129.6, 537.04, 1.36208e-06
FILLER_133_228, 137.7, 537.04, 1.36299e-06
FILLER_133_244, 145.8, 537.04, 1.36423e-06
TAP_2016, 148.5, 537.04, 1.36469e-06
FILLER_133_247, 148.5, 537.04, 1.36469e-06
FILLER_133_263, 156.6, 537.04, 1.36595e-06
TAP_2017, 167.4, 537.04, 1.36754e-06
FILLER_133_279, 167.4, 537.04, 1.36754e-06
FILLER_133_282, 167.4, 537.04, 1.36754e-06
FILLER_133_298, 178.2, 537.04, 1.3689e-06
TAP_2018, 186.3, 537.04, 1.37021e-06
FILLER_133_314, 186.3, 537.04, 1.37021e-06
FILLER_133_317, 186.3, 537.04, 1.37021e-06
FILLER_133_333, 197.1, 537.04, 1.37196e-06
TAP_2019, 205.2, 537.04, 1.37321e-06
FILLER_133_349, 205.2, 537.04, 1.37321e-06
FILLER_133_352, 207.9, 537.04, 1.37359e-06
FILLER_133_368, 216, 537.04, 1.37466e-06
FILLER_133_384, 224.1, 537.04, 1.37582e-06
TAP_2020, 226.8, 537.04, 1.37629e-06
FILLER_133_387, 226.8, 537.04, 1.37629e-06
FILLER_133_403, 234.9, 537.04, 1.37758e-06
TAP_2021, 245.7, 537.04, 1.37922e-06
FILLER_133_419, 245.7, 537.04, 1.37922e-06
FILLER_133_422, 245.7, 537.04, 1.37922e-06
FILLER_133_438, 256.5, 537.04, 1.38061e-06
TAP_2022, 264.6, 537.04, 1.38173e-06
FILLER_133_454, 264.6, 537.04, 1.38173e-06
FILLER_133_457, 267.3, 537.04, 1.38214e-06
FILLER_133_473, 275.4, 537.04, 1.38333e-06
TAP_2023, 283.5, 537.04, 1.38445e-06
FILLER_133_489, 283.5, 537.04, 1.38445e-06
FILLER_133_492, 286.2, 537.04, 1.38479e-06
FILLER_133_508, 294.3, 537.04, 1.38573e-06
FILLER_133_524, 302.4, 537.04, 1.38671e-06
TAP_2024, 305.1, 537.04, 1.38707e-06
FILLER_133_527, 305.1, 537.04, 1.38707e-06
FILLER_133_543, 313.2, 537.04, 1.38805e-06
TAP_2025, 324, 537.04, 1.38926e-06
FILLER_133_559, 324, 537.04, 1.38926e-06
FILLER_133_562, 324, 537.04, 1.38926e-06
FILLER_133_578, 334.8, 537.04, 1.39024e-06
TAP_2026, 342.9, 537.04, 1.39097e-06
FILLER_133_594, 342.9, 537.04, 1.39097e-06
FILLER_133_597, 345.6, 537.04, 1.39123e-06
FILLER_133_613, 353.7, 537.04, 1.39192e-06
TAP_2027, 361.8, 537.04, 1.39255e-06
FILLER_133_629, 361.8, 537.04, 1.39255e-06
FILLER_133_632, 364.5, 537.04, 1.39272e-06
FILLER_133_648, 372.6, 537.04, 1.39317e-06
FILLER_133_664, 380.7, 537.04, 1.39356e-06
TAP_2028, 383.4, 537.04, 1.39374e-06
FILLER_133_667, 383.4, 537.04, 1.39374e-06
FILLER_133_683, 391.5, 537.04, 1.39415e-06
TAP_2029, 402.3, 537.04, 1.39463e-06
FILLER_133_699, 402.3, 537.04, 1.39463e-06
FILLER_133_702, 402.3, 537.04, 1.39463e-06
FILLER_133_718, 413.1, 537.04, 1.39486e-06
TAP_2030, 421.2, 537.04, 1.39498e-06
FILLER_133_734, 421.2, 537.04, 1.39498e-06
FILLER_133_737, 423.9, 537.04, 1.39506e-06
FILLER_133_753, 432, 537.04, 1.39526e-06
TAP_2031, 440.1, 537.04, 1.39539e-06
FILLER_133_769, 440.1, 537.04, 1.39539e-06
FILLER_133_772, 442.8, 537.04, 1.3954e-06
FILLER_133_788, 450.9, 537.04, 1.39535e-06
FILLER_133_804, 459, 537.04, 1.39524e-06
TAP_2032, 461.7, 537.04, 1.39518e-06
FILLER_133_807, 461.7, 537.04, 1.39518e-06
FILLER_133_823, 469.8, 537.04, 1.39529e-06
TAP_2033, 480.6, 537.04, 1.39535e-06
FILLER_133_839, 480.6, 537.04, 1.39535e-06
FILLER_133_842, 480.6, 537.04, 1.39535e-06
FILLER_133_858, 491.4, 537.04, 1.39516e-06
TAP_2034, 499.5, 537.04, 1.39496e-06
FILLER_133_874, 499.5, 537.04, 1.39496e-06
FILLER_133_877, 502.2, 537.04, 1.39486e-06
FILLER_133_893, 510.3, 537.04, 1.39522e-06
TAP_2035, 518.4, 537.04, 1.39553e-06
FILLER_133_909, 518.4, 537.04, 1.39553e-06
FILLER_133_912, 521.1, 537.04, 1.39559e-06
FILLER_133_928, 529.2, 537.04, 1.39571e-06
PHY_267, 537.3, 537.04, 1.39577e-06
PHY_262, 10.8, 529.2, 1.35146e-06
PHY_264, 10.8, 529.2, 1.35146e-06
FILLER_131_2, 10.8, 529.2, 1.35146e-06
FILLER_132_2, 10.8, 529.2, 1.35146e-06
FILLER_131_18, 18.9, 529.2, 1.35122e-06
FILLER_132_18, 18.9, 529.2, 1.35122e-06
TAP_1997, 29.7, 529.2, 1.35212e-06
FILLER_131_34, 29.7, 529.2, 1.35212e-06
FILLER_132_34, 29.7, 529.2, 1.35212e-06
FILLER_132_37, 29.7, 529.2, 1.35212e-06
FILLER_131_50, 37.8, 529.2, 1.35289e-06
FILLER_132_53, 40.5, 529.2, 1.35313e-06
FILLER_131_66, 45.9, 529.2, 1.35356e-06
TAP_1984, 48.6, 529.2, 1.35376e-06
FILLER_131_70, 48.6, 529.2, 1.35376e-06
FILLER_132_69, 48.6, 529.2, 1.35376e-06
FILLER_131_73, 51.3, 529.2, 1.3539e-06
FILLER_132_85, 56.7, 529.2, 1.35413e-06
FILLER_131_89, 59.4, 529.2, 1.35423e-06
FILLER_132_101, 67.5, 529.2, 1.3552e-06
TAP_1998, 70.2, 529.2, 1.35564e-06
FILLER_131_105, 70.2, 529.2, 1.35564e-06
FILLER_132_105, 70.2, 529.2, 1.35564e-06
FILLER_132_108, 70.2, 529.2, 1.35564e-06
FILLER_131_121, 78.3, 529.2, 1.35669e-06
FILLER_132_124, 78.3, 529.2, 1.35669e-06
FILLER_131_137, 86.4, 529.2, 1.35761e-06
TAP_1985, 89.1, 529.2, 1.3579e-06
FILLER_131_141, 89.1, 529.2, 1.3579e-06
FILLER_132_140, 89.1, 529.2, 1.3579e-06
FILLER_131_144, 91.8, 529.2, 1.35813e-06
FILLER_132_156, 97.2, 529.2, 1.35855e-06
FILLER_131_160, 99.9, 529.2, 1.35874e-06
FILLER_132_172, 105.3, 529.2, 1.35974e-06
TAP_1999, 108, 529.2, 1.36023e-06
FILLER_131_176, 108, 529.2, 1.36023e-06
FILLER_132_176, 108, 529.2, 1.36023e-06
FILLER_132_179, 110.7, 529.2, 1.36065e-06
FILLER_131_192, 118.8, 529.2, 1.36186e-06
FILLER_132_195, 118.8, 529.2, 1.36186e-06
FILLER_131_208, 126.9, 529.2, 1.36294e-06
FILLER_132_211, 126.9, 529.2, 1.36294e-06
TAP_1986, 129.6, 529.2, 1.36326e-06
FILLER_131_212, 129.6, 529.2, 1.36326e-06
FILLER_131_215, 129.6, 529.2, 1.36326e-06
FILLER_132_227, 137.7, 529.2, 1.36405e-06
FILLER_131_231, 140.4, 529.2, 1.36429e-06
FILLER_132_243, 145.8, 529.2, 1.36537e-06
TAP_2000, 148.5, 529.2, 1.36589e-06
FILLER_131_247, 148.5, 529.2, 1.36589e-06
FILLER_132_247, 148.5, 529.2, 1.36589e-06
FILLER_132_250, 151.2, 529.2, 1.36635e-06
FILLER_131_263, 156.6, 529.2, 1.36723e-06
FILLER_132_266, 159.3, 529.2, 1.36765e-06
FILLER_131_279, 167.4, 529.2, 1.36884e-06
FILLER_131_283, 167.4, 529.2, 1.36884e-06
FILLER_132_282, 167.4, 529.2, 1.36884e-06
TAP_1987, 170.1, 529.2, 1.36918e-06
FILLER_131_286, 170.1, 529.2, 1.36918e-06
FILLER_131_302, 178.2, 529.2, 1.37007e-06
FILLER_132_298, 178.2, 529.2, 1.37007e-06
FILLER_132_314, 186.3, 529.2, 1.37145e-06
TAP_2001, 189, 529.2, 1.37199e-06
FILLER_131_318, 189, 529.2, 1.37199e-06
FILLER_132_318, 189, 529.2, 1.37199e-06
FILLER_132_321, 189, 529.2, 1.37199e-06
FILLER_131_334, 197.1, 529.2, 1.37336e-06
FILLER_132_337, 199.8, 529.2, 1.3738e-06
FILLER_131_350, 205.2, 529.2, 1.37463e-06
TAP_1988, 207.9, 529.2, 1.37503e-06
FILLER_131_354, 207.9, 529.2, 1.37503e-06
FILLER_132_353, 207.9, 529.2, 1.37503e-06
FILLER_131_357, 210.6, 529.2, 1.37537e-06
FILLER_132_369, 216, 529.2, 1.376e-06
FILLER_131_373, 218.7, 529.2, 1.3763e-06
FILLER_131_389, 226.8, 529.2, 1.37768e-06
FILLER_132_385, 226.8, 529.2, 1.37768e-06
FILLER_132_389, 226.8, 529.2, 1.37768e-06
TAP_2002, 229.5, 529.2, 1.37817e-06
FILLER_132_392, 229.5, 529.2, 1.37817e-06
FILLER_131_405, 237.6, 529.2, 1.37952e-06
FILLER_132_408, 237.6, 529.2, 1.37952e-06
FILLER_131_421, 245.7, 529.2, 1.38075e-06
TAP_1989, 248.4, 529.2, 1.38114e-06
FILLER_131_425, 248.4, 529.2, 1.38114e-06
FILLER_132_424, 248.4, 529.2, 1.38114e-06
FILLER_131_428, 251.1, 529.2, 1.38147e-06
FILLER_132_440, 256.5, 529.2, 1.38209e-06
FILLER_131_444, 259.2, 529.2, 1.38238e-06
FILLER_132_456, 264.6, 529.2, 1.38316e-06
TAP_2003, 267.3, 529.2, 1.38366e-06
FILLER_131_460, 267.3, 529.2, 1.38366e-06
FILLER_132_460, 267.3, 529.2, 1.38366e-06
FILLER_132_463, 270, 529.2, 1.38409e-06
FILLER_131_476, 275.4, 529.2, 1.38492e-06
FILLER_132_479, 278.1, 529.2, 1.38531e-06
FILLER_131_492, 286.2, 529.2, 1.38643e-06
FILLER_132_495, 286.2, 529.2, 1.38643e-06
TAP_1990, 288.9, 529.2, 1.38676e-06
FILLER_131_496, 288.9, 529.2, 1.38676e-06
FILLER_131_499, 288.9, 529.2, 1.38676e-06
FILLER_132_511, 297, 529.2, 1.38758e-06
FILLER_131_515, 299.7, 529.2, 1.38783e-06
FILLER_132_527, 305.1, 529.2, 1.38871e-06
TAP_2004, 307.8, 529.2, 1.38913e-06
FILLER_131_531, 307.8, 529.2, 1.38913e-06
FILLER_132_531, 307.8, 529.2, 1.38913e-06
FILLER_132_534, 307.8, 529.2, 1.38913e-06
FILLER_131_547, 315.9, 529.2, 1.39015e-06
FILLER_132_550, 318.6, 529.2, 1.39047e-06
FILLER_131_563, 326.7, 529.2, 1.39137e-06
FILLER_131_567, 326.7, 529.2, 1.39137e-06
FILLER_132_566, 326.7, 529.2, 1.39137e-06
TAP_1991, 329.4, 529.2, 1.39161e-06
FILLER_131_570, 329.4, 529.2, 1.39161e-06
FILLER_132_582, 334.8, 529.2, 1.392e-06
FILLER_131_586, 337.5, 529.2, 1.39218e-06
FILLER_132_598, 345.6, 529.2, 1.39302e-06
TAP_2005, 348.3, 529.2, 1.39334e-06
FILLER_131_602, 348.3, 529.2, 1.39334e-06
FILLER_132_602, 348.3, 529.2, 1.39334e-06
FILLER_132_605, 348.3, 529.2, 1.39334e-06
FILLER_131_618, 356.4, 529.2, 1.39406e-06
FILLER_132_621, 359.1, 529.2, 1.39428e-06
FILLER_131_634, 364.5, 529.2, 1.39468e-06
TAP_1992, 367.2, 529.2, 1.39486e-06
FILLER_131_638, 367.2, 529.2, 1.39486e-06
FILLER_132_637, 367.2, 529.2, 1.39486e-06
FILLER_131_641, 369.9, 529.2, 1.39497e-06
FILLER_132_653, 375.3, 529.2, 1.39517e-06
FILLER_131_657, 378, 529.2, 1.39525e-06
FILLER_132_669, 383.4, 529.2, 1.39555e-06
FILLER_131_673, 386.1, 529.2, 1.39578e-06
FILLER_132_673, 386.1, 529.2, 1.39578e-06
TAP_2006, 388.8, 529.2, 1.39597e-06
FILLER_132_676, 388.8, 529.2, 1.39597e-06
FILLER_131_689, 396.9, 529.2, 1.39642e-06
FILLER_132_692, 396.9, 529.2, 1.39642e-06
FILLER_131_705, 405, 529.2, 1.39675e-06
TAP_1993, 407.7, 529.2, 1.39684e-06
FILLER_131_709, 407.7, 529.2, 1.39684e-06
FILLER_131_712, 407.7, 529.2, 1.39684e-06
FILLER_132_708, 407.7, 529.2, 1.39684e-06
FILLER_132_724, 415.8, 529.2, 1.39686e-06
FILLER_131_728, 418.5, 529.2, 1.39684e-06
FILLER_132_740, 423.9, 529.2, 1.397e-06
TAP_2007, 426.6, 529.2, 1.39717e-06
FILLER_131_744, 426.6, 529.2, 1.39717e-06
FILLER_132_744, 426.6, 529.2, 1.39717e-06
FILLER_132_747, 429.3, 529.2, 1.39727e-06
FILLER_131_760, 434.7, 529.2, 1.39744e-06
FILLER_132_763, 437.4, 529.2, 1.39751e-06
FILLER_131_776, 445.5, 529.2, 1.39765e-06
FILLER_132_779, 445.5, 529.2, 1.39765e-06
TAP_1994, 448.2, 529.2, 1.39765e-06
FILLER_131_780, 448.2, 529.2, 1.39765e-06
FILLER_131_783, 448.2, 529.2, 1.39765e-06
FILLER_131_799, 456.3, 529.2, 1.39748e-06
FILLER_132_795, 456.3, 529.2, 1.39748e-06
FILLER_132_811, 464.4, 529.2, 1.39749e-06
TAP_2008, 467.1, 529.2, 1.39766e-06
FILLER_131_815, 467.1, 529.2, 1.39766e-06
FILLER_132_815, 467.1, 529.2, 1.39766e-06
FILLER_132_818, 467.1, 529.2, 1.39766e-06
FILLER_131_831, 475.2, 529.2, 1.39794e-06
FILLER_132_834, 477.9, 529.2, 1.39801e-06
FILLER_131_847, 483.3, 529.2, 1.39812e-06
TAP_1995, 486, 529.2, 1.39815e-06
FILLER_131_851, 486, 529.2, 1.39815e-06
FILLER_132_850, 486, 529.2, 1.39815e-06
FILLER_131_854, 488.7, 529.2, 1.39812e-06
FILLER_132_866, 494.1, 529.2, 1.39802e-06
FILLER_131_870, 496.8, 529.2, 1.39796e-06
FILLER_131_886, 504.9, 529.2, 1.39816e-06
FILLER_132_882, 504.9, 529.2, 1.39816e-06
FILLER_132_886, 504.9, 529.2, 1.39816e-06
TAP_2009, 507.6, 529.2, 1.39849e-06
FILLER_132_889, 507.6, 529.2, 1.39849e-06
FILLER_131_902, 515.7, 529.2, 1.39934e-06
FILLER_132_905, 515.7, 529.2, 1.39934e-06
FILLER_131_918, 523.8, 529.2, 1.40007e-06
TAP_1996, 526.5, 529.2, 1.40029e-06
FILLER_131_922, 526.5, 529.2, 1.40029e-06
FILLER_132_921, 526.5, 529.2, 1.40029e-06
FILLER_131_925, 529.2, 529.2, 1.40045e-06
FILLER_132_937, 534.6, 529.2, 1.40073e-06
PHY_263, 537.3, 529.2, 1.40085e-06
PHY_265, 537.3, 529.2, 1.40085e-06
FILLER_131_941, 537.3, 529.2, 1.40085e-06
FILLER_131_943, 537.3, 529.2, 1.40085e-06
FILLER_132_941, 537.3, 529.2, 1.40085e-06
FILLER_132_943, 537.3, 529.2, 1.40085e-06
PHY_258, 10.8, 521.36, 1.35066e-06
PHY_260, 10.8, 521.36, 1.35066e-06
FILLER_129_2, 10.8, 521.36, 1.35066e-06
FILLER_130_2, 10.8, 521.36, 1.35066e-06
FILLER_129_18, 18.9, 521.36, 1.35042e-06
FILLER_130_18, 18.9, 521.36, 1.35042e-06
TAP_1971, 29.7, 521.36, 1.35132e-06
FILLER_129_34, 29.7, 521.36, 1.35132e-06
FILLER_130_34, 29.7, 521.36, 1.35132e-06
FILLER_130_37, 29.7, 521.36, 1.35132e-06
FILLER_129_50, 37.8, 521.36, 1.3521e-06
FILLER_130_53, 40.5, 521.36, 1.35234e-06
FILLER_129_66, 45.9, 521.36, 1.35277e-06
TAP_1958, 48.6, 521.36, 1.35297e-06
FILLER_129_70, 48.6, 521.36, 1.35297e-06
FILLER_130_69, 48.6, 521.36, 1.35297e-06
FILLER_129_73, 51.3, 521.36, 1.35311e-06
FILLER_130_85, 56.7, 521.36, 1.35334e-06
FILLER_129_89, 59.4, 521.36, 1.35344e-06
FILLER_130_101, 67.5, 521.36, 1.35443e-06
TAP_1972, 70.2, 521.36, 1.35486e-06
FILLER_129_105, 70.2, 521.36, 1.35486e-06
FILLER_130_105, 70.2, 521.36, 1.35486e-06
FILLER_130_108, 70.2, 521.36, 1.35486e-06
FILLER_129_121, 78.3, 521.36, 1.35592e-06
FILLER_130_124, 78.3, 521.36, 1.35592e-06
FILLER_129_137, 86.4, 521.36, 1.35686e-06
TAP_1959, 89.1, 521.36, 1.35715e-06
FILLER_129_141, 89.1, 521.36, 1.35715e-06
FILLER_130_140, 89.1, 521.36, 1.35715e-06
FILLER_129_144, 91.8, 521.36, 1.35738e-06
FILLER_130_156, 97.2, 521.36, 1.3578e-06
FILLER_129_160, 99.9, 521.36, 1.35799e-06
FILLER_130_172, 105.3, 521.36, 1.35901e-06
TAP_1973, 108, 521.36, 1.3595e-06
FILLER_129_176, 108, 521.36, 1.3595e-06
FILLER_130_176, 108, 521.36, 1.3595e-06
FILLER_130_179, 110.7, 521.36, 1.35993e-06
FILLER_129_192, 118.8, 521.36, 1.36115e-06
FILLER_130_195, 118.8, 521.36, 1.36115e-06
FILLER_129_208, 126.9, 521.36, 1.36225e-06
FILLER_130_211, 126.9, 521.36, 1.36225e-06
TAP_1960, 129.6, 521.36, 1.36258e-06
FILLER_129_212, 129.6, 521.36, 1.36258e-06
FILLER_129_215, 129.6, 521.36, 1.36258e-06
FILLER_130_227, 137.7, 521.36, 1.36338e-06
FILLER_129_231, 140.4, 521.36, 1.36363e-06
FILLER_130_243, 145.8, 521.36, 1.36472e-06
TAP_1974, 148.5, 521.36, 1.36525e-06
FILLER_129_247, 148.5, 521.36, 1.36525e-06
FILLER_130_247, 148.5, 521.36, 1.36525e-06
FILLER_130_250, 151.2, 521.36, 1.36572e-06
FILLER_129_263, 156.6, 521.36, 1.36661e-06
FILLER_130_266, 159.3, 521.36, 1.36704e-06
FILLER_129_279, 167.4, 521.36, 1.36826e-06
FILLER_129_283, 167.4, 521.36, 1.36826e-06
FILLER_130_282, 167.4, 521.36, 1.36826e-06
TAP_1961, 170.1, 521.36, 1.36861e-06
FILLER_129_286, 170.1, 521.36, 1.36861e-06
FILLER_129_302, 178.2, 521.36, 1.36953e-06
FILLER_130_298, 178.2, 521.36, 1.36953e-06
FILLER_130_314, 186.3, 521.36, 1.37093e-06
TAP_1975, 189, 521.36, 1.37148e-06
FILLER_129_318, 189, 521.36, 1.37148e-06
FILLER_130_318, 189, 521.36, 1.37148e-06
FILLER_130_321, 189, 521.36, 1.37148e-06
FILLER_129_334, 197.1, 521.36, 1.37289e-06
FILLER_130_337, 199.8, 521.36, 1.37334e-06
FILLER_129_350, 205.2, 521.36, 1.3742e-06
TAP_1962, 207.9, 521.36, 1.37461e-06
FILLER_129_354, 207.9, 521.36, 1.37461e-06
FILLER_130_353, 207.9, 521.36, 1.37461e-06
FILLER_129_357, 210.6, 521.36, 1.37496e-06
FILLER_130_369, 216, 521.36, 1.37561e-06
FILLER_129_373, 218.7, 521.36, 1.37592e-06
FILLER_129_389, 226.8, 521.36, 1.37734e-06
FILLER_130_385, 226.8, 521.36, 1.37734e-06
FILLER_130_389, 226.8, 521.36, 1.37734e-06
TAP_1976, 229.5, 521.36, 1.37785e-06
FILLER_130_392, 229.5, 521.36, 1.37785e-06
FILLER_129_405, 237.6, 521.36, 1.37925e-06
FILLER_130_408, 237.6, 521.36, 1.37925e-06
FILLER_129_421, 245.7, 521.36, 1.38053e-06
TAP_1963, 248.4, 521.36, 1.38093e-06
FILLER_129_425, 248.4, 521.36, 1.38093e-06
FILLER_130_424, 248.4, 521.36, 1.38093e-06
FILLER_129_428, 251.1, 521.36, 1.38128e-06
FILLER_130_440, 256.5, 521.36, 1.38193e-06
FILLER_129_444, 259.2, 521.36, 1.38223e-06
FILLER_130_456, 264.6, 521.36, 1.38305e-06
TAP_1977, 267.3, 521.36, 1.38357e-06
FILLER_129_460, 267.3, 521.36, 1.38357e-06
FILLER_130_460, 267.3, 521.36, 1.38357e-06
FILLER_130_463, 270, 521.36, 1.38403e-06
FILLER_129_476, 275.4, 521.36, 1.3849e-06
FILLER_130_479, 278.1, 521.36, 1.38532e-06
FILLER_129_492, 286.2, 521.36, 1.38651e-06
FILLER_130_495, 286.2, 521.36, 1.38651e-06
TAP_1964, 288.9, 521.36, 1.38686e-06
FILLER_129_496, 288.9, 521.36, 1.38686e-06
FILLER_129_499, 288.9, 521.36, 1.38686e-06
FILLER_130_511, 297, 521.36, 1.38775e-06
FILLER_129_515, 299.7, 521.36, 1.38802e-06
FILLER_130_527, 305.1, 521.36, 1.38899e-06
TAP_1978, 307.8, 521.36, 1.38945e-06
FILLER_129_531, 307.8, 521.36, 1.38945e-06
FILLER_130_531, 307.8, 521.36, 1.38945e-06
FILLER_130_534, 307.8, 521.36, 1.38945e-06
FILLER_129_547, 315.9, 521.36, 1.3906e-06
FILLER_130_550, 318.6, 521.36, 1.39096e-06
FILLER_129_563, 326.7, 521.36, 1.39199e-06
FILLER_129_567, 326.7, 521.36, 1.39199e-06
FILLER_130_566, 326.7, 521.36, 1.39199e-06
TAP_1965, 329.4, 521.36, 1.39227e-06
FILLER_129_570, 329.4, 521.36, 1.39227e-06
FILLER_130_582, 334.8, 521.36, 1.39276e-06
FILLER_129_586, 337.5, 521.36, 1.39298e-06
_06238_, 340.2, 521.36, 1.39318e-06
FILLER_129_596, 342.9, 521.36, 1.39358e-06
_06269_, 345.6, 521.36, 1.39397e-06
FILLER_130_598, 345.6, 521.36, 1.39397e-06
TAP_1979, 348.3, 521.36, 1.39429e-06
FILLER_129_603, 348.3, 521.36, 1.39429e-06
FILLER_130_602, 348.3, 521.36, 1.39429e-06
FILLER_130_605, 348.3, 521.36, 1.39429e-06
FILLER_129_611, 351, 521.36, 1.39454e-06
_06240_, 353.7, 521.36, 1.39476e-06
FILLER_129_621, 359.1, 521.36, 1.39512e-06
FILLER_130_621, 359.1, 521.36, 1.39512e-06
TAP_1966, 367.2, 521.36, 1.39553e-06
FILLER_129_637, 367.2, 521.36, 1.39553e-06
FILLER_130_637, 367.2, 521.36, 1.39553e-06
FILLER_129_641, 369.9, 521.36, 1.3956e-06
FILLER_130_653, 375.3, 521.36, 1.39572e-06
FILLER_129_657, 378, 521.36, 1.39575e-06
FILLER_130_669, 383.4, 521.36, 1.396e-06
FILLER_129_673, 386.1, 521.36, 1.39621e-06
FILLER_130_673, 386.1, 521.36, 1.39621e-06
TAP_1980, 388.8, 521.36, 1.39638e-06
FILLER_130_676, 388.8, 521.36, 1.39638e-06
FILLER_129_689, 396.9, 521.36, 1.39678e-06
FILLER_130_692, 396.9, 521.36, 1.39678e-06
FILLER_129_705, 405, 521.36, 1.39706e-06
TAP_1967, 407.7, 521.36, 1.39713e-06
FILLER_129_709, 407.7, 521.36, 1.39713e-06
FILLER_129_712, 407.7, 521.36, 1.39713e-06
FILLER_130_708, 407.7, 521.36, 1.39713e-06
FILLER_130_724, 415.8, 521.36, 1.3971e-06
FILLER_129_728, 418.5, 521.36, 1.39707e-06
FILLER_130_740, 423.9, 521.36, 1.3972e-06
TAP_1981, 426.6, 521.36, 1.39735e-06
FILLER_129_744, 426.6, 521.36, 1.39735e-06
FILLER_130_744, 426.6, 521.36, 1.39735e-06
FILLER_130_747, 429.3, 521.36, 1.39745e-06
FILLER_129_760, 434.7, 521.36, 1.3976e-06
FILLER_130_763, 437.4, 521.36, 1.39766e-06
FILLER_129_776, 445.5, 521.36, 1.39777e-06
FILLER_130_779, 445.5, 521.36, 1.39777e-06
TAP_1968, 448.2, 521.36, 1.39776e-06
FILLER_129_780, 448.2, 521.36, 1.39776e-06
FILLER_129_783, 448.2, 521.36, 1.39776e-06
FILLER_129_799, 456.3, 521.36, 1.39757e-06
FILLER_130_795, 456.3, 521.36, 1.39757e-06
FILLER_130_811, 464.4, 521.36, 1.39754e-06
TAP_1982, 467.1, 521.36, 1.39771e-06
FILLER_129_815, 467.1, 521.36, 1.39771e-06
FILLER_130_815, 467.1, 521.36, 1.39771e-06
FILLER_130_818, 467.1, 521.36, 1.39771e-06
FILLER_129_831, 475.2, 521.36, 1.39797e-06
FILLER_130_834, 477.9, 521.36, 1.39804e-06
FILLER_129_847, 483.3, 521.36, 1.39813e-06
TAP_1969, 486, 521.36, 1.39816e-06
FILLER_129_851, 486, 521.36, 1.39816e-06
FILLER_130_850, 486, 521.36, 1.39816e-06
FILLER_129_854, 488.7, 521.36, 1.39812e-06
FILLER_130_866, 494.1, 521.36, 1.39801e-06
FILLER_129_870, 496.8, 521.36, 1.39794e-06
FILLER_129_886, 504.9, 521.36, 1.39813e-06
FILLER_130_882, 504.9, 521.36, 1.39813e-06
FILLER_130_886, 504.9, 521.36, 1.39813e-06
TAP_1983, 507.6, 521.36, 1.39845e-06
FILLER_130_889, 507.6, 521.36, 1.39845e-06
FILLER_129_902, 515.7, 521.36, 1.3993e-06
FILLER_130_905, 515.7, 521.36, 1.3993e-06
FILLER_129_918, 523.8, 521.36, 1.40003e-06
TAP_1970, 526.5, 521.36, 1.40026e-06
FILLER_129_922, 526.5, 521.36, 1.40026e-06
FILLER_130_921, 526.5, 521.36, 1.40026e-06
FILLER_129_925, 529.2, 521.36, 1.40042e-06
FILLER_130_937, 534.6, 521.36, 1.4007e-06
PHY_259, 537.3, 521.36, 1.40082e-06
PHY_261, 537.3, 521.36, 1.40082e-06
FILLER_129_941, 537.3, 521.36, 1.40082e-06
FILLER_129_943, 537.3, 521.36, 1.40082e-06
FILLER_130_941, 537.3, 521.36, 1.40082e-06
FILLER_130_943, 537.3, 521.36, 1.40082e-06
PHY_254, 10.8, 513.52, 1.3509e-06
PHY_256, 10.8, 513.52, 1.3509e-06
FILLER_127_2, 10.8, 513.52, 1.3509e-06
FILLER_128_2, 10.8, 513.52, 1.3509e-06
_10034_, 13.5, 513.52, 1.35082e-06
_10036_, 13.5, 513.52, 1.35082e-06
FILLER_127_6, 13.5, 513.52, 1.35082e-06
FILLER_128_6, 13.5, 513.52, 1.35082e-06
_10037_, 16.2, 513.52, 1.35066e-06
_10039_, 16.2, 513.52, 1.35066e-06
_10038_, 18.9, 513.52, 1.35045e-06
FILLER_128_16, 18.9, 513.52, 1.35045e-06
FILLER_127_20, 21.6, 513.52, 1.35021e-06
FILLER_128_32, 27, 513.52, 1.35083e-06
TAP_1945, 29.7, 513.52, 1.35111e-06
FILLER_127_36, 29.7, 513.52, 1.35111e-06
FILLER_128_34, 29.7, 513.52, 1.35111e-06
FILLER_128_37, 29.7, 513.52, 1.35111e-06
FILLER_127_52, 40.5, 513.52, 1.35194e-06
FILLER_128_53, 40.5, 513.52, 1.35194e-06
TAP_1932, 48.6, 513.52, 1.35244e-06
FILLER_127_68, 48.6, 513.52, 1.35244e-06
FILLER_127_70, 48.6, 513.52, 1.35244e-06
FILLER_128_69, 48.6, 513.52, 1.35244e-06
FILLER_127_73, 51.3, 513.52, 1.35253e-06
FILLER_128_85, 56.7, 513.52, 1.35266e-06
FILLER_127_89, 59.4, 513.52, 1.3527e-06
FILLER_128_101, 67.5, 513.52, 1.35361e-06
TAP_1946, 70.2, 513.52, 1.35403e-06
FILLER_127_105, 70.2, 513.52, 1.35403e-06
FILLER_128_105, 70.2, 513.52, 1.35403e-06
FILLER_128_108, 70.2, 513.52, 1.35403e-06
FILLER_127_121, 78.3, 513.52, 1.35505e-06
FILLER_128_124, 78.3, 513.52, 1.35505e-06
FILLER_127_137, 86.4, 513.52, 1.35595e-06
TAP_1933, 89.1, 513.52, 1.35622e-06
FILLER_127_141, 89.1, 513.52, 1.35622e-06
FILLER_128_140, 89.1, 513.52, 1.35622e-06
FILLER_127_144, 91.8, 513.52, 1.35644e-06
FILLER_128_156, 97.2, 513.52, 1.35684e-06
FILLER_127_160, 99.9, 513.52, 1.35702e-06
FILLER_128_172, 105.3, 513.52, 1.35804e-06
TAP_1947, 108, 513.52, 1.35853e-06
FILLER_127_176, 108, 513.52, 1.35853e-06
FILLER_128_176, 108, 513.52, 1.35853e-06
FILLER_128_179, 110.7, 513.52, 1.35896e-06
FILLER_127_192, 118.8, 513.52, 1.36019e-06
FILLER_128_195, 118.8, 513.52, 1.36019e-06
FILLER_127_208, 126.9, 513.52, 1.36129e-06
FILLER_128_211, 126.9, 513.52, 1.36129e-06
TAP_1934, 129.6, 513.52, 1.36162e-06
FILLER_127_212, 129.6, 513.52, 1.36162e-06
FILLER_127_215, 129.6, 513.52, 1.36162e-06
FILLER_128_227, 137.7, 513.52, 1.36242e-06
FILLER_127_231, 140.4, 513.52, 1.36267e-06
FILLER_128_243, 145.8, 513.52, 1.36379e-06
TAP_1948, 148.5, 513.52, 1.36433e-06
FILLER_127_247, 148.5, 513.52, 1.36433e-06
FILLER_128_247, 148.5, 513.52, 1.36433e-06
FILLER_128_250, 151.2, 513.52, 1.3648e-06
FILLER_127_263, 156.6, 513.52, 1.36572e-06
FILLER_128_266, 159.3, 513.52, 1.36615e-06
FILLER_127_279, 167.4, 513.52, 1.3674e-06
FILLER_127_283, 167.4, 513.52, 1.3674e-06
FILLER_128_282, 167.4, 513.52, 1.3674e-06
TAP_1935, 170.1, 513.52, 1.36776e-06
FILLER_127_286, 170.1, 513.52, 1.36776e-06
FILLER_127_302, 178.2, 513.52, 1.3687e-06
FILLER_128_298, 178.2, 513.52, 1.3687e-06
FILLER_128_314, 186.3, 513.52, 1.37016e-06
TAP_1949, 189, 513.52, 1.37072e-06
FILLER_127_318, 189, 513.52, 1.37072e-06
FILLER_128_318, 189, 513.52, 1.37072e-06
FILLER_128_321, 189, 513.52, 1.37072e-06
FILLER_127_334, 197.1, 513.52, 1.37219e-06
FILLER_128_337, 199.8, 513.52, 1.37266e-06
FILLER_127_350, 205.2, 513.52, 1.37355e-06
TAP_1936, 207.9, 513.52, 1.37398e-06
FILLER_127_354, 207.9, 513.52, 1.37398e-06
FILLER_128_353, 207.9, 513.52, 1.37398e-06
FILLER_127_357, 210.6, 513.52, 1.37434e-06
FILLER_128_369, 216, 513.52, 1.37504e-06
FILLER_127_373, 218.7, 513.52, 1.37536e-06
FILLER_127_389, 226.8, 513.52, 1.37687e-06
FILLER_128_385, 226.8, 513.52, 1.37687e-06
FILLER_128_389, 226.8, 513.52, 1.37687e-06
TAP_1950, 229.5, 513.52, 1.37741e-06
FILLER_128_392, 229.5, 513.52, 1.37741e-06
FILLER_127_405, 237.6, 513.52, 1.37891e-06
FILLER_128_408, 237.6, 513.52, 1.37891e-06
FILLER_127_421, 245.7, 513.52, 1.38029e-06
TAP_1937, 248.4, 513.52, 1.38073e-06
FILLER_127_425, 248.4, 513.52, 1.38073e-06
FILLER_128_424, 248.4, 513.52, 1.38073e-06
FILLER_127_428, 251.1, 513.52, 1.38111e-06
FILLER_128_440, 256.5, 513.52, 1.38183e-06
FILLER_127_444, 259.2, 513.52, 1.38216e-06
FILLER_128_456, 264.6, 513.52, 1.38309e-06
TAP_1951, 267.3, 513.52, 1.38369e-06
FILLER_127_460, 267.3, 513.52, 1.38369e-06
FILLER_128_460, 267.3, 513.52, 1.38369e-06
FILLER_128_463, 270, 513.52, 1.38422e-06
FILLER_127_476, 275.4, 513.52, 1.38524e-06
FILLER_128_479, 278.1, 513.52, 1.38573e-06
FILLER_127_492, 286.2, 513.52, 1.38714e-06
FILLER_128_495, 286.2, 513.52, 1.38714e-06
TAP_1938, 288.9, 513.52, 1.38757e-06
FILLER_127_496, 288.9, 513.52, 1.38757e-06
FILLER_127_499, 288.9, 513.52, 1.38757e-06
FILLER_128_511, 297, 513.52, 1.38868e-06
FILLER_127_515, 299.7, 513.52, 1.38902e-06
FILLER_128_527, 305.1, 513.52, 1.39037e-06
TAP_1952, 307.8, 513.52, 1.39103e-06
FILLER_127_531, 307.8, 513.52, 1.39103e-06
FILLER_128_531, 307.8, 513.52, 1.39103e-06
FILLER_128_534, 307.8, 513.52, 1.39103e-06
_06234_, 315.9, 513.52, 1.39275e-06
FILLER_127_547, 315.9, 513.52, 1.39275e-06
FILLER_128_550, 318.6, 513.52, 1.39327e-06
_06179_, 321.3, 513.52, 1.39376e-06
FILLER_127_559, 324, 513.52, 1.39422e-06
_06225_, 326.7, 513.52, 1.39466e-06
FILLER_128_566, 326.7, 513.52, 1.39466e-06
_06237_, 329.4, 513.52, 1.39504e-06
TAP_1939, 329.4, 513.52, 1.39504e-06
FILLER_128_574, 332.1, 513.52, 1.39528e-06
_06180_, 334.8, 513.52, 1.39551e-06
FILLER_128_578, 334.8, 513.52, 1.39551e-06
_06239_, 337.5, 513.52, 1.39567e-06
_06286_, 342.9, 513.52, 1.39636e-06
FILLER_128_599, 345.6, 513.52, 1.39682e-06
_06241_, 348.3, 513.52, 1.39727e-06
TAP_1953, 348.3, 513.52, 1.39727e-06
FILLER_128_605, 348.3, 513.52, 1.39727e-06
_06242_, 353.7, 513.52, 1.39801e-06
FILLER_127_617, 356.4, 513.52, 1.39827e-06
_06182_, 359.1, 513.52, 1.3985e-06
_06243_, 361.8, 513.52, 1.3987e-06
_06183_, 364.5, 513.52, 1.39883e-06
TAP_1940, 367.2, 513.52, 1.39889e-06
FILLER_127_641, 369.9, 513.52, 1.39893e-06
_06244_, 372.6, 513.52, 1.39895e-06
FILLER_127_645, 372.6, 513.52, 1.39895e-06
FILLER_128_647, 372.6, 513.52, 1.39895e-06
_06213_, 375.3, 513.52, 1.39886e-06
FILLER_128_651, 375.3, 513.52, 1.39886e-06
FILLER_128_653, 375.3, 513.52, 1.39886e-06
_06184_, 380.7, 513.52, 1.39849e-06
FILLER_128_662, 380.7, 513.52, 1.39849e-06
_06266_, 383.4, 513.52, 1.39871e-06
FILLER_128_670, 386.1, 513.52, 1.39888e-06
TAP_1954, 388.8, 513.52, 1.39903e-06
FILLER_127_676, 388.8, 513.52, 1.39903e-06
FILLER_128_676, 388.8, 513.52, 1.39903e-06
FILLER_127_692, 396.9, 513.52, 1.39929e-06
FILLER_128_692, 396.9, 513.52, 1.39929e-06
TAP_1941, 407.7, 513.52, 1.39947e-06
FILLER_127_708, 407.7, 513.52, 1.39947e-06
FILLER_127_712, 407.7, 513.52, 1.39947e-06
FILLER_128_708, 407.7, 513.52, 1.39947e-06
FILLER_128_724, 415.8, 513.52, 1.39937e-06
FILLER_127_728, 418.5, 513.52, 1.39931e-06
_06558_, 421.2, 513.52, 1.39923e-06
FILLER_127_732, 421.2, 513.52, 1.39923e-06
FILLER_128_740, 423.9, 513.52, 1.39946e-06
TAP_1955, 426.6, 513.52, 1.39967e-06
FILLER_128_744, 426.6, 513.52, 1.39967e-06
_06598_, 429.3, 513.52, 1.39983e-06
FILLER_128_755, 432, 513.52, 1.39994e-06
_06599_, 434.7, 513.52, 1.40004e-06
_06600_, 434.7, 513.52, 1.40004e-06
FILLER_128_759, 434.7, 513.52, 1.40004e-06
FILLER_128_765, 437.4, 513.52, 1.40001e-06
FILLER_127_770, 440.1, 513.52, 1.39995e-06
FILLER_127_778, 445.5, 513.52, 1.39981e-06
TAP_1942, 448.2, 513.52, 1.39971e-06
FILLER_127_780, 448.2, 513.52, 1.39971e-06
FILLER_127_783, 448.2, 513.52, 1.39971e-06
FILLER_128_781, 448.2, 513.52, 1.39971e-06
FILLER_127_791, 453.6, 513.52, 1.39937e-06
_06508_, 456.3, 513.52, 1.39917e-06
FILLER_127_795, 456.3, 513.52, 1.39917e-06
FILLER_127_797, 456.3, 513.52, 1.39917e-06
FILLER_128_797, 456.3, 513.52, 1.39917e-06
FILLER_127_808, 461.7, 513.52, 1.39856e-06
FILLER_128_813, 464.4, 513.52, 1.39866e-06
TAP_1956, 467.1, 513.52, 1.39874e-06
FILLER_128_815, 467.1, 513.52, 1.39874e-06
FILLER_128_818, 467.1, 513.52, 1.39874e-06
FILLER_127_824, 472.5, 513.52, 1.39878e-06
FILLER_128_834, 477.9, 513.52, 1.39878e-06
FILLER_127_840, 480.6, 513.52, 1.39876e-06
TAP_1943, 486, 513.52, 1.39868e-06
FILLER_127_848, 486, 513.52, 1.39868e-06
FILLER_128_850, 486, 513.52, 1.39868e-06
FILLER_127_854, 488.7, 513.52, 1.39857e-06
FILLER_128_866, 494.1, 513.52, 1.39833e-06
FILLER_127_870, 496.8, 513.52, 1.39819e-06
FILLER_127_886, 504.9, 513.52, 1.39825e-06
FILLER_128_882, 504.9, 513.52, 1.39825e-06
FILLER_128_886, 504.9, 513.52, 1.39825e-06
TAP_1957, 507.6, 513.52, 1.39857e-06
FILLER_128_889, 507.6, 513.52, 1.39857e-06
FILLER_127_902, 515.7, 513.52, 1.39942e-06
FILLER_128_905, 515.7, 513.52, 1.39942e-06
FILLER_127_918, 523.8, 513.52, 1.40015e-06
TAP_1944, 526.5, 513.52, 1.40038e-06
FILLER_127_922, 526.5, 513.52, 1.40038e-06
FILLER_128_921, 526.5, 513.52, 1.40038e-06
FILLER_127_925, 529.2, 513.52, 1.40054e-06
FILLER_128_937, 534.6, 513.52, 1.40082e-06
PHY_255, 537.3, 513.52, 1.40094e-06
PHY_257, 537.3, 513.52, 1.40094e-06
FILLER_127_941, 537.3, 513.52, 1.40094e-06
FILLER_127_943, 537.3, 513.52, 1.40094e-06
FILLER_128_941, 537.3, 513.52, 1.40094e-06
FILLER_128_943, 537.3, 513.52, 1.40094e-06
PHY_250, 10.8, 505.68, 1.3483e-06
PHY_252, 10.8, 505.68, 1.3483e-06
FILLER_125_2, 10.8, 505.68, 1.3483e-06
FILLER_126_2, 10.8, 505.68, 1.3483e-06
_10035_, 13.5, 505.68, 1.34821e-06
FILLER_126_6, 13.5, 505.68, 1.34821e-06
FILLER_126_12, 16.2, 505.68, 1.34809e-06
FILLER_125_18, 18.9, 505.68, 1.34795e-06
FILLER_126_28, 27, 505.68, 1.34852e-06
FILLER_126_32, 27, 505.68, 1.34852e-06
TAP_1919, 29.7, 505.68, 1.34884e-06
FILLER_125_34, 29.7, 505.68, 1.34884e-06
FILLER_126_34, 29.7, 505.68, 1.34884e-06
FILLER_126_37, 29.7, 505.68, 1.34884e-06
FILLER_125_50, 37.8, 505.68, 1.34958e-06
FILLER_126_53, 40.5, 505.68, 1.3498e-06
FILLER_125_66, 45.9, 505.68, 1.35021e-06
TAP_1906, 48.6, 505.68, 1.35039e-06
FILLER_125_70, 48.6, 505.68, 1.35039e-06
FILLER_126_69, 48.6, 505.68, 1.35039e-06
FILLER_125_73, 51.3, 505.68, 1.35051e-06
FILLER_126_85, 56.7, 505.68, 1.35072e-06
FILLER_125_89, 59.4, 505.68, 1.3508e-06
FILLER_126_101, 67.5, 505.68, 1.35178e-06
TAP_1920, 70.2, 505.68, 1.35222e-06
FILLER_125_105, 70.2, 505.68, 1.35222e-06
FILLER_126_105, 70.2, 505.68, 1.35222e-06
FILLER_126_108, 70.2, 505.68, 1.35222e-06
FILLER_125_121, 78.3, 505.68, 1.3533e-06
FILLER_126_124, 78.3, 505.68, 1.3533e-06
FILLER_125_137, 86.4, 505.68, 1.35425e-06
TAP_1907, 89.1, 505.68, 1.35455e-06
FILLER_125_141, 89.1, 505.68, 1.35455e-06
FILLER_126_140, 89.1, 505.68, 1.35455e-06
FILLER_125_144, 91.8, 505.68, 1.35479e-06
FILLER_126_156, 97.2, 505.68, 1.35522e-06
FILLER_125_160, 99.9, 505.68, 1.35542e-06
FILLER_126_172, 105.3, 505.68, 1.35647e-06
TAP_1921, 108, 505.68, 1.35697e-06
FILLER_125_176, 108, 505.68, 1.35697e-06
FILLER_126_176, 108, 505.68, 1.35697e-06
FILLER_126_179, 110.7, 505.68, 1.35741e-06
FILLER_125_192, 118.8, 505.68, 1.35868e-06
FILLER_126_195, 118.8, 505.68, 1.35868e-06
FILLER_125_208, 126.9, 505.68, 1.35983e-06
FILLER_126_211, 126.9, 505.68, 1.35983e-06
TAP_1908, 129.6, 505.68, 1.36017e-06
FILLER_125_212, 129.6, 505.68, 1.36017e-06
FILLER_125_215, 129.6, 505.68, 1.36017e-06
FILLER_126_227, 137.7, 505.68, 1.36101e-06
FILLER_125_231, 140.4, 505.68, 1.36127e-06
FILLER_126_243, 145.8, 505.68, 1.36241e-06
TAP_1922, 148.5, 505.68, 1.36296e-06
FILLER_125_247, 148.5, 505.68, 1.36296e-06
FILLER_126_247, 148.5, 505.68, 1.36296e-06
FILLER_126_250, 151.2, 505.68, 1.36345e-06
FILLER_125_263, 156.6, 505.68, 1.36439e-06
FILLER_126_266, 159.3, 505.68, 1.36484e-06
FILLER_125_279, 167.4, 505.68, 1.36613e-06
FILLER_125_283, 167.4, 505.68, 1.36613e-06
FILLER_126_282, 167.4, 505.68, 1.36613e-06
TAP_1909, 170.1, 505.68, 1.3665e-06
FILLER_125_286, 170.1, 505.68, 1.3665e-06
FILLER_125_302, 178.2, 505.68, 1.36749e-06
FILLER_126_298, 178.2, 505.68, 1.36749e-06
FILLER_126_314, 186.3, 505.68, 1.36899e-06
TAP_1923, 189, 505.68, 1.36957e-06
FILLER_125_318, 189, 505.68, 1.36957e-06
FILLER_126_318, 189, 505.68, 1.36957e-06
FILLER_126_321, 189, 505.68, 1.36957e-06
FILLER_125_334, 197.1, 505.68, 1.37109e-06
FILLER_126_337, 199.8, 505.68, 1.37157e-06
FILLER_125_350, 205.2, 505.68, 1.3725e-06
TAP_1910, 207.9, 505.68, 1.37295e-06
FILLER_125_354, 207.9, 505.68, 1.37295e-06
FILLER_126_353, 207.9, 505.68, 1.37295e-06
FILLER_125_357, 210.6, 505.68, 1.37333e-06
FILLER_126_369, 216, 505.68, 1.37406e-06
FILLER_125_373, 218.7, 505.68, 1.3744e-06
FILLER_125_389, 226.8, 505.68, 1.37598e-06
FILLER_126_385, 226.8, 505.68, 1.37598e-06
FILLER_126_389, 226.8, 505.68, 1.37598e-06
TAP_1924, 229.5, 505.68, 1.37655e-06
FILLER_126_392, 229.5, 505.68, 1.37655e-06
FILLER_125_405, 237.6, 505.68, 1.37813e-06
FILLER_126_408, 237.6, 505.68, 1.37813e-06
FILLER_125_421, 245.7, 505.68, 1.37958e-06
TAP_1911, 248.4, 505.68, 1.38005e-06
FILLER_125_425, 248.4, 505.68, 1.38005e-06
FILLER_126_424, 248.4, 505.68, 1.38005e-06
FILLER_125_428, 251.1, 505.68, 1.38045e-06
FILLER_126_440, 256.5, 505.68, 1.38122e-06
FILLER_125_444, 259.2, 505.68, 1.38159e-06
FILLER_126_456, 264.6, 505.68, 1.38259e-06
TAP_1925, 267.3, 505.68, 1.38323e-06
FILLER_125_460, 267.3, 505.68, 1.38323e-06
FILLER_126_460, 267.3, 505.68, 1.38323e-06
FILLER_126_463, 270, 505.68, 1.38381e-06
FILLER_125_476, 275.4, 505.68, 1.38493e-06
FILLER_126_479, 278.1, 505.68, 1.38547e-06
FILLER_125_492, 286.2, 505.68, 1.38703e-06
FILLER_126_495, 286.2, 505.68, 1.38703e-06
TAP_1912, 288.9, 505.68, 1.38751e-06
FILLER_125_496, 288.9, 505.68, 1.38751e-06
FILLER_125_499, 288.9, 505.68, 1.38751e-06
FILLER_126_511, 297, 505.68, 1.38876e-06
FILLER_125_515, 299.7, 505.68, 1.38916e-06
FILLER_126_527, 305.1, 505.68, 1.39076e-06
TAP_1926, 307.8, 505.68, 1.39153e-06
FILLER_125_531, 307.8, 505.68, 1.39153e-06
FILLER_126_531, 307.8, 505.68, 1.39153e-06
FILLER_126_534, 307.8, 505.68, 1.39153e-06
_06270_, 310.5, 505.68, 1.39223e-06
_06271_, 313.2, 505.68, 1.39288e-06
_06277_, 313.2, 505.68, 1.39288e-06
FILLER_125_539, 313.2, 505.68, 1.39288e-06
FILLER_125_556, 321.3, 505.68, 1.39421e-06
_06236_, 324, 505.68, 1.39463e-06
_06285_, 326.7, 505.68, 1.39502e-06
_06235_, 329.4, 505.68, 1.39528e-06
TAP_1913, 329.4, 505.68, 1.39528e-06
FILLER_125_578, 334.8, 505.68, 1.39567e-06
_06176_, 337.5, 505.68, 1.39584e-06
FILLER_125_586, 337.5, 505.68, 1.39584e-06
FILLER_126_587, 337.5, 505.68, 1.39584e-06
_06181_, 340.2, 505.68, 1.39594e-06
_06220_, 342.9, 505.68, 1.39652e-06
FILLER_126_600, 345.6, 505.68, 1.39699e-06
TAP_1927, 348.3, 505.68, 1.39744e-06
FILLER_126_602, 348.3, 505.68, 1.39744e-06
FILLER_126_605, 348.3, 505.68, 1.39744e-06
FILLER_125_616, 353.7, 505.68, 1.39822e-06
_06267_, 356.4, 505.68, 1.39859e-06
_06287_, 359.1, 505.68, 1.3989e-06
FILLER_126_621, 359.1, 505.68, 1.3989e-06
FILLER_126_623, 359.1, 505.68, 1.3989e-06
FILLER_125_632, 364.5, 505.68, 1.39922e-06
TAP_1914, 367.2, 505.68, 1.39936e-06
FILLER_125_636, 367.2, 505.68, 1.39936e-06
FILLER_125_638, 367.2, 505.68, 1.39936e-06
FILLER_125_641, 369.9, 505.68, 1.39943e-06
_06245_, 372.6, 505.68, 1.39949e-06
FILLER_126_647, 372.6, 505.68, 1.39949e-06
FILLER_126_649, 372.6, 505.68, 1.39949e-06
_06186_, 375.3, 505.68, 1.39946e-06
_06246_, 375.3, 505.68, 1.39946e-06
FILLER_125_665, 383.4, 505.68, 1.39938e-06
FILLER_125_669, 383.4, 505.68, 1.39938e-06
_06187_, 386.1, 505.68, 1.39969e-06
FILLER_125_671, 386.1, 505.68, 1.39969e-06
TAP_1928, 388.8, 505.68, 1.39995e-06
FILLER_125_678, 388.8, 505.68, 1.39995e-06
FILLER_126_676, 388.8, 505.68, 1.39995e-06
FILLER_126_692, 396.9, 505.68, 1.40053e-06
FILLER_125_694, 399.6, 505.68, 1.4007e-06
FILLER_125_702, 402.3, 505.68, 1.40085e-06
_06613_, 405, 505.68, 1.40099e-06
FILLER_125_704, 405, 505.68, 1.40099e-06
_06615_, 407.7, 505.68, 1.40106e-06
TAP_1915, 407.7, 505.68, 1.40106e-06
FILLER_126_708, 407.7, 505.68, 1.40106e-06
FILLER_126_724, 415.8, 505.68, 1.40082e-06
_06506_, 418.5, 505.68, 1.40072e-06
FILLER_126_728, 418.5, 505.68, 1.40072e-06
FILLER_126_730, 418.5, 505.68, 1.40072e-06
FILLER_125_735, 421.2, 505.68, 1.40053e-06
_06556_, 423.9, 505.68, 1.40093e-06
_06557_, 423.9, 505.68, 1.40093e-06
FILLER_125_739, 423.9, 505.68, 1.40093e-06
TAP_1929, 426.6, 505.68, 1.40123e-06
FILLER_125_746, 426.6, 505.68, 1.40123e-06
_06554_, 429.3, 505.68, 1.40149e-06
_06566_, 429.3, 505.68, 1.40149e-06
_06568_, 432, 505.68, 1.40165e-06
FILLER_126_752, 432, 505.68, 1.40165e-06
_06567_, 434.7, 505.68, 1.40172e-06
FILLER_125_765, 437.4, 505.68, 1.40175e-06
_06616_, 440.1, 505.68, 1.40176e-06
TAP_1916, 448.2, 505.68, 1.40145e-06
FILLER_125_783, 448.2, 505.68, 1.40145e-06
_06551_, 450.9, 505.68, 1.40131e-06
FILLER_126_789, 450.9, 505.68, 1.40131e-06
_06460_, 453.6, 505.68, 1.4011e-06
FILLER_126_793, 453.6, 505.68, 1.4011e-06
_06507_, 456.3, 505.68, 1.40083e-06
_06509_, 456.3, 505.68, 1.40083e-06
FILLER_126_795, 456.3, 505.68, 1.40083e-06
_06550_, 461.7, 505.68, 1.39998e-06
_06552_, 464.4, 505.68, 1.40012e-06
TAP_1930, 467.1, 505.68, 1.4002e-06
FILLER_126_818, 467.1, 505.68, 1.4002e-06
_06569_, 472.5, 505.68, 1.40028e-06
_06570_, 472.5, 505.68, 1.40028e-06
FILLER_126_832, 475.2, 505.68, 1.40021e-06
_06617_, 480.6, 505.68, 1.40003e-06
FILLER_125_846, 483.3, 505.68, 1.39989e-06
TAP_1917, 486, 505.68, 1.39973e-06
FILLER_125_850, 486, 505.68, 1.39973e-06
FILLER_126_848, 486, 505.68, 1.39973e-06
FILLER_125_854, 488.7, 505.68, 1.39951e-06
FILLER_126_864, 494.1, 505.68, 1.39903e-06
FILLER_125_870, 496.8, 505.68, 1.39876e-06
FILLER_126_880, 502.2, 505.68, 1.3982e-06
FILLER_125_886, 504.9, 505.68, 1.39859e-06
FILLER_126_884, 504.9, 505.68, 1.39859e-06
FILLER_126_886, 504.9, 505.68, 1.39859e-06
TAP_1931, 507.6, 505.68, 1.39891e-06
FILLER_126_889, 507.6, 505.68, 1.39891e-06
FILLER_125_902, 515.7, 505.68, 1.39976e-06
FILLER_126_905, 515.7, 505.68, 1.39976e-06
FILLER_125_918, 523.8, 505.68, 1.40049e-06
TAP_1918, 526.5, 505.68, 1.40071e-06
FILLER_125_922, 526.5, 505.68, 1.40071e-06
FILLER_126_921, 526.5, 505.68, 1.40071e-06
FILLER_125_925, 529.2, 505.68, 1.40087e-06
FILLER_126_937, 534.6, 505.68, 1.40116e-06
PHY_251, 537.3, 505.68, 1.40128e-06
PHY_253, 537.3, 505.68, 1.40128e-06
FILLER_125_941, 537.3, 505.68, 1.40128e-06
FILLER_125_943, 537.3, 505.68, 1.40128e-06
FILLER_126_941, 537.3, 505.68, 1.40128e-06
FILLER_126_943, 537.3, 505.68, 1.40128e-06
PHY_246, 10.8, 497.84, 1.34542e-06
PHY_248, 10.8, 497.84, 1.34542e-06
FILLER_123_2, 10.8, 497.84, 1.34542e-06
FILLER_124_2, 10.8, 497.84, 1.34542e-06
FILLER_123_18, 18.9, 497.84, 1.34518e-06
FILLER_124_18, 18.9, 497.84, 1.34518e-06
TAP_1893, 29.7, 497.84, 1.34613e-06
FILLER_123_34, 29.7, 497.84, 1.34613e-06
FILLER_124_34, 29.7, 497.84, 1.34613e-06
FILLER_124_37, 29.7, 497.84, 1.34613e-06
FILLER_123_50, 37.8, 497.84, 1.34697e-06
FILLER_124_53, 40.5, 497.84, 1.34722e-06
FILLER_123_66, 45.9, 497.84, 1.3477e-06
TAP_1880, 48.6, 497.84, 1.34792e-06
FILLER_123_70, 48.6, 497.84, 1.34792e-06
FILLER_124_69, 48.6, 497.84, 1.34792e-06
FILLER_123_73, 51.3, 497.84, 1.34807e-06
FILLER_124_85, 56.7, 497.84, 1.34835e-06
FILLER_123_89, 59.4, 497.84, 1.34846e-06
FILLER_124_101, 67.5, 497.84, 1.34951e-06
TAP_1894, 70.2, 497.84, 1.34997e-06
FILLER_123_105, 70.2, 497.84, 1.34997e-06
FILLER_124_105, 70.2, 497.84, 1.34997e-06
FILLER_124_108, 70.2, 497.84, 1.34997e-06
FILLER_123_121, 78.3, 497.84, 1.3511e-06
FILLER_124_124, 78.3, 497.84, 1.3511e-06
FILLER_123_137, 86.4, 497.84, 1.35211e-06
TAP_1881, 89.1, 497.84, 1.35243e-06
FILLER_123_141, 89.1, 497.84, 1.35243e-06
FILLER_124_140, 89.1, 497.84, 1.35243e-06
FILLER_123_144, 91.8, 497.84, 1.35268e-06
FILLER_124_156, 97.2, 497.84, 1.35316e-06
FILLER_123_160, 99.9, 497.84, 1.35337e-06
FILLER_124_172, 105.3, 497.84, 1.35445e-06
TAP_1895, 108, 497.84, 1.35497e-06
FILLER_123_176, 108, 497.84, 1.35497e-06
FILLER_124_176, 108, 497.84, 1.35497e-06
FILLER_124_179, 110.7, 497.84, 1.35543e-06
FILLER_123_192, 118.8, 497.84, 1.35674e-06
FILLER_124_195, 118.8, 497.84, 1.35674e-06
FILLER_123_208, 126.9, 497.84, 1.35793e-06
FILLER_124_211, 126.9, 497.84, 1.35793e-06
TAP_1882, 129.6, 497.84, 1.35829e-06
FILLER_123_212, 129.6, 497.84, 1.35829e-06
FILLER_123_215, 129.6, 497.84, 1.35829e-06
FILLER_124_227, 137.7, 497.84, 1.35918e-06
FILLER_123_231, 140.4, 497.84, 1.35945e-06
FILLER_124_243, 145.8, 497.84, 1.36064e-06
TAP_1896, 148.5, 497.84, 1.36121e-06
FILLER_123_247, 148.5, 497.84, 1.36121e-06
FILLER_124_247, 148.5, 497.84, 1.36121e-06
FILLER_124_250, 151.2, 497.84, 1.36172e-06
FILLER_123_263, 156.6, 497.84, 1.3627e-06
FILLER_124_266, 159.3, 497.84, 1.36317e-06
FILLER_123_279, 167.4, 497.84, 1.36452e-06
FILLER_123_283, 167.4, 497.84, 1.36452e-06
FILLER_124_282, 167.4, 497.84, 1.36452e-06
TAP_1883, 170.1, 497.84, 1.36491e-06
FILLER_123_286, 170.1, 497.84, 1.36491e-06
FILLER_123_302, 178.2, 497.84, 1.36596e-06
FILLER_124_298, 178.2, 497.84, 1.36596e-06
FILLER_124_314, 186.3, 497.84, 1.36755e-06
TAP_1897, 189, 497.84, 1.36817e-06
FILLER_123_318, 189, 497.84, 1.36817e-06
FILLER_124_318, 189, 497.84, 1.36817e-06
FILLER_124_321, 189, 497.84, 1.36817e-06
FILLER_123_334, 197.1, 497.84, 1.36979e-06
FILLER_124_337, 199.8, 497.84, 1.37031e-06
FILLER_123_350, 205.2, 497.84, 1.37131e-06
TAP_1884, 207.9, 497.84, 1.37179e-06
FILLER_123_354, 207.9, 497.84, 1.37179e-06
FILLER_124_353, 207.9, 497.84, 1.37179e-06
FILLER_123_357, 210.6, 497.84, 1.37221e-06
FILLER_124_369, 216, 497.84, 1.37301e-06
FILLER_123_373, 218.7, 497.84, 1.37339e-06
FILLER_123_389, 226.8, 497.84, 1.37514e-06
FILLER_124_385, 226.8, 497.84, 1.37514e-06
FILLER_124_389, 226.8, 497.84, 1.37514e-06
TAP_1898, 229.5, 497.84, 1.37577e-06
FILLER_124_392, 229.5, 497.84, 1.37577e-06
FILLER_123_405, 237.6, 497.84, 1.37755e-06
FILLER_124_408, 237.6, 497.84, 1.37755e-06
FILLER_123_421, 245.7, 497.84, 1.37921e-06
TAP_1885, 248.4, 497.84, 1.37975e-06
FILLER_123_425, 248.4, 497.84, 1.37975e-06
FILLER_124_424, 248.4, 497.84, 1.37975e-06
FILLER_123_428, 251.1, 497.84, 1.38022e-06
FILLER_124_440, 256.5, 497.84, 1.38113e-06
_05853_, 259.2, 497.84, 1.38156e-06
FILLER_123_444, 259.2, 497.84, 1.38156e-06
_05881_, 261.9, 497.84, 1.38193e-06
FILLER_123_451, 261.9, 497.84, 1.38193e-06
FILLER_124_456, 264.6, 497.84, 1.38266e-06
_05915_, 267.3, 497.84, 1.38336e-06
TAP_1899, 267.3, 497.84, 1.38336e-06
FILLER_124_460, 267.3, 497.84, 1.38336e-06
_05882_, 270, 497.84, 1.38397e-06
FILLER_124_463, 270, 497.84, 1.38397e-06
FILLER_123_470, 272.7, 497.84, 1.38452e-06
FILLER_124_479, 278.1, 497.84, 1.38559e-06
FILLER_123_486, 283.5, 497.84, 1.38662e-06
FILLER_123_494, 286.2, 497.84, 1.38711e-06
FILLER_124_495, 286.2, 497.84, 1.38711e-06
_05910_, 288.9, 497.84, 1.38756e-06
TAP_1886, 288.9, 497.84, 1.38756e-06
FILLER_123_496, 288.9, 497.84, 1.38756e-06
_05912_, 291.6, 497.84, 1.38794e-06
FILLER_123_509, 294.3, 497.84, 1.38828e-06
FILLER_124_511, 297, 497.84, 1.38859e-06
FILLER_123_525, 305.1, 497.84, 1.39044e-06
FILLER_124_527, 305.1, 497.84, 1.39044e-06
TAP_1900, 307.8, 497.84, 1.39117e-06
FILLER_123_533, 307.8, 497.84, 1.39117e-06
FILLER_124_531, 307.8, 497.84, 1.39117e-06
FILLER_124_534, 307.8, 497.84, 1.39117e-06
_06284_, 310.5, 497.84, 1.39182e-06
FILLER_124_542, 313.2, 497.84, 1.39236e-06
_06274_, 315.9, 497.84, 1.39288e-06
FILLER_124_546, 315.9, 497.84, 1.39288e-06
FILLER_124_552, 318.6, 497.84, 1.39333e-06
FILLER_123_558, 321.3, 497.84, 1.39377e-06
FILLER_123_566, 326.7, 497.84, 1.39461e-06
_06223_, 329.4, 497.84, 1.39501e-06
TAP_1887, 329.4, 497.84, 1.39501e-06
FILLER_124_568, 329.4, 497.84, 1.39501e-06
FILLER_124_576, 332.1, 497.84, 1.39532e-06
_06171_, 334.8, 497.84, 1.39561e-06
_06177_, 334.8, 497.84, 1.39561e-06
FILLER_123_578, 334.8, 497.84, 1.39561e-06
FILLER_123_580, 334.8, 497.84, 1.39561e-06
FILLER_124_580, 334.8, 497.84, 1.39561e-06
_06217_, 337.5, 497.84, 1.39573e-06
_06218_, 342.9, 497.84, 1.39652e-06
_06219_, 342.9, 497.84, 1.39652e-06
_06215_, 348.3, 497.84, 1.39771e-06
_06268_, 348.3, 497.84, 1.39771e-06
TAP_1901, 348.3, 497.84, 1.39771e-06
_06166_, 351, 497.84, 1.39819e-06
FILLER_123_609, 351, 497.84, 1.39819e-06
_06170_, 353.7, 497.84, 1.39861e-06
_06169_, 356.4, 497.84, 1.39892e-06
_06168_, 359.1, 497.84, 1.39918e-06
_06165_, 364.5, 497.84, 1.39961e-06
_06214_, 367.2, 497.84, 1.3998e-06
TAP_1888, 367.2, 497.84, 1.3998e-06
FILLER_123_637, 367.2, 497.84, 1.3998e-06
_06121_, 369.9, 497.84, 1.39989e-06
_06122_, 369.9, 497.84, 1.39989e-06
FILLER_123_641, 369.9, 497.84, 1.39989e-06
_06163_, 372.6, 497.84, 1.39989e-06
FILLER_124_649, 372.6, 497.84, 1.39989e-06
_06185_, 375.3, 497.84, 1.39982e-06
_06131_, 378, 497.84, 1.39969e-06
FILLER_123_655, 378, 497.84, 1.39969e-06
FILLER_124_661, 380.7, 497.84, 1.3995e-06
_06212_, 383.4, 497.84, 1.39998e-06
FILLER_123_665, 383.4, 497.84, 1.39998e-06
FILLER_123_669, 383.4, 497.84, 1.39998e-06
FILLER_124_665, 383.4, 497.84, 1.39998e-06
_06189_, 386.1, 497.84, 1.40035e-06
_06188_, 388.8, 497.84, 1.40064e-06
TAP_1902, 388.8, 497.84, 1.40064e-06
_06601_, 391.5, 497.84, 1.40085e-06
_06610_, 394.2, 497.84, 1.40102e-06
FILLER_124_688, 394.2, 497.84, 1.40102e-06
_06555_, 396.9, 497.84, 1.40106e-06
FILLER_124_695, 399.6, 497.84, 1.40106e-06
TAP_1889, 407.7, 497.84, 1.40099e-06
FILLER_123_712, 407.7, 497.84, 1.40099e-06
FILLER_124_711, 407.7, 497.84, 1.40099e-06
_06560_, 410.4, 497.84, 1.40091e-06
_06564_, 413.1, 497.84, 1.40078e-06
_06563_, 418.5, 497.84, 1.40031e-06
_06561_, 421.2, 497.84, 1.40002e-06
FILLER_124_740, 423.9, 497.84, 1.40035e-06
TAP_1903, 426.6, 497.84, 1.40065e-06
FILLER_123_745, 426.6, 497.84, 1.40065e-06
FILLER_124_744, 426.6, 497.84, 1.40065e-06
_06559_, 429.3, 497.84, 1.40089e-06
_06565_, 429.3, 497.84, 1.40089e-06
FILLER_124_752, 432, 497.84, 1.40105e-06
_06515_, 434.7, 497.84, 1.40118e-06
_06467_, 440.1, 497.84, 1.40121e-06
FILLER_124_768, 440.1, 497.84, 1.40121e-06
FILLER_124_774, 442.8, 497.84, 1.40117e-06
_06517_, 448.2, 497.84, 1.40104e-06
TAP_1890, 448.2, 497.84, 1.40104e-06
FILLER_123_783, 448.2, 497.84, 1.40104e-06
_06516_, 450.9, 497.84, 1.40087e-06
FILLER_123_785, 450.9, 497.84, 1.40087e-06
_06505_, 453.6, 497.84, 1.40063e-06
_06549_, 453.6, 497.84, 1.40063e-06
_06504_, 456.3, 497.84, 1.4003e-06
_06518_, 459, 497.84, 1.39994e-06
FILLER_123_804, 459, 497.84, 1.39994e-06
FILLER_124_802, 459, 497.84, 1.39994e-06
_06553_, 461.7, 497.84, 1.39947e-06
TAP_1904, 467.1, 497.84, 1.39977e-06
FILLER_123_814, 467.1, 497.84, 1.39977e-06
FILLER_124_818, 467.1, 497.84, 1.39977e-06
_06619_, 469.8, 497.84, 1.39986e-06
FILLER_123_822, 469.8, 497.84, 1.39986e-06
_06572_, 472.5, 497.84, 1.39981e-06
_06618_, 475.2, 497.84, 1.39972e-06
_06571_, 483.3, 497.84, 1.39923e-06
FILLER_123_844, 483.3, 497.84, 1.39923e-06
TAP_1891, 486, 497.84, 1.39898e-06
FILLER_123_854, 488.7, 497.84, 1.3987e-06
FILLER_124_855, 488.7, 497.84, 1.3987e-06
FILLER_123_870, 496.8, 497.84, 1.39776e-06
FILLER_124_871, 496.8, 497.84, 1.39776e-06
FILLER_123_886, 504.9, 497.84, 1.3974e-06
TAP_1905, 507.6, 497.84, 1.39772e-06
FILLER_124_889, 507.6, 497.84, 1.39772e-06
FILLER_123_902, 515.7, 497.84, 1.39857e-06
FILLER_124_905, 515.7, 497.84, 1.39857e-06
FILLER_123_918, 523.8, 497.84, 1.3993e-06
TAP_1892, 526.5, 497.84, 1.39952e-06
FILLER_123_922, 526.5, 497.84, 1.39952e-06
FILLER_124_921, 526.5, 497.84, 1.39952e-06
FILLER_123_925, 529.2, 497.84, 1.39969e-06
FILLER_124_937, 534.6, 497.84, 1.39997e-06
PHY_247, 537.3, 497.84, 1.40009e-06
PHY_249, 537.3, 497.84, 1.40009e-06
FILLER_123_941, 537.3, 497.84, 1.40009e-06
FILLER_123_943, 537.3, 497.84, 1.40009e-06
FILLER_124_941, 537.3, 497.84, 1.40009e-06
FILLER_124_943, 537.3, 497.84, 1.40009e-06
PHY_242, 10.8, 490, 1.3429e-06
PHY_244, 10.8, 490, 1.3429e-06
FILLER_121_2, 10.8, 490, 1.3429e-06
FILLER_122_2, 10.8, 490, 1.3429e-06
FILLER_121_18, 18.9, 490, 1.34266e-06
FILLER_122_18, 18.9, 490, 1.34266e-06
TAP_1867, 29.7, 490, 1.34362e-06
FILLER_121_34, 29.7, 490, 1.34362e-06
FILLER_122_34, 29.7, 490, 1.34362e-06
FILLER_122_37, 29.7, 490, 1.34362e-06
FILLER_121_50, 37.8, 490, 1.34446e-06
FILLER_122_53, 40.5, 490, 1.34472e-06
FILLER_121_66, 45.9, 490, 1.3452e-06
TAP_1854, 48.6, 490, 1.34542e-06
FILLER_121_70, 48.6, 490, 1.34542e-06
FILLER_122_69, 48.6, 490, 1.34542e-06
FILLER_121_73, 51.3, 490, 1.34558e-06
FILLER_122_85, 56.7, 490, 1.34586e-06
FILLER_121_89, 59.4, 490, 1.34597e-06
FILLER_122_101, 67.5, 490, 1.34705e-06
TAP_1868, 70.2, 490, 1.34751e-06
FILLER_121_105, 70.2, 490, 1.34751e-06
FILLER_122_105, 70.2, 490, 1.34751e-06
FILLER_122_108, 70.2, 490, 1.34751e-06
FILLER_121_121, 78.3, 490, 1.34867e-06
FILLER_122_124, 78.3, 490, 1.34867e-06
FILLER_121_137, 86.4, 490, 1.34971e-06
TAP_1855, 89.1, 490, 1.35003e-06
FILLER_121_141, 89.1, 490, 1.35003e-06
FILLER_122_140, 89.1, 490, 1.35003e-06
FILLER_121_144, 91.8, 490, 1.35029e-06
FILLER_122_156, 97.2, 490, 1.35078e-06
FILLER_121_160, 99.9, 490, 1.35101e-06
FILLER_122_172, 105.3, 490, 1.35212e-06
TAP_1869, 108, 490, 1.35266e-06
FILLER_121_176, 108, 490, 1.35266e-06
FILLER_122_176, 108, 490, 1.35266e-06
FILLER_122_179, 110.7, 490, 1.35314e-06
FILLER_121_192, 118.8, 490, 1.35451e-06
FILLER_122_195, 118.8, 490, 1.35451e-06
FILLER_121_208, 126.9, 490, 1.35575e-06
FILLER_122_211, 126.9, 490, 1.35575e-06
TAP_1856, 129.6, 490, 1.35613e-06
FILLER_121_212, 129.6, 490, 1.35613e-06
FILLER_121_215, 129.6, 490, 1.35613e-06
FILLER_122_227, 137.7, 490, 1.35707e-06
FILLER_121_231, 140.4, 490, 1.35737e-06
FILLER_122_243, 145.8, 490, 1.35863e-06
TAP_1870, 148.5, 490, 1.35924e-06
FILLER_121_247, 148.5, 490, 1.35924e-06
FILLER_122_247, 148.5, 490, 1.35924e-06
FILLER_122_250, 151.2, 490, 1.35979e-06
FILLER_121_263, 156.6, 490, 1.36084e-06
FILLER_122_266, 159.3, 490, 1.36135e-06
FILLER_121_279, 167.4, 490, 1.36282e-06
FILLER_121_283, 167.4, 490, 1.36282e-06
FILLER_122_282, 167.4, 490, 1.36282e-06
TAP_1857, 170.1, 490, 1.36324e-06
FILLER_121_286, 170.1, 490, 1.36324e-06
FILLER_121_302, 178.2, 490, 1.3644e-06
FILLER_122_298, 178.2, 490, 1.3644e-06
FILLER_122_314, 186.3, 490, 1.36621e-06
TAP_1871, 189, 490, 1.36692e-06
FILLER_121_318, 189, 490, 1.36692e-06
FILLER_122_318, 189, 490, 1.36692e-06
FILLER_122_321, 189, 490, 1.36692e-06
FILLER_121_334, 197.1, 490, 1.36881e-06
FILLER_122_337, 199.8, 490, 1.36942e-06
FILLER_121_350, 205.2, 490, 1.37059e-06
TAP_1858, 207.9, 490, 1.37116e-06
FILLER_121_354, 207.9, 490, 1.37116e-06
FILLER_122_353, 207.9, 490, 1.37116e-06
FILLER_121_357, 210.6, 490, 1.37167e-06
FILLER_122_369, 216, 490, 1.37265e-06
FILLER_121_373, 218.7, 490, 1.37311e-06
FILLER_121_389, 226.8, 490, 1.3754e-06
FILLER_122_385, 226.8, 490, 1.3754e-06
FILLER_122_389, 226.8, 490, 1.3754e-06
TAP_1872, 229.5, 490, 1.37626e-06
FILLER_122_392, 229.5, 490, 1.37626e-06
FILLER_121_397, 232.2, 490, 1.37708e-06
_05858_, 234.9, 490, 1.37787e-06
FILLER_121_401, 234.9, 490, 1.37787e-06
FILLER_122_408, 237.6, 490, 1.3786e-06
FILLER_121_411, 240.3, 490, 1.37931e-06
_05781_, 243, 490, 1.38e-06
FILLER_121_415, 243, 490, 1.38e-06
FILLER_121_417, 243, 490, 1.38e-06
_05740_, 248.4, 490, 1.3812e-06
TAP_1859, 248.4, 490, 1.3812e-06
FILLER_122_424, 248.4, 490, 1.3812e-06
_05784_, 251.1, 490, 1.38172e-06
_05855_, 251.1, 490, 1.38172e-06
FILLER_121_441, 256.5, 490, 1.3824e-06
_05852_, 259.2, 490, 1.38272e-06
_05854_, 264.6, 490, 1.38388e-06
_05916_, 264.6, 490, 1.38388e-06
TAP_1873, 267.3, 490, 1.38464e-06
_05914_, 270, 490, 1.38538e-06
FILLER_121_471, 272.7, 490, 1.38606e-06
_05849_, 275.4, 490, 1.38671e-06
FILLER_121_473, 275.4, 490, 1.38671e-06
FILLER_122_476, 275.4, 490, 1.38671e-06
FILLER_122_484, 280.8, 490, 1.3877e-06
_05848_, 283.5, 490, 1.38818e-06
_05834_, 286.2, 490, 1.38862e-06
_05847_, 288.9, 490, 1.38902e-06
_05913_, 288.9, 490, 1.38902e-06
TAP_1860, 288.9, 490, 1.38902e-06
FILLER_121_504, 291.6, 490, 1.38931e-06
_05832_, 294.3, 490, 1.38957e-06
_05833_, 294.3, 490, 1.38957e-06
FILLER_122_514, 297, 490, 1.38973e-06
_05782_, 299.7, 490, 1.38986e-06
FILLER_121_523, 302.4, 490, 1.39065e-06
FILLER_122_522, 302.4, 490, 1.39065e-06
_06278_, 305.1, 490, 1.39139e-06
FILLER_122_526, 305.1, 490, 1.39139e-06
_06279_, 307.8, 490, 1.39208e-06
TAP_1874, 307.8, 490, 1.39208e-06
_06222_, 313.2, 490, 1.39327e-06
FILLER_121_539, 313.2, 490, 1.39327e-06
_06233_, 315.9, 490, 1.39381e-06
_06276_, 315.9, 490, 1.39381e-06
_06272_, 318.6, 490, 1.39419e-06
FILLER_122_551, 318.6, 490, 1.39419e-06
_06224_, 321.3, 490, 1.39452e-06
_06275_, 329.4, 490, 1.39516e-06
TAP_1861, 329.4, 490, 1.39516e-06
_06175_, 334.8, 490, 1.39544e-06
_06221_, 334.8, 490, 1.39544e-06
FILLER_121_580, 334.8, 490, 1.39544e-06
FILLER_122_585, 337.5, 490, 1.39545e-06
_06174_, 342.9, 490, 1.39615e-06
_06216_, 342.9, 490, 1.39615e-06
FILLER_121_594, 342.9, 490, 1.39615e-06
_06087_, 345.6, 490, 1.39676e-06
FILLER_122_599, 345.6, 490, 1.39676e-06
TAP_1875, 348.3, 490, 1.39732e-06
FILLER_121_606, 348.3, 490, 1.39732e-06
FILLER_122_605, 348.3, 490, 1.39732e-06
_06127_, 351, 490, 1.39781e-06
_06167_, 351, 490, 1.39781e-06
FILLER_122_609, 351, 490, 1.39781e-06
FILLER_122_616, 353.7, 490, 1.39817e-06
_06164_, 356.4, 490, 1.3985e-06
FILLER_121_623, 359.1, 490, 1.3988e-06
FILLER_122_623, 359.1, 490, 1.3988e-06
_06089_, 361.8, 490, 1.39905e-06
FILLER_122_627, 361.8, 490, 1.39905e-06
FILLER_122_629, 361.8, 490, 1.39905e-06
_06088_, 364.5, 490, 1.39922e-06
FILLER_121_631, 364.5, 490, 1.39922e-06
_06124_, 367.2, 490, 1.39933e-06
TAP_1862, 367.2, 490, 1.39933e-06
FILLER_121_638, 367.2, 490, 1.39933e-06
_06080_, 369.9, 490, 1.39928e-06
FILLER_121_641, 369.9, 490, 1.39928e-06
_06123_, 372.6, 490, 1.39918e-06
FILLER_121_654, 375.3, 490, 1.39904e-06
_06133_, 378, 490, 1.39888e-06
FILLER_121_658, 378, 490, 1.39888e-06
_06132_, 380.7, 490, 1.39858e-06
FILLER_122_661, 380.7, 490, 1.39858e-06
TAP_1876, 388.8, 490, 1.3996e-06
FILLER_122_676, 388.8, 490, 1.3996e-06
FILLER_121_683, 391.5, 490, 1.3999e-06
_06602_, 394.2, 490, 1.40018e-06
_06611_, 394.2, 490, 1.40018e-06
FILLER_122_684, 394.2, 490, 1.40018e-06
_06562_, 402.3, 490, 1.40041e-06
_06612_, 405, 490, 1.40045e-06
_06609_, 407.7, 490, 1.40042e-06
TAP_1863, 407.7, 490, 1.40042e-06
_06608_, 410.4, 490, 1.40033e-06
FILLER_121_717, 410.4, 490, 1.40033e-06
FILLER_122_722, 413.1, 490, 1.40019e-06
_06614_, 415.8, 490, 1.40003e-06
FILLER_121_725, 415.8, 490, 1.40003e-06
_06513_, 418.5, 490, 1.39979e-06
FILLER_121_727, 418.5, 490, 1.39979e-06
_06447_, 421.2, 490, 1.39949e-06
_06512_, 421.2, 490, 1.39949e-06
FILLER_121_741, 423.9, 490, 1.39984e-06
FILLER_122_739, 423.9, 490, 1.39984e-06
_06425_, 426.6, 490, 1.40014e-06
TAP_1877, 426.6, 490, 1.40014e-06
FILLER_122_743, 426.6, 490, 1.40014e-06
_06468_, 429.3, 490, 1.40036e-06
_06514_, 429.3, 490, 1.40036e-06
_06465_, 434.7, 490, 1.40048e-06
_06511_, 437.4, 490, 1.4005e-06
_06424_, 440.1, 490, 1.40048e-06
FILLER_121_770, 440.1, 490, 1.40048e-06
FILLER_122_766, 440.1, 490, 1.40048e-06
_06510_, 442.8, 490, 1.40038e-06
FILLER_121_778, 445.5, 490, 1.40023e-06
_06469_, 448.2, 490, 1.40006e-06
TAP_1864, 448.2, 490, 1.40006e-06
FILLER_121_780, 448.2, 490, 1.40006e-06
_06466_, 450.9, 490, 1.3998e-06
FILLER_121_791, 453.6, 490, 1.39949e-06
FILLER_122_794, 453.6, 490, 1.39949e-06
_06462_, 456.3, 490, 1.39913e-06
FILLER_121_795, 456.3, 490, 1.39913e-06
_06499_, 461.7, 490, 1.39828e-06
FILLER_122_810, 464.4, 490, 1.3985e-06
_06520_, 467.1, 490, 1.3987e-06
TAP_1878, 467.1, 490, 1.3987e-06
FILLER_121_814, 467.1, 490, 1.3987e-06
FILLER_122_814, 467.1, 490, 1.3987e-06
FILLER_122_818, 467.1, 490, 1.3987e-06
_06519_, 472.5, 490, 1.3988e-06
FILLER_122_826, 472.5, 490, 1.3988e-06
FILLER_122_830, 475.2, 490, 1.39878e-06
FILLER_122_832, 475.2, 490, 1.39878e-06
_06546_, 477.9, 490, 1.39872e-06
_06573_, 477.9, 490, 1.39872e-06
FILLER_121_844, 483.3, 490, 1.39837e-06
FILLER_122_845, 483.3, 490, 1.39837e-06
TAP_1865, 486, 490, 1.39815e-06
FILLER_121_854, 488.7, 490, 1.39791e-06
FILLER_122_861, 491.4, 490, 1.39765e-06
FILLER_121_870, 496.8, 490, 1.39709e-06
FILLER_122_877, 502.2, 490, 1.39649e-06
FILLER_121_886, 504.9, 490, 1.39696e-06
FILLER_122_885, 504.9, 490, 1.39696e-06
TAP_1879, 507.6, 490, 1.39739e-06
FILLER_122_889, 507.6, 490, 1.39739e-06
FILLER_121_902, 515.7, 490, 1.39855e-06
FILLER_122_905, 515.7, 490, 1.39855e-06
FILLER_122_913, 521.1, 490, 1.39925e-06
_04759_, 523.8, 490, 1.39958e-06
FILLER_121_918, 523.8, 490, 1.39958e-06
TAP_1866, 526.5, 490, 1.39978e-06
FILLER_121_922, 526.5, 490, 1.39978e-06
FILLER_121_925, 529.2, 490, 1.39994e-06
FILLER_122_933, 531.9, 490, 1.40008e-06
PHY_243, 537.3, 490, 1.40033e-06
PHY_245, 537.3, 490, 1.40033e-06
FILLER_121_941, 537.3, 490, 1.40033e-06
FILLER_121_943, 537.3, 490, 1.40033e-06
FILLER_122_941, 537.3, 490, 1.40033e-06
FILLER_122_943, 537.3, 490, 1.40033e-06
PHY_238, 10.8, 482.16, 1.3399e-06
PHY_240, 10.8, 482.16, 1.3399e-06
FILLER_119_2, 10.8, 482.16, 1.3399e-06
FILLER_120_2, 10.8, 482.16, 1.3399e-06
FILLER_119_18, 18.9, 482.16, 1.33965e-06
FILLER_120_18, 18.9, 482.16, 1.33965e-06
TAP_1841, 29.7, 482.16, 1.34063e-06
FILLER_119_34, 29.7, 482.16, 1.34063e-06
FILLER_120_34, 29.7, 482.16, 1.34063e-06
FILLER_120_37, 29.7, 482.16, 1.34063e-06
FILLER_119_50, 37.8, 482.16, 1.34148e-06
FILLER_120_53, 40.5, 482.16, 1.34175e-06
FILLER_119_66, 45.9, 482.16, 1.34224e-06
TAP_1828, 48.6, 482.16, 1.34246e-06
FILLER_119_70, 48.6, 482.16, 1.34246e-06
FILLER_120_69, 48.6, 482.16, 1.34246e-06
FILLER_119_73, 51.3, 482.16, 1.34262e-06
FILLER_120_85, 56.7, 482.16, 1.34291e-06
FILLER_119_89, 59.4, 482.16, 1.34303e-06
FILLER_120_101, 67.5, 482.16, 1.34413e-06
TAP_1842, 70.2, 482.16, 1.3446e-06
FILLER_119_105, 70.2, 482.16, 1.3446e-06
FILLER_120_105, 70.2, 482.16, 1.3446e-06
FILLER_120_108, 70.2, 482.16, 1.3446e-06
FILLER_119_121, 78.3, 482.16, 1.34579e-06
FILLER_120_124, 78.3, 482.16, 1.34579e-06
FILLER_119_137, 86.4, 482.16, 1.34685e-06
TAP_1829, 89.1, 482.16, 1.34718e-06
FILLER_119_141, 89.1, 482.16, 1.34718e-06
FILLER_120_140, 89.1, 482.16, 1.34718e-06
FILLER_119_144, 91.8, 482.16, 1.34746e-06
FILLER_120_156, 97.2, 482.16, 1.34796e-06
FILLER_119_160, 99.9, 482.16, 1.34819e-06
FILLER_120_172, 105.3, 482.16, 1.34934e-06
TAP_1843, 108, 482.16, 1.34989e-06
FILLER_119_176, 108, 482.16, 1.34989e-06
FILLER_120_176, 108, 482.16, 1.34989e-06
FILLER_120_179, 110.7, 482.16, 1.35038e-06
FILLER_119_192, 118.8, 482.16, 1.35179e-06
FILLER_120_195, 118.8, 482.16, 1.35179e-06
FILLER_119_208, 126.9, 482.16, 1.35308e-06
FILLER_120_211, 126.9, 482.16, 1.35308e-06
TAP_1830, 129.6, 482.16, 1.35346e-06
FILLER_119_212, 129.6, 482.16, 1.35346e-06
FILLER_119_215, 129.6, 482.16, 1.35346e-06
FILLER_120_227, 137.7, 482.16, 1.35445e-06
FILLER_119_231, 140.4, 482.16, 1.35476e-06
FILLER_120_243, 145.8, 482.16, 1.35606e-06
TAP_1844, 148.5, 482.16, 1.35669e-06
FILLER_119_247, 148.5, 482.16, 1.35669e-06
FILLER_120_247, 148.5, 482.16, 1.35669e-06
FILLER_120_250, 151.2, 482.16, 1.35726e-06
FILLER_119_263, 156.6, 482.16, 1.35835e-06
FILLER_120_266, 159.3, 482.16, 1.35888e-06
FILLER_119_279, 167.4, 482.16, 1.36041e-06
FILLER_119_283, 167.4, 482.16, 1.36041e-06
FILLER_120_282, 167.4, 482.16, 1.36041e-06
TAP_1831, 170.1, 482.16, 1.36086e-06
FILLER_119_286, 170.1, 482.16, 1.36086e-06
FILLER_119_302, 178.2, 482.16, 1.36208e-06
FILLER_120_298, 178.2, 482.16, 1.36208e-06
FILLER_120_314, 186.3, 482.16, 1.36398e-06
TAP_1845, 189, 482.16, 1.36473e-06
FILLER_119_318, 189, 482.16, 1.36473e-06
FILLER_120_318, 189, 482.16, 1.36473e-06
FILLER_120_321, 189, 482.16, 1.36473e-06
FILLER_119_334, 197.1, 482.16, 1.36673e-06
FILLER_120_337, 199.8, 482.16, 1.36738e-06
FILLER_119_350, 205.2, 482.16, 1.36863e-06
TAP_1832, 207.9, 482.16, 1.36923e-06
FILLER_119_354, 207.9, 482.16, 1.36923e-06
FILLER_120_353, 207.9, 482.16, 1.36923e-06
FILLER_119_357, 210.6, 482.16, 1.36978e-06
FILLER_120_369, 216, 482.16, 1.37083e-06
FILLER_119_373, 218.7, 482.16, 1.37133e-06
FILLER_119_389, 226.8, 482.16, 1.37382e-06
FILLER_120_385, 226.8, 482.16, 1.37382e-06
FILLER_120_389, 226.8, 482.16, 1.37382e-06
_05801_, 229.5, 482.16, 1.37475e-06
TAP_1846, 229.5, 482.16, 1.37475e-06
FILLER_120_392, 229.5, 482.16, 1.37475e-06
_05856_, 234.9, 482.16, 1.37641e-06
_05802_, 237.6, 482.16, 1.37719e-06
_05857_, 240.3, 482.16, 1.37792e-06
FILLER_119_413, 240.3, 482.16, 1.37792e-06
_05739_, 243, 482.16, 1.37858e-06
_05741_, 243, 482.16, 1.37858e-06
FILLER_119_415, 243, 482.16, 1.37858e-06
_05742_, 248.4, 482.16, 1.37968e-06
TAP_1833, 248.4, 482.16, 1.37968e-06
FILLER_120_424, 248.4, 482.16, 1.37968e-06
_05753_, 251.1, 482.16, 1.38014e-06
_05783_, 253.8, 482.16, 1.38056e-06
_05800_, 253.8, 482.16, 1.38056e-06
_05829_, 256.5, 482.16, 1.38082e-06
FILLER_120_447, 259.2, 482.16, 1.38103e-06
_05851_, 261.9, 482.16, 1.38122e-06
TAP_1847, 267.3, 482.16, 1.38276e-06
FILLER_119_459, 267.3, 482.16, 1.38276e-06
_05850_, 270, 482.16, 1.38348e-06
_05937_, 270, 482.16, 1.38348e-06
FILLER_119_463, 270, 482.16, 1.38348e-06
FILLER_119_465, 270, 482.16, 1.38348e-06
_05955_, 272.7, 482.16, 1.38408e-06
FILLER_120_468, 272.7, 482.16, 1.38408e-06
FILLER_119_474, 275.4, 482.16, 1.38454e-06
FILLER_119_490, 283.5, 482.16, 1.38586e-06
_05911_, 286.2, 482.16, 1.38628e-06
_05938_, 286.2, 482.16, 1.38628e-06
_05883_, 288.9, 482.16, 1.3866e-06
TAP_1834, 288.9, 482.16, 1.3866e-06
_05939_, 294.3, 482.16, 1.38709e-06
FILLER_120_506, 294.3, 482.16, 1.38709e-06
_05831_, 297, 482.16, 1.38726e-06
FILLER_119_515, 299.7, 482.16, 1.38738e-06
FILLER_120_518, 299.7, 482.16, 1.38738e-06
FILLER_120_526, 305.1, 482.16, 1.38884e-06
_06105_, 307.8, 482.16, 1.38954e-06
TAP_1848, 307.8, 482.16, 1.38954e-06
FILLER_120_530, 307.8, 482.16, 1.38954e-06
FILLER_120_534, 307.8, 482.16, 1.38954e-06
FILLER_120_542, 313.2, 482.16, 1.3906e-06
_06283_, 315.9, 482.16, 1.39112e-06
FILLER_120_551, 318.6, 482.16, 1.39159e-06
_06104_, 321.3, 482.16, 1.39204e-06
_06273_, 321.3, 482.16, 1.39204e-06
FILLER_120_555, 321.3, 482.16, 1.39204e-06
FILLER_119_559, 324, 482.16, 1.3924e-06
_06110_, 326.7, 482.16, 1.39274e-06
FILLER_119_567, 326.7, 482.16, 1.39274e-06
FILLER_120_563, 326.7, 482.16, 1.39274e-06
_06050_, 329.4, 482.16, 1.393e-06
TAP_1835, 329.4, 482.16, 1.393e-06
FILLER_119_570, 329.4, 482.16, 1.393e-06
FILLER_120_572, 329.4, 482.16, 1.393e-06
FILLER_119_576, 332.1, 482.16, 1.39317e-06
FILLER_120_576, 332.1, 482.16, 1.39317e-06
_06172_, 334.8, 482.16, 1.39329e-06
_06173_, 337.5, 482.16, 1.39338e-06
FILLER_120_583, 337.5, 482.16, 1.39338e-06
FILLER_120_590, 340.2, 482.16, 1.39342e-06
_06086_, 342.9, 482.16, 1.39415e-06
_06128_, 342.9, 482.16, 1.39415e-06
FILLER_119_592, 342.9, 482.16, 1.39415e-06
_06067_, 345.6, 482.16, 1.39479e-06
_06126_, 345.6, 482.16, 1.39479e-06
FILLER_120_597, 345.6, 482.16, 1.39479e-06
_06129_, 348.3, 482.16, 1.39534e-06
_06130_, 348.3, 482.16, 1.39534e-06
TAP_1849, 348.3, 482.16, 1.39534e-06
FILLER_119_605, 348.3, 482.16, 1.39534e-06
_06090_, 353.7, 482.16, 1.39604e-06
FILLER_119_625, 359.1, 482.16, 1.39661e-06
_06051_, 361.8, 482.16, 1.39687e-06
FILLER_120_628, 361.8, 482.16, 1.39687e-06
_06079_, 364.5, 482.16, 1.39708e-06
FILLER_119_633, 364.5, 482.16, 1.39708e-06
FILLER_120_634, 364.5, 482.16, 1.39708e-06
TAP_1836, 367.2, 482.16, 1.39721e-06
FILLER_120_638, 367.2, 482.16, 1.39721e-06
FILLER_120_640, 367.2, 482.16, 1.39721e-06
_06081_, 369.9, 482.16, 1.39728e-06
_06083_, 369.9, 482.16, 1.39728e-06
FILLER_119_641, 369.9, 482.16, 1.39728e-06
_06091_, 372.6, 482.16, 1.39723e-06
_06092_, 375.3, 482.16, 1.39715e-06
FILLER_120_653, 375.3, 482.16, 1.39715e-06
_06136_, 380.7, 482.16, 1.39686e-06
FILLER_119_660, 380.7, 482.16, 1.39686e-06
FILLER_119_662, 380.7, 482.16, 1.39686e-06
FILLER_120_661, 380.7, 482.16, 1.39686e-06
_06162_, 383.4, 482.16, 1.3973e-06
FILLER_120_673, 386.1, 482.16, 1.39769e-06
TAP_1850, 388.8, 482.16, 1.39805e-06
FILLER_120_676, 388.8, 482.16, 1.39805e-06
FILLER_120_678, 388.8, 482.16, 1.39805e-06
_06135_, 391.5, 482.16, 1.39836e-06
_06134_, 394.2, 482.16, 1.39863e-06
_06603_, 394.2, 482.16, 1.39863e-06
FILLER_120_685, 394.2, 482.16, 1.39863e-06
_04758_, 396.9, 482.16, 1.3988e-06
_04757_, 399.6, 482.16, 1.39886e-06
FILLER_119_694, 399.6, 482.16, 1.39886e-06
FILLER_119_706, 405, 482.16, 1.39881e-06
TAP_1837, 407.7, 482.16, 1.39877e-06
FILLER_119_712, 407.7, 482.16, 1.39877e-06
FILLER_120_710, 407.7, 482.16, 1.39877e-06
FILLER_120_712, 407.7, 482.16, 1.39877e-06
_06583_, 410.4, 482.16, 1.39864e-06
_06584_, 410.4, 482.16, 1.39864e-06
_06607_, 413.1, 482.16, 1.39841e-06
FILLER_120_723, 415.8, 482.16, 1.39814e-06
_06586_, 418.5, 482.16, 1.39785e-06
_06624_, 418.5, 482.16, 1.39785e-06
FILLER_119_727, 418.5, 482.16, 1.39785e-06
FILLER_120_733, 421.2, 482.16, 1.39746e-06
_06585_, 423.9, 482.16, 1.39778e-06
FILLER_120_741, 423.9, 482.16, 1.39778e-06
TAP_1851, 426.6, 482.16, 1.39804e-06
FILLER_119_742, 426.6, 482.16, 1.39804e-06
FILLER_120_747, 429.3, 482.16, 1.39826e-06
FILLER_120_751, 429.3, 482.16, 1.39826e-06
_06409_, 432, 482.16, 1.39845e-06
FILLER_120_753, 432, 482.16, 1.39845e-06
_06426_, 434.7, 482.16, 1.39855e-06
FILLER_119_758, 434.7, 482.16, 1.39855e-06
_06428_, 437.4, 482.16, 1.39859e-06
FILLER_120_763, 437.4, 482.16, 1.39859e-06
FILLER_119_770, 440.1, 482.16, 1.39855e-06
_06427_, 442.8, 482.16, 1.39849e-06
_06429_, 442.8, 482.16, 1.39849e-06
_06464_, 448.2, 482.16, 1.39818e-06
_06470_, 448.2, 482.16, 1.39818e-06
TAP_1838, 448.2, 482.16, 1.39818e-06
FILLER_119_791, 453.6, 482.16, 1.39759e-06
FILLER_119_799, 456.3, 482.16, 1.39727e-06
FILLER_120_796, 456.3, 482.16, 1.39727e-06
_06463_, 459, 482.16, 1.39691e-06
_06471_, 459, 482.16, 1.39691e-06
FILLER_119_801, 459, 482.16, 1.39691e-06
FILLER_120_800, 459, 482.16, 1.39691e-06
FILLER_119_810, 464.4, 482.16, 1.39661e-06
_06461_, 467.1, 482.16, 1.39681e-06
_06523_, 467.1, 482.16, 1.39681e-06
TAP_1852, 467.1, 482.16, 1.39681e-06
FILLER_120_814, 467.1, 482.16, 1.39681e-06
FILLER_120_823, 469.8, 482.16, 1.39681e-06
_06521_, 472.5, 482.16, 1.39679e-06
FILLER_120_825, 472.5, 482.16, 1.39679e-06
_06575_, 480.6, 482.16, 1.39647e-06
_06597_, 480.6, 482.16, 1.39647e-06
FILLER_120_846, 483.3, 482.16, 1.39626e-06
TAP_1839, 486, 482.16, 1.39603e-06
FILLER_119_849, 486, 482.16, 1.39603e-06
FILLER_119_851, 486, 482.16, 1.39603e-06
_06574_, 488.7, 482.16, 1.39574e-06
FILLER_119_861, 491.4, 482.16, 1.39541e-06
FILLER_120_862, 494.1, 482.16, 1.39506e-06
FILLER_119_877, 502.2, 482.16, 1.39394e-06
FILLER_120_878, 502.2, 482.16, 1.39394e-06
FILLER_120_886, 504.9, 482.16, 1.3943e-06
TAP_1853, 507.6, 482.16, 1.39465e-06
FILLER_120_889, 507.6, 482.16, 1.39465e-06
FILLER_119_893, 510.3, 482.16, 1.39495e-06
FILLER_120_905, 515.7, 482.16, 1.39552e-06
FILLER_119_909, 518.4, 482.16, 1.39578e-06
FILLER_119_917, 523.8, 482.16, 1.39627e-06
TAP_1840, 526.5, 482.16, 1.39649e-06
FILLER_119_921, 526.5, 482.16, 1.39649e-06
FILLER_120_921, 526.5, 482.16, 1.39649e-06
FILLER_119_925, 529.2, 482.16, 1.39665e-06
FILLER_120_937, 534.6, 482.16, 1.39694e-06
PHY_239, 537.3, 482.16, 1.39706e-06
PHY_241, 537.3, 482.16, 1.39706e-06
FILLER_119_941, 537.3, 482.16, 1.39706e-06
FILLER_119_943, 537.3, 482.16, 1.39706e-06
FILLER_120_941, 537.3, 482.16, 1.39706e-06
FILLER_120_943, 537.3, 482.16, 1.39706e-06
PHY_234, 10.8, 474.32, 1.33639e-06
PHY_236, 10.8, 474.32, 1.33639e-06
FILLER_117_2, 10.8, 474.32, 1.33639e-06
FILLER_118_2, 10.8, 474.32, 1.33639e-06
FILLER_117_18, 18.9, 474.32, 1.33614e-06
FILLER_118_18, 18.9, 474.32, 1.33614e-06
TAP_1815, 29.7, 474.32, 1.33714e-06
FILLER_117_34, 29.7, 474.32, 1.33714e-06
FILLER_118_34, 29.7, 474.32, 1.33714e-06
FILLER_118_37, 29.7, 474.32, 1.33714e-06
FILLER_117_50, 37.8, 474.32, 1.33802e-06
FILLER_118_53, 40.5, 474.32, 1.33829e-06
FILLER_117_66, 45.9, 474.32, 1.3388e-06
TAP_1802, 48.6, 474.32, 1.33903e-06
FILLER_117_70, 48.6, 474.32, 1.33903e-06
FILLER_118_69, 48.6, 474.32, 1.33903e-06
FILLER_117_73, 51.3, 474.32, 1.3392e-06
FILLER_118_85, 56.7, 474.32, 1.3395e-06
FILLER_117_89, 59.4, 474.32, 1.33963e-06
FILLER_118_101, 67.5, 474.32, 1.34075e-06
TAP_1816, 70.2, 474.32, 1.34124e-06
FILLER_117_105, 70.2, 474.32, 1.34124e-06
FILLER_118_105, 70.2, 474.32, 1.34124e-06
FILLER_118_108, 70.2, 474.32, 1.34124e-06
FILLER_117_121, 78.3, 474.32, 1.34245e-06
FILLER_118_124, 78.3, 474.32, 1.34245e-06
FILLER_117_137, 86.4, 474.32, 1.34354e-06
TAP_1803, 89.1, 474.32, 1.34389e-06
FILLER_117_141, 89.1, 474.32, 1.34389e-06
FILLER_118_140, 89.1, 474.32, 1.34389e-06
FILLER_117_144, 91.8, 474.32, 1.34417e-06
FILLER_118_156, 97.2, 474.32, 1.34469e-06
FILLER_117_160, 99.9, 474.32, 1.34494e-06
FILLER_118_172, 105.3, 474.32, 1.3461e-06
TAP_1817, 108, 474.32, 1.34665e-06
FILLER_117_176, 108, 474.32, 1.34665e-06
FILLER_118_176, 108, 474.32, 1.34665e-06
FILLER_118_179, 110.7, 474.32, 1.34715e-06
FILLER_117_192, 118.8, 474.32, 1.34859e-06
FILLER_118_195, 118.8, 474.32, 1.34859e-06
FILLER_117_208, 126.9, 474.32, 1.3499e-06
FILLER_118_211, 126.9, 474.32, 1.3499e-06
TAP_1804, 129.6, 474.32, 1.3503e-06
FILLER_117_212, 129.6, 474.32, 1.3503e-06
FILLER_117_215, 129.6, 474.32, 1.3503e-06
FILLER_118_227, 137.7, 474.32, 1.35131e-06
FILLER_117_231, 140.4, 474.32, 1.35163e-06
FILLER_118_243, 145.8, 474.32, 1.35294e-06
TAP_1818, 148.5, 474.32, 1.35357e-06
FILLER_117_247, 148.5, 474.32, 1.35357e-06
FILLER_118_247, 148.5, 474.32, 1.35357e-06
FILLER_118_250, 151.2, 474.32, 1.35415e-06
FILLER_117_263, 156.6, 474.32, 1.35526e-06
FILLER_118_266, 159.3, 474.32, 1.35579e-06
FILLER_117_279, 167.4, 474.32, 1.35733e-06
FILLER_117_283, 167.4, 474.32, 1.35733e-06
FILLER_118_282, 167.4, 474.32, 1.35733e-06
TAP_1805, 170.1, 474.32, 1.35778e-06
FILLER_117_286, 170.1, 474.32, 1.35778e-06
FILLER_117_302, 178.2, 474.32, 1.35902e-06
FILLER_118_298, 178.2, 474.32, 1.35902e-06
FILLER_118_314, 186.3, 474.32, 1.36092e-06
TAP_1819, 189, 474.32, 1.36166e-06
FILLER_117_318, 189, 474.32, 1.36166e-06
FILLER_118_318, 189, 474.32, 1.36166e-06
FILLER_118_321, 189, 474.32, 1.36166e-06
FILLER_117_334, 197.1, 474.32, 1.36364e-06
FILLER_118_337, 199.8, 474.32, 1.36428e-06
FILLER_117_350, 205.2, 474.32, 1.36552e-06
TAP_1806, 207.9, 474.32, 1.36612e-06
FILLER_117_354, 207.9, 474.32, 1.36612e-06
FILLER_118_353, 207.9, 474.32, 1.36612e-06
FILLER_117_357, 210.6, 474.32, 1.36666e-06
FILLER_118_369, 216, 474.32, 1.36769e-06
FILLER_117_373, 218.7, 474.32, 1.36819e-06
FILLER_117_389, 226.8, 474.32, 1.37059e-06
FILLER_118_385, 226.8, 474.32, 1.37059e-06
FILLER_118_389, 226.8, 474.32, 1.37059e-06
_05803_, 229.5, 474.32, 1.37149e-06
TAP_1820, 229.5, 474.32, 1.37149e-06
_05804_, 232.2, 474.32, 1.37225e-06
FILLER_117_405, 237.6, 474.32, 1.37369e-06
_05754_, 243, 474.32, 1.37509e-06
FILLER_117_421, 245.7, 474.32, 1.37568e-06
TAP_1807, 248.4, 474.32, 1.37624e-06
FILLER_117_425, 248.4, 474.32, 1.37624e-06
_05780_, 251.1, 474.32, 1.37677e-06
FILLER_117_436, 253.8, 474.32, 1.37724e-06
_05706_, 256.5, 474.32, 1.37769e-06
_05796_, 259.2, 474.32, 1.37811e-06
_05799_, 259.2, 474.32, 1.37811e-06
FILLER_117_444, 259.2, 474.32, 1.37811e-06
FILLER_117_446, 259.2, 474.32, 1.37811e-06
FILLER_118_444, 259.2, 474.32, 1.37811e-06
_05798_, 261.9, 474.32, 1.37835e-06
TAP_1821, 267.3, 474.32, 1.37998e-06
FILLER_118_458, 267.3, 474.32, 1.37998e-06
FILLER_118_460, 267.3, 474.32, 1.37998e-06
_05797_, 270, 474.32, 1.38073e-06
_05830_, 270, 474.32, 1.38073e-06
_05752_, 272.7, 474.32, 1.38139e-06
FILLER_117_470, 272.7, 474.32, 1.38139e-06
FILLER_118_471, 272.7, 474.32, 1.38139e-06
FILLER_117_483, 280.8, 474.32, 1.38305e-06
_05886_, 283.5, 474.32, 1.38359e-06
FILLER_117_487, 283.5, 474.32, 1.38359e-06
FILLER_118_487, 283.5, 474.32, 1.38359e-06
_05909_, 286.2, 474.32, 1.38403e-06
_05908_, 288.9, 474.32, 1.38435e-06
TAP_1808, 288.9, 474.32, 1.38435e-06
_05954_, 291.6, 474.32, 1.38462e-06
_05885_, 297, 474.32, 1.38492e-06
FILLER_118_520, 302.4, 474.32, 1.38583e-06
_06194_, 305.1, 474.32, 1.38661e-06
FILLER_117_527, 305.1, 474.32, 1.38661e-06
FILLER_118_528, 305.1, 474.32, 1.38661e-06
_06147_, 307.8, 474.32, 1.38731e-06
TAP_1822, 307.8, 474.32, 1.38731e-06
FILLER_118_534, 307.8, 474.32, 1.38731e-06
_06146_, 310.5, 474.32, 1.38789e-06
_06103_, 313.2, 474.32, 1.38843e-06
_06149_, 315.9, 474.32, 1.3889e-06
_06102_, 321.3, 474.32, 1.38971e-06
_06150_, 321.3, 474.32, 1.38971e-06
FILLER_118_560, 324, 474.32, 1.39002e-06
FILLER_118_562, 324, 474.32, 1.39002e-06
_06101_, 326.7, 474.32, 1.39029e-06
FILLER_117_566, 326.7, 474.32, 1.39029e-06
_06064_, 329.4, 474.32, 1.3905e-06
_06145_, 329.4, 474.32, 1.3905e-06
TAP_1809, 329.4, 474.32, 1.3905e-06
_06062_, 332.1, 474.32, 1.39054e-06
FILLER_117_575, 332.1, 474.32, 1.39054e-06
_06107_, 340.2, 474.32, 1.39039e-06
_06063_, 342.9, 474.32, 1.391e-06
_06106_, 345.6, 474.32, 1.39157e-06
FILLER_118_599, 345.6, 474.32, 1.39157e-06
TAP_1823, 348.3, 474.32, 1.39207e-06
FILLER_118_605, 348.3, 474.32, 1.39207e-06
FILLER_117_607, 351, 474.32, 1.39253e-06
_06084_, 353.7, 474.32, 1.39298e-06
FILLER_117_615, 353.7, 474.32, 1.39298e-06
FILLER_118_613, 353.7, 474.32, 1.39298e-06
_06044_, 356.4, 474.32, 1.39334e-06
FILLER_117_619, 356.4, 474.32, 1.39334e-06
_06046_, 359.1, 474.32, 1.39363e-06
FILLER_117_621, 359.1, 474.32, 1.39363e-06
FILLER_118_629, 361.8, 474.32, 1.39384e-06
_06045_, 364.5, 474.32, 1.39403e-06
_06093_, 364.5, 474.32, 1.39403e-06
FILLER_117_632, 364.5, 474.32, 1.39403e-06
FILLER_118_633, 364.5, 474.32, 1.39403e-06
TAP_1810, 367.2, 474.32, 1.39403e-06
_06082_, 369.9, 474.32, 1.39401e-06
FILLER_117_641, 369.9, 474.32, 1.39401e-06
FILLER_117_652, 375.3, 474.32, 1.39383e-06
FILLER_117_654, 375.3, 474.32, 1.39383e-06
_06096_, 378, 474.32, 1.3937e-06
_06120_, 378, 474.32, 1.3937e-06
FILLER_118_657, 378, 474.32, 1.3937e-06
_06161_, 386.1, 474.32, 1.39423e-06
FILLER_117_670, 386.1, 474.32, 1.39423e-06
FILLER_118_670, 386.1, 474.32, 1.39423e-06
_06137_, 388.8, 474.32, 1.39451e-06
TAP_1824, 388.8, 474.32, 1.39451e-06
_06582_, 402.3, 474.32, 1.3952e-06
_06625_, 402.3, 474.32, 1.3952e-06
_06626_, 405, 474.32, 1.39524e-06
_06627_, 407.7, 474.32, 1.39522e-06
TAP_1811, 407.7, 474.32, 1.39522e-06
FILLER_117_712, 407.7, 474.32, 1.39522e-06
_06531_, 410.4, 474.32, 1.39505e-06
FILLER_117_714, 410.4, 474.32, 1.39505e-06
_06530_, 418.5, 474.32, 1.39426e-06
_06587_, 421.2, 474.32, 1.39395e-06
FILLER_118_735, 421.2, 474.32, 1.39395e-06
TAP_1825, 426.6, 474.32, 1.39443e-06
FILLER_118_743, 426.6, 474.32, 1.39443e-06
_06581_, 429.3, 474.32, 1.39463e-06
FILLER_118_755, 432, 474.32, 1.39478e-06
FILLER_117_758, 434.7, 474.32, 1.39491e-06
_06393_, 437.4, 474.32, 1.39502e-06
FILLER_118_763, 437.4, 474.32, 1.39502e-06
_06423_, 440.1, 474.32, 1.39505e-06
_06422_, 442.8, 474.32, 1.39505e-06
_06430_, 442.8, 474.32, 1.39505e-06
_06392_, 448.2, 474.32, 1.39471e-06
TAP_1812, 448.2, 474.32, 1.39471e-06
FILLER_117_788, 450.9, 474.32, 1.39448e-06
_06432_, 453.6, 474.32, 1.39423e-06
FILLER_117_792, 453.6, 474.32, 1.39423e-06
_06431_, 456.3, 474.32, 1.39389e-06
FILLER_118_796, 456.3, 474.32, 1.39389e-06
_06420_, 461.7, 474.32, 1.39308e-06
_06457_, 461.7, 474.32, 1.39308e-06
_06421_, 464.4, 474.32, 1.39326e-06
_06472_, 467.1, 474.32, 1.39342e-06
_06473_, 467.1, 474.32, 1.39342e-06
TAP_1826, 467.1, 474.32, 1.39342e-06
FILLER_118_814, 467.1, 474.32, 1.39342e-06
FILLER_118_828, 472.5, 474.32, 1.3934e-06
_06576_, 475.2, 474.32, 1.39337e-06
FILLER_117_831, 475.2, 474.32, 1.39337e-06
_06522_, 477.9, 474.32, 1.3932e-06
FILLER_117_833, 477.9, 474.32, 1.3932e-06
_06524_, 480.6, 474.32, 1.39297e-06
FILLER_117_844, 483.3, 474.32, 1.39271e-06
TAP_1813, 486, 474.32, 1.39243e-06
FILLER_117_854, 488.7, 474.32, 1.39213e-06
FILLER_118_853, 488.7, 474.32, 1.39213e-06
FILLER_117_870, 496.8, 474.32, 1.3911e-06
FILLER_118_869, 496.8, 474.32, 1.3911e-06
FILLER_117_886, 504.9, 474.32, 1.3907e-06
FILLER_118_885, 504.9, 474.32, 1.3907e-06
TAP_1827, 507.6, 474.32, 1.39102e-06
FILLER_118_889, 507.6, 474.32, 1.39102e-06
FILLER_117_902, 515.7, 474.32, 1.39187e-06
FILLER_118_905, 515.7, 474.32, 1.39187e-06
FILLER_117_918, 523.8, 474.32, 1.3926e-06
TAP_1814, 526.5, 474.32, 1.39282e-06
FILLER_117_922, 526.5, 474.32, 1.39282e-06
FILLER_118_921, 526.5, 474.32, 1.39282e-06
FILLER_117_925, 529.2, 474.32, 1.39299e-06
FILLER_118_937, 534.6, 474.32, 1.39327e-06
PHY_235, 537.3, 474.32, 1.39339e-06
PHY_237, 537.3, 474.32, 1.39339e-06
FILLER_117_941, 537.3, 474.32, 1.39339e-06
FILLER_117_943, 537.3, 474.32, 1.39339e-06
FILLER_118_941, 537.3, 474.32, 1.39339e-06
FILLER_118_943, 537.3, 474.32, 1.39339e-06
PHY_230, 10.8, 466.48, 1.33239e-06
PHY_232, 10.8, 466.48, 1.33239e-06
FILLER_115_2, 10.8, 466.48, 1.33239e-06
FILLER_116_2, 10.8, 466.48, 1.33239e-06
FILLER_115_18, 18.9, 466.48, 1.33214e-06
FILLER_116_18, 18.9, 466.48, 1.33214e-06
TAP_1789, 29.7, 466.48, 1.33318e-06
FILLER_115_34, 29.7, 466.48, 1.33318e-06
FILLER_116_34, 29.7, 466.48, 1.33318e-06
FILLER_116_37, 29.7, 466.48, 1.33318e-06
FILLER_115_50, 37.8, 466.48, 1.33409e-06
FILLER_116_53, 40.5, 466.48, 1.33437e-06
FILLER_115_66, 45.9, 466.48, 1.3349e-06
TAP_1776, 48.6, 466.48, 1.33515e-06
FILLER_115_70, 48.6, 466.48, 1.33515e-06
FILLER_116_69, 48.6, 466.48, 1.33515e-06
FILLER_115_73, 51.3, 466.48, 1.33533e-06
FILLER_116_85, 56.7, 466.48, 1.33565e-06
FILLER_115_89, 59.4, 466.48, 1.3358e-06
FILLER_116_101, 67.5, 466.48, 1.33696e-06
TAP_1790, 70.2, 466.48, 1.33745e-06
FILLER_115_105, 70.2, 466.48, 1.33745e-06
FILLER_116_105, 70.2, 466.48, 1.33745e-06
FILLER_116_108, 70.2, 466.48, 1.33745e-06
FILLER_115_121, 78.3, 466.48, 1.33871e-06
FILLER_116_124, 78.3, 466.48, 1.33871e-06
FILLER_115_137, 86.4, 466.48, 1.33984e-06
TAP_1777, 89.1, 466.48, 1.3402e-06
FILLER_115_141, 89.1, 466.48, 1.3402e-06
FILLER_116_140, 89.1, 466.48, 1.3402e-06
FILLER_115_144, 91.8, 466.48, 1.34049e-06
FILLER_116_156, 97.2, 466.48, 1.34105e-06
FILLER_115_160, 99.9, 466.48, 1.3413e-06
FILLER_116_172, 105.3, 466.48, 1.34249e-06
TAP_1791, 108, 466.48, 1.34306e-06
FILLER_115_176, 108, 466.48, 1.34306e-06
FILLER_116_176, 108, 466.48, 1.34306e-06
FILLER_116_179, 110.7, 466.48, 1.34357e-06
FILLER_115_192, 118.8, 466.48, 1.34505e-06
FILLER_116_195, 118.8, 466.48, 1.34505e-06
FILLER_115_208, 126.9, 466.48, 1.34641e-06
FILLER_116_211, 126.9, 466.48, 1.34641e-06
TAP_1778, 129.6, 466.48, 1.34682e-06
FILLER_115_212, 129.6, 466.48, 1.34682e-06
FILLER_115_215, 129.6, 466.48, 1.34682e-06
FILLER_116_227, 137.7, 466.48, 1.34787e-06
FILLER_115_231, 140.4, 466.48, 1.3482e-06
FILLER_116_243, 145.8, 466.48, 1.34955e-06
TAP_1792, 148.5, 466.48, 1.3502e-06
FILLER_115_247, 148.5, 466.48, 1.3502e-06
FILLER_116_247, 148.5, 466.48, 1.3502e-06
FILLER_116_250, 151.2, 466.48, 1.3508e-06
FILLER_115_263, 156.6, 466.48, 1.35194e-06
FILLER_116_266, 159.3, 466.48, 1.35249e-06
FILLER_115_279, 167.4, 466.48, 1.35409e-06
FILLER_115_283, 167.4, 466.48, 1.35409e-06
FILLER_116_282, 167.4, 466.48, 1.35409e-06
TAP_1779, 170.1, 466.48, 1.35456e-06
FILLER_115_286, 170.1, 466.48, 1.35456e-06
FILLER_115_302, 178.2, 466.48, 1.35585e-06
FILLER_116_298, 178.2, 466.48, 1.35585e-06
FILLER_116_314, 186.3, 466.48, 1.35784e-06
TAP_1793, 189, 466.48, 1.35862e-06
FILLER_115_318, 189, 466.48, 1.35862e-06
FILLER_116_318, 189, 466.48, 1.35862e-06
FILLER_116_321, 189, 466.48, 1.35862e-06
FILLER_115_334, 197.1, 466.48, 1.36071e-06
FILLER_116_337, 199.8, 466.48, 1.36139e-06
FILLER_115_350, 205.2, 466.48, 1.36271e-06
TAP_1780, 207.9, 466.48, 1.36334e-06
FILLER_115_354, 207.9, 466.48, 1.36334e-06
FILLER_116_353, 207.9, 466.48, 1.36334e-06
FILLER_115_357, 210.6, 466.48, 1.36392e-06
FILLER_116_369, 216, 466.48, 1.36503e-06
FILLER_115_373, 218.7, 466.48, 1.36557e-06
FILLER_115_381, 224.1, 466.48, 1.36714e-06
_05757_, 226.8, 466.48, 1.36818e-06
FILLER_115_385, 226.8, 466.48, 1.36818e-06
FILLER_115_387, 226.8, 466.48, 1.36818e-06
FILLER_116_385, 226.8, 466.48, 1.36818e-06
FILLER_116_389, 226.8, 466.48, 1.36818e-06
_05758_, 229.5, 466.48, 1.36911e-06
TAP_1794, 229.5, 466.48, 1.36911e-06
FILLER_116_392, 229.5, 466.48, 1.36911e-06
FILLER_116_394, 229.5, 466.48, 1.36911e-06
_05756_, 232.2, 466.48, 1.36985e-06
FILLER_116_407, 237.6, 466.48, 1.37121e-06
_05755_, 240.3, 466.48, 1.37186e-06
_05709_, 243, 466.48, 1.37245e-06
FILLER_115_417, 243, 466.48, 1.37245e-06
_05713_, 248.4, 466.48, 1.37349e-06
TAP_1781, 248.4, 466.48, 1.37349e-06
_05708_, 251.1, 466.48, 1.37392e-06
_05705_, 256.5, 466.48, 1.37467e-06
FILLER_116_440, 256.5, 466.48, 1.37467e-06
_05795_, 259.2, 466.48, 1.37499e-06
FILLER_115_444, 259.2, 466.48, 1.37499e-06
FILLER_116_448, 261.9, 466.48, 1.37518e-06
FILLER_116_452, 261.9, 466.48, 1.37518e-06
_05751_, 264.6, 466.48, 1.37597e-06
TAP_1795, 267.3, 466.48, 1.37673e-06
FILLER_116_459, 267.3, 466.48, 1.37673e-06
_05645_, 270, 466.48, 1.37745e-06
FILLER_116_463, 270, 466.48, 1.37745e-06
FILLER_116_465, 270, 466.48, 1.37745e-06
_05743_, 272.7, 466.48, 1.3781e-06
FILLER_115_469, 272.7, 466.48, 1.3781e-06
_05794_, 275.4, 466.48, 1.37869e-06
_05846_, 275.4, 466.48, 1.37869e-06
_05844_, 283.5, 466.48, 1.37994e-06
_05845_, 286.2, 466.48, 1.38032e-06
TAP_1782, 288.9, 466.48, 1.38066e-06
FILLER_115_496, 288.9, 466.48, 1.38066e-06
FILLER_115_499, 288.9, 466.48, 1.38066e-06
FILLER_116_497, 288.9, 466.48, 1.38066e-06
_05887_, 291.6, 466.48, 1.38093e-06
_05953_, 291.6, 466.48, 1.38093e-06
_05907_, 294.3, 466.48, 1.38104e-06
_05884_, 297, 466.48, 1.38111e-06
FILLER_116_518, 299.7, 466.48, 1.38114e-06
FILLER_115_526, 305.1, 466.48, 1.38247e-06
FILLER_116_526, 305.1, 466.48, 1.38247e-06
TAP_1796, 307.8, 466.48, 1.38309e-06
FILLER_116_530, 307.8, 466.48, 1.38309e-06
FILLER_116_534, 307.8, 466.48, 1.38309e-06
_06148_, 310.5, 466.48, 1.38365e-06
FILLER_115_542, 313.2, 466.48, 1.38417e-06
_06195_, 315.9, 466.48, 1.38466e-06
_06200_, 315.9, 466.48, 1.38466e-06
FILLER_115_552, 318.6, 466.48, 1.38506e-06
FILLER_116_551, 318.6, 466.48, 1.38506e-06
_06151_, 321.3, 466.48, 1.38543e-06
FILLER_116_567, 326.7, 466.48, 1.38602e-06
_05987_, 329.4, 466.48, 1.38629e-06
_06018_, 329.4, 466.48, 1.38629e-06
TAP_1783, 329.4, 466.48, 1.38629e-06
FILLER_116_573, 332.1, 466.48, 1.38647e-06
_06019_, 334.8, 466.48, 1.38662e-06
_06065_, 334.8, 466.48, 1.38662e-06
FILLER_115_578, 334.8, 466.48, 1.38662e-06
FILLER_116_581, 334.8, 466.48, 1.38662e-06
_06020_, 340.2, 466.48, 1.38661e-06
_06066_, 340.2, 466.48, 1.38661e-06
FILLER_115_596, 342.9, 466.48, 1.3872e-06
_06108_, 345.6, 466.48, 1.38778e-06
_06060_, 348.3, 466.48, 1.3883e-06
TAP_1797, 348.3, 466.48, 1.3883e-06
_06025_, 351, 466.48, 1.38876e-06
_06053_, 351, 466.48, 1.38876e-06
FILLER_115_607, 351, 466.48, 1.38876e-06
FILLER_116_610, 351, 466.48, 1.38876e-06
_06056_, 353.7, 466.48, 1.38902e-06
_06054_, 361.8, 466.48, 1.38959e-06
FILLER_116_635, 364.5, 466.48, 1.38973e-06
_06047_, 367.2, 466.48, 1.38984e-06
TAP_1784, 367.2, 466.48, 1.38984e-06
FILLER_115_637, 367.2, 466.48, 1.38984e-06
_06097_, 369.9, 466.48, 1.38987e-06
FILLER_116_649, 372.6, 466.48, 1.38975e-06
_06094_, 375.3, 466.48, 1.38962e-06
FILLER_116_663, 380.7, 466.48, 1.38921e-06
_06139_, 386.1, 466.48, 1.39014e-06
FILLER_115_670, 386.1, 466.48, 1.39014e-06
FILLER_116_671, 386.1, 466.48, 1.39014e-06
FILLER_116_673, 386.1, 466.48, 1.39014e-06
_06138_, 388.8, 466.48, 1.39049e-06
TAP_1798, 388.8, 466.48, 1.39049e-06
_06055_, 391.5, 466.48, 1.39077e-06
FILLER_115_684, 394.2, 466.48, 1.39101e-06
FILLER_115_688, 394.2, 466.48, 1.39101e-06
_04762_, 396.9, 466.48, 1.39121e-06
FILLER_116_690, 396.9, 466.48, 1.39121e-06
_06482_, 402.3, 466.48, 1.39135e-06
FILLER_116_698, 402.3, 466.48, 1.39135e-06
_06481_, 405, 466.48, 1.39137e-06
FILLER_115_707, 405, 466.48, 1.39137e-06
_06440_, 407.7, 466.48, 1.39133e-06
TAP_1785, 407.7, 466.48, 1.39133e-06
FILLER_115_709, 407.7, 466.48, 1.39133e-06
FILLER_116_712, 407.7, 466.48, 1.39133e-06
_06483_, 410.4, 466.48, 1.39116e-06
_06439_, 415.8, 466.48, 1.39069e-06
FILLER_116_729, 418.5, 466.48, 1.39038e-06
_06485_, 421.2, 466.48, 1.39006e-06
_06533_, 423.9, 466.48, 1.39035e-06
TAP_1799, 426.6, 466.48, 1.39059e-06
_06487_, 429.3, 466.48, 1.3908e-06
_06532_, 429.3, 466.48, 1.3908e-06
_06536_, 432, 466.48, 1.3909e-06
_06535_, 434.7, 466.48, 1.39095e-06
_06534_, 437.4, 466.48, 1.39096e-06
FILLER_116_764, 437.4, 466.48, 1.39096e-06
_06390_, 440.1, 466.48, 1.39091e-06
FILLER_115_770, 440.1, 466.48, 1.39091e-06
_06374_, 442.8, 466.48, 1.39081e-06
FILLER_116_771, 442.8, 466.48, 1.39081e-06
FILLER_115_778, 445.5, 466.48, 1.39064e-06
FILLER_116_777, 445.5, 466.48, 1.39064e-06
_06391_, 448.2, 466.48, 1.39043e-06
TAP_1786, 448.2, 466.48, 1.39043e-06
FILLER_115_780, 448.2, 466.48, 1.39043e-06
FILLER_115_788, 450.9, 466.48, 1.39015e-06
_06395_, 453.6, 466.48, 1.38985e-06
FILLER_116_793, 453.6, 466.48, 1.38985e-06
_06433_, 459, 466.48, 1.38908e-06
FILLER_115_803, 459, 466.48, 1.38908e-06
FILLER_116_801, 459, 466.48, 1.38908e-06
_06435_, 461.7, 466.48, 1.38858e-06
_06475_, 467.1, 466.48, 1.38876e-06
TAP_1800, 467.1, 466.48, 1.38876e-06
FILLER_116_815, 467.1, 466.48, 1.38876e-06
FILLER_116_818, 467.1, 466.48, 1.38876e-06
_06474_, 469.8, 466.48, 1.38871e-06
FILLER_115_830, 475.2, 466.48, 1.38851e-06
_06525_, 477.9, 466.48, 1.38838e-06
FILLER_115_846, 483.3, 466.48, 1.388e-06
FILLER_116_845, 483.3, 466.48, 1.388e-06
TAP_1787, 486, 466.48, 1.38777e-06
FILLER_115_850, 486, 466.48, 1.38777e-06
FILLER_115_854, 488.7, 466.48, 1.3875e-06
FILLER_116_861, 491.4, 466.48, 1.3872e-06
FILLER_115_870, 496.8, 466.48, 1.38658e-06
FILLER_116_877, 502.2, 466.48, 1.38591e-06
FILLER_115_886, 504.9, 466.48, 1.38628e-06
FILLER_116_885, 504.9, 466.48, 1.38628e-06
TAP_1801, 507.6, 466.48, 1.3866e-06
FILLER_116_889, 507.6, 466.48, 1.3866e-06
FILLER_115_902, 515.7, 466.48, 1.38745e-06
FILLER_116_905, 515.7, 466.48, 1.38745e-06
FILLER_115_918, 523.8, 466.48, 1.38818e-06
TAP_1788, 526.5, 466.48, 1.3884e-06
FILLER_115_922, 526.5, 466.48, 1.3884e-06
FILLER_116_921, 526.5, 466.48, 1.3884e-06
FILLER_115_925, 529.2, 466.48, 1.38857e-06
FILLER_116_937, 534.6, 466.48, 1.38885e-06
PHY_231, 537.3, 466.48, 1.38897e-06
PHY_233, 537.3, 466.48, 1.38897e-06
FILLER_115_941, 537.3, 466.48, 1.38897e-06
FILLER_115_943, 537.3, 466.48, 1.38897e-06
FILLER_116_941, 537.3, 466.48, 1.38897e-06
FILLER_116_943, 537.3, 466.48, 1.38897e-06
PHY_226, 10.8, 458.64, 1.32804e-06
PHY_228, 10.8, 458.64, 1.32804e-06
FILLER_113_2, 10.8, 458.64, 1.32804e-06
FILLER_114_2, 10.8, 458.64, 1.32804e-06
FILLER_113_18, 18.9, 458.64, 1.3278e-06
FILLER_114_18, 18.9, 458.64, 1.3278e-06
TAP_1763, 29.7, 458.64, 1.32885e-06
FILLER_113_34, 29.7, 458.64, 1.32885e-06
FILLER_114_34, 29.7, 458.64, 1.32885e-06
FILLER_114_37, 29.7, 458.64, 1.32885e-06
FILLER_113_50, 37.8, 458.64, 1.32978e-06
FILLER_114_53, 40.5, 458.64, 1.33007e-06
FILLER_113_66, 45.9, 458.64, 1.33061e-06
TAP_1750, 48.6, 458.64, 1.33086e-06
FILLER_113_70, 48.6, 458.64, 1.33086e-06
FILLER_114_69, 48.6, 458.64, 1.33086e-06
FILLER_113_73, 51.3, 458.64, 1.33105e-06
FILLER_114_85, 56.7, 458.64, 1.33138e-06
FILLER_113_89, 59.4, 458.64, 1.33153e-06
FILLER_114_101, 67.5, 458.64, 1.33272e-06
TAP_1764, 70.2, 458.64, 1.33322e-06
FILLER_113_105, 70.2, 458.64, 1.33322e-06
FILLER_114_105, 70.2, 458.64, 1.33322e-06
FILLER_114_108, 70.2, 458.64, 1.33322e-06
FILLER_113_121, 78.3, 458.64, 1.3345e-06
FILLER_114_124, 78.3, 458.64, 1.3345e-06
FILLER_113_137, 86.4, 458.64, 1.33566e-06
TAP_1751, 89.1, 458.64, 1.33603e-06
FILLER_113_141, 89.1, 458.64, 1.33603e-06
FILLER_114_140, 89.1, 458.64, 1.33603e-06
FILLER_113_144, 91.8, 458.64, 1.33633e-06
FILLER_114_156, 97.2, 458.64, 1.3369e-06
FILLER_113_160, 99.9, 458.64, 1.33717e-06
FILLER_114_172, 105.3, 458.64, 1.33837e-06
TAP_1765, 108, 458.64, 1.33895e-06
FILLER_113_176, 108, 458.64, 1.33895e-06
FILLER_114_176, 108, 458.64, 1.33895e-06
FILLER_114_179, 110.7, 458.64, 1.33948e-06
FILLER_113_192, 118.8, 458.64, 1.34098e-06
FILLER_114_195, 118.8, 458.64, 1.34098e-06
FILLER_113_208, 126.9, 458.64, 1.34236e-06
FILLER_114_211, 126.9, 458.64, 1.34236e-06
TAP_1752, 129.6, 458.64, 1.34279e-06
FILLER_113_212, 129.6, 458.64, 1.34279e-06
FILLER_113_215, 129.6, 458.64, 1.34279e-06
FILLER_114_227, 137.7, 458.64, 1.34387e-06
FILLER_113_231, 140.4, 458.64, 1.34421e-06
FILLER_114_243, 145.8, 458.64, 1.34557e-06
TAP_1766, 148.5, 458.64, 1.34623e-06
FILLER_113_247, 148.5, 458.64, 1.34623e-06
FILLER_114_247, 148.5, 458.64, 1.34623e-06
FILLER_114_250, 151.2, 458.64, 1.34682e-06
FILLER_113_263, 156.6, 458.64, 1.34798e-06
FILLER_114_266, 159.3, 458.64, 1.34854e-06
FILLER_113_279, 167.4, 458.64, 1.35016e-06
FILLER_113_283, 167.4, 458.64, 1.35016e-06
FILLER_114_282, 167.4, 458.64, 1.35016e-06
TAP_1753, 170.1, 458.64, 1.35063e-06
FILLER_113_286, 170.1, 458.64, 1.35063e-06
FILLER_113_302, 178.2, 458.64, 1.35194e-06
FILLER_114_298, 178.2, 458.64, 1.35194e-06
FILLER_114_314, 186.3, 458.64, 1.35394e-06
TAP_1767, 189, 458.64, 1.35473e-06
FILLER_113_318, 189, 458.64, 1.35473e-06
FILLER_114_318, 189, 458.64, 1.35473e-06
FILLER_114_321, 189, 458.64, 1.35473e-06
FILLER_113_334, 197.1, 458.64, 1.35683e-06
FILLER_114_337, 199.8, 458.64, 1.35751e-06
FILLER_113_350, 205.2, 458.64, 1.35883e-06
TAP_1754, 207.9, 458.64, 1.35947e-06
FILLER_113_354, 207.9, 458.64, 1.35947e-06
FILLER_114_353, 207.9, 458.64, 1.35947e-06
FILLER_113_357, 210.6, 458.64, 1.36005e-06
FILLER_114_369, 216, 458.64, 1.36117e-06
FILLER_113_373, 218.7, 458.64, 1.36171e-06
_05807_, 221.4, 458.64, 1.36222e-06
FILLER_113_377, 221.4, 458.64, 1.36222e-06
FILLER_114_385, 226.8, 458.64, 1.36407e-06
FILLER_114_389, 226.8, 458.64, 1.36407e-06
_05805_, 229.5, 458.64, 1.36495e-06
TAP_1768, 229.5, 458.64, 1.36495e-06
FILLER_113_403, 234.9, 458.64, 1.36654e-06
FILLER_113_407, 237.6, 458.64, 1.36731e-06
FILLER_114_405, 237.6, 458.64, 1.36731e-06
_05715_, 240.3, 458.64, 1.36804e-06
_05716_, 240.3, 458.64, 1.36804e-06
FILLER_113_409, 240.3, 458.64, 1.36804e-06
FILLER_114_409, 240.3, 458.64, 1.36804e-06
_05707_, 243, 458.64, 1.36863e-06
FILLER_114_416, 243, 458.64, 1.36863e-06
FILLER_113_422, 245.7, 458.64, 1.36914e-06
TAP_1755, 248.4, 458.64, 1.36962e-06
_05678_, 251.1, 458.64, 1.37009e-06
_05714_, 251.1, 458.64, 1.37009e-06
_05677_, 256.5, 458.64, 1.37066e-06
FILLER_113_451, 261.9, 458.64, 1.37113e-06
_05712_, 264.6, 458.64, 1.37198e-06
_05711_, 267.3, 458.64, 1.37279e-06
TAP_1769, 267.3, 458.64, 1.37279e-06
FILLER_113_459, 267.3, 458.64, 1.37279e-06
FILLER_114_460, 267.3, 458.64, 1.37279e-06
FILLER_113_464, 270, 458.64, 1.37351e-06
FILLER_114_463, 270, 458.64, 1.37351e-06
_05835_, 272.7, 458.64, 1.37419e-06
FILLER_114_467, 272.7, 458.64, 1.37419e-06
_05791_, 275.4, 458.64, 1.37482e-06
FILLER_114_474, 275.4, 458.64, 1.37482e-06
_05793_, 278.1, 458.64, 1.37538e-06
FILLER_113_480, 278.1, 458.64, 1.37538e-06
FILLER_114_481, 278.1, 458.64, 1.37538e-06
_05888_, 280.8, 458.64, 1.37586e-06
FILLER_113_489, 283.5, 458.64, 1.37626e-06
TAP_1756, 288.9, 458.64, 1.37701e-06
FILLER_113_499, 288.9, 458.64, 1.37701e-06
FILLER_114_496, 288.9, 458.64, 1.37701e-06
FILLER_114_500, 288.9, 458.64, 1.37701e-06
_05940_, 291.6, 458.64, 1.3773e-06
FILLER_113_503, 291.6, 458.64, 1.3773e-06
FILLER_113_505, 291.6, 458.64, 1.3773e-06
_05904_, 294.3, 458.64, 1.37751e-06
_05952_, 294.3, 458.64, 1.37751e-06
_05941_, 297, 458.64, 1.37758e-06
FILLER_113_520, 302.4, 458.64, 1.37829e-06
FILLER_113_528, 305.1, 458.64, 1.37896e-06
_06196_, 307.8, 458.64, 1.37962e-06
_06197_, 307.8, 458.64, 1.37962e-06
TAP_1770, 307.8, 458.64, 1.37962e-06
FILLER_113_530, 307.8, 458.64, 1.37962e-06
FILLER_114_530, 307.8, 458.64, 1.37962e-06
_06198_, 310.5, 458.64, 1.38011e-06
_06199_, 315.9, 458.64, 1.38096e-06
_06251_, 315.9, 458.64, 1.38096e-06
_06201_, 321.3, 458.64, 1.3816e-06
FILLER_113_556, 321.3, 458.64, 1.3816e-06
FILLER_113_558, 321.3, 458.64, 1.3816e-06
_06017_, 324, 458.64, 1.38184e-06
_06021_, 326.7, 458.64, 1.38202e-06
FILLER_114_564, 326.7, 458.64, 1.38202e-06
_06061_, 329.4, 458.64, 1.38207e-06
TAP_1757, 329.4, 458.64, 1.38207e-06
_05988_, 337.5, 458.64, 1.38189e-06
_06023_, 340.2, 458.64, 1.38178e-06
_06011_, 342.9, 458.64, 1.38227e-06
_06024_, 342.9, 458.64, 1.38227e-06
FILLER_113_601, 345.6, 458.64, 1.38268e-06
_06022_, 348.3, 458.64, 1.38306e-06
TAP_1771, 348.3, 458.64, 1.38306e-06
FILLER_114_610, 351, 458.64, 1.38339e-06
_06031_, 353.7, 458.64, 1.3837e-06
FILLER_113_617, 356.4, 458.64, 1.38397e-06
FILLER_114_618, 356.4, 458.64, 1.38397e-06
FILLER_113_633, 364.5, 458.64, 1.38467e-06
FILLER_114_634, 364.5, 458.64, 1.38467e-06
TAP_1758, 367.2, 458.64, 1.38486e-06
FILLER_113_637, 367.2, 458.64, 1.38486e-06
FILLER_114_638, 367.2, 458.64, 1.38486e-06
FILLER_114_640, 367.2, 458.64, 1.38486e-06
_06048_, 369.9, 458.64, 1.38497e-06
_06052_, 369.9, 458.64, 1.38497e-06
FILLER_113_649, 372.6, 458.64, 1.38498e-06
FILLER_113_653, 375.3, 458.64, 1.38496e-06
FILLER_114_652, 375.3, 458.64, 1.38496e-06
_06095_, 378, 458.64, 1.3849e-06
_06191_, 378, 458.64, 1.3849e-06
_06160_, 380.7, 458.64, 1.38474e-06
_06141_, 383.4, 458.64, 1.38519e-06
FILLER_114_668, 383.4, 458.64, 1.38519e-06
FILLER_114_672, 386.1, 458.64, 1.38558e-06
_06142_, 388.8, 458.64, 1.38594e-06
TAP_1772, 388.8, 458.64, 1.38594e-06
FILLER_114_676, 388.8, 458.64, 1.38594e-06
_06405_, 394.2, 458.64, 1.3865e-06
FILLER_113_684, 394.2, 458.64, 1.3865e-06
FILLER_113_686, 394.2, 458.64, 1.3865e-06
FILLER_114_692, 396.9, 458.64, 1.38662e-06
_06402_, 402.3, 458.64, 1.38683e-06
TAP_1759, 407.7, 458.64, 1.38693e-06
FILLER_113_712, 407.7, 458.64, 1.38693e-06
FILLER_114_708, 407.7, 458.64, 1.38693e-06
_06404_, 410.4, 458.64, 1.38692e-06
_06443_, 410.4, 458.64, 1.38692e-06
FILLER_113_718, 413.1, 458.64, 1.38681e-06
FILLER_113_722, 413.1, 458.64, 1.38681e-06
_06444_, 415.8, 458.64, 1.38665e-06
_06441_, 418.5, 458.64, 1.38645e-06
_06445_, 418.5, 458.64, 1.38645e-06
_06442_, 421.2, 458.64, 1.38616e-06
_06446_, 423.9, 458.64, 1.38655e-06
_06484_, 423.9, 458.64, 1.38655e-06
FILLER_114_737, 423.9, 458.64, 1.38655e-06
FILLER_114_739, 423.9, 458.64, 1.38655e-06
_06453_, 426.6, 458.64, 1.38682e-06
TAP_1773, 426.6, 458.64, 1.38682e-06
_06486_, 429.3, 458.64, 1.38702e-06
FILLER_113_751, 429.3, 458.64, 1.38702e-06
_06488_, 434.7, 458.64, 1.38727e-06
_06588_, 434.7, 458.64, 1.38727e-06
FILLER_113_759, 434.7, 458.64, 1.38727e-06
FILLER_113_765, 437.4, 458.64, 1.3873e-06
FILLER_114_764, 437.4, 458.64, 1.3873e-06
_06369_, 440.1, 458.64, 1.38728e-06
_06394_, 440.1, 458.64, 1.38728e-06
_06372_, 442.8, 458.64, 1.38712e-06
FILLER_113_771, 442.8, 458.64, 1.38712e-06
_06376_, 448.2, 458.64, 1.38665e-06
TAP_1760, 448.2, 458.64, 1.38665e-06
_06396_, 453.6, 458.64, 1.386e-06
_06375_, 456.3, 458.64, 1.38561e-06
FILLER_113_800, 459, 458.64, 1.38518e-06
FILLER_114_803, 459, 458.64, 1.38518e-06
FILLER_113_808, 461.7, 458.64, 1.38471e-06
_06541_, 464.4, 458.64, 1.38489e-06
FILLER_114_811, 464.4, 458.64, 1.38489e-06
_06434_, 467.1, 458.64, 1.38501e-06
TAP_1774, 467.1, 458.64, 1.38501e-06
FILLER_113_818, 467.1, 458.64, 1.38501e-06
FILLER_114_815, 467.1, 458.64, 1.38501e-06
FILLER_113_822, 469.8, 458.64, 1.38503e-06
_06528_, 472.5, 458.64, 1.38503e-06
FILLER_113_824, 472.5, 458.64, 1.38503e-06
FILLER_114_824, 472.5, 458.64, 1.38503e-06
FILLER_114_828, 472.5, 458.64, 1.38503e-06
_06527_, 475.2, 458.64, 1.38485e-06
FILLER_114_838, 480.6, 458.64, 1.3844e-06
TAP_1761, 486, 458.64, 1.38391e-06
FILLER_113_848, 486, 458.64, 1.38391e-06
FILLER_113_854, 488.7, 458.64, 1.38362e-06
FILLER_114_854, 488.7, 458.64, 1.38362e-06
FILLER_113_870, 496.8, 458.64, 1.38264e-06
FILLER_114_870, 496.8, 458.64, 1.38264e-06
FILLER_113_886, 504.9, 458.64, 1.38227e-06
FILLER_114_886, 504.9, 458.64, 1.38227e-06
TAP_1775, 507.6, 458.64, 1.38259e-06
FILLER_114_889, 507.6, 458.64, 1.38259e-06
FILLER_113_902, 515.7, 458.64, 1.38344e-06
FILLER_114_905, 515.7, 458.64, 1.38344e-06
FILLER_113_918, 523.8, 458.64, 1.38417e-06
TAP_1762, 526.5, 458.64, 1.38439e-06
FILLER_113_922, 526.5, 458.64, 1.38439e-06
FILLER_114_921, 526.5, 458.64, 1.38439e-06
FILLER_113_925, 529.2, 458.64, 1.38456e-06
FILLER_114_937, 534.6, 458.64, 1.38484e-06
PHY_227, 537.3, 458.64, 1.38496e-06
PHY_229, 537.3, 458.64, 1.38496e-06
FILLER_113_941, 537.3, 458.64, 1.38496e-06
FILLER_113_943, 537.3, 458.64, 1.38496e-06
FILLER_114_941, 537.3, 458.64, 1.38496e-06
FILLER_114_943, 537.3, 458.64, 1.38496e-06
PHY_222, 10.8, 450.8, 1.32463e-06
PHY_224, 10.8, 450.8, 1.32463e-06
FILLER_111_2, 10.8, 450.8, 1.32463e-06
FILLER_112_2, 10.8, 450.8, 1.32463e-06
_10027_, 13.5, 450.8, 1.32455e-06
_10040_, 13.5, 450.8, 1.32455e-06
FILLER_111_6, 13.5, 450.8, 1.32455e-06
FILLER_112_6, 13.5, 450.8, 1.32455e-06
FILLER_111_12, 16.2, 450.8, 1.32438e-06
FILLER_112_12, 16.2, 450.8, 1.32438e-06
FILLER_111_28, 27, 450.8, 1.32478e-06
FILLER_112_28, 27, 450.8, 1.32478e-06
FILLER_112_32, 27, 450.8, 1.32478e-06
TAP_1737, 29.7, 450.8, 1.32511e-06
FILLER_112_34, 29.7, 450.8, 1.32511e-06
FILLER_112_37, 29.7, 450.8, 1.32511e-06
FILLER_111_44, 35.1, 450.8, 1.32567e-06
FILLER_112_53, 40.5, 450.8, 1.32618e-06
FILLER_111_60, 43.2, 450.8, 1.32641e-06
TAP_1724, 48.6, 450.8, 1.32685e-06
FILLER_111_68, 48.6, 450.8, 1.32685e-06
FILLER_111_70, 48.6, 450.8, 1.32685e-06
FILLER_112_69, 48.6, 450.8, 1.32685e-06
FILLER_111_73, 51.3, 450.8, 1.32698e-06
FILLER_112_85, 56.7, 450.8, 1.32721e-06
FILLER_111_89, 59.4, 450.8, 1.3273e-06
FILLER_112_101, 67.5, 450.8, 1.32841e-06
TAP_1738, 70.2, 450.8, 1.3289e-06
FILLER_111_105, 70.2, 450.8, 1.3289e-06
FILLER_112_105, 70.2, 450.8, 1.3289e-06
FILLER_112_108, 70.2, 450.8, 1.3289e-06
FILLER_111_121, 78.3, 450.8, 1.33015e-06
FILLER_112_124, 78.3, 450.8, 1.33015e-06
FILLER_111_137, 86.4, 450.8, 1.33127e-06
TAP_1725, 89.1, 450.8, 1.33162e-06
FILLER_111_141, 89.1, 450.8, 1.33162e-06
FILLER_112_140, 89.1, 450.8, 1.33162e-06
FILLER_111_144, 91.8, 450.8, 1.33192e-06
FILLER_112_156, 97.2, 450.8, 1.33246e-06
FILLER_111_160, 99.9, 450.8, 1.33271e-06
FILLER_112_172, 105.3, 450.8, 1.33393e-06
TAP_1739, 108, 450.8, 1.33452e-06
FILLER_111_176, 108, 450.8, 1.33452e-06
FILLER_112_176, 108, 450.8, 1.33452e-06
FILLER_112_179, 110.7, 450.8, 1.33504e-06
FILLER_111_192, 118.8, 450.8, 1.33657e-06
FILLER_112_195, 118.8, 450.8, 1.33657e-06
FILLER_111_208, 126.9, 450.8, 1.33796e-06
FILLER_112_211, 126.9, 450.8, 1.33796e-06
TAP_1726, 129.6, 450.8, 1.33839e-06
FILLER_111_212, 129.6, 450.8, 1.33839e-06
FILLER_111_215, 129.6, 450.8, 1.33839e-06
FILLER_112_227, 137.7, 450.8, 1.33948e-06
FILLER_111_231, 140.4, 450.8, 1.33983e-06
FILLER_112_243, 145.8, 450.8, 1.34121e-06
TAP_1740, 148.5, 450.8, 1.34188e-06
FILLER_111_247, 148.5, 450.8, 1.34188e-06
FILLER_112_247, 148.5, 450.8, 1.34188e-06
FILLER_112_250, 151.2, 450.8, 1.34249e-06
FILLER_111_263, 156.6, 450.8, 1.34368e-06
FILLER_112_266, 159.3, 450.8, 1.34425e-06
FILLER_111_279, 167.4, 450.8, 1.3459e-06
FILLER_111_283, 167.4, 450.8, 1.3459e-06
FILLER_112_282, 167.4, 450.8, 1.3459e-06
TAP_1727, 170.1, 450.8, 1.34639e-06
FILLER_111_286, 170.1, 450.8, 1.34639e-06
FILLER_111_302, 178.2, 450.8, 1.34773e-06
FILLER_112_298, 178.2, 450.8, 1.34773e-06
FILLER_112_314, 186.3, 450.8, 1.3498e-06
TAP_1741, 189, 450.8, 1.35061e-06
FILLER_111_318, 189, 450.8, 1.35061e-06
FILLER_112_318, 189, 450.8, 1.35061e-06
FILLER_112_321, 189, 450.8, 1.35061e-06
FILLER_111_334, 197.1, 450.8, 1.35279e-06
FILLER_112_337, 199.8, 450.8, 1.3535e-06
FILLER_111_350, 205.2, 450.8, 1.35488e-06
TAP_1728, 207.9, 450.8, 1.35554e-06
FILLER_111_354, 207.9, 450.8, 1.35554e-06
FILLER_112_353, 207.9, 450.8, 1.35554e-06
_09562_, 210.6, 450.8, 1.35615e-06
_05826_, 216, 450.8, 1.35716e-06
FILLER_112_375, 221.4, 450.8, 1.35809e-06
FILLER_112_379, 221.4, 450.8, 1.35809e-06
_05828_, 224.1, 450.8, 1.35907e-06
FILLER_112_381, 224.1, 450.8, 1.35907e-06
_05808_, 229.5, 450.8, 1.3609e-06
_05809_, 229.5, 450.8, 1.3609e-06
TAP_1742, 229.5, 450.8, 1.3609e-06
_05779_, 234.9, 450.8, 1.36246e-06
_05806_, 237.6, 450.8, 1.36319e-06
_05825_, 237.6, 450.8, 1.36319e-06
FILLER_112_411, 240.3, 450.8, 1.36384e-06
_05725_, 243, 450.8, 1.36447e-06
TAP_1729, 248.4, 450.8, 1.36559e-06
FILLER_112_427, 248.4, 450.8, 1.36559e-06
_05723_, 251.1, 450.8, 1.36611e-06
_05729_, 251.1, 450.8, 1.36611e-06
FILLER_111_428, 251.1, 450.8, 1.36611e-06
FILLER_112_431, 251.1, 450.8, 1.36611e-06
FILLER_112_437, 253.8, 450.8, 1.36649e-06
FILLER_111_441, 256.5, 450.8, 1.36684e-06
_05721_, 259.2, 450.8, 1.36717e-06
FILLER_111_443, 259.2, 450.8, 1.36717e-06
FILLER_112_445, 259.2, 450.8, 1.36717e-06
FILLER_112_447, 259.2, 450.8, 1.36717e-06
_05683_, 261.9, 450.8, 1.36739e-06
_05688_, 261.9, 450.8, 1.36739e-06
_05690_, 264.6, 450.8, 1.36822e-06
TAP_1743, 267.3, 450.8, 1.36901e-06
_05689_, 270, 450.8, 1.36978e-06
_05691_, 270, 450.8, 1.36978e-06
FILLER_111_470, 272.7, 450.8, 1.37044e-06
FILLER_112_471, 272.7, 450.8, 1.37044e-06
_05843_, 275.4, 450.8, 1.37106e-06
FILLER_112_475, 275.4, 450.8, 1.37106e-06
_05842_, 278.1, 450.8, 1.37155e-06
FILLER_111_478, 278.1, 450.8, 1.37155e-06
_05899_, 280.8, 450.8, 1.37197e-06
_05841_, 288.9, 450.8, 1.37301e-06
_05906_, 288.9, 450.8, 1.37301e-06
TAP_1730, 288.9, 450.8, 1.37301e-06
FILLER_111_505, 291.6, 450.8, 1.37318e-06
_05897_, 294.3, 450.8, 1.37333e-06
FILLER_111_507, 294.3, 450.8, 1.37333e-06
_05889_, 302.4, 450.8, 1.37425e-06
_05905_, 302.4, 450.8, 1.37425e-06
FILLER_111_525, 305.1, 450.8, 1.37496e-06
FILLER_112_528, 305.1, 450.8, 1.37496e-06
TAP_1744, 307.8, 450.8, 1.37563e-06
FILLER_111_533, 307.8, 450.8, 1.37563e-06
FILLER_112_534, 307.8, 450.8, 1.37563e-06
_06252_, 310.5, 450.8, 1.37625e-06
_06253_, 310.5, 450.8, 1.37625e-06
_06254_, 315.9, 450.8, 1.3772e-06
FILLER_111_547, 315.9, 450.8, 1.3772e-06
_06293_, 318.6, 450.8, 1.3776e-06
FILLER_111_549, 318.6, 450.8, 1.3776e-06
_06255_, 321.3, 450.8, 1.37794e-06
_06291_, 324, 450.8, 1.37821e-06
FILLER_111_567, 326.7, 450.8, 1.37844e-06
FILLER_112_565, 326.7, 450.8, 1.37844e-06
_06232_, 329.4, 450.8, 1.37863e-06
TAP_1731, 329.4, 450.8, 1.37863e-06
FILLER_111_570, 329.4, 450.8, 1.37863e-06
_06111_, 332.1, 450.8, 1.37874e-06
FILLER_112_575, 332.1, 450.8, 1.37874e-06
FILLER_112_577, 332.1, 450.8, 1.37874e-06
_06260_, 334.8, 450.8, 1.37876e-06
_06261_, 334.8, 450.8, 1.37876e-06
FILLER_112_586, 337.5, 450.8, 1.37867e-06
_06258_, 340.2, 450.8, 1.37856e-06
_06202_, 342.9, 450.8, 1.37919e-06
_06205_, 342.9, 450.8, 1.37919e-06
FILLER_112_594, 342.9, 450.8, 1.37919e-06
_06204_, 345.6, 450.8, 1.37971e-06
_06257_, 348.3, 450.8, 1.38018e-06
TAP_1745, 348.3, 450.8, 1.38018e-06
_06206_, 351, 450.8, 1.38059e-06
_06262_, 351, 450.8, 1.38059e-06
FILLER_112_610, 351, 450.8, 1.38059e-06
_06208_, 356.4, 450.8, 1.38119e-06
FILLER_111_617, 356.4, 450.8, 1.38119e-06
FILLER_111_619, 356.4, 450.8, 1.38119e-06
FILLER_112_620, 356.4, 450.8, 1.38119e-06
FILLER_112_624, 359.1, 450.8, 1.38138e-06
_06207_, 361.8, 450.8, 1.38154e-06
_06209_, 361.8, 450.8, 1.38154e-06
_06250_, 364.5, 450.8, 1.38162e-06
TAP_1732, 367.2, 450.8, 1.38166e-06
FILLER_111_637, 367.2, 450.8, 1.38166e-06
FILLER_112_637, 367.2, 450.8, 1.38166e-06
_06193_, 369.9, 450.8, 1.38164e-06
_06211_, 369.9, 450.8, 1.38164e-06
FILLER_112_641, 369.9, 450.8, 1.38164e-06
FILLER_111_646, 372.6, 450.8, 1.38152e-06
_06190_, 375.3, 450.8, 1.38137e-06
_06192_, 375.3, 450.8, 1.38137e-06
FILLER_111_656, 378, 450.8, 1.38106e-06
_06263_, 380.7, 450.8, 1.38074e-06
_09577_, 386.1, 450.8, 1.38144e-06
_06140_, 388.8, 450.8, 1.3817e-06
TAP_1746, 388.8, 450.8, 1.3817e-06
FILLER_112_682, 391.5, 450.8, 1.3819e-06
_06403_, 402.3, 450.8, 1.38263e-06
FILLER_111_701, 402.3, 450.8, 1.38263e-06
_06364_, 407.7, 450.8, 1.38281e-06
TAP_1733, 407.7, 450.8, 1.38281e-06
FILLER_111_709, 407.7, 450.8, 1.38281e-06
FILLER_112_710, 407.7, 450.8, 1.38281e-06
_06406_, 410.4, 450.8, 1.38281e-06
FILLER_112_714, 410.4, 450.8, 1.38281e-06
FILLER_112_716, 410.4, 450.8, 1.38281e-06
_06366_, 413.1, 450.8, 1.38271e-06
FILLER_111_718, 413.1, 450.8, 1.38271e-06
FILLER_112_725, 415.8, 450.8, 1.38255e-06
_06367_, 418.5, 450.8, 1.38236e-06
_06628_, 421.2, 450.8, 1.38213e-06
FILLER_111_735, 421.2, 450.8, 1.38213e-06
FILLER_112_733, 421.2, 450.8, 1.38213e-06
_06451_, 423.9, 450.8, 1.38255e-06
FILLER_112_737, 423.9, 450.8, 1.38255e-06
FILLER_112_739, 423.9, 450.8, 1.38255e-06
TAP_1747, 426.6, 450.8, 1.38289e-06
FILLER_111_745, 426.6, 450.8, 1.38289e-06
_06452_, 429.3, 450.8, 1.38319e-06
_06630_, 429.3, 450.8, 1.38319e-06
FILLER_112_747, 429.3, 450.8, 1.38319e-06
_06370_, 434.7, 450.8, 1.38353e-06
FILLER_111_757, 434.7, 450.8, 1.38353e-06
FILLER_111_759, 434.7, 450.8, 1.38353e-06
FILLER_112_759, 434.7, 450.8, 1.38353e-06
_06368_, 440.1, 450.8, 1.38368e-06
_06371_, 440.1, 450.8, 1.38368e-06
FILLER_112_767, 440.1, 450.8, 1.38368e-06
FILLER_112_775, 442.8, 450.8, 1.38363e-06
FILLER_111_776, 445.5, 450.8, 1.38357e-06
FILLER_112_779, 445.5, 450.8, 1.38357e-06
_06373_, 448.2, 450.8, 1.38346e-06
TAP_1734, 448.2, 450.8, 1.38346e-06
FILLER_111_780, 448.2, 450.8, 1.38346e-06
FILLER_111_783, 448.2, 450.8, 1.38346e-06
FILLER_112_781, 448.2, 450.8, 1.38346e-06
FILLER_111_787, 450.9, 450.8, 1.38323e-06
FILLER_111_789, 450.9, 450.8, 1.38323e-06
_06537_, 453.6, 450.8, 1.38295e-06
FILLER_112_790, 453.6, 450.8, 1.38295e-06
_06539_, 456.3, 450.8, 1.38262e-06
_06540_, 456.3, 450.8, 1.38262e-06
FILLER_112_798, 456.3, 450.8, 1.38262e-06
_06591_, 459, 450.8, 1.38216e-06
_06593_, 461.7, 450.8, 1.38165e-06
FILLER_111_811, 464.4, 450.8, 1.3819e-06
_06529_, 467.1, 450.8, 1.38212e-06
_06580_, 467.1, 450.8, 1.38212e-06
TAP_1748, 467.1, 450.8, 1.38212e-06
FILLER_111_815, 467.1, 450.8, 1.38212e-06
FILLER_111_821, 469.8, 450.8, 1.38223e-06
FILLER_111_823, 469.8, 450.8, 1.38223e-06
FILLER_112_823, 469.8, 450.8, 1.38223e-06
_06526_, 472.5, 450.8, 1.38227e-06
_06577_, 472.5, 450.8, 1.38227e-06
_06545_, 475.2, 450.8, 1.38223e-06
FILLER_112_833, 477.9, 450.8, 1.38214e-06
FILLER_112_837, 477.9, 450.8, 1.38214e-06
_06542_, 480.6, 450.8, 1.38201e-06
_06594_, 480.6, 450.8, 1.38201e-06
FILLER_111_838, 480.6, 450.8, 1.38201e-06
_09597_, 486, 450.8, 1.38147e-06
TAP_1735, 486, 450.8, 1.38147e-06
_06543_, 488.7, 450.8, 1.38109e-06
_06497_, 494.1, 450.8, 1.38022e-06
FILLER_111_867, 496.8, 450.8, 1.37975e-06
FILLER_112_879, 502.2, 450.8, 1.37877e-06
FILLER_111_883, 504.9, 450.8, 1.3791e-06
TAP_1749, 507.6, 450.8, 1.3794e-06
FILLER_112_889, 507.6, 450.8, 1.3794e-06
FILLER_111_899, 513, 450.8, 1.37993e-06
FILLER_112_905, 515.7, 450.8, 1.38017e-06
FILLER_111_915, 523.8, 450.8, 1.38084e-06
TAP_1736, 526.5, 450.8, 1.38104e-06
FILLER_112_921, 526.5, 450.8, 1.38104e-06
FILLER_111_925, 529.2, 450.8, 1.3812e-06
FILLER_112_937, 534.6, 450.8, 1.38149e-06
PHY_223, 537.3, 450.8, 1.38161e-06
PHY_225, 537.3, 450.8, 1.38161e-06
FILLER_111_941, 537.3, 450.8, 1.38161e-06
FILLER_111_943, 537.3, 450.8, 1.38161e-06
FILLER_112_941, 537.3, 450.8, 1.38161e-06
FILLER_112_943, 537.3, 450.8, 1.38161e-06
PHY_218, 10.8, 442.96, 1.31813e-06
PHY_220, 10.8, 442.96, 1.31813e-06
FILLER_109_2, 10.8, 442.96, 1.31813e-06
FILLER_110_2, 10.8, 442.96, 1.31813e-06
FILLER_109_18, 18.9, 442.96, 1.31789e-06
FILLER_110_18, 18.9, 442.96, 1.31789e-06
TAP_1711, 29.7, 442.96, 1.31896e-06
FILLER_109_34, 29.7, 442.96, 1.31896e-06
FILLER_110_34, 29.7, 442.96, 1.31896e-06
FILLER_110_37, 29.7, 442.96, 1.31896e-06
FILLER_109_50, 37.8, 442.96, 1.31992e-06
FILLER_110_53, 40.5, 442.96, 1.32021e-06
FILLER_109_66, 45.9, 442.96, 1.32077e-06
TAP_1698, 48.6, 442.96, 1.32103e-06
FILLER_109_70, 48.6, 442.96, 1.32103e-06
FILLER_110_69, 48.6, 442.96, 1.32103e-06
FILLER_109_73, 51.3, 442.96, 1.32122e-06
FILLER_110_85, 56.7, 442.96, 1.32158e-06
FILLER_109_89, 59.4, 442.96, 1.32173e-06
FILLER_110_101, 67.5, 442.96, 1.32298e-06
TAP_1712, 70.2, 442.96, 1.32351e-06
FILLER_109_105, 70.2, 442.96, 1.32351e-06
FILLER_110_105, 70.2, 442.96, 1.32351e-06
FILLER_110_108, 70.2, 442.96, 1.32351e-06
FILLER_109_121, 78.3, 442.96, 1.32486e-06
FILLER_110_124, 78.3, 442.96, 1.32486e-06
FILLER_109_137, 86.4, 442.96, 1.3261e-06
TAP_1699, 89.1, 442.96, 1.32649e-06
FILLER_109_141, 89.1, 442.96, 1.32649e-06
FILLER_110_140, 89.1, 442.96, 1.32649e-06
FILLER_109_144, 91.8, 442.96, 1.32682e-06
FILLER_110_156, 97.2, 442.96, 1.32744e-06
FILLER_109_160, 99.9, 442.96, 1.32773e-06
FILLER_110_172, 105.3, 442.96, 1.32903e-06
TAP_1713, 108, 442.96, 1.32966e-06
FILLER_109_176, 108, 442.96, 1.32966e-06
FILLER_110_176, 108, 442.96, 1.32966e-06
FILLER_110_179, 110.7, 442.96, 1.33023e-06
FILLER_109_192, 118.8, 442.96, 1.33188e-06
FILLER_110_195, 118.8, 442.96, 1.33188e-06
FILLER_109_208, 126.9, 442.96, 1.33341e-06
FILLER_110_211, 126.9, 442.96, 1.33341e-06
TAP_1700, 129.6, 442.96, 1.33388e-06
FILLER_109_212, 129.6, 442.96, 1.33388e-06
FILLER_109_215, 129.6, 442.96, 1.33388e-06
FILLER_110_227, 137.7, 442.96, 1.3351e-06
_09929_, 140.4, 442.96, 1.33549e-06
FILLER_109_231, 140.4, 442.96, 1.33549e-06
FILLER_109_233, 140.4, 442.96, 1.33549e-06
FILLER_110_243, 145.8, 442.96, 1.33684e-06
TAP_1714, 148.5, 442.96, 1.3375e-06
FILLER_110_247, 148.5, 442.96, 1.3375e-06
FILLER_110_250, 151.2, 442.96, 1.33812e-06
FILLER_109_263, 156.6, 442.96, 1.33931e-06
FILLER_110_266, 159.3, 442.96, 1.33988e-06
FILLER_109_279, 167.4, 442.96, 1.34155e-06
FILLER_109_283, 167.4, 442.96, 1.34155e-06
FILLER_110_282, 167.4, 442.96, 1.34155e-06
TAP_1701, 170.1, 442.96, 1.34205e-06
FILLER_109_286, 170.1, 442.96, 1.34205e-06
FILLER_109_302, 178.2, 442.96, 1.34341e-06
FILLER_110_298, 178.2, 442.96, 1.34341e-06
FILLER_110_314, 186.3, 442.96, 1.34559e-06
TAP_1715, 189, 442.96, 1.34645e-06
FILLER_109_318, 189, 442.96, 1.34645e-06
FILLER_110_318, 189, 442.96, 1.34645e-06
FILLER_110_321, 189, 442.96, 1.34645e-06
FILLER_109_334, 197.1, 442.96, 1.34879e-06
FILLER_110_337, 199.8, 442.96, 1.34956e-06
FILLER_110_345, 202.5, 442.96, 1.3503e-06
FILLER_109_350, 205.2, 442.96, 1.35102e-06
FILLER_110_349, 205.2, 442.96, 1.35102e-06
_09561_, 207.9, 442.96, 1.3517e-06
TAP_1702, 207.9, 442.96, 1.3517e-06
FILLER_109_354, 207.9, 442.96, 1.3517e-06
FILLER_109_357, 210.6, 442.96, 1.35223e-06
FILLER_109_365, 213.3, 442.96, 1.35275e-06
_05778_, 216, 442.96, 1.35324e-06
FILLER_109_367, 216, 442.96, 1.35324e-06
FILLER_109_374, 218.7, 442.96, 1.35368e-06
_05777_, 221.4, 442.96, 1.3541e-06
_05760_, 224.1, 442.96, 1.35511e-06
FILLER_110_387, 226.8, 442.96, 1.35605e-06
FILLER_110_389, 226.8, 442.96, 1.35605e-06
_05759_, 229.5, 442.96, 1.35695e-06
TAP_1716, 229.5, 442.96, 1.35695e-06
_05776_, 232.2, 442.96, 1.35778e-06
_05824_, 234.9, 442.96, 1.35855e-06
FILLER_109_406, 237.6, 442.96, 1.35928e-06
FILLER_110_408, 237.6, 442.96, 1.35928e-06
_05726_, 240.3, 442.96, 1.35996e-06
_05728_, 240.3, 442.96, 1.35996e-06
FILLER_109_410, 240.3, 442.96, 1.35996e-06
FILLER_109_412, 240.3, 442.96, 1.35996e-06
_05763_, 243, 442.96, 1.36052e-06
_05769_, 243, 442.96, 1.36052e-06
_05724_, 248.4, 442.96, 1.36145e-06
TAP_1703, 248.4, 442.96, 1.36145e-06
_05768_, 251.1, 442.96, 1.36184e-06
_05727_, 253.8, 442.96, 1.36219e-06
FILLER_109_436, 253.8, 442.96, 1.36219e-06
_05692_, 256.5, 442.96, 1.36248e-06
_05722_, 256.5, 442.96, 1.36248e-06
FILLER_110_439, 256.5, 442.96, 1.36248e-06
_05675_, 261.9, 442.96, 1.36268e-06
_05687_, 264.6, 442.96, 1.36348e-06
TAP_1717, 267.3, 442.96, 1.36424e-06
FILLER_109_461, 267.3, 442.96, 1.36424e-06
FILLER_110_459, 267.3, 442.96, 1.36424e-06
_05767_, 270, 442.96, 1.36495e-06
_05810_, 270, 442.96, 1.36495e-06
FILLER_110_463, 270, 442.96, 1.36495e-06
_05766_, 275.4, 442.96, 1.36608e-06
_05750_, 278.1, 442.96, 1.3666e-06
_05837_, 278.1, 442.96, 1.3666e-06
FILLER_109_477, 278.1, 442.96, 1.3666e-06
FILLER_110_478, 278.1, 442.96, 1.3666e-06
_05749_, 283.5, 442.96, 1.36728e-06
TAP_1704, 288.9, 442.96, 1.36775e-06
FILLER_109_499, 288.9, 442.96, 1.36775e-06
_05951_, 291.6, 442.96, 1.36795e-06
FILLER_109_503, 291.6, 442.96, 1.36795e-06
_05898_, 294.3, 442.96, 1.36801e-06
_05896_, 297, 442.96, 1.36804e-06
_05895_, 299.7, 442.96, 1.36802e-06
FILLER_110_524, 302.4, 442.96, 1.36869e-06
FILLER_109_528, 305.1, 442.96, 1.36934e-06
_06294_, 307.8, 442.96, 1.36996e-06
TAP_1718, 307.8, 442.96, 1.36996e-06
FILLER_109_536, 310.5, 442.96, 1.37045e-06
_06295_, 313.2, 442.96, 1.37092e-06
FILLER_109_540, 313.2, 442.96, 1.37092e-06
FILLER_109_542, 313.2, 442.96, 1.37092e-06
_06112_, 321.3, 442.96, 1.372e-06
_06256_, 321.3, 442.96, 1.372e-06
FILLER_109_555, 321.3, 442.96, 1.372e-06
FILLER_109_557, 321.3, 442.96, 1.372e-06
_06109_, 326.7, 442.96, 1.37245e-06
FILLER_110_563, 326.7, 442.96, 1.37245e-06
_06002_, 329.4, 442.96, 1.37261e-06
_06113_, 329.4, 442.96, 1.37261e-06
TAP_1705, 329.4, 442.96, 1.37261e-06
_05998_, 334.8, 442.96, 1.37267e-06
_06259_, 337.5, 442.96, 1.37265e-06
_06005_, 340.2, 442.96, 1.37257e-06
_06071_, 342.9, 442.96, 1.37315e-06
_06154_, 345.6, 442.96, 1.3737e-06
FILLER_109_597, 345.6, 442.96, 1.3737e-06
FILLER_109_599, 345.6, 442.96, 1.3737e-06
FILLER_110_601, 345.6, 442.96, 1.3737e-06
_06203_, 348.3, 442.96, 1.37412e-06
TAP_1719, 348.3, 442.96, 1.37412e-06
_06155_, 351, 442.96, 1.37447e-06
_06153_, 353.7, 442.96, 1.37476e-06
FILLER_109_619, 356.4, 442.96, 1.37502e-06
_06114_, 359.1, 442.96, 1.37525e-06
_09576_, 359.1, 442.96, 1.37525e-06
FILLER_110_621, 359.1, 442.96, 1.37525e-06
_06156_, 364.5, 442.96, 1.37539e-06
TAP_1706, 367.2, 442.96, 1.37541e-06
FILLER_109_641, 369.9, 442.96, 1.3754e-06
_06249_, 372.6, 442.96, 1.37538e-06
_06265_, 375.3, 442.96, 1.37524e-06
FILLER_110_662, 380.7, 442.96, 1.37485e-06
FILLER_109_668, 383.4, 442.96, 1.37534e-06
FILLER_110_670, 386.1, 442.96, 1.3758e-06
_06264_, 388.8, 442.96, 1.37624e-06
TAP_1720, 388.8, 442.96, 1.37624e-06
_06210_, 394.2, 442.96, 1.37698e-06
FILLER_109_684, 394.2, 442.96, 1.37698e-06
FILLER_109_688, 394.2, 442.96, 1.37698e-06
_06365_, 396.9, 442.96, 1.37727e-06
_06606_, 396.9, 442.96, 1.37727e-06
_06623_, 399.6, 442.96, 1.37741e-06
_06622_, 402.3, 442.96, 1.3775e-06
_06363_, 407.7, 442.96, 1.37759e-06
TAP_1707, 407.7, 442.96, 1.37759e-06
FILLER_109_709, 407.7, 442.96, 1.37759e-06
FILLER_109_712, 407.7, 442.96, 1.37759e-06
_06407_, 410.4, 442.96, 1.37751e-06
_06401_, 415.8, 442.96, 1.37721e-06
_06356_, 418.5, 442.96, 1.37702e-06
_06629_, 418.5, 442.96, 1.37702e-06
FILLER_110_730, 418.5, 442.96, 1.37702e-06
_06448_, 421.2, 442.96, 1.37671e-06
FILLER_109_733, 421.2, 442.96, 1.37671e-06
_06449_, 426.6, 442.96, 1.37747e-06
TAP_1721, 426.6, 442.96, 1.37747e-06
_06450_, 429.3, 442.96, 1.37778e-06
_06342_, 432, 442.96, 1.37802e-06
FILLER_109_753, 432, 442.96, 1.37802e-06
FILLER_110_758, 434.7, 442.96, 1.37821e-06
FILLER_110_760, 434.7, 442.96, 1.37821e-06
_06408_, 437.4, 442.96, 1.37835e-06
_06410_, 437.4, 442.96, 1.37835e-06
FILLER_109_761, 437.4, 442.96, 1.37835e-06
FILLER_109_763, 437.4, 442.96, 1.37835e-06
_06378_, 440.1, 442.96, 1.37837e-06
_06411_, 440.1, 442.96, 1.37837e-06
_06377_, 448.2, 442.96, 1.37807e-06
TAP_1708, 448.2, 442.96, 1.37807e-06
FILLER_109_780, 448.2, 442.96, 1.37807e-06
FILLER_109_783, 448.2, 442.96, 1.37807e-06
FILLER_109_787, 450.9, 442.96, 1.37785e-06
FILLER_109_789, 450.9, 442.96, 1.37785e-06
_06538_, 453.6, 442.96, 1.37759e-06
_06590_, 453.6, 442.96, 1.37759e-06
_06592_, 459, 442.96, 1.37683e-06
_06631_, 459, 442.96, 1.37683e-06
FILLER_109_801, 459, 442.96, 1.37683e-06
_06589_, 464.4, 442.96, 1.37662e-06
FILLER_109_810, 464.4, 442.96, 1.37662e-06
_06620_, 467.1, 442.96, 1.37685e-06
TAP_1722, 467.1, 442.96, 1.37685e-06
FILLER_109_814, 467.1, 442.96, 1.37685e-06
FILLER_109_816, 467.1, 442.96, 1.37685e-06
FILLER_110_818, 467.1, 442.96, 1.37685e-06
_06596_, 469.8, 442.96, 1.37689e-06
_06579_, 472.5, 442.96, 1.37687e-06
_06578_, 480.6, 442.96, 1.37647e-06
FILLER_109_845, 483.3, 442.96, 1.3763e-06
_06595_, 486, 442.96, 1.37611e-06
TAP_1709, 486, 442.96, 1.37611e-06
FILLER_109_849, 486, 442.96, 1.37611e-06
FILLER_109_851, 486, 442.96, 1.37611e-06
FILLER_110_850, 486, 442.96, 1.37611e-06
_09598_, 488.7, 442.96, 1.37579e-06
FILLER_110_860, 491.4, 442.96, 1.37538e-06
FILLER_110_876, 499.5, 442.96, 1.37408e-06
FILLER_109_885, 504.9, 442.96, 1.37401e-06
FILLER_110_884, 504.9, 442.96, 1.37401e-06
FILLER_110_886, 504.9, 442.96, 1.37401e-06
TAP_1723, 507.6, 442.96, 1.37434e-06
FILLER_110_889, 507.6, 442.96, 1.37434e-06
FILLER_109_901, 515.7, 442.96, 1.37519e-06
FILLER_110_905, 515.7, 442.96, 1.37519e-06
FILLER_109_917, 523.8, 442.96, 1.37592e-06
TAP_1710, 526.5, 442.96, 1.37614e-06
FILLER_109_921, 526.5, 442.96, 1.37614e-06
FILLER_110_921, 526.5, 442.96, 1.37614e-06
FILLER_109_925, 529.2, 442.96, 1.3763e-06
FILLER_110_937, 534.6, 442.96, 1.37659e-06
PHY_219, 537.3, 442.96, 1.37671e-06
PHY_221, 537.3, 442.96, 1.37671e-06
FILLER_109_941, 537.3, 442.96, 1.37671e-06
FILLER_109_943, 537.3, 442.96, 1.37671e-06
FILLER_110_941, 537.3, 442.96, 1.37671e-06
FILLER_110_943, 537.3, 442.96, 1.37671e-06
PHY_214, 10.8, 435.12, 1.31245e-06
PHY_216, 10.8, 435.12, 1.31245e-06
FILLER_107_2, 10.8, 435.12, 1.31245e-06
FILLER_108_2, 10.8, 435.12, 1.31245e-06
FILLER_107_18, 18.9, 435.12, 1.31221e-06
FILLER_108_18, 18.9, 435.12, 1.31221e-06
TAP_1685, 29.7, 435.12, 1.31334e-06
FILLER_107_34, 29.7, 435.12, 1.31334e-06
FILLER_108_34, 29.7, 435.12, 1.31334e-06
FILLER_108_37, 29.7, 435.12, 1.31334e-06
FILLER_107_50, 37.8, 435.12, 1.31436e-06
FILLER_108_53, 40.5, 435.12, 1.31467e-06
FILLER_107_66, 45.9, 435.12, 1.31527e-06
TAP_1672, 48.6, 435.12, 1.31555e-06
FILLER_107_70, 48.6, 435.12, 1.31555e-06
FILLER_108_69, 48.6, 435.12, 1.31555e-06
FILLER_107_73, 51.3, 435.12, 1.31576e-06
FILLER_108_85, 56.7, 435.12, 1.31616e-06
FILLER_107_89, 59.4, 435.12, 1.31633e-06
FILLER_108_101, 67.5, 435.12, 1.31769e-06
TAP_1686, 70.2, 435.12, 1.31827e-06
FILLER_107_105, 70.2, 435.12, 1.31827e-06
FILLER_108_105, 70.2, 435.12, 1.31827e-06
FILLER_108_108, 70.2, 435.12, 1.31827e-06
FILLER_107_121, 78.3, 435.12, 1.31976e-06
FILLER_108_124, 78.3, 435.12, 1.31976e-06
FILLER_107_137, 86.4, 435.12, 1.32114e-06
TAP_1673, 89.1, 435.12, 1.32157e-06
FILLER_107_141, 89.1, 435.12, 1.32157e-06
FILLER_108_140, 89.1, 435.12, 1.32157e-06
FILLER_107_144, 91.8, 435.12, 1.32195e-06
FILLER_108_156, 97.2, 435.12, 1.32266e-06
FILLER_107_160, 99.9, 435.12, 1.323e-06
FILLER_108_172, 105.3, 435.12, 1.32453e-06
TAP_1687, 108, 435.12, 1.32527e-06
FILLER_107_176, 108, 435.12, 1.32527e-06
FILLER_108_176, 108, 435.12, 1.32527e-06
FILLER_108_179, 110.7, 435.12, 1.32596e-06
_09181_, 118.8, 435.12, 1.32794e-06
FILLER_107_192, 118.8, 435.12, 1.32794e-06
FILLER_108_195, 118.8, 435.12, 1.32794e-06
FILLER_107_204, 124.2, 435.12, 1.32909e-06
FILLER_108_211, 126.9, 435.12, 1.32964e-06
_09927_, 129.6, 435.12, 1.33017e-06
TAP_1674, 129.6, 435.12, 1.33017e-06
FILLER_107_212, 129.6, 435.12, 1.33017e-06
FILLER_108_227, 137.7, 435.12, 1.33139e-06
FILLER_107_244, 145.8, 435.12, 1.33366e-06
FILLER_108_243, 145.8, 435.12, 1.33366e-06
_09186_, 148.5, 435.12, 1.33456e-06
TAP_1688, 148.5, 435.12, 1.33456e-06
FILLER_108_247, 148.5, 435.12, 1.33456e-06
_09185_, 151.2, 435.12, 1.33537e-06
FILLER_108_250, 151.2, 435.12, 1.33537e-06
FILLER_107_256, 153.9, 435.12, 1.33611e-06
_09191_, 156.6, 435.12, 1.33683e-06
_09930_, 156.6, 435.12, 1.33683e-06
FILLER_107_260, 156.6, 435.12, 1.33683e-06
_09190_, 162, 435.12, 1.33795e-06
FILLER_107_277, 164.7, 435.12, 1.33846e-06
FILLER_107_281, 167.4, 435.12, 1.33895e-06
FILLER_107_283, 167.4, 435.12, 1.33895e-06
_09247_, 170.1, 435.12, 1.33941e-06
TAP_1675, 170.1, 435.12, 1.33941e-06
FILLER_107_286, 170.1, 435.12, 1.33941e-06
_09248_, 172.8, 435.12, 1.33976e-06
_09955_, 175.5, 435.12, 1.34007e-06
FILLER_108_297, 175.5, 435.12, 1.34007e-06
FILLER_108_313, 186.3, 435.12, 1.34218e-06
FILLER_108_317, 186.3, 435.12, 1.34218e-06
TAP_1689, 189, 435.12, 1.34299e-06
FILLER_108_321, 189, 435.12, 1.34299e-06
_09953_, 191.7, 435.12, 1.34376e-06
FILLER_107_325, 191.7, 435.12, 1.34376e-06
FILLER_108_325, 191.7, 435.12, 1.34376e-06
_09252_, 194.4, 435.12, 1.34441e-06
FILLER_108_335, 197.1, 435.12, 1.345e-06
_09249_, 202.5, 435.12, 1.34615e-06
FILLER_108_343, 202.5, 435.12, 1.34615e-06
TAP_1676, 207.9, 435.12, 1.34716e-06
FILLER_108_353, 207.9, 435.12, 1.34716e-06
_09250_, 210.6, 435.12, 1.34762e-06
FILLER_107_365, 213.3, 435.12, 1.34803e-06
FILLER_108_369, 216, 435.12, 1.34842e-06
FILLER_107_373, 218.7, 435.12, 1.34879e-06
_05703_, 221.4, 435.12, 1.34914e-06
_05738_, 221.4, 435.12, 1.34914e-06
_05719_, 224.1, 435.12, 1.35012e-06
_05761_, 224.1, 435.12, 1.35012e-06
FILLER_107_380, 224.1, 435.12, 1.35012e-06
_05718_, 226.8, 435.12, 1.35099e-06
_05762_, 229.5, 435.12, 1.3518e-06
TAP_1690, 229.5, 435.12, 1.3518e-06
_05717_, 232.2, 435.12, 1.35251e-06
_05736_, 234.9, 435.12, 1.35319e-06
_05735_, 237.6, 435.12, 1.35381e-06
FILLER_108_404, 237.6, 435.12, 1.35381e-06
_05734_, 243, 435.12, 1.3549e-06
_05775_, 243, 435.12, 1.3549e-06
FILLER_107_415, 243, 435.12, 1.3549e-06
FILLER_107_417, 243, 435.12, 1.3549e-06
_05731_, 248.4, 435.12, 1.35569e-06
TAP_1677, 248.4, 435.12, 1.35569e-06
_05730_, 251.1, 435.12, 1.35601e-06
FILLER_107_428, 251.1, 435.12, 1.35601e-06
_05654_, 253.8, 435.12, 1.35626e-06
FILLER_108_435, 253.8, 435.12, 1.35626e-06
_05696_, 256.5, 435.12, 1.35645e-06
FILLER_108_442, 256.5, 435.12, 1.35645e-06
_05811_, 259.2, 435.12, 1.35656e-06
FILLER_107_446, 259.2, 435.12, 1.35656e-06
_05693_, 261.9, 435.12, 1.35661e-06
FILLER_107_450, 261.9, 435.12, 1.35661e-06
FILLER_108_455, 264.6, 435.12, 1.35732e-06
_05694_, 267.3, 435.12, 1.358e-06
TAP_1691, 267.3, 435.12, 1.358e-06
FILLER_108_459, 267.3, 435.12, 1.358e-06
_05684_, 270, 435.12, 1.35859e-06
_05764_, 272.7, 435.12, 1.35915e-06
_05765_, 272.7, 435.12, 1.35915e-06
FILLER_107_467, 272.7, 435.12, 1.35915e-06
FILLER_107_480, 278.1, 435.12, 1.35995e-06
FILLER_108_481, 278.1, 435.12, 1.35995e-06
FILLER_108_489, 283.5, 435.12, 1.36067e-06
_05748_, 286.2, 435.12, 1.36101e-06
_05839_, 288.9, 435.12, 1.3612e-06
TAP_1678, 288.9, 435.12, 1.3612e-06
FILLER_107_496, 288.9, 435.12, 1.3612e-06
_05949_, 299.7, 435.12, 1.36141e-06
FILLER_107_517, 299.7, 435.12, 1.36141e-06
FILLER_107_519, 299.7, 435.12, 1.36141e-06
_09580_, 302.4, 435.12, 1.36206e-06
FILLER_108_523, 302.4, 435.12, 1.36206e-06
TAP_1692, 307.8, 435.12, 1.36313e-06
FILLER_108_531, 307.8, 435.12, 1.36313e-06
FILLER_108_534, 307.8, 435.12, 1.36313e-06
FILLER_108_542, 313.2, 435.12, 1.36408e-06
_05999_, 315.9, 435.12, 1.36453e-06
FILLER_108_546, 315.9, 435.12, 1.36453e-06
_05980_, 318.6, 435.12, 1.36493e-06
_05993_, 321.3, 435.12, 1.36529e-06
_06152_, 321.3, 435.12, 1.36529e-06
_06003_, 329.4, 435.12, 1.36595e-06
_06296_, 329.4, 435.12, 1.36595e-06
TAP_1679, 329.4, 435.12, 1.36595e-06
_05982_, 332.1, 435.12, 1.36601e-06
_06004_, 342.9, 435.12, 1.36658e-06
_06006_, 342.9, 435.12, 1.36658e-06
FILLER_108_601, 345.6, 435.12, 1.36714e-06
_06072_, 348.3, 435.12, 1.36769e-06
_06073_, 348.3, 435.12, 1.36769e-06
TAP_1693, 348.3, 435.12, 1.36769e-06
_06068_, 353.7, 435.12, 1.36849e-06
_06069_, 353.7, 435.12, 1.36849e-06
_06157_, 359.1, 435.12, 1.36913e-06
_06300_, 359.1, 435.12, 1.36913e-06
FILLER_107_621, 359.1, 435.12, 1.36913e-06
FILLER_107_623, 359.1, 435.12, 1.36913e-06
FILLER_108_621, 359.1, 435.12, 1.36913e-06
_06144_, 364.5, 435.12, 1.36947e-06
_06289_, 364.5, 435.12, 1.36947e-06
FILLER_107_631, 364.5, 435.12, 1.36947e-06
_06248_, 367.2, 435.12, 1.36955e-06
TAP_1680, 367.2, 435.12, 1.36955e-06
FILLER_108_636, 367.2, 435.12, 1.36955e-06
FILLER_108_638, 367.2, 435.12, 1.36955e-06
_06290_, 369.9, 435.12, 1.36952e-06
_06143_, 372.6, 435.12, 1.36945e-06
_06247_, 372.6, 435.12, 1.36945e-06
FILLER_108_655, 378, 435.12, 1.36898e-06
FILLER_108_663, 380.7, 435.12, 1.36873e-06
_06118_, 383.4, 435.12, 1.36916e-06
_09575_, 383.4, 435.12, 1.36916e-06
FILLER_108_667, 383.4, 435.12, 1.36916e-06
_06159_, 388.8, 435.12, 1.36973e-06
TAP_1694, 388.8, 435.12, 1.36973e-06
FILLER_108_684, 394.2, 435.12, 1.37016e-06
_06638_, 402.3, 435.12, 1.37075e-06
FILLER_107_700, 402.3, 435.12, 1.37075e-06
FILLER_108_700, 402.3, 435.12, 1.37075e-06
TAP_1681, 407.7, 435.12, 1.37095e-06
FILLER_107_712, 407.7, 435.12, 1.37095e-06
FILLER_108_708, 407.7, 435.12, 1.37095e-06
FILLER_108_712, 407.7, 435.12, 1.37095e-06
_06360_, 410.4, 435.12, 1.37097e-06
_06361_, 410.4, 435.12, 1.37097e-06
FILLER_108_714, 410.4, 435.12, 1.37097e-06
_06337_, 413.1, 435.12, 1.37087e-06
FILLER_107_721, 413.1, 435.12, 1.37087e-06
_06341_, 415.8, 435.12, 1.37069e-06
FILLER_108_724, 415.8, 435.12, 1.37069e-06
_06333_, 418.5, 435.12, 1.37046e-06
_06340_, 418.5, 435.12, 1.37046e-06
_06332_, 421.2, 435.12, 1.37014e-06
_06348_, 423.9, 435.12, 1.37048e-06
TAP_1695, 426.6, 435.12, 1.37073e-06
_06344_, 429.3, 435.12, 1.37096e-06
_06338_, 434.7, 435.12, 1.37132e-06
_06343_, 434.7, 435.12, 1.37132e-06
FILLER_108_757, 434.7, 435.12, 1.37132e-06
_06339_, 437.4, 435.12, 1.37138e-06
_06413_, 440.1, 435.12, 1.37138e-06
_06412_, 442.8, 435.12, 1.37132e-06
FILLER_108_773, 442.8, 435.12, 1.37132e-06
_06490_, 448.2, 435.12, 1.37104e-06
TAP_1682, 448.2, 435.12, 1.37104e-06
_06491_, 450.9, 435.12, 1.37084e-06
_06493_, 450.9, 435.12, 1.37084e-06
_06489_, 453.6, 435.12, 1.37054e-06
FILLER_108_790, 453.6, 435.12, 1.37054e-06
FILLER_108_792, 453.6, 435.12, 1.37054e-06
_06494_, 456.3, 435.12, 1.37017e-06
FILLER_107_799, 456.3, 435.12, 1.37017e-06
_06480_, 464.4, 435.12, 1.36951e-06
FILLER_108_809, 464.4, 435.12, 1.36951e-06
_06632_, 467.1, 435.12, 1.36971e-06
TAP_1696, 467.1, 435.12, 1.36971e-06
FILLER_107_815, 467.1, 435.12, 1.36971e-06
_04824_, 469.8, 435.12, 1.36981e-06
FILLER_107_819, 469.8, 435.12, 1.36981e-06
FILLER_107_825, 472.5, 435.12, 1.36985e-06
_04825_, 475.2, 435.12, 1.36988e-06
FILLER_108_829, 475.2, 435.12, 1.36988e-06
_06454_, 477.9, 435.12, 1.36984e-06
_06621_, 477.9, 435.12, 1.36984e-06
FILLER_108_842, 480.6, 435.12, 1.36971e-06
FILLER_107_843, 483.3, 435.12, 1.36955e-06
TAP_1683, 486, 435.12, 1.36938e-06
FILLER_107_851, 486, 435.12, 1.36938e-06
FILLER_108_850, 486, 435.12, 1.36938e-06
_06455_, 488.7, 435.12, 1.36914e-06
_06544_, 488.7, 435.12, 1.36914e-06
FILLER_108_854, 488.7, 435.12, 1.36914e-06
FILLER_108_860, 491.4, 435.12, 1.3688e-06
FILLER_107_862, 494.1, 435.12, 1.36843e-06
FILLER_108_876, 499.5, 435.12, 1.36766e-06
FILLER_107_878, 502.2, 435.12, 1.36726e-06
FILLER_108_884, 504.9, 435.12, 1.36764e-06
FILLER_108_886, 504.9, 435.12, 1.36764e-06
TAP_1697, 507.6, 435.12, 1.36799e-06
FILLER_108_889, 507.6, 435.12, 1.36799e-06
FILLER_107_894, 510.3, 435.12, 1.36829e-06
FILLER_108_905, 515.7, 435.12, 1.36886e-06
FILLER_107_910, 518.4, 435.12, 1.36912e-06
FILLER_107_918, 523.8, 435.12, 1.36961e-06
TAP_1684, 526.5, 435.12, 1.36983e-06
FILLER_107_922, 526.5, 435.12, 1.36983e-06
FILLER_108_921, 526.5, 435.12, 1.36983e-06
FILLER_107_925, 529.2, 435.12, 1.36999e-06
FILLER_108_937, 534.6, 435.12, 1.37028e-06
PHY_215, 537.3, 435.12, 1.3704e-06
PHY_217, 537.3, 435.12, 1.3704e-06
FILLER_107_941, 537.3, 435.12, 1.3704e-06
FILLER_107_943, 537.3, 435.12, 1.3704e-06
FILLER_108_941, 537.3, 435.12, 1.3704e-06
FILLER_108_943, 537.3, 435.12, 1.3704e-06
PHY_210, 10.8, 427.28, 1.30617e-06
PHY_212, 10.8, 427.28, 1.30617e-06
FILLER_105_2, 10.8, 427.28, 1.30617e-06
FILLER_106_2, 10.8, 427.28, 1.30617e-06
FILLER_105_18, 18.9, 427.28, 1.30593e-06
FILLER_106_18, 18.9, 427.28, 1.30593e-06
TAP_1659, 29.7, 427.28, 1.30712e-06
FILLER_105_34, 29.7, 427.28, 1.30712e-06
FILLER_106_34, 29.7, 427.28, 1.30712e-06
FILLER_106_37, 29.7, 427.28, 1.30712e-06
FILLER_105_50, 37.8, 427.28, 1.30819e-06
FILLER_106_53, 40.5, 427.28, 1.30853e-06
FILLER_105_66, 45.9, 427.28, 1.30916e-06
TAP_1646, 48.6, 427.28, 1.30946e-06
FILLER_105_70, 48.6, 427.28, 1.30946e-06
FILLER_106_69, 48.6, 427.28, 1.30946e-06
FILLER_105_73, 51.3, 427.28, 1.3097e-06
FILLER_106_85, 56.7, 427.28, 1.31013e-06
FILLER_105_89, 59.4, 427.28, 1.31032e-06
FILLER_106_101, 67.5, 427.28, 1.31177e-06
TAP_1660, 70.2, 427.28, 1.31238e-06
FILLER_105_105, 70.2, 427.28, 1.31238e-06
FILLER_106_105, 70.2, 427.28, 1.31238e-06
FILLER_106_108, 70.2, 427.28, 1.31238e-06
FILLER_105_121, 78.3, 427.28, 1.31398e-06
FILLER_106_124, 78.3, 427.28, 1.31398e-06
FILLER_105_137, 86.4, 427.28, 1.31546e-06
TAP_1647, 89.1, 427.28, 1.31593e-06
FILLER_105_141, 89.1, 427.28, 1.31593e-06
FILLER_106_140, 89.1, 427.28, 1.31593e-06
FILLER_105_144, 91.8, 427.28, 1.31635e-06
FILLER_106_156, 97.2, 427.28, 1.31713e-06
FILLER_105_160, 99.9, 427.28, 1.3175e-06
FILLER_106_172, 105.3, 427.28, 1.31918e-06
TAP_1661, 108, 427.28, 1.32e-06
FILLER_105_176, 108, 427.28, 1.32e-06
FILLER_106_176, 108, 427.28, 1.32e-06
FILLER_106_179, 110.7, 427.28, 1.32076e-06
_09928_, 116.1, 427.28, 1.32223e-06
FILLER_105_192, 118.8, 427.28, 1.32289e-06
FILLER_105_200, 121.5, 427.28, 1.32353e-06
_09180_, 124.2, 427.28, 1.32414e-06
FILLER_105_202, 124.2, 427.28, 1.32414e-06
FILLER_105_211, 126.9, 427.28, 1.32468e-06
TAP_1648, 129.6, 427.28, 1.32521e-06
FILLER_105_215, 129.6, 427.28, 1.32521e-06
_05180_, 132.3, 427.28, 1.32569e-06
_09179_, 132.3, 427.28, 1.32569e-06
FILLER_106_216, 132.3, 427.28, 1.32569e-06
_05179_, 137.7, 427.28, 1.32642e-06
_09178_, 137.7, 427.28, 1.32642e-06
_09931_, 140.4, 427.28, 1.3267e-06
FILLER_105_233, 140.4, 427.28, 1.3267e-06
FILLER_106_234, 140.4, 427.28, 1.3267e-06
FILLER_106_242, 145.8, 427.28, 1.32826e-06
TAP_1662, 148.5, 427.28, 1.32902e-06
FILLER_106_246, 148.5, 427.28, 1.32902e-06
_09196_, 151.2, 427.28, 1.32974e-06
FILLER_106_250, 151.2, 427.28, 1.32974e-06
_09195_, 153.9, 427.28, 1.33039e-06
FILLER_105_264, 156.6, 427.28, 1.33098e-06
_05178_, 159.3, 427.28, 1.33156e-06
FILLER_106_273, 162, 427.28, 1.3321e-06
_09952_, 164.7, 427.28, 1.33262e-06
FILLER_105_280, 167.4, 427.28, 1.33305e-06
_09232_, 170.1, 427.28, 1.33347e-06
TAP_1649, 170.1, 427.28, 1.33347e-06
_09145_, 175.5, 427.28, 1.33416e-06
_09144_, 178.2, 427.28, 1.33447e-06
_09254_, 180.9, 427.28, 1.33474e-06
FILLER_105_305, 180.9, 427.28, 1.33474e-06
_09253_, 183.6, 427.28, 1.33561e-06
_09156_, 186.3, 427.28, 1.33643e-06
FILLER_105_313, 186.3, 427.28, 1.33643e-06
_09954_, 189, 427.28, 1.33719e-06
TAP_1663, 189, 427.28, 1.33719e-06
FILLER_105_322, 191.7, 427.28, 1.33785e-06
_09152_, 194.4, 427.28, 1.33849e-06
FILLER_105_330, 194.4, 427.28, 1.33849e-06
_09251_, 197.1, 427.28, 1.33908e-06
_09153_, 202.5, 427.28, 1.34014e-06
_09148_, 205.2, 427.28, 1.34063e-06
FILLER_106_350, 205.2, 427.28, 1.34063e-06
_09560_, 207.9, 427.28, 1.34107e-06
TAP_1650, 207.9, 427.28, 1.34107e-06
FILLER_105_357, 210.6, 427.28, 1.34138e-06
FILLER_105_365, 213.3, 427.28, 1.34167e-06
FILLER_105_369, 216, 427.28, 1.34194e-06
_05737_, 218.7, 427.28, 1.34219e-06
FILLER_105_379, 221.4, 427.28, 1.34239e-06
_05861_, 224.1, 427.28, 1.34325e-06
_05720_, 229.5, 427.28, 1.34473e-06
TAP_1664, 229.5, 427.28, 1.34473e-06
FILLER_106_392, 229.5, 427.28, 1.34473e-06
FILLER_105_404, 237.6, 427.28, 1.34662e-06
FILLER_106_406, 237.6, 427.28, 1.34662e-06
_05823_, 240.3, 427.28, 1.34721e-06
FILLER_106_410, 240.3, 427.28, 1.34721e-06
_05822_, 243, 427.28, 1.34774e-06
FILLER_106_416, 243, 427.28, 1.34774e-06
FILLER_105_420, 245.7, 427.28, 1.34819e-06
TAP_1651, 248.4, 427.28, 1.34863e-06
FILLER_105_424, 248.4, 427.28, 1.34863e-06
_05732_, 251.1, 427.28, 1.34902e-06
_05733_, 251.1, 427.28, 1.34902e-06
_05695_, 253.8, 427.28, 1.34931e-06
FILLER_105_433, 253.8, 427.28, 1.34931e-06
FILLER_106_438, 256.5, 427.28, 1.34953e-06
FILLER_106_442, 256.5, 427.28, 1.34953e-06
_05697_, 259.2, 427.28, 1.34972e-06
_05699_, 259.2, 427.28, 1.34972e-06
_05812_, 264.6, 427.28, 1.35056e-06
FILLER_105_453, 264.6, 427.28, 1.35056e-06
FILLER_106_454, 264.6, 427.28, 1.35056e-06
TAP_1665, 267.3, 427.28, 1.35126e-06
FILLER_105_461, 267.3, 427.28, 1.35126e-06
_05816_, 270, 427.28, 1.35192e-06
_05817_, 270, 427.28, 1.35192e-06
_05815_, 275.4, 427.28, 1.35297e-06
_05863_, 275.4, 427.28, 1.35297e-06
_05840_, 280.8, 427.28, 1.35382e-06
FILLER_106_483, 280.8, 427.28, 1.35382e-06
_05900_, 283.5, 427.28, 1.35419e-06
_05902_, 283.5, 427.28, 1.35419e-06
FILLER_106_487, 283.5, 427.28, 1.35419e-06
FILLER_106_489, 283.5, 427.28, 1.35419e-06
_05948_, 288.9, 427.28, 1.35465e-06
_05950_, 288.9, 427.28, 1.35465e-06
TAP_1652, 288.9, 427.28, 1.35465e-06
_05838_, 294.3, 427.28, 1.35473e-06
_05901_, 297, 427.28, 1.35474e-06
FILLER_106_519, 299.7, 427.28, 1.35471e-06
FILLER_105_522, 302.4, 427.28, 1.35534e-06
_09579_, 305.1, 427.28, 1.35595e-06
FILLER_106_527, 305.1, 427.28, 1.35595e-06
_06307_, 307.8, 427.28, 1.35645e-06
TAP_1666, 307.8, 427.28, 1.35645e-06
FILLER_106_531, 307.8, 427.28, 1.35645e-06
_04830_, 313.2, 427.28, 1.35726e-06
FILLER_106_542, 313.2, 427.28, 1.35726e-06
_04831_, 318.6, 427.28, 1.35796e-06
_05979_, 321.3, 427.28, 1.35825e-06
_05997_, 321.3, 427.28, 1.35825e-06
FILLER_105_557, 321.3, 427.28, 1.35825e-06
_06001_, 326.7, 427.28, 1.35859e-06
_06000_, 329.4, 427.28, 1.35865e-06
TAP_1653, 329.4, 427.28, 1.35865e-06
_06026_, 342.9, 427.28, 1.35901e-06
_06299_, 342.9, 427.28, 1.35901e-06
TAP_1667, 348.3, 427.28, 1.35991e-06
FILLER_106_605, 348.3, 427.28, 1.35991e-06
_06070_, 351, 427.28, 1.36032e-06
_06292_, 351, 427.28, 1.36032e-06
FILLER_106_609, 351, 427.28, 1.36032e-06
_06074_, 353.7, 427.28, 1.36062e-06
FILLER_106_620, 356.4, 427.28, 1.36086e-06
FILLER_105_625, 359.1, 427.28, 1.36108e-06
FILLER_106_628, 361.8, 427.28, 1.36129e-06
FILLER_106_630, 361.8, 427.28, 1.36129e-06
_06288_, 364.5, 427.28, 1.36145e-06
_06303_, 364.5, 427.28, 1.36145e-06
TAP_1654, 367.2, 427.28, 1.36145e-06
_09578_, 369.9, 427.28, 1.36144e-06
_06301_, 375.3, 427.28, 1.36124e-06
_06158_, 380.7, 427.28, 1.36091e-06
FILLER_105_672, 386.1, 427.28, 1.36174e-06
_04833_, 388.8, 427.28, 1.36214e-06
TAP_1668, 388.8, 427.28, 1.36214e-06
FILLER_105_688, 394.2, 427.28, 1.36278e-06
FILLER_106_684, 394.2, 427.28, 1.36278e-06
FILLER_106_688, 394.2, 427.28, 1.36278e-06
_06634_, 396.9, 427.28, 1.36304e-06
_09600_, 396.9, 427.28, 1.36304e-06
FILLER_105_692, 396.9, 427.28, 1.36304e-06
_06637_, 402.3, 427.28, 1.36324e-06
TAP_1655, 407.7, 427.28, 1.36334e-06
FILLER_105_709, 407.7, 427.28, 1.36334e-06
FILLER_105_712, 407.7, 427.28, 1.36334e-06
FILLER_105_716, 410.4, 427.28, 1.36332e-06
_04823_, 413.1, 427.28, 1.36329e-06
_06336_, 413.1, 427.28, 1.36329e-06
FILLER_106_720, 413.1, 427.28, 1.36329e-06
FILLER_105_726, 415.8, 427.28, 1.36315e-06
_04821_, 418.5, 427.28, 1.36299e-06
_06331_, 418.5, 427.28, 1.36299e-06
_06330_, 421.2, 427.28, 1.36274e-06
_06345_, 421.2, 427.28, 1.36274e-06
_06349_, 423.9, 427.28, 1.36308e-06
TAP_1669, 426.6, 427.28, 1.36332e-06
_06335_, 429.3, 427.28, 1.36354e-06
_06350_, 437.4, 427.28, 1.36388e-06
_06346_, 442.8, 427.28, 1.36399e-06
_06347_, 442.8, 427.28, 1.36399e-06
FILLER_105_779, 445.5, 427.28, 1.36395e-06
_06382_, 448.2, 427.28, 1.36389e-06
TAP_1656, 448.2, 427.28, 1.36389e-06
FILLER_105_783, 448.2, 427.28, 1.36389e-06
_06399_, 450.9, 427.28, 1.36375e-06
_06492_, 450.9, 427.28, 1.36375e-06
FILLER_106_794, 453.6, 427.28, 1.36344e-06
_06397_, 456.3, 427.28, 1.36312e-06
_06398_, 459, 427.28, 1.36276e-06
_06417_, 461.7, 427.28, 1.36237e-06
FILLER_106_809, 464.4, 427.28, 1.36263e-06
FILLER_106_813, 464.4, 427.28, 1.36263e-06
_06437_, 467.1, 427.28, 1.36285e-06
TAP_1670, 467.1, 427.28, 1.36285e-06
FILLER_105_816, 467.1, 427.28, 1.36285e-06
FILLER_105_818, 467.1, 427.28, 1.36285e-06
FILLER_106_815, 467.1, 427.28, 1.36285e-06
_06436_, 469.8, 427.28, 1.36293e-06
_06456_, 472.5, 427.28, 1.36296e-06
_06438_, 475.2, 427.28, 1.36293e-06
_06495_, 477.9, 427.28, 1.36284e-06
FILLER_105_835, 477.9, 427.28, 1.36284e-06
FILLER_106_842, 480.6, 427.28, 1.36268e-06
_06498_, 483.3, 427.28, 1.36249e-06
_09595_, 483.3, 427.28, 1.36249e-06
TAP_1657, 486, 427.28, 1.36217e-06
_06416_, 488.7, 427.28, 1.36182e-06
FILLER_105_859, 491.4, 427.28, 1.36144e-06
FILLER_105_875, 499.5, 427.28, 1.36023e-06
FILLER_106_877, 502.2, 427.28, 1.35981e-06
FILLER_106_885, 504.9, 427.28, 1.36013e-06
TAP_1671, 507.6, 427.28, 1.36044e-06
FILLER_106_889, 507.6, 427.28, 1.36044e-06
FILLER_105_891, 510.3, 427.28, 1.3607e-06
FILLER_106_905, 515.7, 427.28, 1.36119e-06
FILLER_105_907, 518.4, 427.28, 1.36141e-06
TAP_1658, 526.5, 427.28, 1.36202e-06
FILLER_106_921, 526.5, 427.28, 1.36202e-06
FILLER_105_925, 529.2, 427.28, 1.36218e-06
FILLER_106_937, 534.6, 427.28, 1.36246e-06
PHY_211, 537.3, 427.28, 1.36258e-06
PHY_213, 537.3, 427.28, 1.36258e-06
FILLER_105_941, 537.3, 427.28, 1.36258e-06
FILLER_105_943, 537.3, 427.28, 1.36258e-06
FILLER_106_941, 537.3, 427.28, 1.36258e-06
FILLER_106_943, 537.3, 427.28, 1.36258e-06
PHY_206, 10.8, 419.44, 1.29944e-06
PHY_208, 10.8, 419.44, 1.29944e-06
FILLER_103_2, 10.8, 419.44, 1.29944e-06
FILLER_104_2, 10.8, 419.44, 1.29944e-06
FILLER_103_18, 18.9, 419.44, 1.2992e-06
FILLER_104_18, 18.9, 419.44, 1.2992e-06
TAP_1633, 29.7, 419.44, 1.30042e-06
FILLER_103_34, 29.7, 419.44, 1.30042e-06
FILLER_104_34, 29.7, 419.44, 1.30042e-06
FILLER_104_37, 29.7, 419.44, 1.30042e-06
FILLER_103_50, 37.8, 419.44, 1.30152e-06
FILLER_104_53, 40.5, 419.44, 1.30187e-06
FILLER_103_66, 45.9, 419.44, 1.30252e-06
TAP_1620, 48.6, 419.44, 1.30283e-06
FILLER_103_70, 48.6, 419.44, 1.30283e-06
FILLER_104_69, 48.6, 419.44, 1.30283e-06
FILLER_103_73, 51.3, 419.44, 1.30308e-06
FILLER_104_85, 56.7, 419.44, 1.30353e-06
FILLER_103_89, 59.4, 419.44, 1.30373e-06
FILLER_104_101, 67.5, 419.44, 1.30523e-06
TAP_1634, 70.2, 419.44, 1.30586e-06
FILLER_103_105, 70.2, 419.44, 1.30586e-06
FILLER_104_105, 70.2, 419.44, 1.30586e-06
FILLER_104_108, 70.2, 419.44, 1.30586e-06
FILLER_103_121, 78.3, 419.44, 1.30752e-06
FILLER_104_124, 78.3, 419.44, 1.30752e-06
FILLER_103_137, 86.4, 419.44, 1.30905e-06
TAP_1621, 89.1, 419.44, 1.30955e-06
FILLER_103_141, 89.1, 419.44, 1.30955e-06
FILLER_104_140, 89.1, 419.44, 1.30955e-06
FILLER_103_144, 91.8, 419.44, 1.30998e-06
FILLER_104_156, 97.2, 419.44, 1.3108e-06
FILLER_103_160, 99.9, 419.44, 1.31119e-06
FILLER_104_172, 105.3, 419.44, 1.31295e-06
TAP_1635, 108, 419.44, 1.31381e-06
FILLER_103_176, 108, 419.44, 1.31381e-06
FILLER_104_176, 108, 419.44, 1.31381e-06
_09173_, 110.7, 419.44, 1.31461e-06
_09460_, 110.7, 419.44, 1.31461e-06
FILLER_103_180, 110.7, 419.44, 1.31461e-06
_04714_, 116.1, 419.44, 1.31589e-06
FILLER_103_194, 118.8, 419.44, 1.31651e-06
_05193_, 121.5, 419.44, 1.3171e-06
FILLER_103_198, 121.5, 419.44, 1.3171e-06
_05200_, 124.2, 419.44, 1.31763e-06
_05182_, 126.9, 419.44, 1.31813e-06
_05197_, 129.6, 419.44, 1.31858e-06
TAP_1622, 129.6, 419.44, 1.31858e-06
_05181_, 132.3, 419.44, 1.31897e-06
_04712_, 135, 419.44, 1.31932e-06
FILLER_103_223, 135, 419.44, 1.31932e-06
_04713_, 137.7, 419.44, 1.31962e-06
FILLER_104_230, 137.7, 419.44, 1.31962e-06
_09933_, 140.4, 419.44, 1.31987e-06
FILLER_103_231, 140.4, 419.44, 1.31987e-06
FILLER_103_233, 140.4, 419.44, 1.31987e-06
TAP_1636, 148.5, 419.44, 1.32209e-06
FILLER_104_246, 148.5, 419.44, 1.32209e-06
_05177_, 151.2, 419.44, 1.32278e-06
FILLER_104_250, 151.2, 419.44, 1.32278e-06
_09205_, 156.6, 419.44, 1.324e-06
_09944_, 162, 419.44, 1.32512e-06
FILLER_103_271, 162, 419.44, 1.32512e-06
_09231_, 164.7, 419.44, 1.32558e-06
FILLER_103_275, 164.7, 419.44, 1.32558e-06
_09146_, 170.1, 419.44, 1.32634e-06
TAP_1623, 170.1, 419.44, 1.32634e-06
_09947_, 175.5, 419.44, 1.32695e-06
FILLER_104_301, 178.2, 419.44, 1.32717e-06
FILLER_104_317, 186.3, 419.44, 1.32902e-06
_09237_, 189, 419.44, 1.32982e-06
TAP_1637, 189, 419.44, 1.32982e-06
_09945_, 191.7, 419.44, 1.33055e-06
_09157_, 194.4, 419.44, 1.3312e-06
FILLER_104_335, 197.1, 419.44, 1.33181e-06
FILLER_104_339, 199.8, 419.44, 1.3324e-06
FILLER_104_341, 199.8, 419.44, 1.3324e-06
_09149_, 202.5, 419.44, 1.33295e-06
_09150_, 205.2, 419.44, 1.33346e-06
TAP_1624, 207.9, 419.44, 1.33391e-06
FILLER_103_357, 210.6, 419.44, 1.33434e-06
FILLER_104_359, 210.6, 419.44, 1.33434e-06
_09563_, 213.3, 419.44, 1.33474e-06
FILLER_103_361, 213.3, 419.44, 1.33474e-06
FILLER_104_367, 216, 419.44, 1.335e-06
_05878_, 218.7, 419.44, 1.33525e-06
FILLER_104_371, 218.7, 419.44, 1.33525e-06
FILLER_104_373, 218.7, 419.44, 1.33525e-06
FILLER_104_382, 224.1, 419.44, 1.33625e-06
_05859_, 229.5, 419.44, 1.33788e-06
TAP_1638, 229.5, 419.44, 1.33788e-06
FILLER_104_392, 229.5, 419.44, 1.33788e-06
FILLER_103_399, 232.2, 419.44, 1.33862e-06
_05876_, 234.9, 419.44, 1.33934e-06
_05877_, 234.9, 419.44, 1.33934e-06
_05860_, 237.6, 419.44, 1.33995e-06
_05773_, 240.3, 419.44, 1.34051e-06
_05875_, 240.3, 419.44, 1.34051e-06
FILLER_104_418, 243, 419.44, 1.34098e-06
_05774_, 245.7, 419.44, 1.34142e-06
_05770_, 248.4, 419.44, 1.34182e-06
TAP_1625, 248.4, 419.44, 1.34182e-06
FILLER_104_425, 248.4, 419.44, 1.34182e-06
FILLER_103_428, 251.1, 419.44, 1.34215e-06
FILLER_103_432, 251.1, 419.44, 1.34215e-06
FILLER_104_431, 251.1, 419.44, 1.34215e-06
_05698_, 253.8, 419.44, 1.34242e-06
_05819_, 256.5, 419.44, 1.34263e-06
FILLER_104_439, 256.5, 419.44, 1.34263e-06
_05820_, 259.2, 419.44, 1.34276e-06
_05821_, 261.9, 419.44, 1.34284e-06
FILLER_103_455, 264.6, 419.44, 1.34362e-06
FILLER_104_456, 264.6, 419.44, 1.34362e-06
TAP_1639, 267.3, 419.44, 1.34435e-06
FILLER_104_460, 267.3, 419.44, 1.34435e-06
_05813_, 270, 419.44, 1.34504e-06
_05814_, 270, 419.44, 1.34504e-06
FILLER_103_463, 270, 419.44, 1.34504e-06
FILLER_103_469, 272.7, 419.44, 1.34561e-06
FILLER_103_471, 272.7, 419.44, 1.34561e-06
_05771_, 275.4, 419.44, 1.34613e-06
_05868_, 275.4, 419.44, 1.34613e-06
FILLER_103_480, 278.1, 419.44, 1.34655e-06
_05903_, 283.5, 419.44, 1.34736e-06
FILLER_103_488, 283.5, 419.44, 1.34736e-06
FILLER_103_490, 283.5, 419.44, 1.34736e-06
_05943_, 286.2, 419.44, 1.34761e-06
_05792_, 288.9, 419.44, 1.34782e-06
TAP_1626, 288.9, 419.44, 1.34782e-06
_09382_, 297, 419.44, 1.34808e-06
_09381_, 299.7, 419.44, 1.34811e-06
_06306_, 302.4, 419.44, 1.34886e-06
FILLER_103_523, 302.4, 419.44, 1.34886e-06
FILLER_104_520, 302.4, 419.44, 1.34886e-06
_09380_, 305.1, 419.44, 1.34951e-06
FILLER_103_525, 305.1, 419.44, 1.34951e-06
TAP_1640, 307.8, 419.44, 1.35009e-06
FILLER_104_534, 307.8, 419.44, 1.35009e-06
_06305_, 310.5, 419.44, 1.35063e-06
FILLER_103_536, 310.5, 419.44, 1.35063e-06
FILLER_103_538, 310.5, 419.44, 1.35063e-06
FILLER_104_536, 310.5, 419.44, 1.35063e-06
_06304_, 313.2, 419.44, 1.35105e-06
FILLER_103_547, 315.9, 419.44, 1.35143e-06
FILLER_104_545, 315.9, 419.44, 1.35143e-06
_06309_, 318.6, 419.44, 1.35176e-06
FILLER_103_549, 318.6, 419.44, 1.35176e-06
FILLER_104_553, 318.6, 419.44, 1.35176e-06
_05981_, 321.3, 419.44, 1.352e-06
FILLER_103_558, 321.3, 419.44, 1.352e-06
FILLER_104_557, 321.3, 419.44, 1.352e-06
FILLER_103_562, 324, 419.44, 1.35216e-06
_05994_, 326.7, 419.44, 1.3523e-06
_06027_, 326.7, 419.44, 1.3523e-06
_04829_, 329.4, 419.44, 1.35236e-06
_05996_, 329.4, 419.44, 1.35236e-06
TAP_1627, 329.4, 419.44, 1.35236e-06
_05995_, 334.8, 419.44, 1.35222e-06
_06016_, 334.8, 419.44, 1.35222e-06
_06028_, 334.8, 419.44, 1.35222e-06
_06297_, 340.2, 419.44, 1.3518e-06
_06298_, 342.9, 419.44, 1.35223e-06
_06043_, 345.6, 419.44, 1.35262e-06
TAP_1641, 348.3, 419.44, 1.35296e-06
FILLER_103_605, 348.3, 419.44, 1.35296e-06
FILLER_104_605, 348.3, 419.44, 1.35296e-06
FILLER_104_613, 353.7, 419.44, 1.35353e-06
_06075_, 356.4, 419.44, 1.35379e-06
FILLER_104_617, 356.4, 419.44, 1.35379e-06
_06076_, 359.1, 419.44, 1.35399e-06
FILLER_103_621, 359.1, 419.44, 1.35399e-06
FILLER_103_628, 361.8, 419.44, 1.35412e-06
FILLER_103_630, 361.8, 419.44, 1.35412e-06
FILLER_104_626, 361.8, 419.44, 1.35412e-06
_06115_, 364.5, 419.44, 1.35419e-06
FILLER_104_634, 364.5, 419.44, 1.35419e-06
_06302_, 367.2, 419.44, 1.35421e-06
TAP_1628, 367.2, 419.44, 1.35421e-06
FILLER_103_637, 367.2, 419.44, 1.35421e-06
FILLER_104_636, 367.2, 419.44, 1.35421e-06
FILLER_103_641, 369.9, 419.44, 1.35412e-06
_10004_, 372.6, 419.44, 1.354e-06
FILLER_104_645, 372.6, 419.44, 1.354e-06
FILLER_104_661, 380.7, 419.44, 1.35334e-06
FILLER_104_669, 383.4, 419.44, 1.35373e-06
FILLER_104_673, 386.1, 419.44, 1.35411e-06
_09372_, 388.8, 419.44, 1.35446e-06
_10006_, 388.8, 419.44, 1.35446e-06
TAP_1642, 388.8, 419.44, 1.35446e-06
FILLER_104_682, 391.5, 419.44, 1.35467e-06
_06633_, 394.2, 419.44, 1.35486e-06
FILLER_104_694, 399.6, 419.44, 1.35515e-06
_09602_, 402.3, 419.44, 1.35527e-06
FILLER_103_707, 405, 419.44, 1.3553e-06
TAP_1629, 407.7, 419.44, 1.35531e-06
FILLER_103_709, 407.7, 419.44, 1.35531e-06
FILLER_103_712, 407.7, 419.44, 1.35531e-06
_09601_, 410.4, 419.44, 1.35526e-06
_06636_, 418.5, 419.44, 1.35485e-06
_06334_, 423.9, 419.44, 1.35511e-06
FILLER_104_737, 423.9, 419.44, 1.35511e-06
TAP_1643, 426.6, 419.44, 1.3555e-06
FILLER_103_745, 426.6, 419.44, 1.3555e-06
FILLER_104_744, 426.6, 419.44, 1.3555e-06
_06329_, 429.3, 419.44, 1.35582e-06
_06354_, 429.3, 419.44, 1.35582e-06
FILLER_104_747, 429.3, 419.44, 1.35582e-06
_06351_, 434.7, 419.44, 1.35622e-06
_06353_, 434.7, 419.44, 1.35622e-06
_06352_, 440.1, 419.44, 1.3564e-06
FILLER_104_767, 440.1, 419.44, 1.3564e-06
_06381_, 442.8, 419.44, 1.35642e-06
FILLER_104_771, 442.8, 419.44, 1.35642e-06
FILLER_104_773, 442.8, 419.44, 1.35642e-06
FILLER_103_777, 445.5, 419.44, 1.35633e-06
_06380_, 448.2, 419.44, 1.35621e-06
TAP_1630, 448.2, 419.44, 1.35621e-06
_06386_, 450.9, 419.44, 1.35601e-06
FILLER_104_794, 453.6, 419.44, 1.35576e-06
_06414_, 456.3, 419.44, 1.35549e-06
FILLER_103_795, 456.3, 419.44, 1.35549e-06
FILLER_104_796, 456.3, 419.44, 1.35549e-06
FILLER_103_803, 459, 419.44, 1.35512e-06
_06400_, 461.7, 419.44, 1.35473e-06
_09599_, 461.7, 419.44, 1.35473e-06
FILLER_103_807, 461.7, 419.44, 1.35473e-06
FILLER_104_812, 464.4, 419.44, 1.35488e-06
TAP_1644, 467.1, 419.44, 1.355e-06
FILLER_104_818, 467.1, 419.44, 1.355e-06
_06476_, 469.8, 419.44, 1.35509e-06
_06478_, 472.5, 419.44, 1.35514e-06
_06477_, 480.6, 419.44, 1.35494e-06
_06479_, 483.3, 419.44, 1.35484e-06
_06496_, 486, 419.44, 1.3547e-06
TAP_1631, 486, 419.44, 1.3547e-06
FILLER_103_849, 486, 419.44, 1.3547e-06
FILLER_103_851, 486, 419.44, 1.3547e-06
_04826_, 488.7, 419.44, 1.35443e-06
FILLER_103_860, 491.4, 419.44, 1.35413e-06
FILLER_104_859, 491.4, 419.44, 1.35413e-06
FILLER_103_876, 499.5, 419.44, 1.3531e-06
FILLER_104_875, 499.5, 419.44, 1.3531e-06
FILLER_104_883, 504.9, 419.44, 1.3531e-06
TAP_1645, 507.6, 419.44, 1.35347e-06
FILLER_104_889, 507.6, 419.44, 1.35347e-06
FILLER_103_892, 510.3, 419.44, 1.35379e-06
FILLER_104_905, 515.7, 419.44, 1.3544e-06
FILLER_103_908, 518.4, 419.44, 1.35468e-06
FILLER_103_916, 523.8, 419.44, 1.35521e-06
TAP_1632, 526.5, 419.44, 1.35545e-06
FILLER_103_920, 526.5, 419.44, 1.35545e-06
FILLER_103_922, 526.5, 419.44, 1.35545e-06
FILLER_104_921, 526.5, 419.44, 1.35545e-06
FILLER_103_925, 529.2, 419.44, 1.35561e-06
FILLER_104_937, 534.6, 419.44, 1.3559e-06
PHY_207, 537.3, 419.44, 1.35602e-06
PHY_209, 537.3, 419.44, 1.35602e-06
FILLER_103_941, 537.3, 419.44, 1.35602e-06
FILLER_103_943, 537.3, 419.44, 1.35602e-06
FILLER_104_941, 537.3, 419.44, 1.35602e-06
FILLER_104_943, 537.3, 419.44, 1.35602e-06
PHY_202, 10.8, 411.6, 1.29371e-06
PHY_204, 10.8, 411.6, 1.29371e-06
FILLER_101_2, 10.8, 411.6, 1.29371e-06
FILLER_102_2, 10.8, 411.6, 1.29371e-06
_10032_, 13.5, 411.6, 1.29363e-06
_10033_, 13.5, 411.6, 1.29363e-06
FILLER_101_6, 13.5, 411.6, 1.29363e-06
FILLER_102_6, 13.5, 411.6, 1.29363e-06
FILLER_101_12, 16.2, 411.6, 1.29347e-06
FILLER_102_12, 16.2, 411.6, 1.29347e-06
FILLER_101_28, 27, 411.6, 1.29399e-06
FILLER_102_28, 27, 411.6, 1.29399e-06
FILLER_102_32, 27, 411.6, 1.29399e-06
TAP_1607, 29.7, 411.6, 1.29439e-06
FILLER_102_34, 29.7, 411.6, 1.29439e-06
FILLER_102_37, 29.7, 411.6, 1.29439e-06
FILLER_101_44, 35.1, 411.6, 1.29507e-06
FILLER_102_53, 40.5, 411.6, 1.29571e-06
FILLER_101_60, 43.2, 411.6, 1.29601e-06
TAP_1594, 48.6, 411.6, 1.29658e-06
FILLER_101_68, 48.6, 411.6, 1.29658e-06
FILLER_101_70, 48.6, 411.6, 1.29658e-06
FILLER_102_69, 48.6, 411.6, 1.29658e-06
FILLER_101_73, 51.3, 411.6, 1.29677e-06
FILLER_102_85, 56.7, 411.6, 1.29713e-06
FILLER_101_89, 59.4, 411.6, 1.29729e-06
FILLER_102_101, 67.5, 411.6, 1.29878e-06
TAP_1608, 70.2, 411.6, 1.29943e-06
FILLER_101_105, 70.2, 411.6, 1.29943e-06
FILLER_102_105, 70.2, 411.6, 1.29943e-06
FILLER_102_108, 70.2, 411.6, 1.29943e-06
FILLER_101_121, 78.3, 411.6, 1.30114e-06
FILLER_102_124, 78.3, 411.6, 1.30114e-06
FILLER_101_137, 86.4, 411.6, 1.30274e-06
TAP_1595, 89.1, 411.6, 1.30325e-06
FILLER_101_141, 89.1, 411.6, 1.30325e-06
FILLER_102_140, 89.1, 411.6, 1.30325e-06
FILLER_101_144, 91.8, 411.6, 1.3037e-06
FILLER_101_152, 94.5, 411.6, 1.30413e-06
_09925_, 97.2, 411.6, 1.30454e-06
FILLER_102_156, 97.2, 411.6, 1.30454e-06
_09174_, 102.6, 411.6, 1.30573e-06
FILLER_102_164, 102.6, 411.6, 1.30573e-06
FILLER_102_166, 102.6, 411.6, 1.30573e-06
_04716_, 108, 411.6, 1.30736e-06
TAP_1609, 108, 411.6, 1.30736e-06
_05190_, 110.7, 411.6, 1.30812e-06
FILLER_102_179, 110.7, 411.6, 1.30812e-06
FILLER_102_181, 110.7, 411.6, 1.30812e-06
_09172_, 113.4, 411.6, 1.3088e-06
_09228_, 116.1, 411.6, 1.30938e-06
_09465_, 126.9, 411.6, 1.31134e-06
FILLER_101_211, 126.9, 411.6, 1.31134e-06
_09468_, 129.6, 411.6, 1.31172e-06
TAP_1596, 129.6, 411.6, 1.31172e-06
FILLER_102_239, 143.1, 411.6, 1.31375e-06
_09211_, 145.8, 411.6, 1.31464e-06
FILLER_101_244, 145.8, 411.6, 1.31464e-06
_09932_, 148.5, 411.6, 1.31546e-06
TAP_1610, 148.5, 411.6, 1.31546e-06
_09206_, 151.2, 411.6, 1.31617e-06
FILLER_102_258, 153.9, 411.6, 1.31683e-06
_09201_, 156.6, 411.6, 1.31748e-06
FILLER_102_268, 159.3, 411.6, 1.31807e-06
_09918_, 162, 411.6, 1.31864e-06
FILLER_102_272, 162, 411.6, 1.31864e-06
_09210_, 164.7, 411.6, 1.3191e-06
FILLER_101_283, 167.4, 411.6, 1.31951e-06
_09147_, 170.1, 411.6, 1.3199e-06
TAP_1597, 170.1, 411.6, 1.3199e-06
FILLER_101_292, 172.8, 411.6, 1.32023e-06
_04708_, 175.5, 411.6, 1.32055e-06
_09238_, 180.9, 411.6, 1.32096e-06
FILLER_102_304, 180.9, 411.6, 1.32096e-06
FILLER_102_306, 180.9, 411.6, 1.32096e-06
FILLER_101_311, 183.6, 411.6, 1.32179e-06
_09921_, 186.3, 411.6, 1.3226e-06
FILLER_101_313, 186.3, 411.6, 1.3226e-06
FILLER_102_315, 186.3, 411.6, 1.3226e-06
_09158_, 189, 411.6, 1.32328e-06
TAP_1611, 189, 411.6, 1.32328e-06
_09159_, 197.1, 411.6, 1.32507e-06
_09233_, 199.8, 411.6, 1.32563e-06
_09234_, 202.5, 411.6, 1.32615e-06
_09919_, 202.5, 411.6, 1.32615e-06
TAP_1598, 207.9, 411.6, 1.32689e-06
FILLER_101_353, 207.9, 411.6, 1.32689e-06
_09151_, 210.6, 411.6, 1.32722e-06
_04707_, 213.3, 411.6, 1.32751e-06
FILLER_101_363, 213.3, 411.6, 1.32751e-06
_05827_, 221.4, 411.6, 1.32801e-06
FILLER_101_382, 224.1, 411.6, 1.32885e-06
FILLER_102_382, 224.1, 411.6, 1.32885e-06
_05650_, 226.8, 411.6, 1.32965e-06
FILLER_101_386, 226.8, 411.6, 1.32965e-06
_04840_, 229.5, 411.6, 1.3304e-06
_05880_, 229.5, 411.6, 1.3304e-06
TAP_1612, 229.5, 411.6, 1.3304e-06
FILLER_102_392, 229.5, 411.6, 1.3304e-06
_05862_, 234.9, 411.6, 1.33159e-06
FILLER_101_402, 234.9, 411.6, 1.33159e-06
_05655_, 237.6, 411.6, 1.33212e-06
_05874_, 240.3, 411.6, 1.3326e-06
_05637_, 243, 411.6, 1.33302e-06
_05772_, 243, 411.6, 1.33302e-06
TAP_1599, 248.4, 411.6, 1.33365e-06
FILLER_101_428, 251.1, 411.6, 1.33395e-06
FILLER_101_432, 251.1, 411.6, 1.33395e-06
FILLER_102_430, 251.1, 411.6, 1.33395e-06
_05648_, 253.8, 411.6, 1.33418e-06
_05653_, 253.8, 411.6, 1.33418e-06
_05685_, 259.2, 411.6, 1.33442e-06
_05818_, 259.2, 411.6, 1.33442e-06
FILLER_102_452, 261.9, 411.6, 1.33444e-06
_05686_, 264.6, 411.6, 1.33513e-06
_05869_, 264.6, 411.6, 1.33513e-06
TAP_1613, 267.3, 411.6, 1.33576e-06
FILLER_101_459, 267.3, 411.6, 1.33576e-06
_05870_, 270, 411.6, 1.33634e-06
_05864_, 272.7, 411.6, 1.33687e-06
_05865_, 272.7, 411.6, 1.33687e-06
_05867_, 275.4, 411.6, 1.33729e-06
_05922_, 280.8, 411.6, 1.33801e-06
FILLER_101_484, 280.8, 411.6, 1.33801e-06
FILLER_101_492, 286.2, 411.6, 1.33858e-06
FILLER_102_491, 286.2, 411.6, 1.33858e-06
_05790_, 288.9, 411.6, 1.33882e-06
_10010_, 288.9, 411.6, 1.33882e-06
TAP_1600, 288.9, 411.6, 1.33882e-06
FILLER_101_496, 288.9, 411.6, 1.33882e-06
_10009_, 299.7, 411.6, 1.33891e-06
FILLER_101_517, 299.7, 411.6, 1.33891e-06
FILLER_102_528, 305.1, 411.6, 1.34005e-06
_09379_, 307.8, 411.6, 1.34061e-06
TAP_1614, 307.8, 411.6, 1.34061e-06
_09581_, 313.2, 411.6, 1.3416e-06
FILLER_102_540, 313.2, 411.6, 1.3416e-06
_06308_, 315.9, 411.6, 1.34197e-06
FILLER_101_547, 315.9, 411.6, 1.34197e-06
FILLER_101_556, 321.3, 411.6, 1.34257e-06
_06029_, 324, 411.6, 1.34285e-06
FILLER_101_560, 324, 411.6, 1.34285e-06
FILLER_101_566, 326.7, 411.6, 1.34307e-06
_06033_, 329.4, 411.6, 1.34327e-06
TAP_1601, 329.4, 411.6, 1.34327e-06
FILLER_102_577, 332.1, 411.6, 1.3434e-06
_06032_, 334.8, 411.6, 1.34351e-06
_06034_, 334.8, 411.6, 1.34351e-06
FILLER_101_578, 334.8, 411.6, 1.34351e-06
_06035_, 337.5, 411.6, 1.34352e-06
FILLER_101_587, 337.5, 411.6, 1.34352e-06
_05990_, 340.2, 411.6, 1.34346e-06
_05991_, 342.9, 411.6, 1.34406e-06
_06007_, 342.9, 411.6, 1.34406e-06
FILLER_102_600, 345.6, 411.6, 1.34456e-06
_05992_, 348.3, 411.6, 1.34504e-06
_06059_, 348.3, 411.6, 1.34504e-06
TAP_1615, 348.3, 411.6, 1.34504e-06
FILLER_102_602, 348.3, 411.6, 1.34504e-06
_06058_, 351, 411.6, 1.34532e-06
_09573_, 356.4, 411.6, 1.3458e-06
_06057_, 361.8, 411.6, 1.3461e-06
FILLER_101_635, 364.5, 411.6, 1.3462e-06
TAP_1602, 367.2, 411.6, 1.34628e-06
_06116_, 369.9, 411.6, 1.34634e-06
_06098_, 372.6, 411.6, 1.34635e-06
_06119_, 372.6, 411.6, 1.34635e-06
_06077_, 378, 411.6, 1.34619e-06
_09369_, 378, 411.6, 1.34619e-06
FILLER_102_655, 378, 411.6, 1.34619e-06
_06099_, 380.7, 411.6, 1.34599e-06
_09368_, 383.4, 411.6, 1.34644e-06
FILLER_101_667, 383.4, 411.6, 1.34644e-06
_09370_, 386.1, 411.6, 1.34684e-06
FILLER_101_671, 386.1, 411.6, 1.34684e-06
FILLER_102_672, 386.1, 411.6, 1.34684e-06
_09373_, 388.8, 411.6, 1.34716e-06
TAP_1616, 388.8, 411.6, 1.34716e-06
_06635_, 391.5, 411.6, 1.34739e-06
_07546_, 394.2, 411.6, 1.34758e-06
FILLER_102_686, 394.2, 411.6, 1.34758e-06
_06362_, 396.9, 411.6, 1.34763e-06
FILLER_102_690, 396.9, 411.6, 1.34763e-06
FILLER_102_692, 396.9, 411.6, 1.34763e-06
TAP_1603, 407.7, 411.6, 1.34722e-06
FILLER_101_712, 407.7, 411.6, 1.34722e-06
_09652_, 410.4, 411.6, 1.34708e-06
_04822_, 418.5, 411.6, 1.34639e-06
FILLER_102_734, 421.2, 411.6, 1.34613e-06
TAP_1617, 426.6, 411.6, 1.34671e-06
FILLER_101_744, 426.6, 411.6, 1.34671e-06
FILLER_102_742, 426.6, 411.6, 1.34671e-06
FILLER_102_744, 426.6, 411.6, 1.34671e-06
_09592_, 429.3, 411.6, 1.34692e-06
_06355_, 432, 411.6, 1.34705e-06
FILLER_101_756, 434.7, 411.6, 1.34714e-06
_07552_, 442.8, 411.6, 1.34735e-06
FILLER_101_772, 442.8, 411.6, 1.34735e-06
FILLER_102_778, 445.5, 411.6, 1.34735e-06
_06379_, 448.2, 411.6, 1.34733e-06
_06384_, 448.2, 411.6, 1.34733e-06
TAP_1604, 448.2, 411.6, 1.34733e-06
FILLER_102_782, 448.2, 411.6, 1.34733e-06
_06383_, 453.6, 411.6, 1.34701e-06
FILLER_101_791, 453.6, 411.6, 1.34701e-06
_06385_, 456.3, 411.6, 1.34678e-06
_09594_, 456.3, 411.6, 1.34678e-06
_06415_, 459, 411.6, 1.34642e-06
FILLER_102_812, 464.4, 411.6, 1.34618e-06
TAP_1618, 467.1, 411.6, 1.34633e-06
FILLER_102_818, 467.1, 411.6, 1.34633e-06
FILLER_101_830, 475.2, 411.6, 1.34665e-06
FILLER_102_834, 477.9, 411.6, 1.34674e-06
FILLER_102_842, 480.6, 411.6, 1.34681e-06
_09596_, 483.3, 411.6, 1.34686e-06
FILLER_101_846, 483.3, 411.6, 1.34686e-06
TAP_1605, 486, 411.6, 1.3468e-06
FILLER_101_850, 486, 411.6, 1.3468e-06
FILLER_101_854, 488.7, 411.6, 1.3467e-06
_07516_, 491.4, 411.6, 1.34657e-06
FILLER_101_858, 491.4, 411.6, 1.34657e-06
FILLER_101_868, 496.8, 411.6, 1.34619e-06
_07541_, 499.5, 411.6, 1.34597e-06
FILLER_102_874, 499.5, 411.6, 1.34597e-06
_07540_, 502.2, 411.6, 1.34562e-06
FILLER_102_878, 502.2, 411.6, 1.34562e-06
FILLER_102_886, 504.9, 411.6, 1.34597e-06
TAP_1619, 507.6, 411.6, 1.34629e-06
FILLER_102_889, 507.6, 411.6, 1.34629e-06
FILLER_101_895, 510.3, 411.6, 1.34658e-06
FILLER_102_905, 515.7, 411.6, 1.3471e-06
FILLER_101_911, 521.1, 411.6, 1.34759e-06
FILLER_101_919, 523.8, 411.6, 1.34781e-06
TAP_1606, 526.5, 411.6, 1.34801e-06
FILLER_102_921, 526.5, 411.6, 1.34801e-06
FILLER_101_925, 529.2, 411.6, 1.34818e-06
FILLER_102_937, 534.6, 411.6, 1.34846e-06
PHY_203, 537.3, 411.6, 1.34858e-06
PHY_205, 537.3, 411.6, 1.34858e-06
FILLER_101_941, 537.3, 411.6, 1.34858e-06
FILLER_101_943, 537.3, 411.6, 1.34858e-06
FILLER_102_941, 537.3, 411.6, 1.34858e-06
FILLER_102_943, 537.3, 411.6, 1.34858e-06
PHY_198, 10.8, 403.76, 1.28467e-06
PHY_200, 10.8, 403.76, 1.28467e-06
FILLER_99_2, 10.8, 403.76, 1.28467e-06
FILLER_100_2, 10.8, 403.76, 1.28467e-06
FILLER_99_18, 18.9, 403.76, 1.28443e-06
FILLER_100_18, 18.9, 403.76, 1.28443e-06
TAP_1581, 29.7, 403.76, 1.28568e-06
FILLER_99_34, 29.7, 403.76, 1.28568e-06
FILLER_100_34, 29.7, 403.76, 1.28568e-06
FILLER_100_37, 29.7, 403.76, 1.28568e-06
FILLER_99_50, 37.8, 403.76, 1.28681e-06
FILLER_100_53, 40.5, 403.76, 1.28716e-06
FILLER_99_66, 45.9, 403.76, 1.28784e-06
TAP_1568, 48.6, 403.76, 1.28815e-06
FILLER_99_70, 48.6, 403.76, 1.28815e-06
FILLER_100_69, 48.6, 403.76, 1.28815e-06
FILLER_99_73, 51.3, 403.76, 1.28841e-06
FILLER_100_85, 56.7, 403.76, 1.28888e-06
FILLER_99_89, 59.4, 403.76, 1.28909e-06
FILLER_100_101, 67.5, 403.76, 1.29068e-06
TAP_1582, 70.2, 403.76, 1.29136e-06
FILLER_99_105, 70.2, 403.76, 1.29136e-06
FILLER_100_105, 70.2, 403.76, 1.29136e-06
FILLER_100_108, 70.2, 403.76, 1.29136e-06
FILLER_99_121, 78.3, 403.76, 1.29314e-06
FILLER_100_124, 78.3, 403.76, 1.29314e-06
FILLER_99_137, 86.4, 403.76, 1.29481e-06
TAP_1569, 89.1, 403.76, 1.29534e-06
FILLER_99_141, 89.1, 403.76, 1.29534e-06
FILLER_100_140, 89.1, 403.76, 1.29534e-06
FILLER_99_144, 91.8, 403.76, 1.29582e-06
FILLER_99_152, 94.5, 403.76, 1.29627e-06
_09926_, 97.2, 403.76, 1.29671e-06
FILLER_100_156, 97.2, 403.76, 1.29671e-06
FILLER_100_160, 99.9, 403.76, 1.29703e-06
FILLER_100_162, 99.9, 403.76, 1.29703e-06
_09177_, 102.6, 403.76, 1.2979e-06
_09176_, 105.3, 403.76, 1.29873e-06
TAP_1583, 108, 403.76, 1.29951e-06
_04715_, 110.7, 403.76, 1.30027e-06
FILLER_100_179, 110.7, 403.76, 1.30027e-06
_09175_, 113.4, 403.76, 1.30096e-06
_05184_, 116.1, 403.76, 1.30154e-06
_05183_, 118.8, 403.76, 1.30208e-06
_09472_, 121.5, 403.76, 1.30257e-06
FILLER_99_211, 126.9, 403.76, 1.3034e-06
TAP_1570, 129.6, 403.76, 1.30379e-06
FILLER_99_215, 129.6, 403.76, 1.30379e-06
FILLER_100_230, 137.7, 403.76, 1.30485e-06
_05198_, 140.4, 403.76, 1.30518e-06
_09934_, 140.4, 403.76, 1.30518e-06
FILLER_99_231, 140.4, 403.76, 1.30518e-06
FILLER_100_232, 140.4, 403.76, 1.30518e-06
FILLER_100_241, 145.8, 403.76, 1.30681e-06
TAP_1584, 148.5, 403.76, 1.30761e-06
FILLER_100_245, 148.5, 403.76, 1.30761e-06
FILLER_100_247, 148.5, 403.76, 1.30761e-06
_09200_, 151.2, 403.76, 1.30835e-06
FILLER_100_250, 151.2, 403.76, 1.30835e-06
clkbuf_leaf_4_clk, 153.9, 403.76, 1.30901e-06
FILLER_99_262, 156.6, 403.76, 1.30941e-06
_09137_, 159.3, 403.76, 1.30979e-06
_09956_, 170.1, 403.76, 1.31092e-06
TAP_1571, 170.1, 403.76, 1.31092e-06
FILLER_100_309, 183.6, 403.76, 1.31243e-06
_09160_, 186.3, 403.76, 1.3132e-06
FILLER_100_317, 186.3, 403.76, 1.3132e-06
_09946_, 189, 403.76, 1.31391e-06
TAP_1585, 189, 403.76, 1.31391e-06
FILLER_100_321, 189, 403.76, 1.31391e-06
FILLER_100_329, 194.4, 403.76, 1.31509e-06
_09235_, 197.1, 403.76, 1.31566e-06
_09138_, 199.8, 403.76, 1.31618e-06
_09155_, 205.2, 403.76, 1.31704e-06
TAP_1572, 207.9, 403.76, 1.31743e-06
FILLER_99_357, 210.6, 403.76, 1.31781e-06
FILLER_100_359, 210.6, 403.76, 1.31781e-06
FILLER_99_365, 213.3, 403.76, 1.31814e-06
_09566_, 216, 403.76, 1.31845e-06
_05970_, 221.4, 403.76, 1.3189e-06
FILLER_100_375, 221.4, 403.76, 1.3189e-06
FILLER_100_384, 224.1, 403.76, 1.3197e-06
FILLER_100_388, 226.8, 403.76, 1.32049e-06
_05649_, 229.5, 403.76, 1.32125e-06
TAP_1586, 229.5, 403.76, 1.32125e-06
_05659_, 232.2, 403.76, 1.32196e-06
FILLER_99_398, 232.2, 403.76, 1.32196e-06
_05660_, 234.9, 403.76, 1.32259e-06
_05661_, 237.6, 403.76, 1.32313e-06
_05635_, 245.7, 403.76, 1.32445e-06
TAP_1573, 248.4, 403.76, 1.32485e-06
_05872_, 251.1, 403.76, 1.32523e-06
_05652_, 253.8, 403.76, 1.32555e-06
_05961_, 256.5, 403.76, 1.32584e-06
_05965_, 256.5, 403.76, 1.32584e-06
FILLER_100_439, 256.5, 403.76, 1.32584e-06
_05930_, 259.2, 403.76, 1.32601e-06
_05960_, 261.9, 403.76, 1.32611e-06
FILLER_100_451, 261.9, 403.76, 1.32611e-06
_05928_, 264.6, 403.76, 1.32689e-06
TAP_1587, 267.3, 403.76, 1.32762e-06
FILLER_100_457, 267.3, 403.76, 1.32762e-06
_05962_, 270, 403.76, 1.32831e-06
FILLER_99_463, 270, 403.76, 1.32831e-06
_05958_, 272.7, 403.76, 1.32893e-06
FILLER_100_471, 272.7, 403.76, 1.32893e-06
_05924_, 275.4, 403.76, 1.32947e-06
_05866_, 278.1, 403.76, 1.32994e-06
FILLER_100_484, 280.8, 403.76, 1.33038e-06
_05926_, 283.5, 403.76, 1.3308e-06
FILLER_100_488, 283.5, 403.76, 1.3308e-06
FILLER_100_490, 283.5, 403.76, 1.3308e-06
_05944_, 286.2, 403.76, 1.33113e-06
FILLER_99_495, 286.2, 403.76, 1.33113e-06
_05786_, 288.9, 403.76, 1.3314e-06
_05789_, 288.9, 403.76, 1.3314e-06
TAP_1574, 288.9, 403.76, 1.3314e-06
FILLER_99_499, 288.9, 403.76, 1.3314e-06
_05946_, 302.4, 403.76, 1.33182e-06
_10011_, 302.4, 403.76, 1.33182e-06
FILLER_100_529, 305.1, 403.76, 1.33238e-06
TAP_1588, 307.8, 403.76, 1.33292e-06
FILLER_100_531, 307.8, 403.76, 1.33292e-06
FILLER_100_534, 307.8, 403.76, 1.33292e-06
_09383_, 310.5, 403.76, 1.3334e-06
FILLER_100_536, 310.5, 403.76, 1.3334e-06
FILLER_100_543, 313.2, 403.76, 1.33383e-06
FILLER_99_553, 318.6, 403.76, 1.33463e-06
FILLER_100_551, 318.6, 403.76, 1.33463e-06
_06030_, 321.3, 403.76, 1.335e-06
_06037_, 321.3, 403.76, 1.335e-06
_06042_, 324, 403.76, 1.3352e-06
_06039_, 329.4, 403.76, 1.33552e-06
TAP_1575, 329.4, 403.76, 1.33552e-06
FILLER_99_570, 329.4, 403.76, 1.33552e-06
_06040_, 334.8, 403.76, 1.33562e-06
FILLER_100_579, 334.8, 403.76, 1.33562e-06
_06125_, 337.5, 403.76, 1.33559e-06
_06036_, 340.2, 403.76, 1.33532e-06
_06038_, 342.9, 403.76, 1.33575e-06
_05989_, 348.3, 403.76, 1.33653e-06
TAP_1589, 348.3, 403.76, 1.33653e-06
_06100_, 351, 403.76, 1.33687e-06
_06078_, 359.1, 403.76, 1.33753e-06
_06117_, 364.5, 403.76, 1.33786e-06
_09574_, 364.5, 403.76, 1.33786e-06
TAP_1576, 367.2, 403.76, 1.33789e-06
_04834_, 369.9, 403.76, 1.3379e-06
FILLER_99_641, 369.9, 403.76, 1.3379e-06
FILLER_99_643, 369.9, 403.76, 1.3379e-06
_06604_, 375.3, 403.76, 1.33773e-06
_09371_, 380.7, 403.76, 1.33743e-06
_10005_, 383.4, 403.76, 1.33793e-06
TAP_1590, 388.8, 403.76, 1.33875e-06
FILLER_100_676, 388.8, 403.76, 1.33875e-06
_06326_, 391.5, 403.76, 1.33912e-06
_06328_, 396.9, 403.76, 1.33976e-06
FILLER_100_690, 396.9, 403.76, 1.33976e-06
FILLER_100_692, 396.9, 403.76, 1.33976e-06
_07494_, 399.6, 403.76, 1.33993e-06
_07514_, 402.3, 403.76, 1.34005e-06
TAP_1577, 407.7, 403.76, 1.3402e-06
FILLER_99_712, 407.7, 403.76, 1.3402e-06
_07560_, 410.4, 403.76, 1.34023e-06
_07561_, 413.1, 403.76, 1.34021e-06
_07564_, 413.1, 403.76, 1.34021e-06
FILLER_100_719, 413.1, 403.76, 1.34021e-06
_07544_, 418.5, 403.76, 1.33991e-06
_07562_, 418.5, 403.76, 1.33991e-06
_07545_, 421.2, 403.76, 1.33969e-06
FILLER_100_736, 421.2, 403.76, 1.33969e-06
_07601_, 423.9, 403.76, 1.34017e-06
TAP_1591, 426.6, 403.76, 1.34061e-06
FILLER_99_746, 426.6, 403.76, 1.34061e-06
FILLER_100_744, 426.6, 403.76, 1.34061e-06
FILLER_99_750, 429.3, 403.76, 1.34099e-06
FILLER_100_747, 429.3, 403.76, 1.34099e-06
FILLER_100_751, 429.3, 403.76, 1.34099e-06
_07606_, 432, 403.76, 1.34131e-06
_07607_, 432, 403.76, 1.34131e-06
FILLER_99_752, 432, 403.76, 1.34131e-06
FILLER_100_753, 432, 403.76, 1.34131e-06
_07551_, 437.4, 403.76, 1.34168e-06
FILLER_99_761, 437.4, 403.76, 1.34168e-06
FILLER_100_762, 437.4, 403.76, 1.34168e-06
FILLER_100_770, 440.1, 403.76, 1.34176e-06
_09593_, 442.8, 403.76, 1.34182e-06
FILLER_99_775, 442.8, 403.76, 1.34182e-06
FILLER_100_772, 442.8, 403.76, 1.34182e-06
FILLER_99_779, 445.5, 403.76, 1.34175e-06
_07501_, 448.2, 403.76, 1.34166e-06
TAP_1578, 448.2, 403.76, 1.34166e-06
FILLER_99_783, 448.2, 403.76, 1.34166e-06
_07504_, 450.9, 403.76, 1.34149e-06
_07497_, 459, 403.76, 1.34078e-06
FILLER_100_804, 459, 403.76, 1.34078e-06
FILLER_99_807, 461.7, 403.76, 1.34048e-06
_07492_, 464.4, 403.76, 1.34099e-06
FILLER_99_811, 464.4, 403.76, 1.34099e-06
FILLER_100_812, 464.4, 403.76, 1.34099e-06
TAP_1592, 467.1, 403.76, 1.34137e-06
FILLER_100_818, 467.1, 403.76, 1.34137e-06
_07489_, 472.5, 403.76, 1.34204e-06
_07490_, 472.5, 403.76, 1.34204e-06
_07543_, 486, 403.76, 1.34257e-06
TAP_1579, 486, 403.76, 1.34257e-06
FILLER_99_850, 486, 403.76, 1.34257e-06
FILLER_100_849, 486, 403.76, 1.34257e-06
FILLER_100_851, 486, 403.76, 1.34257e-06
_07486_, 488.7, 403.76, 1.3425e-06
FILLER_99_854, 488.7, 403.76, 1.3425e-06
FILLER_99_856, 488.7, 403.76, 1.3425e-06
FILLER_100_870, 496.8, 403.76, 1.34184e-06
_07539_, 499.5, 403.76, 1.3416e-06
FILLER_100_874, 499.5, 403.76, 1.3416e-06
_07542_, 502.2, 403.76, 1.34127e-06
_07596_, 507.6, 403.76, 1.34262e-06
TAP_1593, 507.6, 403.76, 1.34262e-06
FILLER_100_889, 507.6, 403.76, 1.34262e-06
_07537_, 510.3, 403.76, 1.3432e-06
FILLER_100_893, 510.3, 403.76, 1.3432e-06
_07538_, 513, 403.76, 1.34365e-06
FILLER_99_896, 513, 403.76, 1.34365e-06
FILLER_99_898, 513, 403.76, 1.34365e-06
_07566_, 523.8, 403.76, 1.34481e-06
TAP_1580, 526.5, 403.76, 1.34505e-06
_07535_, 529.2, 403.76, 1.34526e-06
FILLER_100_929, 529.2, 403.76, 1.34526e-06
_07594_, 531.9, 403.76, 1.34542e-06
FILLER_99_936, 534.6, 403.76, 1.34554e-06
FILLER_100_937, 534.6, 403.76, 1.34554e-06
PHY_199, 537.3, 403.76, 1.34563e-06
PHY_201, 537.3, 403.76, 1.34563e-06
FILLER_100_941, 537.3, 403.76, 1.34563e-06
FILLER_100_943, 537.3, 403.76, 1.34563e-06
PHY_194, 10.8, 395.92, 1.27622e-06
PHY_196, 10.8, 395.92, 1.27622e-06
FILLER_97_2, 10.8, 395.92, 1.27622e-06
FILLER_98_2, 10.8, 395.92, 1.27622e-06
FILLER_97_18, 18.9, 395.92, 1.27598e-06
FILLER_98_18, 18.9, 395.92, 1.27598e-06
TAP_1555, 29.7, 395.92, 1.27723e-06
FILLER_97_34, 29.7, 395.92, 1.27723e-06
FILLER_98_34, 29.7, 395.92, 1.27723e-06
FILLER_98_37, 29.7, 395.92, 1.27723e-06
FILLER_97_50, 37.8, 395.92, 1.27836e-06
FILLER_98_53, 40.5, 395.92, 1.27871e-06
FILLER_97_66, 45.9, 395.92, 1.27938e-06
TAP_1542, 48.6, 395.92, 1.2797e-06
FILLER_97_70, 48.6, 395.92, 1.2797e-06
FILLER_98_69, 48.6, 395.92, 1.2797e-06
FILLER_97_73, 51.3, 395.92, 1.27995e-06
FILLER_98_85, 56.7, 395.92, 1.28042e-06
FILLER_97_89, 59.4, 395.92, 1.28064e-06
FILLER_98_101, 67.5, 395.92, 1.2822e-06
TAP_1556, 70.2, 395.92, 1.28286e-06
FILLER_97_105, 70.2, 395.92, 1.28286e-06
FILLER_98_105, 70.2, 395.92, 1.28286e-06
FILLER_98_108, 70.2, 395.92, 1.28286e-06
FILLER_97_121, 78.3, 395.92, 1.28462e-06
FILLER_98_124, 78.3, 395.92, 1.28462e-06
FILLER_97_137, 86.4, 395.92, 1.28625e-06
TAP_1543, 89.1, 395.92, 1.28677e-06
FILLER_97_141, 89.1, 395.92, 1.28677e-06
FILLER_98_140, 89.1, 395.92, 1.28677e-06
_09470_, 91.8, 395.92, 1.28723e-06
FILLER_97_144, 91.8, 395.92, 1.28723e-06
FILLER_97_152, 94.5, 395.92, 1.28759e-06
_05195_, 97.2, 395.92, 1.28793e-06
FILLER_97_162, 99.9, 395.92, 1.28822e-06
_05196_, 105.3, 395.92, 1.28986e-06
TAP_1557, 108, 395.92, 1.29064e-06
FILLER_97_178, 110.7, 395.92, 1.29139e-06
FILLER_97_182, 110.7, 395.92, 1.29139e-06
FILLER_98_179, 110.7, 395.92, 1.29139e-06
_09464_, 113.4, 395.92, 1.29208e-06
_05185_, 116.1, 395.92, 1.29269e-06
FILLER_98_187, 116.1, 395.92, 1.29269e-06
_05201_, 121.5, 395.92, 1.29378e-06
FILLER_98_209, 126.9, 395.92, 1.29478e-06
FILLER_98_211, 126.9, 395.92, 1.29478e-06
_05191_, 129.6, 395.92, 1.29524e-06
_09459_, 129.6, 395.92, 1.29524e-06
TAP_1544, 129.6, 395.92, 1.29524e-06
FILLER_97_223, 135, 395.92, 1.29585e-06
_09467_, 137.7, 395.92, 1.29614e-06
FILLER_97_227, 137.7, 395.92, 1.29614e-06
FILLER_97_229, 137.7, 395.92, 1.29614e-06
FILLER_98_241, 145.8, 395.92, 1.29782e-06
TAP_1558, 148.5, 395.92, 1.29858e-06
FILLER_98_245, 148.5, 395.92, 1.29858e-06
FILLER_98_247, 148.5, 395.92, 1.29858e-06
_09958_, 151.2, 395.92, 1.29927e-06
_09259_, 159.3, 395.92, 1.3011e-06
FILLER_97_266, 159.3, 395.92, 1.3011e-06
_09169_, 164.7, 395.92, 1.30218e-06
FILLER_97_275, 164.7, 395.92, 1.30218e-06
FILLER_97_277, 164.7, 395.92, 1.30218e-06
_09260_, 167.4, 395.92, 1.30264e-06
_09168_, 170.1, 395.92, 1.30305e-06
TAP_1545, 170.1, 395.92, 1.30305e-06
FILLER_97_286, 170.1, 395.92, 1.30305e-06
_09256_, 172.8, 395.92, 1.30338e-06
_09948_, 172.8, 395.92, 1.30338e-06
FILLER_97_290, 172.8, 395.92, 1.30338e-06
_09255_, 178.2, 395.92, 1.30373e-06
FILLER_98_300, 178.2, 395.92, 1.30373e-06
_09161_, 183.6, 395.92, 1.30465e-06
FILLER_98_309, 183.6, 395.92, 1.30465e-06
FILLER_98_317, 186.3, 395.92, 1.3054e-06
_09162_, 189, 395.92, 1.30613e-06
TAP_1559, 189, 395.92, 1.30613e-06
FILLER_98_321, 189, 395.92, 1.30613e-06
_09236_, 191.7, 395.92, 1.30676e-06
FILLER_98_325, 191.7, 395.92, 1.30676e-06
FILLER_97_332, 197.1, 395.92, 1.30789e-06
FILLER_98_334, 197.1, 395.92, 1.30789e-06
_09920_, 199.8, 395.92, 1.30841e-06
FILLER_97_340, 199.8, 395.92, 1.30841e-06
FILLER_98_338, 199.8, 395.92, 1.30841e-06
_09154_, 202.5, 395.92, 1.3088e-06
TAP_1546, 207.9, 395.92, 1.30948e-06
FILLER_97_353, 207.9, 395.92, 1.30948e-06
_04706_, 210.6, 395.92, 1.30978e-06
FILLER_97_367, 216, 395.92, 1.31025e-06
FILLER_98_368, 216, 395.92, 1.31025e-06
_09567_, 218.7, 395.92, 1.31044e-06
FILLER_97_371, 218.7, 395.92, 1.31044e-06
FILLER_97_373, 218.7, 395.92, 1.31044e-06
_05969_, 221.4, 395.92, 1.31051e-06
FILLER_98_384, 224.1, 395.92, 1.31124e-06
FILLER_98_388, 226.8, 395.92, 1.31195e-06
_05656_, 229.5, 395.92, 1.31265e-06
TAP_1560, 229.5, 395.92, 1.31265e-06
FILLER_98_392, 229.5, 395.92, 1.31265e-06
_05647_, 234.9, 395.92, 1.31387e-06
_04839_, 237.6, 395.92, 1.31443e-06
_05651_, 240.3, 395.92, 1.31496e-06
_05873_, 240.3, 395.92, 1.31496e-06
_05636_, 243, 395.92, 1.31533e-06
TAP_1547, 248.4, 395.92, 1.31596e-06
_05658_, 251.1, 395.92, 1.31626e-06
FILLER_98_436, 253.8, 395.92, 1.31649e-06
_05933_, 256.5, 395.92, 1.3167e-06
_05964_, 256.5, 395.92, 1.3167e-06
_05959_, 261.9, 395.92, 1.31689e-06
FILLER_97_451, 261.9, 395.92, 1.31689e-06
_05963_, 264.6, 395.92, 1.31767e-06
FILLER_97_453, 264.6, 395.92, 1.31767e-06
TAP_1561, 267.3, 395.92, 1.31831e-06
FILLER_98_460, 267.3, 395.92, 1.31831e-06
_05923_, 270, 395.92, 1.31892e-06
FILLER_98_463, 270, 395.92, 1.31892e-06
FILLER_98_465, 270, 395.92, 1.31892e-06
_05921_, 278.1, 395.92, 1.3204e-06
_05927_, 278.1, 395.92, 1.3204e-06
_05947_, 280.8, 395.92, 1.32079e-06
FILLER_98_483, 280.8, 395.92, 1.32079e-06
FILLER_97_489, 283.5, 395.92, 1.32104e-06
_05942_, 286.2, 395.92, 1.32127e-06
FILLER_97_491, 286.2, 395.92, 1.32127e-06
TAP_1548, 288.9, 395.92, 1.32145e-06
FILLER_97_499, 288.9, 395.92, 1.32145e-06
_09066_, 291.6, 395.92, 1.32158e-06
_05745_, 294.3, 395.92, 1.32166e-06
_09067_, 297, 395.92, 1.3216e-06
FILLER_97_519, 299.7, 395.92, 1.32148e-06
_10012_, 302.4, 395.92, 1.32209e-06
_09384_, 307.8, 395.92, 1.32313e-06
TAP_1562, 307.8, 395.92, 1.32313e-06
_09071_, 315.9, 395.92, 1.32446e-06
_06310_, 318.6, 395.92, 1.32485e-06
FILLER_98_552, 318.6, 395.92, 1.32485e-06
_04725_, 321.3, 395.92, 1.32516e-06
_09572_, 324, 395.92, 1.32545e-06
FILLER_97_562, 324, 395.92, 1.32545e-06
FILLER_98_560, 324, 395.92, 1.32545e-06
FILLER_97_566, 326.7, 395.92, 1.32561e-06
_06041_, 329.4, 395.92, 1.32575e-06
TAP_1549, 329.4, 395.92, 1.32575e-06
FILLER_97_570, 329.4, 395.92, 1.32575e-06
_04828_, 334.8, 395.92, 1.32584e-06
_06085_, 337.5, 395.92, 1.32586e-06
FILLER_97_583, 337.5, 395.92, 1.32586e-06
_06008_, 342.9, 395.92, 1.32609e-06
FILLER_98_592, 342.9, 395.92, 1.32609e-06
_09571_, 348.3, 395.92, 1.32689e-06
TAP_1563, 348.3, 395.92, 1.32689e-06
_09375_, 359.1, 395.92, 1.32808e-06
FILLER_97_632, 364.5, 395.92, 1.32855e-06
_04820_, 367.2, 395.92, 1.32877e-06
TAP_1550, 367.2, 395.92, 1.32877e-06
FILLER_97_636, 367.2, 395.92, 1.32877e-06
FILLER_97_638, 367.2, 395.92, 1.32877e-06
FILLER_97_641, 369.9, 395.92, 1.32887e-06
FILLER_98_644, 369.9, 395.92, 1.32887e-06
_06458_, 372.6, 395.92, 1.32893e-06
_06500_, 372.6, 395.92, 1.32893e-06
_06503_, 378, 395.92, 1.32877e-06
FILLER_97_658, 378, 395.92, 1.32877e-06
_06419_, 380.7, 395.92, 1.32858e-06
_06325_, 388.8, 395.92, 1.32974e-06
TAP_1564, 388.8, 395.92, 1.32974e-06
FILLER_98_676, 388.8, 395.92, 1.32974e-06
_04819_, 402.3, 395.92, 1.33096e-06
_07600_, 405, 395.92, 1.33115e-06
FILLER_98_704, 405, 395.92, 1.33115e-06
FILLER_98_706, 405, 395.92, 1.33115e-06
TAP_1551, 407.7, 395.92, 1.33122e-06
FILLER_97_712, 407.7, 395.92, 1.33122e-06
_07615_, 410.4, 395.92, 1.33125e-06
_07598_, 413.1, 395.92, 1.33123e-06
FILLER_98_719, 413.1, 395.92, 1.33123e-06
FILLER_98_721, 413.1, 395.92, 1.33123e-06
FILLER_97_726, 415.8, 395.92, 1.33104e-06
_07597_, 418.5, 395.92, 1.33084e-06
_07609_, 426.6, 395.92, 1.33156e-06
TAP_1565, 426.6, 395.92, 1.33156e-06
_07605_, 429.3, 395.92, 1.332e-06
_07608_, 429.3, 395.92, 1.332e-06
FILLER_98_747, 429.3, 395.92, 1.332e-06
_07547_, 432, 395.92, 1.33232e-06
_07559_, 434.7, 395.92, 1.3326e-06
_07554_, 437.4, 395.92, 1.33283e-06
FILLER_98_761, 437.4, 395.92, 1.33283e-06
FILLER_98_763, 437.4, 395.92, 1.33283e-06
_07550_, 440.1, 395.92, 1.33297e-06
_07553_, 442.8, 395.92, 1.33307e-06
FILLER_97_776, 445.5, 395.92, 1.33311e-06
_07500_, 448.2, 395.92, 1.33313e-06
TAP_1552, 448.2, 395.92, 1.33313e-06
FILLER_97_780, 448.2, 395.92, 1.33313e-06
FILLER_98_784, 448.2, 395.92, 1.33313e-06
_07502_, 450.9, 395.92, 1.33303e-06
FILLER_98_786, 450.9, 395.92, 1.33303e-06
_07446_, 456.3, 395.92, 1.33264e-06
_07503_, 456.3, 395.92, 1.33264e-06
_07437_, 459, 395.92, 1.33236e-06
_07445_, 459, 395.92, 1.33236e-06
FILLER_98_803, 459, 395.92, 1.33236e-06
FILLER_97_808, 461.7, 395.92, 1.33195e-06
_07438_, 467.1, 395.92, 1.33284e-06
TAP_1566, 467.1, 395.92, 1.33284e-06
FILLER_98_818, 467.1, 395.92, 1.33284e-06
_07390_, 469.8, 395.92, 1.33317e-06
_07491_, 469.8, 395.92, 1.33317e-06
_07464_, 475.2, 395.92, 1.33365e-06
_07515_, 477.9, 395.92, 1.3338e-06
_07487_, 483.3, 395.92, 1.33391e-06
FILLER_97_844, 483.3, 395.92, 1.33391e-06
TAP_1553, 486, 395.92, 1.3339e-06
FILLER_97_851, 486, 395.92, 1.3339e-06
_07488_, 488.7, 395.92, 1.33386e-06
_07485_, 494.1, 395.92, 1.33367e-06
_07517_, 494.1, 395.92, 1.33367e-06
FILLER_97_862, 494.1, 395.92, 1.33367e-06
FILLER_97_864, 494.1, 395.92, 1.33367e-06
FILLER_98_864, 494.1, 395.92, 1.33367e-06
_07483_, 502.2, 395.92, 1.33275e-06
_07565_, 502.2, 395.92, 1.33275e-06
FILLER_98_877, 502.2, 395.92, 1.33275e-06
FILLER_98_879, 502.2, 395.92, 1.33275e-06
FILLER_97_884, 504.9, 395.92, 1.33342e-06
FILLER_98_886, 504.9, 395.92, 1.33342e-06
TAP_1567, 507.6, 395.92, 1.33405e-06
FILLER_98_889, 507.6, 395.92, 1.33405e-06
_07520_, 513, 395.92, 1.33522e-06
_07519_, 515.7, 395.92, 1.33577e-06
FILLER_98_905, 515.7, 395.92, 1.33577e-06
_07484_, 518.4, 395.92, 1.33626e-06
FILLER_97_909, 518.4, 395.92, 1.33626e-06
FILLER_98_907, 518.4, 395.92, 1.33626e-06
_07536_, 521.1, 395.92, 1.33669e-06
FILLER_97_917, 523.8, 395.92, 1.33707e-06
_07618_, 526.5, 395.92, 1.33743e-06
TAP_1554, 526.5, 395.92, 1.33743e-06
FILLER_97_921, 526.5, 395.92, 1.33743e-06
_07595_, 529.2, 395.92, 1.33771e-06
_07619_, 529.2, 395.92, 1.33771e-06
FILLER_97_925, 529.2, 395.92, 1.33771e-06
_07592_, 531.9, 395.92, 1.33782e-06
PHY_195, 537.3, 395.92, 1.33799e-06
PHY_197, 537.3, 395.92, 1.33799e-06
FILLER_97_940, 537.3, 395.92, 1.33799e-06
FILLER_98_943, 537.3, 395.92, 1.33799e-06
PHY_190, 10.8, 388.08, 1.26842e-06
PHY_192, 10.8, 388.08, 1.26842e-06
FILLER_95_2, 10.8, 388.08, 1.26842e-06
FILLER_96_2, 10.8, 388.08, 1.26842e-06
FILLER_95_18, 18.9, 388.08, 1.26818e-06
FILLER_96_18, 18.9, 388.08, 1.26818e-06
FILLER_95_22, 21.6, 388.08, 1.26805e-06
_09824_, 24.3, 388.08, 1.2686e-06
TAP_1529, 29.7, 388.08, 1.26954e-06
FILLER_96_34, 29.7, 388.08, 1.26954e-06
FILLER_96_37, 29.7, 388.08, 1.26954e-06
_09825_, 32.4, 388.08, 1.26994e-06
_08968_, 40.5, 388.08, 1.27091e-06
_08969_, 43.2, 388.08, 1.27119e-06
TAP_1516, 48.6, 388.08, 1.27163e-06
FILLER_95_69, 48.6, 388.08, 1.27163e-06
FILLER_96_67, 48.6, 388.08, 1.27163e-06
FILLER_95_73, 51.3, 388.08, 1.27179e-06
FILLER_96_83, 56.7, 388.08, 1.27206e-06
FILLER_95_89, 59.4, 388.08, 1.27218e-06
FILLER_96_99, 64.8, 388.08, 1.2729e-06
FILLER_96_103, 67.5, 388.08, 1.2735e-06
TAP_1530, 70.2, 388.08, 1.27408e-06
FILLER_95_105, 70.2, 388.08, 1.27408e-06
FILLER_96_105, 70.2, 388.08, 1.27408e-06
FILLER_96_108, 70.2, 388.08, 1.27408e-06
FILLER_95_121, 78.3, 388.08, 1.27557e-06
FILLER_96_124, 78.3, 388.08, 1.27557e-06
FILLER_95_137, 86.4, 388.08, 1.27695e-06
TAP_1517, 89.1, 388.08, 1.27738e-06
FILLER_95_141, 89.1, 388.08, 1.27738e-06
FILLER_96_140, 89.1, 388.08, 1.27738e-06
FILLER_95_144, 91.8, 388.08, 1.27776e-06
FILLER_96_156, 97.2, 388.08, 1.27847e-06
FILLER_95_160, 99.9, 388.08, 1.27881e-06
_09469_, 102.6, 388.08, 1.27964e-06
FILLER_96_164, 102.6, 388.08, 1.27964e-06
_05192_, 105.3, 388.08, 1.28037e-06
FILLER_96_168, 105.3, 388.08, 1.28037e-06
TAP_1531, 108, 388.08, 1.28103e-06
_09473_, 110.7, 388.08, 1.28168e-06
FILLER_95_193, 118.8, 388.08, 1.28335e-06
_05186_, 121.5, 388.08, 1.28389e-06
FILLER_95_206, 124.2, 388.08, 1.28439e-06
FILLER_95_210, 126.9, 388.08, 1.28486e-06
FILLER_96_208, 126.9, 388.08, 1.28486e-06
TAP_1518, 129.6, 388.08, 1.2853e-06
FILLER_95_212, 129.6, 388.08, 1.2853e-06
FILLER_95_215, 129.6, 388.08, 1.2853e-06
FILLER_95_223, 135, 388.08, 1.28604e-06
FILLER_96_224, 135, 388.08, 1.28604e-06
_09461_, 137.7, 388.08, 1.28638e-06
FILLER_95_227, 137.7, 388.08, 1.28638e-06
FILLER_96_228, 137.7, 388.08, 1.28638e-06
FILLER_96_230, 137.7, 388.08, 1.28638e-06
_09115_, 140.4, 388.08, 1.28655e-06
FILLER_96_243, 145.8, 388.08, 1.28796e-06
TAP_1532, 148.5, 388.08, 1.28864e-06
FILLER_96_247, 148.5, 388.08, 1.28864e-06
_09950_, 151.2, 388.08, 1.28929e-06
FILLER_96_250, 151.2, 388.08, 1.28929e-06
_09243_, 159.3, 388.08, 1.29091e-06
FILLER_95_265, 159.3, 388.08, 1.29091e-06
FILLER_95_267, 159.3, 388.08, 1.29091e-06
FILLER_95_276, 164.7, 388.08, 1.29181e-06
_09170_, 167.4, 388.08, 1.29223e-06
_09924_, 170.1, 388.08, 1.2926e-06
TAP_1519, 170.1, 388.08, 1.2926e-06
_09171_, 172.8, 388.08, 1.29286e-06
_09240_, 175.5, 388.08, 1.29309e-06
FILLER_96_305, 180.9, 388.08, 1.29343e-06
_09239_, 183.6, 388.08, 1.29422e-06
FILLER_95_317, 186.3, 388.08, 1.29496e-06
FILLER_96_317, 186.3, 388.08, 1.29496e-06
_09163_, 189, 388.08, 1.29565e-06
_09922_, 189, 388.08, 1.29565e-06
TAP_1533, 189, 388.08, 1.29565e-06
FILLER_95_319, 189, 388.08, 1.29565e-06
FILLER_95_326, 191.7, 388.08, 1.29619e-06
FILLER_95_334, 197.1, 388.08, 1.29722e-06
_09246_, 199.8, 388.08, 1.29771e-06
FILLER_95_338, 199.8, 388.08, 1.29771e-06
FILLER_95_347, 205.2, 388.08, 1.29856e-06
FILLER_96_350, 205.2, 388.08, 1.29856e-06
_10014_, 207.9, 388.08, 1.29894e-06
TAP_1520, 207.9, 388.08, 1.29894e-06
FILLER_96_352, 207.9, 388.08, 1.29894e-06
FILLER_95_357, 210.6, 388.08, 1.2992e-06
_09391_, 213.3, 388.08, 1.29944e-06
_05971_, 221.4, 388.08, 1.29998e-06
FILLER_95_375, 221.4, 388.08, 1.29998e-06
_09390_, 224.1, 388.08, 1.30076e-06
_09568_, 226.8, 388.08, 1.3015e-06
FILLER_96_388, 226.8, 388.08, 1.3015e-06
_05972_, 229.5, 388.08, 1.30213e-06
TAP_1534, 229.5, 388.08, 1.30213e-06
FILLER_96_400, 234.9, 388.08, 1.30325e-06
FILLER_96_408, 237.6, 388.08, 1.30379e-06
_04838_, 240.3, 388.08, 1.30431e-06
_05657_, 243, 388.08, 1.30478e-06
FILLER_96_418, 243, 388.08, 1.30478e-06
_05638_, 245.7, 388.08, 1.30519e-06
FILLER_95_423, 245.7, 388.08, 1.30519e-06
TAP_1521, 248.4, 388.08, 1.30552e-06
FILLER_95_425, 248.4, 388.08, 1.30552e-06
_05662_, 251.1, 388.08, 1.30581e-06
_05871_, 251.1, 388.08, 1.30581e-06
FILLER_96_433, 253.8, 388.08, 1.30601e-06
FILLER_96_437, 253.8, 388.08, 1.30601e-06
_05966_, 256.5, 388.08, 1.30617e-06
_05967_, 256.5, 388.08, 1.30617e-06
FILLER_95_447, 259.2, 388.08, 1.30621e-06
_05929_, 261.9, 388.08, 1.30623e-06
_05932_, 261.9, 388.08, 1.30623e-06
_05931_, 264.6, 388.08, 1.30688e-06
TAP_1535, 267.3, 388.08, 1.3075e-06
FILLER_95_458, 267.3, 388.08, 1.3075e-06
FILLER_96_458, 267.3, 388.08, 1.3075e-06
FILLER_96_460, 267.3, 388.08, 1.3075e-06
_05894_, 270, 388.08, 1.30804e-06
FILLER_96_467, 272.7, 388.08, 1.30855e-06
FILLER_95_474, 275.4, 388.08, 1.30904e-06
FILLER_96_475, 275.4, 388.08, 1.30904e-06
_05925_, 278.1, 388.08, 1.30948e-06
FILLER_96_481, 278.1, 388.08, 1.30948e-06
_09065_, 280.8, 388.08, 1.30988e-06
FILLER_95_482, 280.8, 388.08, 1.30988e-06
FILLER_96_489, 283.5, 388.08, 1.3102e-06
_04727_, 286.2, 388.08, 1.31051e-06
_04728_, 286.2, 388.08, 1.31051e-06
FILLER_95_491, 286.2, 388.08, 1.31051e-06
_05747_, 288.9, 388.08, 1.31073e-06
_09887_, 288.9, 388.08, 1.31073e-06
TAP_1522, 288.9, 388.08, 1.31073e-06
_09385_, 305.1, 388.08, 1.31224e-06
_09386_, 305.1, 388.08, 1.31224e-06
FILLER_95_525, 305.1, 388.08, 1.31224e-06
FILLER_95_527, 305.1, 388.08, 1.31224e-06
_09070_, 307.8, 388.08, 1.31283e-06
TAP_1536, 307.8, 388.08, 1.31283e-06
FILLER_95_538, 310.5, 388.08, 1.31334e-06
_06313_, 313.2, 388.08, 1.31384e-06
_09582_, 313.2, 388.08, 1.31384e-06
FILLER_95_540, 313.2, 388.08, 1.31384e-06
_06311_, 318.6, 388.08, 1.31448e-06
FILLER_95_557, 321.3, 388.08, 1.31475e-06
_06013_, 324, 388.08, 1.315e-06
FILLER_95_559, 324, 388.08, 1.315e-06
_06229_, 329.4, 388.08, 1.31537e-06
TAP_1523, 329.4, 388.08, 1.31537e-06
_06228_, 334.8, 388.08, 1.31556e-06
clkbuf_leaf_6_clk, 337.5, 388.08, 1.31558e-06
FILLER_96_591, 340.2, 388.08, 1.31533e-06
_06009_, 342.9, 388.08, 1.31582e-06
_04835_, 348.3, 388.08, 1.31668e-06
TAP_1537, 348.3, 388.08, 1.31668e-06
_06010_, 351, 388.08, 1.31705e-06
_06640_, 353.7, 388.08, 1.3174e-06
FILLER_96_613, 353.7, 388.08, 1.3174e-06
FILLER_96_615, 353.7, 388.08, 1.3174e-06
_09603_, 359.1, 388.08, 1.3179e-06
FILLER_95_634, 364.5, 388.08, 1.3182e-06
TAP_1524, 367.2, 388.08, 1.31833e-06
FILLER_95_638, 367.2, 388.08, 1.31833e-06
_04832_, 369.9, 388.08, 1.31842e-06
FILLER_95_641, 369.9, 388.08, 1.31842e-06
FILLER_95_643, 369.9, 388.08, 1.31842e-06
_06324_, 372.6, 388.08, 1.31844e-06
_06418_, 380.7, 388.08, 1.31823e-06
_06548_, 383.4, 388.08, 1.31883e-06
FILLER_96_673, 386.1, 388.08, 1.31923e-06
_06459_, 388.8, 388.08, 1.31961e-06
TAP_1538, 388.8, 388.08, 1.31961e-06
_07495_, 402.3, 388.08, 1.32053e-06
_07599_, 407.7, 388.08, 1.32082e-06
TAP_1525, 407.7, 388.08, 1.32082e-06
FILLER_95_709, 407.7, 388.08, 1.32082e-06
_07493_, 410.4, 388.08, 1.32087e-06
_07616_, 413.1, 388.08, 1.32088e-06
_04792_, 415.8, 388.08, 1.32083e-06
_07614_, 418.5, 388.08, 1.32075e-06
_07617_, 418.5, 388.08, 1.32075e-06
FILLER_96_730, 418.5, 388.08, 1.32075e-06
_07610_, 421.2, 388.08, 1.32054e-06
_07563_, 423.9, 388.08, 1.32108e-06
_07648_, 423.9, 388.08, 1.32108e-06
TAP_1539, 426.6, 388.08, 1.32154e-06
_07603_, 429.3, 388.08, 1.32197e-06
_07649_, 429.3, 388.08, 1.32197e-06
FILLER_95_749, 429.3, 388.08, 1.32197e-06
_07604_, 432, 388.08, 1.32227e-06
FILLER_96_758, 434.7, 388.08, 1.32254e-06
_07549_, 437.4, 388.08, 1.32279e-06
_07602_, 437.4, 388.08, 1.32279e-06
FILLER_95_763, 437.4, 388.08, 1.32279e-06
FILLER_96_762, 437.4, 388.08, 1.32279e-06
FILLER_96_771, 442.8, 388.08, 1.32297e-06
FILLER_95_777, 445.5, 388.08, 1.32303e-06
FILLER_96_779, 445.5, 388.08, 1.32303e-06
_07499_, 448.2, 388.08, 1.32306e-06
_07548_, 448.2, 388.08, 1.32306e-06
TAP_1526, 448.2, 388.08, 1.32306e-06
FILLER_96_783, 448.2, 388.08, 1.32306e-06
_07447_, 453.6, 388.08, 1.32286e-06
_07475_, 453.6, 388.08, 1.32286e-06
FILLER_96_790, 453.6, 388.08, 1.32286e-06
_07444_, 456.3, 388.08, 1.32263e-06
_07436_, 459, 388.08, 1.32235e-06
_07399_, 461.7, 388.08, 1.32199e-06
_07387_, 464.4, 388.08, 1.32246e-06
FILLER_95_812, 464.4, 388.08, 1.32246e-06
_07439_, 467.1, 388.08, 1.32285e-06
TAP_1540, 467.1, 388.08, 1.32285e-06
_07435_, 472.5, 388.08, 1.32332e-06
_07432_, 483.3, 388.08, 1.32378e-06
TAP_1527, 486, 388.08, 1.32386e-06
FILLER_95_850, 486, 388.08, 1.32386e-06
_07418_, 488.7, 388.08, 1.3239e-06
_07468_, 488.7, 388.08, 1.3239e-06
_07482_, 494.1, 388.08, 1.32364e-06
FILLER_95_863, 494.1, 388.08, 1.32364e-06
_07465_, 499.5, 388.08, 1.32311e-06
_07416_, 504.9, 388.08, 1.3236e-06
_07476_, 507.6, 388.08, 1.32435e-06
_07477_, 507.6, 388.08, 1.32435e-06
TAP_1541, 507.6, 388.08, 1.32435e-06
_07524_, 510.3, 388.08, 1.325e-06
_07521_, 513, 388.08, 1.32552e-06
_07522_, 515.7, 388.08, 1.326e-06
_07523_, 521.1, 388.08, 1.32685e-06
_07593_, 523.8, 388.08, 1.32724e-06
FILLER_96_917, 523.8, 388.08, 1.32724e-06
TAP_1528, 526.5, 388.08, 1.32748e-06
FILLER_95_920, 526.5, 388.08, 1.32748e-06
FILLER_95_922, 526.5, 388.08, 1.32748e-06
_07591_, 529.2, 388.08, 1.32767e-06
_07640_, 531.9, 388.08, 1.32782e-06
PHY_191, 537.3, 388.08, 1.32798e-06
PHY_193, 537.3, 388.08, 1.32798e-06
FILLER_95_942, 537.3, 388.08, 1.32798e-06
FILLER_96_943, 537.3, 388.08, 1.32798e-06
PHY_186, 10.8, 380.24, 1.26003e-06
PHY_188, 10.8, 380.24, 1.26003e-06
FILLER_93_2, 10.8, 380.24, 1.26003e-06
FILLER_94_2, 10.8, 380.24, 1.26003e-06
FILLER_93_18, 18.9, 380.24, 1.25979e-06
FILLER_94_18, 18.9, 380.24, 1.25979e-06
_08963_, 29.7, 380.24, 1.2617e-06
_08965_, 29.7, 380.24, 1.2617e-06
TAP_1503, 29.7, 380.24, 1.2617e-06
FILLER_93_34, 29.7, 380.24, 1.2617e-06
FILLER_94_34, 29.7, 380.24, 1.2617e-06
_08962_, 32.4, 380.24, 1.26222e-06
_08964_, 35.1, 380.24, 1.26269e-06
_08966_, 37.8, 380.24, 1.26312e-06
_08967_, 40.5, 380.24, 1.26351e-06
FILLER_93_56, 40.5, 380.24, 1.26351e-06
_08970_, 43.2, 380.24, 1.26384e-06
_09826_, 43.2, 380.24, 1.26384e-06
TAP_1490, 48.6, 380.24, 1.2642e-06
FILLER_93_70, 48.6, 380.24, 1.2642e-06
_08971_, 51.3, 380.24, 1.26434e-06
FILLER_93_79, 54, 380.24, 1.26444e-06
_09811_, 59.4, 380.24, 1.2646e-06
FILLER_94_87, 59.4, 380.24, 1.2646e-06
_08928_, 62.1, 380.24, 1.26458e-06
FILLER_94_101, 67.5, 380.24, 1.26581e-06
_09813_, 70.2, 380.24, 1.26641e-06
TAP_1504, 70.2, 380.24, 1.26641e-06
FILLER_94_105, 70.2, 380.24, 1.26641e-06
FILLER_93_116, 75.6, 380.24, 1.26735e-06
FILLER_93_132, 83.7, 380.24, 1.26871e-06
FILLER_94_137, 86.4, 380.24, 1.26914e-06
TAP_1491, 89.1, 380.24, 1.26955e-06
FILLER_93_140, 89.1, 380.24, 1.26955e-06
_09784_, 91.8, 380.24, 1.26992e-06
FILLER_93_144, 91.8, 380.24, 1.26992e-06
_08863_, 94.5, 380.24, 1.27019e-06
_08864_, 99.9, 380.24, 1.27062e-06
_09466_, 105.3, 380.24, 1.27224e-06
FILLER_93_168, 105.3, 380.24, 1.27224e-06
FILLER_93_170, 105.3, 380.24, 1.27224e-06
TAP_1505, 108, 380.24, 1.27293e-06
FILLER_94_174, 108, 380.24, 1.27293e-06
FILLER_94_176, 108, 380.24, 1.27293e-06
_05199_, 110.7, 380.24, 1.27355e-06
_05176_, 116.1, 380.24, 1.27471e-06
FILLER_94_187, 116.1, 380.24, 1.27471e-06
_09458_, 118.8, 380.24, 1.27523e-06
_05187_, 121.5, 380.24, 1.27567e-06
FILLER_93_205, 124.2, 380.24, 1.27606e-06
_05194_, 129.6, 380.24, 1.27682e-06
TAP_1492, 129.6, 380.24, 1.27682e-06
_05142_, 135, 380.24, 1.27745e-06
FILLER_93_223, 135, 380.24, 1.27745e-06
FILLER_94_222, 135, 380.24, 1.27745e-06
FILLER_94_224, 135, 380.24, 1.27745e-06
_05189_, 137.7, 380.24, 1.27766e-06
_09463_, 137.7, 380.24, 1.27766e-06
FILLER_93_227, 137.7, 380.24, 1.27766e-06
_05143_, 145.8, 380.24, 1.27923e-06
TAP_1506, 148.5, 380.24, 1.27994e-06
_05141_, 151.2, 380.24, 1.28062e-06
_09244_, 153.9, 380.24, 1.28127e-06
FILLER_93_257, 153.9, 380.24, 1.28127e-06
FILLER_94_255, 153.9, 380.24, 1.28127e-06
FILLER_94_257, 153.9, 380.24, 1.28127e-06
_09118_, 156.6, 380.24, 1.2818e-06
FILLER_93_261, 156.6, 380.24, 1.2818e-06
FILLER_94_266, 159.3, 380.24, 1.28226e-06
_09116_, 162, 380.24, 1.2827e-06
_09940_, 162, 380.24, 1.2827e-06
FILLER_94_270, 162, 380.24, 1.2827e-06
_09223_, 164.7, 380.24, 1.28301e-06
_09222_, 170.1, 380.24, 1.28352e-06
TAP_1493, 170.1, 380.24, 1.28352e-06
FILLER_93_286, 170.1, 380.24, 1.28352e-06
_09132_, 175.5, 380.24, 1.28385e-06
FILLER_93_302, 178.2, 380.24, 1.28397e-06
FILLER_94_300, 178.2, 380.24, 1.28397e-06
_09957_, 180.9, 380.24, 1.28406e-06
_09258_, 183.6, 380.24, 1.28478e-06
FILLER_94_308, 183.6, 380.24, 1.28478e-06
FILLER_94_310, 183.6, 380.24, 1.28478e-06
TAP_1507, 189, 380.24, 1.28604e-06
FILLER_94_321, 189, 380.24, 1.28604e-06
_09257_, 191.7, 380.24, 1.28663e-06
FILLER_94_331, 194.4, 380.24, 1.28717e-06
_09164_, 197.1, 380.24, 1.28768e-06
_09951_, 197.1, 380.24, 1.28768e-06
_09140_, 199.8, 380.24, 1.28808e-06
_09245_, 202.5, 380.24, 1.28844e-06
TAP_1494, 207.9, 380.24, 1.28906e-06
FILLER_93_353, 207.9, 380.24, 1.28906e-06
FILLER_93_357, 210.6, 380.24, 1.28932e-06
_10015_, 213.3, 380.24, 1.28957e-06
FILLER_93_365, 213.3, 380.24, 1.28957e-06
_09393_, 216, 380.24, 1.28971e-06
_09392_, 221.4, 380.24, 1.28988e-06
FILLER_93_385, 226.8, 380.24, 1.29142e-06
_05973_, 229.5, 380.24, 1.29216e-06
_05974_, 229.5, 380.24, 1.29216e-06
TAP_1508, 229.5, 380.24, 1.29216e-06
FILLER_94_392, 229.5, 380.24, 1.29216e-06
FILLER_93_401, 234.9, 380.24, 1.29337e-06
FILLER_93_403, 234.9, 380.24, 1.29337e-06
FILLER_94_402, 234.9, 380.24, 1.29337e-06
_05680_, 237.6, 380.24, 1.29391e-06
_05704_, 237.6, 380.24, 1.29391e-06
FILLER_94_406, 237.6, 380.24, 1.29391e-06
FILLER_93_412, 240.3, 380.24, 1.29434e-06
FILLER_94_412, 240.3, 380.24, 1.29434e-06
_05665_, 243, 380.24, 1.29473e-06
_05666_, 243, 380.24, 1.29473e-06
_05646_, 245.7, 380.24, 1.29502e-06
FILLER_94_419, 245.7, 380.24, 1.29502e-06
TAP_1495, 248.4, 380.24, 1.29523e-06
_05667_, 251.1, 380.24, 1.29542e-06
_05676_, 251.1, 380.24, 1.29542e-06
FILLER_93_428, 251.1, 380.24, 1.29542e-06
_05679_, 253.8, 380.24, 1.29549e-06
_05700_, 256.5, 380.24, 1.2955e-06
_09559_, 261.9, 380.24, 1.29541e-06
FILLER_93_450, 261.9, 380.24, 1.29541e-06
FILLER_94_449, 261.9, 380.24, 1.29541e-06
_05702_, 264.6, 380.24, 1.29596e-06
TAP_1509, 267.3, 380.24, 1.29647e-06
_05701_, 270, 380.24, 1.29695e-06
FILLER_94_471, 272.7, 380.24, 1.29738e-06
FILLER_94_475, 275.4, 380.24, 1.29779e-06
_09886_, 278.1, 380.24, 1.29819e-06
FILLER_93_483, 280.8, 380.24, 1.29849e-06
_05978_, 283.5, 380.24, 1.29878e-06
FILLER_93_495, 286.2, 380.24, 1.29902e-06
TAP_1496, 288.9, 380.24, 1.29924e-06
FILLER_93_499, 288.9, 380.24, 1.29924e-06
_04836_, 291.6, 380.24, 1.29941e-06
_04837_, 294.3, 380.24, 1.29954e-06
_05788_, 294.3, 380.24, 1.29954e-06
_05641_, 299.7, 380.24, 1.29945e-06
_05639_, 307.8, 380.24, 1.30121e-06
_09889_, 307.8, 380.24, 1.30121e-06
TAP_1510, 307.8, 380.24, 1.30121e-06
FILLER_93_543, 313.2, 380.24, 1.30206e-06
_05891_, 315.9, 380.24, 1.30246e-06
_05983_, 318.6, 380.24, 1.30282e-06
_06230_, 326.7, 380.24, 1.30365e-06
FILLER_94_565, 326.7, 380.24, 1.30365e-06
_06231_, 329.4, 380.24, 1.30377e-06
TAP_1497, 329.4, 380.24, 1.30377e-06
_05984_, 340.2, 380.24, 1.30378e-06
_06049_, 342.9, 380.24, 1.30445e-06
FILLER_94_600, 345.6, 380.24, 1.30486e-06
TAP_1511, 348.3, 380.24, 1.30526e-06
FILLER_94_602, 348.3, 380.24, 1.30526e-06
FILLER_94_605, 348.3, 380.24, 1.30526e-06
_10007_, 351, 380.24, 1.3056e-06
_06639_, 364.5, 380.24, 1.30686e-06
_09374_, 367.2, 380.24, 1.30706e-06
TAP_1498, 367.2, 380.24, 1.30706e-06
_06547_, 369.9, 380.24, 1.3072e-06
_06605_, 369.9, 380.24, 1.3072e-06
FILLER_93_641, 369.9, 380.24, 1.3072e-06
FILLER_93_643, 369.9, 380.24, 1.3072e-06
_06502_, 378, 380.24, 1.307e-06
_06389_, 380.7, 380.24, 1.30685e-06
_04791_, 388.8, 380.24, 1.3081e-06
TAP_1512, 388.8, 380.24, 1.3081e-06
_09653_, 391.5, 380.24, 1.30845e-06
_06501_, 396.9, 380.24, 1.309e-06
_07460_, 402.3, 380.24, 1.30944e-06
_07440_, 407.7, 380.24, 1.30977e-06
_07641_, 407.7, 380.24, 1.30977e-06
TAP_1499, 407.7, 380.24, 1.30977e-06
_07654_, 413.1, 380.24, 1.30976e-06
_07451_, 415.8, 380.24, 1.3097e-06
_07646_, 418.5, 380.24, 1.30961e-06
_07653_, 421.2, 380.24, 1.3094e-06
TAP_1513, 426.6, 380.24, 1.31036e-06
_07647_, 429.3, 380.24, 1.31081e-06
_07643_, 432, 380.24, 1.31123e-06
_07644_, 432, 380.24, 1.31123e-06
_07558_, 434.7, 380.24, 1.31157e-06
_07645_, 434.7, 380.24, 1.31157e-06
FILLER_93_764, 437.4, 380.24, 1.31183e-06
FILLER_93_768, 440.1, 380.24, 1.31206e-06
FILLER_93_770, 440.1, 380.24, 1.31206e-06
FILLER_94_767, 440.1, 380.24, 1.31206e-06
_07450_, 442.8, 380.24, 1.31223e-06
_07458_, 442.8, 380.24, 1.31223e-06
FILLER_94_771, 442.8, 380.24, 1.31223e-06
FILLER_93_779, 445.5, 380.24, 1.3123e-06
FILLER_94_779, 445.5, 380.24, 1.3123e-06
_07498_, 448.2, 380.24, 1.31232e-06
TAP_1500, 448.2, 380.24, 1.31232e-06
FILLER_93_783, 448.2, 380.24, 1.31232e-06
_07448_, 450.9, 380.24, 1.31224e-06
FILLER_93_785, 450.9, 380.24, 1.31224e-06
_07398_, 453.6, 380.24, 1.31209e-06
_07449_, 456.3, 380.24, 1.31188e-06
_07443_, 461.7, 380.24, 1.31129e-06
_07378_, 464.4, 380.24, 1.31179e-06
_07379_, 467.1, 380.24, 1.31225e-06
_07417_, 467.1, 380.24, 1.31225e-06
TAP_1514, 467.1, 380.24, 1.31225e-06
_07380_, 477.9, 380.24, 1.31326e-06
_07415_, 483.3, 380.24, 1.31367e-06
_07419_, 483.3, 380.24, 1.31367e-06
FILLER_93_843, 483.3, 380.24, 1.31367e-06
_07434_, 486, 380.24, 1.31378e-06
TAP_1501, 486, 380.24, 1.31378e-06
FILLER_94_850, 486, 380.24, 1.31378e-06
_07433_, 488.7, 380.24, 1.3138e-06
FILLER_94_860, 491.4, 380.24, 1.31376e-06
_07466_, 494.1, 380.24, 1.31369e-06
FILLER_94_862, 494.1, 380.24, 1.31369e-06
_07467_, 496.8, 380.24, 1.31357e-06
_07528_, 496.8, 380.24, 1.31357e-06
FILLER_93_867, 496.8, 380.24, 1.31357e-06
_07525_, 499.5, 380.24, 1.31332e-06
_07480_, 502.2, 380.24, 1.31304e-06
_07479_, 504.9, 380.24, 1.31387e-06
FILLER_93_883, 504.9, 380.24, 1.31387e-06
_07481_, 507.6, 380.24, 1.31465e-06
TAP_1515, 507.6, 380.24, 1.31465e-06
FILLER_93_890, 507.6, 380.24, 1.31465e-06
_07518_, 513, 380.24, 1.31602e-06
FILLER_93_898, 513, 380.24, 1.31602e-06
FILLER_94_899, 513, 380.24, 1.31602e-06
_07567_, 515.7, 380.24, 1.31663e-06
FILLER_93_905, 515.7, 380.24, 1.31663e-06
FILLER_94_901, 515.7, 380.24, 1.31663e-06
_07569_, 518.4, 380.24, 1.31715e-06
FILLER_93_907, 518.4, 380.24, 1.31715e-06
FILLER_94_910, 518.4, 380.24, 1.31715e-06
_07571_, 521.1, 380.24, 1.31759e-06
FILLER_94_918, 523.8, 380.24, 1.31798e-06
_07639_, 526.5, 380.24, 1.31836e-06
TAP_1502, 526.5, 380.24, 1.31836e-06
FILLER_93_920, 526.5, 380.24, 1.31836e-06
FILLER_93_922, 526.5, 380.24, 1.31836e-06
FILLER_94_920, 526.5, 380.24, 1.31836e-06
_07573_, 529.2, 380.24, 1.31854e-06
_07620_, 531.9, 380.24, 1.31868e-06
FILLER_93_937, 534.6, 380.24, 1.31878e-06
PHY_187, 537.3, 380.24, 1.31886e-06
PHY_189, 537.3, 380.24, 1.31886e-06
FILLER_93_941, 537.3, 380.24, 1.31886e-06
FILLER_93_943, 537.3, 380.24, 1.31886e-06
PHY_182, 10.8, 372.4, 1.25094e-06
PHY_184, 10.8, 372.4, 1.25094e-06
FILLER_91_2, 10.8, 372.4, 1.25094e-06
FILLER_92_2, 10.8, 372.4, 1.25094e-06
_09823_, 13.5, 372.4, 1.25086e-06
FILLER_91_18, 18.9, 372.4, 1.25054e-06
_09822_, 24.3, 372.4, 1.25101e-06
TAP_1477, 29.7, 372.4, 1.25215e-06
FILLER_92_37, 29.7, 372.4, 1.25215e-06
_08961_, 32.4, 372.4, 1.25268e-06
_05116_, 37.8, 372.4, 1.25365e-06
FILLER_92_49, 37.8, 372.4, 1.25365e-06
_05117_, 40.5, 372.4, 1.25406e-06
FILLER_91_55, 40.5, 372.4, 1.25406e-06
FILLER_91_64, 45.9, 372.4, 1.25476e-06
FILLER_92_62, 45.9, 372.4, 1.25476e-06
TAP_1464, 48.6, 372.4, 1.25507e-06
FILLER_91_68, 48.6, 372.4, 1.25507e-06
FILLER_91_70, 48.6, 372.4, 1.25507e-06
FILLER_92_70, 48.6, 372.4, 1.25507e-06
_09812_, 51.3, 372.4, 1.2553e-06
FILLER_91_73, 51.3, 372.4, 1.2553e-06
FILLER_92_74, 51.3, 372.4, 1.2553e-06
_08930_, 56.7, 372.4, 1.2555e-06
FILLER_91_81, 56.7, 372.4, 1.2555e-06
_08929_, 59.4, 372.4, 1.25555e-06
_05119_, 64.8, 372.4, 1.25627e-06
_04843_, 70.2, 372.4, 1.25766e-06
_08932_, 70.2, 372.4, 1.25766e-06
TAP_1478, 70.2, 372.4, 1.25766e-06
FILLER_92_105, 70.2, 372.4, 1.25766e-06
_08933_, 72.9, 372.4, 1.25823e-06
FILLER_91_111, 72.9, 372.4, 1.25823e-06
_08931_, 75.6, 372.4, 1.25874e-06
_08934_, 78.3, 372.4, 1.2592e-06
_04845_, 81, 372.4, 1.25963e-06
FILLER_92_126, 81, 372.4, 1.25963e-06
_09783_, 83.7, 372.4, 1.26e-06
FILLER_91_130, 83.7, 372.4, 1.26e-06
FILLER_91_138, 86.4, 372.4, 1.26027e-06
TAP_1465, 89.1, 372.4, 1.26052e-06
FILLER_91_144, 91.8, 372.4, 1.26074e-06
FILLER_91_148, 91.8, 372.4, 1.26074e-06
_08860_, 94.5, 372.4, 1.26093e-06
_08862_, 99.9, 372.4, 1.26119e-06
_08865_, 99.9, 372.4, 1.26119e-06
_09522_, 102.6, 372.4, 1.26194e-06
FILLER_91_166, 102.6, 372.4, 1.26194e-06
_08861_, 105.3, 372.4, 1.26259e-06
TAP_1479, 108, 372.4, 1.26319e-06
FILLER_92_174, 108, 372.4, 1.26319e-06
FILLER_92_176, 108, 372.4, 1.26319e-06
repeater2, 110.7, 372.4, 1.26374e-06
FILLER_92_179, 110.7, 372.4, 1.26374e-06
_05188_, 121.5, 372.4, 1.26526e-06
_09471_, 124.2, 372.4, 1.2656e-06
FILLER_91_204, 124.2, 372.4, 1.2656e-06
_08914_, 129.6, 372.4, 1.26608e-06
TAP_1466, 129.6, 372.4, 1.26608e-06
FILLER_91_212, 129.6, 372.4, 1.26608e-06
_09215_, 135, 372.4, 1.26639e-06
FILLER_91_233, 140.4, 372.4, 1.2666e-06
FILLER_92_235, 140.4, 372.4, 1.2666e-06
_09942_, 143.1, 372.4, 1.26733e-06
FILLER_91_237, 143.1, 372.4, 1.26733e-06
FILLER_92_243, 145.8, 372.4, 1.26795e-06
TAP_1480, 148.5, 372.4, 1.26855e-06
FILLER_92_247, 148.5, 372.4, 1.26855e-06
_09117_, 151.2, 372.4, 1.26911e-06
_09136_, 159.3, 372.4, 1.27045e-06
_09135_, 164.7, 372.4, 1.27123e-06
_09913_, 170.1, 372.4, 1.27193e-06
TAP_1467, 170.1, 372.4, 1.27193e-06
FILLER_91_286, 170.1, 372.4, 1.27193e-06
FILLER_91_288, 170.1, 372.4, 1.27193e-06
FILLER_92_287, 170.1, 372.4, 1.27193e-06
_09131_, 172.8, 372.4, 1.27211e-06
_04717_, 178.2, 372.4, 1.27236e-06
FILLER_91_304, 180.9, 372.4, 1.27245e-06
FILLER_91_312, 183.6, 372.4, 1.27319e-06
FILLER_91_316, 186.3, 372.4, 1.2739e-06
_09241_, 189, 372.4, 1.2746e-06
TAP_1481, 189, 372.4, 1.2746e-06
FILLER_92_321, 189, 372.4, 1.2746e-06
_09943_, 191.7, 372.4, 1.27521e-06
FILLER_92_325, 191.7, 372.4, 1.27521e-06
_09165_, 194.4, 372.4, 1.27571e-06
_09167_, 197.1, 372.4, 1.27617e-06
FILLER_92_333, 197.1, 372.4, 1.27617e-06
FILLER_92_340, 199.8, 372.4, 1.27658e-06
_09229_, 202.5, 372.4, 1.27697e-06
FILLER_92_344, 202.5, 372.4, 1.27697e-06
_09141_, 207.9, 372.4, 1.2776e-06
TAP_1468, 207.9, 372.4, 1.2776e-06
_09143_, 210.6, 372.4, 1.27786e-06
FILLER_92_359, 210.6, 372.4, 1.27786e-06
FILLER_91_363, 213.3, 372.4, 1.27806e-06
_10016_, 216, 372.4, 1.27824e-06
FILLER_91_367, 216, 372.4, 1.27824e-06
_09395_, 221.4, 372.4, 1.27839e-06
FILLER_92_375, 221.4, 372.4, 1.27839e-06
FILLER_92_386, 226.8, 372.4, 1.27979e-06
_09394_, 229.5, 372.4, 1.28047e-06
TAP_1482, 229.5, 372.4, 1.28047e-06
_09398_, 232.2, 372.4, 1.2811e-06
FILLER_91_398, 232.2, 372.4, 1.2811e-06
_05977_, 234.9, 372.4, 1.28166e-06
_05681_, 237.6, 372.4, 1.28217e-06
FILLER_91_408, 237.6, 372.4, 1.28217e-06
FILLER_92_404, 237.6, 372.4, 1.28217e-06
_04842_, 240.3, 372.4, 1.28261e-06
_05682_, 240.3, 372.4, 1.28261e-06
FILLER_91_413, 240.3, 372.4, 1.28261e-06
FILLER_92_411, 240.3, 372.4, 1.28261e-06
FILLER_91_421, 245.7, 372.4, 1.28311e-06
TAP_1469, 248.4, 372.4, 1.28333e-06
FILLER_91_425, 248.4, 372.4, 1.28333e-06
_09043_, 251.1, 372.4, 1.28352e-06
_05957_, 253.8, 372.4, 1.28367e-06
FILLER_92_437, 253.8, 372.4, 1.28367e-06
FILLER_91_438, 256.5, 372.4, 1.28376e-06
FILLER_92_441, 256.5, 372.4, 1.28376e-06
_05673_, 259.2, 372.4, 1.28382e-06
_05879_, 259.2, 372.4, 1.28382e-06
FILLER_91_446, 259.2, 372.4, 1.28382e-06
FILLER_92_443, 259.2, 372.4, 1.28382e-06
FILLER_91_452, 261.9, 372.4, 1.28375e-06
FILLER_92_450, 261.9, 372.4, 1.28375e-06
_05672_, 264.6, 372.4, 1.28437e-06
FILLER_91_456, 264.6, 372.4, 1.28437e-06
FILLER_92_454, 264.6, 372.4, 1.28437e-06
_09558_, 267.3, 372.4, 1.28492e-06
TAP_1483, 267.3, 372.4, 1.28492e-06
_05671_, 270, 372.4, 1.28536e-06
FILLER_92_471, 272.7, 372.4, 1.28574e-06
FILLER_92_479, 278.1, 372.4, 1.28647e-06
FILLER_92_481, 278.1, 372.4, 1.28647e-06
_09570_, 280.8, 372.4, 1.28679e-06
FILLER_91_488, 283.5, 372.4, 1.28701e-06
_05643_, 286.2, 372.4, 1.28721e-06
_09059_, 288.9, 372.4, 1.28737e-06
TAP_1470, 288.9, 372.4, 1.28737e-06
_04731_, 294.3, 372.4, 1.28755e-06
_05640_, 297, 372.4, 1.28761e-06
_05642_, 299.7, 372.4, 1.28763e-06
_05644_, 299.7, 372.4, 1.28763e-06
TAP_1484, 307.8, 372.4, 1.28909e-06
FILLER_92_534, 307.8, 372.4, 1.28909e-06
_06012_, 310.5, 372.4, 1.28954e-06
_05893_, 313.2, 372.4, 1.28994e-06
_04827_, 324, 372.4, 1.29091e-06
FILLER_91_561, 324, 372.4, 1.29091e-06
_04815_, 329.4, 372.4, 1.29127e-06
TAP_1471, 329.4, 372.4, 1.29127e-06
_06015_, 332.1, 372.4, 1.2914e-06
FILLER_91_574, 332.1, 372.4, 1.2914e-06
_06280_, 337.5, 372.4, 1.29131e-06
FILLER_92_601, 345.6, 372.4, 1.29222e-06
_06014_, 348.3, 372.4, 1.29271e-06
TAP_1485, 348.3, 372.4, 1.29271e-06
_07656_, 356.4, 372.4, 1.29389e-06
FILLER_91_618, 356.4, 372.4, 1.29389e-06
FILLER_92_618, 356.4, 372.4, 1.29389e-06
_06388_, 361.8, 372.4, 1.29447e-06
_09654_, 361.8, 372.4, 1.29447e-06
FILLER_91_626, 361.8, 372.4, 1.29447e-06
FILLER_91_628, 361.8, 372.4, 1.29447e-06
_06357_, 364.5, 372.4, 1.2946e-06
TAP_1472, 367.2, 372.4, 1.2947e-06
_09604_, 369.9, 372.4, 1.29477e-06
_06358_, 378, 372.4, 1.29468e-06
_06359_, 388.8, 372.4, 1.2962e-06
_09650_, 388.8, 372.4, 1.2962e-06
TAP_1486, 388.8, 372.4, 1.2962e-06
_07461_, 407.7, 372.4, 1.2982e-06
TAP_1473, 407.7, 372.4, 1.2982e-06
FILLER_91_708, 407.7, 372.4, 1.2982e-06
FILLER_91_712, 407.7, 372.4, 1.2982e-06
_07463_, 410.4, 372.4, 1.29837e-06
_07655_, 410.4, 372.4, 1.29837e-06
FILLER_91_722, 413.1, 372.4, 1.29844e-06
_07612_, 415.8, 372.4, 1.29849e-06
_07652_, 415.8, 372.4, 1.29849e-06
_07650_, 421.2, 372.4, 1.29838e-06
_07651_, 421.2, 372.4, 1.29838e-06
FILLER_92_741, 423.9, 372.4, 1.29897e-06
TAP_1487, 426.6, 372.4, 1.29954e-06
_07459_, 429.3, 372.4, 1.30008e-06
_07642_, 429.3, 372.4, 1.30008e-06
_07456_, 432, 372.4, 1.30055e-06
_07557_, 432, 372.4, 1.30055e-06
FILLER_91_752, 432, 372.4, 1.30055e-06
FILLER_92_753, 432, 372.4, 1.30055e-06
_07556_, 434.7, 372.4, 1.3009e-06
_07406_, 437.4, 372.4, 1.30118e-06
_07407_, 440.1, 372.4, 1.30141e-06
_07555_, 440.1, 372.4, 1.30141e-06
FILLER_92_775, 442.8, 372.4, 1.30155e-06
_07404_, 445.5, 372.4, 1.30167e-06
FILLER_91_779, 445.5, 372.4, 1.30167e-06
_07400_, 448.2, 372.4, 1.30173e-06
TAP_1474, 448.2, 372.4, 1.30173e-06
FILLER_92_782, 448.2, 372.4, 1.30173e-06
FILLER_92_784, 448.2, 372.4, 1.30173e-06
_07345_, 450.9, 372.4, 1.30162e-06
_07397_, 453.6, 372.4, 1.30147e-06
FILLER_92_790, 453.6, 372.4, 1.30147e-06
_07389_, 461.7, 372.4, 1.3007e-06
_07627_, 461.7, 372.4, 1.3007e-06
FILLER_92_805, 461.7, 372.4, 1.3007e-06
_07388_, 467.1, 372.4, 1.30172e-06
_07391_, 467.1, 372.4, 1.30172e-06
TAP_1488, 467.1, 372.4, 1.30172e-06
_07382_, 472.5, 372.4, 1.30232e-06
FILLER_91_827, 472.5, 372.4, 1.30232e-06
_07384_, 477.9, 372.4, 1.30281e-06
FILLER_92_841, 480.6, 372.4, 1.30297e-06
_07421_, 483.3, 372.4, 1.30311e-06
TAP_1475, 486, 372.4, 1.3032e-06
FILLER_91_849, 486, 372.4, 1.3032e-06
FILLER_91_851, 486, 372.4, 1.3032e-06
_07385_, 488.7, 372.4, 1.30324e-06
_07386_, 488.7, 372.4, 1.30324e-06
FILLER_92_853, 488.7, 372.4, 1.30324e-06
_07405_, 494.1, 372.4, 1.30302e-06
FILLER_92_863, 494.1, 372.4, 1.30302e-06
_07529_, 496.8, 372.4, 1.30283e-06
FILLER_91_867, 496.8, 372.4, 1.30283e-06
FILLER_91_869, 496.8, 372.4, 1.30283e-06
_07431_, 499.5, 372.4, 1.30249e-06
_07622_, 504.9, 372.4, 1.30281e-06
_07623_, 507.6, 372.4, 1.30349e-06
TAP_1489, 507.6, 372.4, 1.30349e-06
FILLER_91_894, 510.3, 372.4, 1.30411e-06
FILLER_92_894, 510.3, 372.4, 1.30411e-06
_07532_, 513, 372.4, 1.30469e-06
_07534_, 513, 372.4, 1.30469e-06
_07572_, 515.7, 372.4, 1.30516e-06
FILLER_92_903, 515.7, 372.4, 1.30516e-06
_07533_, 521.1, 372.4, 1.30593e-06
_07568_, 523.8, 372.4, 1.30628e-06
_07590_, 523.8, 372.4, 1.30628e-06
TAP_1476, 526.5, 372.4, 1.30647e-06
_07574_, 529.2, 372.4, 1.30664e-06
FILLER_91_938, 534.6, 372.4, 1.30684e-06
PHY_183, 537.3, 372.4, 1.30692e-06
PHY_185, 537.3, 372.4, 1.30692e-06
FILLER_91_942, 537.3, 372.4, 1.30692e-06
FILLER_92_942, 537.3, 372.4, 1.30692e-06
PHY_178, 10.8, 364.56, 1.23942e-06
PHY_180, 10.8, 364.56, 1.23942e-06
FILLER_89_2, 10.8, 364.56, 1.23942e-06
FILLER_90_2, 10.8, 364.56, 1.23942e-06
FILLER_89_18, 18.9, 364.56, 1.23918e-06
FILLER_90_18, 18.9, 364.56, 1.23918e-06
_09821_, 24.3, 364.56, 1.23972e-06
TAP_1451, 29.7, 364.56, 1.24089e-06
FILLER_90_34, 29.7, 364.56, 1.24089e-06
FILLER_90_37, 29.7, 364.56, 1.24089e-06
_08960_, 32.4, 364.56, 1.24141e-06
_08958_, 35.1, 364.56, 1.24189e-06
_08959_, 40.5, 364.56, 1.24276e-06
FILLER_89_55, 40.5, 364.56, 1.24276e-06
_08927_, 43.2, 364.56, 1.24313e-06
FILLER_89_57, 43.2, 364.56, 1.24313e-06
FILLER_89_64, 45.9, 364.56, 1.24343e-06
FILLER_90_63, 45.9, 364.56, 1.24343e-06
TAP_1438, 48.6, 364.56, 1.24369e-06
FILLER_89_68, 48.6, 364.56, 1.24369e-06
FILLER_89_70, 48.6, 364.56, 1.24369e-06
_09815_, 51.3, 364.56, 1.24389e-06
_08939_, 54, 364.56, 1.24401e-06
FILLER_90_79, 54, 364.56, 1.24401e-06
FILLER_90_88, 59.4, 364.56, 1.24412e-06
_05121_, 62.1, 364.56, 1.24416e-06
FILLER_90_92, 62.1, 364.56, 1.24416e-06
_09814_, 67.5, 364.56, 1.24548e-06
FILLER_89_102, 67.5, 364.56, 1.24548e-06
_05120_, 70.2, 364.56, 1.24604e-06
TAP_1452, 70.2, 364.56, 1.24604e-06
_08935_, 75.6, 364.56, 1.24703e-06
FILLER_90_124, 78.3, 364.56, 1.24748e-06
_09782_, 81, 364.56, 1.2479e-06
FILLER_90_128, 81, 364.56, 1.2479e-06
FILLER_89_132, 83.7, 364.56, 1.24823e-06
TAP_1439, 89.1, 364.56, 1.24884e-06
FILLER_89_140, 89.1, 364.56, 1.24884e-06
FILLER_89_144, 91.8, 364.56, 1.2491e-06
FILLER_89_148, 91.8, 364.56, 1.2491e-06
_04733_, 94.5, 364.56, 1.24933e-06
_08859_, 94.5, 364.56, 1.24933e-06
_05125_, 99.9, 364.56, 1.24936e-06
TAP_1453, 108, 364.56, 1.25117e-06
FILLER_90_174, 108, 364.56, 1.25117e-06
FILLER_90_176, 108, 364.56, 1.25117e-06
_09462_, 110.7, 364.56, 1.25171e-06
FILLER_89_189, 116.1, 364.56, 1.25263e-06
FILLER_89_197, 121.5, 364.56, 1.2535e-06
FILLER_89_201, 121.5, 364.56, 1.2535e-06
_08915_, 124.2, 364.56, 1.2539e-06
_09802_, 126.9, 364.56, 1.25426e-06
FILLER_89_209, 126.9, 364.56, 1.25426e-06
_09936_, 129.6, 364.56, 1.25452e-06
TAP_1440, 129.6, 364.56, 1.25452e-06
_09214_, 143.1, 364.56, 1.25595e-06
FILLER_89_244, 145.8, 364.56, 1.25671e-06
_09227_, 148.5, 364.56, 1.25744e-06
TAP_1454, 148.5, 364.56, 1.25744e-06
FILLER_89_248, 148.5, 364.56, 1.25744e-06
FILLER_90_245, 148.5, 364.56, 1.25744e-06
FILLER_90_247, 148.5, 364.56, 1.25744e-06
_09123_, 151.2, 364.56, 1.25805e-06
_09226_, 153.9, 364.56, 1.25859e-06
_09122_, 156.6, 364.56, 1.25908e-06
_09119_, 159.3, 364.56, 1.25953e-06
_09915_, 159.3, 364.56, 1.25953e-06
FILLER_89_265, 159.3, 364.56, 1.25953e-06
_09220_, 170.1, 364.56, 1.26057e-06
TAP_1441, 170.1, 364.56, 1.26057e-06
_09224_, 175.5, 364.56, 1.26094e-06
_09949_, 175.5, 364.56, 1.26094e-06
FILLER_89_294, 175.5, 364.56, 1.26094e-06
FILLER_89_296, 175.5, 364.56, 1.26094e-06
_09134_, 180.9, 364.56, 1.26096e-06
_09242_, 183.6, 364.56, 1.26163e-06
FILLER_90_310, 183.6, 364.56, 1.26163e-06
TAP_1455, 189, 364.56, 1.26281e-06
FILLER_90_321, 189, 364.56, 1.26281e-06
_09166_, 191.7, 364.56, 1.26336e-06
_09923_, 191.7, 364.56, 1.26336e-06
FILLER_90_336, 197.1, 364.56, 1.26417e-06
_09230_, 199.8, 364.56, 1.26456e-06
_09917_, 202.5, 364.56, 1.26489e-06
FILLER_90_345, 202.5, 364.56, 1.26489e-06
TAP_1442, 207.9, 364.56, 1.26535e-06
_09142_, 210.6, 364.56, 1.26556e-06
_05241_, 216, 364.56, 1.26585e-06
FILLER_89_368, 216, 364.56, 1.26585e-06
_10018_, 218.7, 364.56, 1.26594e-06
FILLER_90_377, 221.4, 364.56, 1.26595e-06
FILLER_90_379, 221.4, 364.56, 1.26595e-06
_09399_, 224.1, 364.56, 1.26659e-06
_09104_, 229.5, 364.56, 1.26774e-06
TAP_1456, 229.5, 364.56, 1.26774e-06
_05956_, 234.9, 364.56, 1.26876e-06
FILLER_90_400, 234.9, 364.56, 1.26876e-06
_05919_, 237.6, 364.56, 1.26913e-06
_05920_, 248.4, 364.56, 1.27014e-06
TAP_1443, 248.4, 364.56, 1.27014e-06
_05968_, 251.1, 364.56, 1.27034e-06
_09564_, 251.1, 364.56, 1.27034e-06
FILLER_89_428, 251.1, 364.56, 1.27034e-06
_05934_, 259.2, 364.56, 1.27043e-06
_05935_, 264.6, 364.56, 1.271e-06
_09710_, 267.3, 364.56, 1.27156e-06
TAP_1457, 267.3, 364.56, 1.27156e-06
FILLER_90_463, 270, 364.56, 1.27199e-06
_08710_, 278.1, 364.56, 1.27322e-06
FILLER_90_479, 278.1, 364.56, 1.27322e-06
FILLER_90_489, 283.5, 364.56, 1.2739e-06
_09883_, 286.2, 364.56, 1.27421e-06
FILLER_90_491, 286.2, 364.56, 1.27421e-06
TAP_1444, 288.9, 364.56, 1.27442e-06
FILLER_89_499, 288.9, 364.56, 1.27442e-06
_10013_, 291.6, 364.56, 1.27459e-06
_06312_, 302.4, 364.56, 1.2756e-06
FILLER_90_523, 302.4, 364.56, 1.2756e-06
_09583_, 307.8, 364.56, 1.27694e-06
TAP_1458, 307.8, 364.56, 1.27694e-06
FILLER_90_534, 307.8, 364.56, 1.27694e-06
_05890_, 310.5, 364.56, 1.27747e-06
_05892_, 315.9, 364.56, 1.27842e-06
_06226_, 324, 364.56, 1.27959e-06
FILLER_90_559, 324, 364.56, 1.27959e-06
_06281_, 329.4, 364.56, 1.28023e-06
_06282_, 329.4, 364.56, 1.28023e-06
TAP_1445, 329.4, 364.56, 1.28023e-06
_04724_, 337.5, 364.56, 1.28042e-06
FILLER_89_586, 337.5, 364.56, 1.28042e-06
FILLER_89_591, 340.2, 364.56, 1.28044e-06
_05986_, 342.9, 364.56, 1.28122e-06
_06178_, 348.3, 364.56, 1.2823e-06
TAP_1459, 348.3, 364.56, 1.2823e-06
_06642_, 364.5, 364.56, 1.28387e-06
TAP_1446, 367.2, 364.56, 1.28408e-06
_06641_, 369.9, 364.56, 1.28428e-06
FILLER_90_643, 369.9, 364.56, 1.28428e-06
_06327_, 372.6, 364.56, 1.28439e-06
FILLER_89_649, 372.6, 364.56, 1.28439e-06
FILLER_90_645, 372.6, 364.56, 1.28439e-06
_06387_, 375.3, 364.56, 1.28433e-06
_07513_, 383.4, 364.56, 1.28469e-06
_07512_, 386.1, 364.56, 1.28532e-06
FILLER_90_670, 386.1, 364.56, 1.28532e-06
TAP_1460, 388.8, 364.56, 1.28588e-06
FILLER_90_676, 388.8, 364.56, 1.28588e-06
FILLER_90_678, 388.8, 364.56, 1.28588e-06
_07414_, 391.5, 364.56, 1.28637e-06
_07462_, 391.5, 364.56, 1.28637e-06
FILLER_89_680, 391.5, 364.56, 1.28637e-06
_07442_, 394.2, 364.56, 1.28676e-06
_07392_, 396.9, 364.56, 1.28704e-06
_07441_, 399.6, 364.56, 1.28727e-06
FILLER_89_695, 399.6, 364.56, 1.28727e-06
_07511_, 402.3, 364.56, 1.28745e-06
FILLER_89_701, 402.3, 364.56, 1.28745e-06
_07410_, 407.7, 364.56, 1.28767e-06
_07496_, 407.7, 364.56, 1.28767e-06
TAP_1447, 407.7, 364.56, 1.28767e-06
FILLER_89_720, 413.1, 364.56, 1.28751e-06
FILLER_89_722, 413.1, 364.56, 1.28751e-06
_07507_, 415.8, 364.56, 1.28738e-06
_07508_, 418.5, 364.56, 1.28721e-06
_07613_, 418.5, 364.56, 1.28721e-06
_07611_, 426.6, 364.56, 1.28803e-06
TAP_1461, 426.6, 364.56, 1.28803e-06
FILLER_90_743, 426.6, 364.56, 1.28803e-06
_07331_, 429.3, 364.56, 1.28848e-06
_07455_, 429.3, 364.56, 1.28848e-06
FILLER_90_747, 429.3, 364.56, 1.28848e-06
_07408_, 434.7, 364.56, 1.28921e-06
_07409_, 434.7, 364.56, 1.28921e-06
FILLER_89_764, 437.4, 364.56, 1.28946e-06
_07454_, 440.1, 364.56, 1.28969e-06
_07457_, 440.1, 364.56, 1.28969e-06
FILLER_89_766, 440.1, 364.56, 1.28969e-06
FILLER_90_767, 440.1, 364.56, 1.28969e-06
_07340_, 445.5, 364.56, 1.28987e-06
_07358_, 445.5, 364.56, 1.28987e-06
TAP_1448, 448.2, 364.56, 1.28989e-06
FILLER_89_783, 448.2, 364.56, 1.28989e-06
_07355_, 450.9, 364.56, 1.28987e-06
_07453_, 450.9, 364.56, 1.28987e-06
_07401_, 453.6, 364.56, 1.28976e-06
_07402_, 453.6, 364.56, 1.28976e-06
FILLER_90_791, 453.6, 364.56, 1.28976e-06
FILLER_90_793, 453.6, 364.56, 1.28976e-06
FILLER_89_803, 459, 364.56, 1.28919e-06
FILLER_89_807, 461.7, 364.56, 1.28889e-06
_07377_, 464.4, 364.56, 1.28946e-06
_07403_, 464.4, 364.56, 1.28946e-06
_07426_, 467.1, 364.56, 1.28988e-06
TAP_1462, 467.1, 364.56, 1.28988e-06
FILLER_90_814, 467.1, 364.56, 1.28988e-06
_07429_, 472.5, 364.56, 1.29056e-06
_07427_, 477.9, 364.56, 1.29094e-06
FILLER_89_835, 477.9, 364.56, 1.29094e-06
_07383_, 483.3, 364.56, 1.29117e-06
_07526_, 486, 364.56, 1.29125e-06
TAP_1449, 486, 364.56, 1.29125e-06
_07430_, 488.7, 364.56, 1.29121e-06
_07570_, 496.8, 364.56, 1.29054e-06
_07428_, 507.6, 364.56, 1.29142e-06
_07624_, 507.6, 364.56, 1.29142e-06
TAP_1463, 507.6, 364.56, 1.29142e-06
_07576_, 510.3, 364.56, 1.29198e-06
_07625_, 513, 364.56, 1.2925e-06
_07621_, 521.1, 364.56, 1.29386e-06
FILLER_89_912, 521.1, 364.56, 1.29386e-06
FILLER_90_912, 521.1, 364.56, 1.29386e-06
_07588_, 523.8, 364.56, 1.29423e-06
FILLER_89_916, 523.8, 364.56, 1.29423e-06
_07638_, 526.5, 364.56, 1.29453e-06
TAP_1450, 526.5, 364.56, 1.29453e-06
_07589_, 529.2, 364.56, 1.2947e-06
FILLER_89_937, 534.6, 364.56, 1.2949e-06
PHY_179, 537.3, 364.56, 1.29498e-06
PHY_181, 537.3, 364.56, 1.29498e-06
FILLER_89_941, 537.3, 364.56, 1.29498e-06
FILLER_89_943, 537.3, 364.56, 1.29498e-06
_09781_, 10.8, 356.72, 1.22824e-06
PHY_174, 10.8, 356.72, 1.22824e-06
PHY_176, 10.8, 356.72, 1.22824e-06
FILLER_88_2, 10.8, 356.72, 1.22824e-06
FILLER_88_18, 18.9, 356.72, 1.2278e-06
_08957_, 29.7, 356.72, 1.22952e-06
_09820_, 29.7, 356.72, 1.22952e-06
TAP_1425, 29.7, 356.72, 1.22952e-06
FILLER_88_34, 29.7, 356.72, 1.22952e-06
_08956_, 35.1, 356.72, 1.23045e-06
_08952_, 37.8, 356.72, 1.23087e-06
_08955_, 43.2, 356.72, 1.23161e-06
_08953_, 45.9, 356.72, 1.23192e-06
TAP_1412, 48.6, 356.72, 1.23219e-06
FILLER_87_70, 48.6, 356.72, 1.23219e-06
FILLER_88_67, 48.6, 356.72, 1.23219e-06
_05118_, 51.3, 356.72, 1.2324e-06
_08938_, 56.7, 356.72, 1.23273e-06
_08941_, 56.7, 356.72, 1.23273e-06
FILLER_88_83, 56.7, 356.72, 1.23273e-06
_08937_, 62.1, 356.72, 1.23282e-06
_08940_, 62.1, 356.72, 1.23282e-06
FILLER_87_97, 64.8, 356.72, 1.23353e-06
FILLER_88_99, 64.8, 356.72, 1.23353e-06
FILLER_88_103, 67.5, 356.72, 1.23419e-06
TAP_1426, 70.2, 356.72, 1.23484e-06
FILLER_88_105, 70.2, 356.72, 1.23484e-06
FILLER_88_108, 70.2, 356.72, 1.23484e-06
_08936_, 72.9, 356.72, 1.23542e-06
FILLER_87_113, 72.9, 356.72, 1.23542e-06
FILLER_88_118, 75.6, 356.72, 1.23594e-06
FILLER_87_121, 78.3, 356.72, 1.23645e-06
_05127_, 81, 356.72, 1.23693e-06
FILLER_87_125, 81, 356.72, 1.23693e-06
FILLER_87_127, 81, 356.72, 1.23693e-06
_05126_, 86.4, 356.72, 1.23773e-06
_05128_, 86.4, 356.72, 1.23773e-06
_05129_, 89.1, 356.72, 1.23805e-06
TAP_1413, 89.1, 356.72, 1.23805e-06
FILLER_88_139, 89.1, 356.72, 1.23805e-06
_05122_, 91.8, 356.72, 1.23829e-06
_08857_, 91.8, 356.72, 1.23829e-06
_08858_, 97.2, 356.72, 1.23857e-06
_08901_, 97.2, 356.72, 1.23857e-06
FILLER_87_154, 97.2, 356.72, 1.23857e-06
_08866_, 99.9, 356.72, 1.23856e-06
_05124_, 105.3, 356.72, 1.23974e-06
TAP_1427, 108, 356.72, 1.24028e-06
_08856_, 110.7, 356.72, 1.24081e-06
_05115_, 116.1, 356.72, 1.24176e-06
_04847_, 118.8, 356.72, 1.24219e-06
FILLER_88_193, 118.8, 356.72, 1.24219e-06
_08900_, 121.5, 356.72, 1.24256e-06
FILLER_87_199, 121.5, 356.72, 1.24256e-06
_08899_, 124.2, 356.72, 1.24289e-06
_08897_, 126.9, 356.72, 1.24316e-06
FILLER_88_209, 126.9, 356.72, 1.24316e-06
TAP_1414, 129.6, 356.72, 1.24337e-06
FILLER_87_215, 129.6, 356.72, 1.24337e-06
_08898_, 132.3, 356.72, 1.24354e-06
_09791_, 132.3, 356.72, 1.24354e-06
FILLER_88_224, 135, 356.72, 1.24358e-06
_08895_, 137.7, 356.72, 1.2436e-06
_08896_, 140.4, 356.72, 1.24356e-06
FILLER_88_240, 145.8, 356.72, 1.24482e-06
_09909_, 148.5, 356.72, 1.24542e-06
TAP_1428, 148.5, 356.72, 1.24542e-06
FILLER_87_245, 148.5, 356.72, 1.24542e-06
_09225_, 151.2, 356.72, 1.24588e-06
FILLER_88_250, 151.2, 356.72, 1.24588e-06
FILLER_88_252, 151.2, 356.72, 1.24588e-06
_09941_, 156.6, 356.72, 1.24662e-06
FILLER_87_283, 167.4, 356.72, 1.24777e-06
_09130_, 170.1, 356.72, 1.24804e-06
TAP_1415, 170.1, 356.72, 1.24804e-06
FILLER_87_286, 170.1, 356.72, 1.24804e-06
_09914_, 172.8, 356.72, 1.24823e-06
_09133_, 175.5, 356.72, 1.24834e-06
FILLER_87_302, 178.2, 356.72, 1.24839e-06
_05137_, 180.9, 356.72, 1.24843e-06
FILLER_87_304, 180.9, 356.72, 1.24843e-06
_05111_, 189, 356.72, 1.25018e-06
TAP_1429, 189, 356.72, 1.25018e-06
_09916_, 191.7, 356.72, 1.2507e-06
_05110_, 199.8, 356.72, 1.25202e-06
_09139_, 202.5, 356.72, 1.25242e-06
_05244_, 205.2, 356.72, 1.25278e-06
TAP_1416, 207.9, 356.72, 1.2531e-06
_04709_, 210.6, 356.72, 1.2534e-06
_05245_, 210.6, 356.72, 1.2534e-06
FILLER_87_357, 210.6, 356.72, 1.2534e-06
_10017_, 221.4, 356.72, 1.25352e-06
_09396_, 224.1, 356.72, 1.25417e-06
_09397_, 229.5, 356.72, 1.25541e-06
TAP_1430, 229.5, 356.72, 1.25541e-06
_05918_, 234.9, 356.72, 1.25648e-06
FILLER_88_402, 234.9, 356.72, 1.25648e-06
_05936_, 237.6, 356.72, 1.25696e-06
_05975_, 237.6, 356.72, 1.25696e-06
_09033_, 243, 356.72, 1.25771e-06
_09039_, 243, 356.72, 1.25771e-06
_04722_, 245.7, 356.72, 1.25798e-06
_05917_, 248.4, 356.72, 1.25822e-06
TAP_1417, 248.4, 356.72, 1.25822e-06
_08717_, 251.1, 356.72, 1.25841e-06
_09565_, 251.1, 356.72, 1.25841e-06
_09037_, 253.8, 356.72, 1.25845e-06
_09038_, 256.5, 356.72, 1.25846e-06
_09044_, 259.2, 356.72, 1.25843e-06
FILLER_87_451, 261.9, 356.72, 1.25836e-06
_09885_, 267.3, 356.72, 1.25965e-06
TAP_1431, 267.3, 356.72, 1.25965e-06
FILLER_87_459, 267.3, 356.72, 1.25965e-06
FILLER_88_463, 270, 356.72, 1.26018e-06
FILLER_88_471, 272.7, 356.72, 1.26068e-06
_08711_, 275.4, 356.72, 1.26116e-06
FILLER_88_473, 275.4, 356.72, 1.26116e-06
_05976_, 280.8, 356.72, 1.26199e-06
FILLER_88_482, 280.8, 356.72, 1.26199e-06
FILLER_88_484, 280.8, 356.72, 1.26199e-06
FILLER_87_490, 283.5, 356.72, 1.26231e-06
_09058_, 286.2, 356.72, 1.2626e-06
FILLER_87_494, 286.2, 356.72, 1.2626e-06
FILLER_88_493, 286.2, 356.72, 1.2626e-06
_04816_, 288.9, 356.72, 1.26281e-06
TAP_1418, 288.9, 356.72, 1.26281e-06
FILLER_87_496, 288.9, 356.72, 1.26281e-06
FILLER_87_499, 288.9, 356.72, 1.26281e-06
_09388_, 291.6, 356.72, 1.26293e-06
FILLER_87_504, 291.6, 356.72, 1.26293e-06
_05670_, 297, 356.72, 1.263e-06
_05787_, 297, 356.72, 1.263e-06
_04817_, 305.1, 356.72, 1.26375e-06
_09387_, 307.8, 356.72, 1.26422e-06
TAP_1432, 307.8, 356.72, 1.26422e-06
_09882_, 313.2, 356.72, 1.26505e-06
FILLER_88_540, 313.2, 356.72, 1.26505e-06
FILLER_87_547, 315.9, 356.72, 1.26535e-06
_06227_, 318.6, 356.72, 1.26564e-06
FILLER_87_551, 318.6, 356.72, 1.26564e-06
_05985_, 324, 356.72, 1.26607e-06
_05945_, 329.4, 356.72, 1.26641e-06
TAP_1419, 329.4, 356.72, 1.26641e-06
FILLER_88_572, 329.4, 356.72, 1.26641e-06
_09890_, 332.1, 356.72, 1.26631e-06
_09884_, 348.3, 356.72, 1.26721e-06
TAP_1433, 348.3, 356.72, 1.26721e-06
FILLER_88_605, 348.3, 356.72, 1.26721e-06
FILLER_88_609, 351, 356.72, 1.26757e-06
FILLER_88_611, 351, 356.72, 1.26757e-06
_10008_, 353.7, 356.72, 1.26788e-06
FILLER_87_635, 364.5, 356.72, 1.26882e-06
TAP_1420, 367.2, 356.72, 1.26903e-06
_09649_, 369.9, 356.72, 1.26923e-06
FILLER_88_641, 369.9, 356.72, 1.26923e-06
_09651_, 372.6, 356.72, 1.26932e-06
_07395_, 386.1, 356.72, 1.27072e-06
FILLER_87_670, 386.1, 356.72, 1.27072e-06
FILLER_87_672, 386.1, 356.72, 1.27072e-06
_07393_, 388.8, 356.72, 1.27132e-06
TAP_1434, 388.8, 356.72, 1.27132e-06
_07394_, 391.5, 356.72, 1.27183e-06
_07396_, 394.2, 356.72, 1.27229e-06
FILLER_87_691, 396.9, 356.72, 1.2727e-06
FILLER_87_693, 396.9, 356.72, 1.2727e-06
_07342_, 399.6, 356.72, 1.27307e-06
_07411_, 399.6, 356.72, 1.27307e-06
_07341_, 402.3, 356.72, 1.27335e-06
FILLER_88_702, 402.3, 356.72, 1.27335e-06
_07505_, 405, 356.72, 1.27355e-06
_07510_, 407.7, 356.72, 1.27372e-06
TAP_1421, 407.7, 356.72, 1.27372e-06
FILLER_87_712, 407.7, 356.72, 1.27372e-06
_07325_, 410.4, 356.72, 1.2738e-06
_04788_, 413.1, 356.72, 1.27384e-06
_07324_, 413.1, 356.72, 1.27384e-06
FILLER_88_719, 413.1, 356.72, 1.27384e-06
_07506_, 415.8, 356.72, 1.27377e-06
_07330_, 418.5, 356.72, 1.27365e-06
_07509_, 421.2, 356.72, 1.27347e-06
_07329_, 423.9, 356.72, 1.27402e-06
TAP_1435, 426.6, 356.72, 1.27447e-06
_07322_, 429.3, 356.72, 1.27489e-06
_07335_, 432, 356.72, 1.27528e-06
FILLER_88_753, 432, 356.72, 1.27528e-06
_07336_, 437.4, 356.72, 1.27591e-06
_07339_, 437.4, 356.72, 1.27591e-06
FILLER_87_763, 437.4, 356.72, 1.27591e-06
_07332_, 442.8, 356.72, 1.2763e-06
_07347_, 442.8, 356.72, 1.2763e-06
_07357_, 445.5, 356.72, 1.27641e-06
TAP_1422, 448.2, 356.72, 1.27648e-06
FILLER_87_780, 448.2, 356.72, 1.27648e-06
FILLER_87_783, 448.2, 356.72, 1.27648e-06
_07319_, 450.9, 356.72, 1.27649e-06
_07356_, 450.9, 356.72, 1.27649e-06
_07354_, 456.3, 356.72, 1.27616e-06
FILLER_88_795, 456.3, 356.72, 1.27616e-06
_07317_, 464.4, 356.72, 1.27626e-06
_07353_, 464.4, 356.72, 1.27626e-06
TAP_1436, 467.1, 356.72, 1.27677e-06
FILLER_88_818, 467.1, 356.72, 1.27677e-06
_07470_, 469.8, 356.72, 1.27723e-06
_07474_, 469.8, 356.72, 1.27723e-06
FILLER_87_819, 469.8, 356.72, 1.27723e-06
_07452_, 472.5, 356.72, 1.27748e-06
TAP_1423, 486, 356.72, 1.27787e-06
_07422_, 488.7, 356.72, 1.27793e-06
_07582_, 491.4, 356.72, 1.27793e-06
_07578_, 494.1, 356.72, 1.27788e-06
FILLER_87_863, 494.1, 356.72, 1.27788e-06
FILLER_88_870, 496.8, 356.72, 1.27769e-06
_07635_, 499.5, 356.72, 1.27748e-06
FILLER_88_884, 504.9, 356.72, 1.278e-06
FILLER_88_886, 504.9, 356.72, 1.278e-06
_07575_, 507.6, 356.72, 1.27875e-06
_07577_, 507.6, 356.72, 1.27875e-06
TAP_1437, 507.6, 356.72, 1.27875e-06
FILLER_87_895, 510.3, 356.72, 1.27938e-06
_07586_, 513, 356.72, 1.27999e-06
_07587_, 513, 356.72, 1.27999e-06
FILLER_87_897, 513, 356.72, 1.27999e-06
FILLER_88_897, 513, 356.72, 1.27999e-06
_07579_, 518.4, 356.72, 1.28078e-06
FILLER_88_914, 521.1, 356.72, 1.28113e-06
_07637_, 523.8, 356.72, 1.28147e-06
TAP_1424, 526.5, 356.72, 1.28169e-06
FILLER_87_922, 526.5, 356.72, 1.28169e-06
_07631_, 529.2, 356.72, 1.28187e-06
FILLER_87_930, 531.9, 356.72, 1.28201e-06
FILLER_87_938, 534.6, 356.72, 1.28213e-06
PHY_175, 537.3, 356.72, 1.28223e-06
PHY_177, 537.3, 356.72, 1.28223e-06
FILLER_87_942, 537.3, 356.72, 1.28223e-06
FILLER_88_941, 537.3, 356.72, 1.28223e-06
FILLER_88_943, 537.3, 356.72, 1.28223e-06
PHY_170, 10.8, 348.88, 1.21544e-06
PHY_172, 10.8, 348.88, 1.21544e-06
FILLER_85_2, 10.8, 348.88, 1.21544e-06
FILLER_86_2, 10.8, 348.88, 1.21544e-06
FILLER_85_18, 18.9, 348.88, 1.2152e-06
FILLER_86_18, 18.9, 348.88, 1.2152e-06
TAP_1399, 29.7, 348.88, 1.21707e-06
FILLER_85_34, 29.7, 348.88, 1.21707e-06
FILLER_86_34, 29.7, 348.88, 1.21707e-06
FILLER_86_37, 29.7, 348.88, 1.21707e-06
FILLER_85_42, 32.4, 348.88, 1.21766e-06
FILLER_86_41, 32.4, 348.88, 1.21766e-06
_08950_, 35.1, 348.88, 1.2182e-06
_08954_, 35.1, 348.88, 1.2182e-06
FILLER_86_43, 35.1, 348.88, 1.2182e-06
_08949_, 37.8, 348.88, 1.21865e-06
_08951_, 37.8, 348.88, 1.21865e-06
FILLER_85_58, 43.2, 348.88, 1.21937e-06
FILLER_86_58, 43.2, 348.88, 1.21937e-06
_08946_, 45.9, 348.88, 1.21969e-06
FILLER_85_62, 45.9, 348.88, 1.21969e-06
FILLER_86_66, 45.9, 348.88, 1.21969e-06
_08947_, 48.6, 348.88, 1.21992e-06
TAP_1386, 48.6, 348.88, 1.21992e-06
FILLER_85_73, 51.3, 348.88, 1.22009e-06
FILLER_86_73, 51.3, 348.88, 1.22009e-06
_08945_, 54, 348.88, 1.22023e-06
_09816_, 54, 348.88, 1.22023e-06
_08942_, 56.7, 348.88, 1.22024e-06
_08944_, 62.1, 348.88, 1.22017e-06
_08943_, 67.5, 348.88, 1.22143e-06
TAP_1400, 70.2, 348.88, 1.22202e-06
FILLER_85_107, 70.2, 348.88, 1.22202e-06
FILLER_86_108, 70.2, 348.88, 1.22202e-06
_09524_, 72.9, 348.88, 1.22256e-06
_09523_, 75.6, 348.88, 1.223e-06
FILLER_86_116, 75.6, 348.88, 1.223e-06
TAP_1387, 89.1, 348.88, 1.22463e-06
FILLER_85_140, 89.1, 348.88, 1.22463e-06
_08926_, 91.8, 348.88, 1.22491e-06
_05130_, 97.2, 348.88, 1.22509e-06
_04846_, 102.6, 348.88, 1.2258e-06
_08903_, 105.3, 348.88, 1.22645e-06
TAP_1401, 108, 348.88, 1.22706e-06
_08902_, 110.7, 348.88, 1.22765e-06
_09793_, 110.7, 348.88, 1.22765e-06
_09792_, 116.1, 348.88, 1.22853e-06
_04732_, 126.9, 348.88, 1.22997e-06
FILLER_85_208, 126.9, 348.88, 1.22997e-06
_05114_, 129.6, 348.88, 1.23027e-06
TAP_1388, 129.6, 348.88, 1.23027e-06
_08892_, 132.3, 348.88, 1.23045e-06
_08894_, 135, 348.88, 1.23059e-06
FILLER_86_223, 135, 348.88, 1.23059e-06
FILLER_86_229, 137.7, 348.88, 1.23067e-06
_08893_, 140.4, 348.88, 1.23072e-06
FILLER_86_231, 140.4, 348.88, 1.23072e-06
_09221_, 145.8, 348.88, 1.2321e-06
_08887_, 148.5, 348.88, 1.23273e-06
TAP_1402, 148.5, 348.88, 1.23273e-06
_09124_, 151.2, 348.88, 1.23331e-06
_09194_, 151.2, 348.88, 1.23331e-06
FILLER_86_250, 151.2, 348.88, 1.23331e-06
FILLER_86_252, 151.2, 348.88, 1.23331e-06
_09939_, 156.6, 348.88, 1.23398e-06
_09129_, 170.1, 348.88, 1.23523e-06
TAP_1389, 170.1, 348.88, 1.23523e-06
FILLER_85_286, 170.1, 348.88, 1.23523e-06
FILLER_86_290, 172.8, 348.88, 1.23539e-06
FILLER_86_292, 172.8, 348.88, 1.23539e-06
_05112_, 175.5, 348.88, 1.23551e-06
_05139_, 175.5, 348.88, 1.23551e-06
_05113_, 180.9, 348.88, 1.23543e-06
_09299_, 189, 348.88, 1.2371e-06
TAP_1403, 189, 348.88, 1.2371e-06
_09100_, 202.5, 348.88, 1.23921e-06
_04718_, 207.9, 348.88, 1.23995e-06
TAP_1390, 207.9, 348.88, 1.23995e-06
FILLER_85_352, 207.9, 348.88, 1.23995e-06
FILLER_85_354, 207.9, 348.88, 1.23995e-06
_05242_, 210.6, 348.88, 1.24023e-06
_09389_, 210.6, 348.88, 1.24023e-06
FILLER_85_357, 210.6, 348.88, 1.24023e-06
FILLER_86_357, 210.6, 348.88, 1.24023e-06
_05663_, 221.4, 348.88, 1.24024e-06
_04719_, 226.8, 348.88, 1.24154e-06
FILLER_86_389, 226.8, 348.88, 1.24154e-06
TAP_1404, 229.5, 348.88, 1.24214e-06
clkbuf_leaf_5_clk, 229.5, 348.88, 1.24214e-06
_09876_, 232.2, 348.88, 1.24245e-06
TAP_1391, 248.4, 348.88, 1.24381e-06
_08716_, 251.1, 348.88, 1.24401e-06
FILLER_85_436, 253.8, 348.88, 1.24417e-06
_04841_, 256.5, 348.88, 1.2443e-06
_09712_, 256.5, 348.88, 1.2443e-06
FILLER_86_446, 259.2, 348.88, 1.2443e-06
_08715_, 261.9, 348.88, 1.24428e-06
FILLER_86_456, 264.6, 348.88, 1.24492e-06
TAP_1405, 267.3, 348.88, 1.24555e-06
FILLER_86_460, 267.3, 348.88, 1.24555e-06
FILLER_86_463, 270, 348.88, 1.24613e-06
_04729_, 272.7, 348.88, 1.2467e-06
FILLER_86_467, 272.7, 348.88, 1.2467e-06
FILLER_86_469, 272.7, 348.88, 1.2467e-06
_09040_, 275.4, 348.88, 1.24719e-06
_09063_, 275.4, 348.88, 1.24719e-06
_09569_, 278.1, 348.88, 1.24759e-06
FILLER_86_479, 278.1, 348.88, 1.24759e-06
_09064_, 280.8, 348.88, 1.24787e-06
_09034_, 286.2, 348.88, 1.24833e-06
_09035_, 288.9, 348.88, 1.24852e-06
TAP_1392, 288.9, 348.88, 1.24852e-06
_09048_, 291.6, 348.88, 1.24865e-06
_05746_, 297, 348.88, 1.24881e-06
_05744_, 299.7, 348.88, 1.24869e-06
_05710_, 307.8, 348.88, 1.25041e-06
TAP_1406, 307.8, 348.88, 1.25041e-06
FILLER_86_530, 307.8, 348.88, 1.25041e-06
FILLER_85_547, 315.9, 348.88, 1.25124e-06
_09057_, 318.6, 348.88, 1.2515e-06
_09055_, 321.3, 348.88, 1.2517e-06
_09056_, 324, 348.88, 1.25187e-06
FILLER_85_567, 326.7, 348.88, 1.252e-06
_09072_, 329.4, 348.88, 1.25212e-06
TAP_1393, 329.4, 348.88, 1.25212e-06
FILLER_85_570, 329.4, 348.88, 1.25212e-06
_09073_, 334.8, 348.88, 1.25215e-06
FILLER_85_586, 337.5, 348.88, 1.25212e-06
FILLER_86_588, 340.2, 348.88, 1.25207e-06
FILLER_85_594, 342.9, 348.88, 1.2527e-06
FILLER_86_596, 342.9, 348.88, 1.2527e-06
_09060_, 345.6, 348.88, 1.25329e-06
FILLER_85_598, 345.6, 348.88, 1.25329e-06
FILLER_86_600, 345.6, 348.88, 1.25329e-06
_09061_, 348.3, 348.88, 1.25379e-06
TAP_1407, 348.3, 348.88, 1.25379e-06
FILLER_86_602, 348.3, 348.88, 1.25379e-06
FILLER_85_607, 351, 348.88, 1.25419e-06
_04730_, 353.7, 348.88, 1.25458e-06
_09377_, 356.4, 348.88, 1.25493e-06
FILLER_86_617, 356.4, 348.88, 1.25493e-06
_09341_, 359.1, 348.88, 1.2552e-06
_09340_, 361.8, 348.88, 1.25544e-06
_09376_, 361.8, 348.88, 1.25544e-06
FILLER_86_635, 364.5, 348.88, 1.25558e-06
TAP_1394, 367.2, 348.88, 1.2557e-06
FILLER_85_641, 369.9, 348.88, 1.2558e-06
FILLER_86_643, 369.9, 348.88, 1.2558e-06
_07413_, 372.6, 348.88, 1.25587e-06
_07412_, 375.3, 348.88, 1.25589e-06
FILLER_85_657, 378, 348.88, 1.25586e-06
_09337_, 380.7, 348.88, 1.25581e-06
FILLER_86_661, 380.7, 348.88, 1.25581e-06
FILLER_85_667, 383.4, 348.88, 1.25642e-06
FILLER_86_669, 383.4, 348.88, 1.25642e-06
FILLER_86_673, 386.1, 348.88, 1.257e-06
_07370_, 388.8, 348.88, 1.25755e-06
TAP_1408, 388.8, 348.88, 1.25755e-06
FILLER_85_675, 388.8, 348.88, 1.25755e-06
_07371_, 391.5, 348.88, 1.25802e-06
_07373_, 391.5, 348.88, 1.25802e-06
FILLER_85_679, 391.5, 348.88, 1.25802e-06
_07372_, 396.9, 348.88, 1.25869e-06
_07374_, 396.9, 348.88, 1.25869e-06
_07343_, 402.3, 348.88, 1.25917e-06
FILLER_85_700, 402.3, 348.88, 1.25917e-06
TAP_1395, 407.7, 348.88, 1.2595e-06
FILLER_85_708, 407.7, 348.88, 1.2595e-06
FILLER_85_712, 407.7, 348.88, 1.2595e-06
FILLER_86_710, 407.7, 348.88, 1.2595e-06
FILLER_86_712, 407.7, 348.88, 1.2595e-06
_07320_, 410.4, 348.88, 1.25956e-06
_07337_, 410.4, 348.88, 1.25956e-06
_07338_, 413.1, 348.88, 1.25949e-06
_07326_, 421.2, 348.88, 1.25899e-06
TAP_1409, 426.6, 348.88, 1.2599e-06
_07334_, 429.3, 348.88, 1.26034e-06
_07352_, 434.7, 348.88, 1.26104e-06
FILLER_86_765, 437.4, 348.88, 1.26133e-06
_07362_, 440.1, 348.88, 1.26161e-06
_07368_, 440.1, 348.88, 1.26161e-06
FILLER_86_767, 440.1, 348.88, 1.26161e-06
FILLER_85_779, 445.5, 348.88, 1.26189e-06
_07315_, 448.2, 348.88, 1.26201e-06
_07350_, 448.2, 348.88, 1.26201e-06
TAP_1396, 448.2, 348.88, 1.26201e-06
FILLER_86_780, 448.2, 348.88, 1.26201e-06
_07349_, 450.9, 348.88, 1.262e-06
_07360_, 453.6, 348.88, 1.26193e-06
_07314_, 456.3, 348.88, 1.26175e-06
_07318_, 467.1, 348.88, 1.26221e-06
TAP_1410, 467.1, 348.88, 1.26221e-06
_07366_, 472.5, 348.88, 1.26308e-06
_07530_, 472.5, 348.88, 1.26308e-06
FILLER_85_837, 477.9, 348.88, 1.26365e-06
_07425_, 480.6, 348.88, 1.26391e-06
_07471_, 480.6, 348.88, 1.26391e-06
_07581_, 486, 348.88, 1.26416e-06
TAP_1397, 486, 348.88, 1.26416e-06
_07473_, 488.7, 348.88, 1.26422e-06
_07478_, 491.4, 348.88, 1.26423e-06
_07527_, 491.4, 348.88, 1.26423e-06
_07469_, 502.2, 348.88, 1.26349e-06
_07628_, 502.2, 348.88, 1.26349e-06
FILLER_85_885, 504.9, 348.88, 1.26425e-06
FILLER_86_886, 504.9, 348.88, 1.26425e-06
_07584_, 507.6, 348.88, 1.26497e-06
TAP_1411, 507.6, 348.88, 1.26497e-06
FILLER_85_887, 507.6, 348.88, 1.26497e-06
FILLER_86_889, 507.6, 348.88, 1.26497e-06
_07630_, 510.3, 348.88, 1.2656e-06
_07633_, 510.3, 348.88, 1.2656e-06
_07583_, 515.7, 348.88, 1.26659e-06
_07634_, 515.7, 348.88, 1.26659e-06
_07585_, 518.4, 348.88, 1.26698e-06
FILLER_85_913, 521.1, 348.88, 1.26734e-06
_07632_, 523.8, 348.88, 1.26768e-06
_07636_, 523.8, 348.88, 1.26768e-06
FILLER_85_915, 523.8, 348.88, 1.26768e-06
TAP_1398, 526.5, 348.88, 1.26784e-06
FILLER_85_921, 526.5, 348.88, 1.26784e-06
FILLER_85_925, 529.2, 348.88, 1.26796e-06
PHY_171, 537.3, 348.88, 1.26826e-06
PHY_173, 537.3, 348.88, 1.26826e-06
FILLER_85_941, 537.3, 348.88, 1.26826e-06
FILLER_85_943, 537.3, 348.88, 1.26826e-06
FILLER_86_940, 537.3, 348.88, 1.26826e-06
PHY_166, 10.8, 341.04, 1.20247e-06
PHY_168, 10.8, 341.04, 1.20247e-06
FILLER_83_2, 10.8, 341.04, 1.20247e-06
FILLER_84_2, 10.8, 341.04, 1.20247e-06
FILLER_83_18, 18.9, 341.04, 1.20223e-06
FILLER_84_18, 18.9, 341.04, 1.20223e-06
FILLER_83_22, 21.6, 341.04, 1.20211e-06
_09819_, 24.3, 341.04, 1.20276e-06
TAP_1373, 29.7, 341.04, 1.2039e-06
FILLER_84_34, 29.7, 341.04, 1.2039e-06
FILLER_84_37, 29.7, 341.04, 1.2039e-06
FILLER_84_45, 35.1, 341.04, 1.20492e-06
FILLER_84_47, 35.1, 341.04, 1.20492e-06
_09818_, 37.8, 341.04, 1.20539e-06
FILLER_83_53, 40.5, 341.04, 1.20577e-06
FILLER_83_61, 43.2, 341.04, 1.20614e-06
_08948_, 45.9, 341.04, 1.20649e-06
TAP_1360, 48.6, 341.04, 1.20679e-06
FILLER_83_70, 48.6, 341.04, 1.20679e-06
clkbuf_leaf_3_clk, 51.3, 341.04, 1.20706e-06
FILLER_83_73, 51.3, 341.04, 1.20706e-06
_09817_, 54, 341.04, 1.20704e-06
_09761_, 70.2, 341.04, 1.20846e-06
TAP_1374, 70.2, 341.04, 1.20846e-06
_04734_, 81, 341.04, 1.21035e-06
FILLER_83_129, 81, 341.04, 1.21035e-06
FILLER_83_133, 83.7, 341.04, 1.21077e-06
_05144_, 86.4, 341.04, 1.21117e-06
_08796_, 86.4, 341.04, 1.21117e-06
FILLER_84_137, 86.4, 341.04, 1.21117e-06
_09525_, 89.1, 341.04, 1.21146e-06
TAP_1361, 89.1, 341.04, 1.21146e-06
_05145_, 91.8, 341.04, 1.21165e-06
FILLER_83_144, 91.8, 341.04, 1.21165e-06
FILLER_83_146, 91.8, 341.04, 1.21165e-06
_08855_, 99.9, 341.04, 1.21188e-06
_08854_, 102.6, 341.04, 1.2126e-06
TAP_1375, 108, 341.04, 1.21391e-06
FILLER_83_173, 108, 341.04, 1.21391e-06
FILLER_84_174, 108, 341.04, 1.21391e-06
FILLER_84_176, 108, 341.04, 1.21391e-06
_05123_, 110.7, 341.04, 1.21448e-06
_09785_, 110.7, 341.04, 1.21448e-06
FILLER_84_184, 113.4, 341.04, 1.21493e-06
_08870_, 116.1, 341.04, 1.21536e-06
FILLER_84_188, 116.1, 341.04, 1.21536e-06
FILLER_84_197, 121.5, 341.04, 1.21608e-06
FILLER_83_210, 126.9, 341.04, 1.21677e-06
_08849_, 129.6, 341.04, 1.21709e-06
_09207_, 129.6, 341.04, 1.21709e-06
TAP_1362, 129.6, 341.04, 1.21709e-06
FILLER_83_212, 129.6, 341.04, 1.21709e-06
_05134_, 135, 341.04, 1.21746e-06
FILLER_83_222, 135, 341.04, 1.21746e-06
FILLER_84_222, 135, 341.04, 1.21746e-06
_08891_, 137.7, 341.04, 1.21757e-06
_09208_, 137.7, 341.04, 1.21757e-06
FILLER_84_226, 137.7, 341.04, 1.21757e-06
_08890_, 140.4, 341.04, 1.2176e-06
_09202_, 140.4, 341.04, 1.2176e-06
_08889_, 145.8, 341.04, 1.21892e-06
_09203_, 145.8, 341.04, 1.21892e-06
_09209_, 148.5, 341.04, 1.21951e-06
TAP_1376, 148.5, 341.04, 1.21951e-06
FILLER_84_246, 148.5, 341.04, 1.21951e-06
_09204_, 151.2, 341.04, 1.21998e-06
_09198_, 156.6, 341.04, 1.22061e-06
_09212_, 159.3, 341.04, 1.2209e-06
_09121_, 162, 341.04, 1.22113e-06
_04721_, 167.4, 341.04, 1.22148e-06
_09908_, 170.1, 341.04, 1.22162e-06
_09912_, 170.1, 341.04, 1.22162e-06
TAP_1363, 170.1, 341.04, 1.22162e-06
FILLER_83_286, 170.1, 341.04, 1.22162e-06
_09101_, 189, 341.04, 1.2231e-06
_09262_, 189, 341.04, 1.2231e-06
TAP_1377, 189, 341.04, 1.2231e-06
_09378_, 191.7, 341.04, 1.22359e-06
_05213_, 197.1, 341.04, 1.22444e-06
_09074_, 197.1, 341.04, 1.22444e-06
_09099_, 199.8, 341.04, 1.22476e-06
_05238_, 202.5, 341.04, 1.22504e-06
_09897_, 202.5, 341.04, 1.22504e-06
FILLER_83_344, 202.5, 341.04, 1.22504e-06
TAP_1364, 207.9, 341.04, 1.22525e-06
FILLER_83_353, 207.9, 341.04, 1.22525e-06
_09102_, 210.6, 341.04, 1.22532e-06
_05210_, 216, 341.04, 1.22534e-06
_09899_, 218.7, 341.04, 1.22531e-06
_05209_, 224.1, 341.04, 1.22571e-06
_09367_, 229.5, 341.04, 1.22668e-06
TAP_1378, 229.5, 341.04, 1.22668e-06
FILLER_84_392, 229.5, 341.04, 1.22668e-06
_05664_, 237.6, 341.04, 1.22775e-06
_09713_, 240.3, 341.04, 1.22801e-06
TAP_1365, 248.4, 341.04, 1.22847e-06
_09878_, 251.1, 341.04, 1.22861e-06
_09045_, 259.2, 341.04, 1.22875e-06
_09361_, 264.6, 341.04, 1.22938e-06
_10001_, 267.3, 341.04, 1.22998e-06
TAP_1379, 267.3, 341.04, 1.22998e-06
_08714_, 270, 341.04, 1.23048e-06
_09062_, 272.7, 341.04, 1.23092e-06
FILLER_84_479, 278.1, 341.04, 1.23171e-06
_09875_, 280.8, 341.04, 1.23208e-06
_09036_, 283.5, 341.04, 1.23236e-06
FILLER_83_488, 283.5, 341.04, 1.23236e-06
_09879_, 288.9, 341.04, 1.23279e-06
TAP_1366, 288.9, 341.04, 1.23279e-06
_05785_, 297, 341.04, 1.2331e-06
_09052_, 305.1, 341.04, 1.2346e-06
_09054_, 307.8, 341.04, 1.23529e-06
_09881_, 307.8, 341.04, 1.23529e-06
TAP_1380, 307.8, 341.04, 1.23529e-06
_09053_, 313.2, 341.04, 1.23634e-06
FILLER_84_547, 315.9, 341.04, 1.23684e-06
_09050_, 318.6, 341.04, 1.23731e-06
FILLER_84_549, 318.6, 341.04, 1.23731e-06
_05674_, 321.3, 341.04, 1.23772e-06
_09049_, 324, 341.04, 1.23788e-06
FILLER_83_566, 326.7, 341.04, 1.23801e-06
_05836_, 329.4, 341.04, 1.23811e-06
TAP_1367, 329.4, 341.04, 1.23811e-06
_09069_, 342.9, 341.04, 1.23798e-06
FILLER_84_601, 345.6, 341.04, 1.23848e-06
_04726_, 348.3, 341.04, 1.23896e-06
TAP_1381, 348.3, 341.04, 1.23896e-06
_09888_, 351, 341.04, 1.23938e-06
FILLER_84_609, 351, 341.04, 1.23938e-06
FILLER_84_611, 351, 341.04, 1.23938e-06
_09342_, 353.7, 341.04, 1.23969e-06
_09991_, 359.1, 341.04, 1.24017e-06
TAP_1368, 367.2, 341.04, 1.24065e-06
FILLER_83_637, 367.2, 341.04, 1.24065e-06
_09339_, 369.9, 341.04, 1.24077e-06
_09990_, 372.6, 341.04, 1.24086e-06
_07661_, 375.3, 341.04, 1.24086e-06
FILLER_84_659, 378, 341.04, 1.24081e-06
_04795_, 380.7, 341.04, 1.24073e-06
FILLER_84_663, 380.7, 341.04, 1.24073e-06
FILLER_84_670, 386.1, 341.04, 1.24183e-06
_07375_, 388.8, 341.04, 1.24236e-06
_07659_, 388.8, 341.04, 1.24236e-06
TAP_1382, 388.8, 341.04, 1.24236e-06
FILLER_84_676, 388.8, 341.04, 1.24236e-06
_07376_, 391.5, 341.04, 1.24276e-06
FILLER_83_684, 394.2, 341.04, 1.2431e-06
_09657_, 399.6, 341.04, 1.24374e-06
_07662_, 402.3, 341.04, 1.24397e-06
TAP_1369, 407.7, 341.04, 1.24433e-06
FILLER_83_708, 407.7, 341.04, 1.24433e-06
FILLER_83_712, 407.7, 341.04, 1.24433e-06
_07660_, 410.4, 341.04, 1.24445e-06
_04789_, 413.1, 341.04, 1.24452e-06
_07321_, 415.8, 341.04, 1.24456e-06
FILLER_84_725, 415.8, 341.04, 1.24456e-06
_07328_, 418.5, 341.04, 1.24452e-06
_07333_, 421.2, 341.04, 1.24439e-06
TAP_1383, 426.6, 341.04, 1.24548e-06
FILLER_83_744, 426.6, 341.04, 1.24548e-06
FILLER_83_746, 426.6, 341.04, 1.24548e-06
_04790_, 429.3, 341.04, 1.24596e-06
_07367_, 429.3, 341.04, 1.24596e-06
_07369_, 432, 341.04, 1.24634e-06
_07351_, 434.7, 341.04, 1.24667e-06
_07361_, 437.4, 341.04, 1.24695e-06
_07327_, 440.1, 341.04, 1.24718e-06
_07359_, 442.8, 341.04, 1.24737e-06
_07364_, 442.8, 341.04, 1.24737e-06
FILLER_83_771, 442.8, 341.04, 1.24737e-06
FILLER_83_773, 442.8, 341.04, 1.24737e-06
_07316_, 448.2, 341.04, 1.24749e-06
_07348_, 448.2, 341.04, 1.24749e-06
TAP_1370, 448.2, 341.04, 1.24749e-06
_07346_, 467.1, 341.04, 1.24716e-06
_07424_, 467.1, 341.04, 1.24716e-06
TAP_1384, 467.1, 341.04, 1.24716e-06
_07363_, 483.3, 341.04, 1.2484e-06
_07423_, 483.3, 341.04, 1.2484e-06
TAP_1371, 486, 341.04, 1.24841e-06
_07381_, 488.7, 341.04, 1.24841e-06
_07209_, 496.8, 341.04, 1.24822e-06
_07420_, 496.8, 341.04, 1.24822e-06
_07222_, 499.5, 341.04, 1.24807e-06
_07580_, 499.5, 341.04, 1.24807e-06
FILLER_84_883, 504.9, 341.04, 1.2484e-06
_07273_, 507.6, 341.04, 1.24902e-06
TAP_1385, 507.6, 341.04, 1.24902e-06
_07266_, 510.3, 341.04, 1.24954e-06
FILLER_83_900, 513, 341.04, 1.25003e-06
_07224_, 515.7, 341.04, 1.2505e-06
_07629_, 515.7, 341.04, 1.2505e-06
FILLER_83_904, 515.7, 341.04, 1.2505e-06
_07223_, 518.4, 341.04, 1.25084e-06
FILLER_84_906, 518.4, 341.04, 1.25084e-06
FILLER_83_917, 523.8, 341.04, 1.25139e-06
FILLER_84_916, 523.8, 341.04, 1.25139e-06
TAP_1372, 526.5, 341.04, 1.25162e-06
FILLER_83_921, 526.5, 341.04, 1.25162e-06
_07256_, 529.2, 341.04, 1.25182e-06
FILLER_83_933, 531.9, 341.04, 1.25196e-06
FILLER_84_932, 531.9, 341.04, 1.25196e-06
PHY_167, 537.3, 341.04, 1.25216e-06
PHY_169, 537.3, 341.04, 1.25216e-06
FILLER_83_941, 537.3, 341.04, 1.25216e-06
FILLER_83_943, 537.3, 341.04, 1.25216e-06
FILLER_84_940, 537.3, 341.04, 1.25216e-06
PHY_162, 10.8, 333.2, 1.18899e-06
PHY_164, 10.8, 333.2, 1.18899e-06
FILLER_81_2, 10.8, 333.2, 1.18899e-06
FILLER_82_2, 10.8, 333.2, 1.18899e-06
FILLER_81_18, 18.9, 333.2, 1.18875e-06
FILLER_82_18, 18.9, 333.2, 1.18875e-06
FILLER_81_22, 21.6, 333.2, 1.18863e-06
_09774_, 24.3, 333.2, 1.18924e-06
_08840_, 29.7, 333.2, 1.1903e-06
TAP_1347, 29.7, 333.2, 1.1903e-06
FILLER_82_34, 29.7, 333.2, 1.1903e-06
_08843_, 35.1, 333.2, 1.1912e-06
FILLER_82_43, 35.1, 333.2, 1.1912e-06
FILLER_82_50, 37.8, 333.2, 1.1916e-06
_08842_, 40.5, 333.2, 1.19197e-06
_09779_, 43.2, 333.2, 1.19229e-06
FILLER_81_60, 43.2, 333.2, 1.19229e-06
FILLER_82_58, 43.2, 333.2, 1.19229e-06
_08852_, 45.9, 333.2, 1.19249e-06
TAP_1334, 48.6, 333.2, 1.19264e-06
FILLER_81_70, 48.6, 333.2, 1.19264e-06
FILLER_81_73, 51.3, 333.2, 1.19275e-06
FILLER_81_81, 56.7, 333.2, 1.19294e-06
FILLER_81_85, 56.7, 333.2, 1.19294e-06
_09753_, 59.4, 333.2, 1.19299e-06
FILLER_82_88, 59.4, 333.2, 1.19299e-06
FILLER_82_104, 67.5, 333.2, 1.19413e-06
TAP_1348, 70.2, 333.2, 1.19471e-06
FILLER_82_108, 70.2, 333.2, 1.19471e-06
_08797_, 72.9, 333.2, 1.19525e-06
FILLER_81_115, 75.6, 333.2, 1.19573e-06
_08798_, 78.3, 333.2, 1.1962e-06
_09760_, 81, 333.2, 1.19661e-06
_08795_, 83.7, 333.2, 1.19694e-06
FILLER_81_131, 83.7, 333.2, 1.19694e-06
TAP_1335, 89.1, 333.2, 1.19746e-06
FILLER_81_141, 89.1, 333.2, 1.19746e-06
_04736_, 91.8, 333.2, 1.19768e-06
_08794_, 91.8, 333.2, 1.19768e-06
_04738_, 97.2, 333.2, 1.19796e-06
FILLER_81_156, 97.2, 333.2, 1.19796e-06
FILLER_82_157, 97.2, 333.2, 1.19796e-06
FILLER_81_161, 99.9, 333.2, 1.19802e-06
_09754_, 102.6, 333.2, 1.19874e-06
FILLER_81_163, 102.6, 333.2, 1.19874e-06
TAP_1349, 108, 333.2, 1.19997e-06
FILLER_82_173, 108, 333.2, 1.19997e-06
_08784_, 110.7, 333.2, 1.20055e-06
_08869_, 116.1, 333.2, 1.2016e-06
FILLER_82_187, 116.1, 333.2, 1.2016e-06
_04748_, 118.8, 333.2, 1.20205e-06
_08851_, 121.5, 333.2, 1.20247e-06
FILLER_82_199, 121.5, 333.2, 1.20247e-06
_05133_, 124.2, 333.2, 1.20282e-06
FILLER_81_205, 124.2, 333.2, 1.20282e-06
FILLER_82_203, 124.2, 333.2, 1.20282e-06
_08850_, 126.9, 333.2, 1.20306e-06
FILLER_81_207, 126.9, 333.2, 1.20306e-06
TAP_1336, 129.6, 333.2, 1.20325e-06
FILLER_81_215, 129.6, 333.2, 1.20325e-06
_05173_, 132.3, 333.2, 1.20339e-06
_09790_, 132.3, 333.2, 1.20339e-06
_08868_, 135, 333.2, 1.2034e-06
_08867_, 140.4, 333.2, 1.20331e-06
FILLER_81_239, 143.1, 333.2, 1.20397e-06
_09197_, 145.8, 333.2, 1.20461e-06
TAP_1350, 148.5, 333.2, 1.20519e-06
FILLER_81_249, 148.5, 333.2, 1.20519e-06
_08888_, 151.2, 333.2, 1.20573e-06
_09935_, 151.2, 333.2, 1.20573e-06
FILLER_81_251, 151.2, 333.2, 1.20573e-06
FILLER_82_258, 153.9, 333.2, 1.20612e-06
_09199_, 156.6, 333.2, 1.20649e-06
FILLER_82_260, 156.6, 333.2, 1.20649e-06
FILLER_81_281, 167.4, 333.2, 1.20728e-06
FILLER_81_283, 167.4, 333.2, 1.20728e-06
_05140_, 170.1, 333.2, 1.20744e-06
TAP_1337, 170.1, 333.2, 1.20744e-06
_05131_, 175.5, 333.2, 1.2073e-06
_05132_, 178.2, 333.2, 1.20719e-06
TAP_1351, 189, 333.2, 1.20855e-06
FILLER_82_321, 189, 333.2, 1.20855e-06
_09275_, 191.7, 333.2, 1.20903e-06
_09334_, 197.1, 333.2, 1.20981e-06
_09077_, 199.8, 333.2, 1.21011e-06
_05135_, 205.2, 333.2, 1.21062e-06
FILLER_82_349, 205.2, 333.2, 1.21062e-06
TAP_1338, 207.9, 333.2, 1.21079e-06
FILLER_81_351, 207.9, 333.2, 1.21079e-06
_09898_, 210.6, 333.2, 1.21092e-06
_05668_, 213.3, 333.2, 1.21097e-06
_09032_, 226.8, 333.2, 1.21212e-06
TAP_1352, 229.5, 333.2, 1.21269e-06
repeater1, 229.5, 333.2, 1.21269e-06
_06969_, 243, 333.2, 1.21375e-06
_04810_, 245.7, 333.2, 1.21391e-06
TAP_1339, 248.4, 333.2, 1.21404e-06
_09360_, 251.1, 333.2, 1.21415e-06
FILLER_81_428, 251.1, 333.2, 1.21415e-06
_09362_, 256.5, 333.2, 1.21421e-06
FILLER_81_440, 256.5, 333.2, 1.21421e-06
FILLER_81_451, 261.9, 333.2, 1.21411e-06
_09359_, 264.6, 333.2, 1.21474e-06
_09877_, 264.6, 333.2, 1.21474e-06
FILLER_81_455, 264.6, 333.2, 1.21474e-06
TAP_1353, 267.3, 333.2, 1.21523e-06
FILLER_82_460, 267.3, 333.2, 1.21523e-06
_09042_, 270, 333.2, 1.21568e-06
FILLER_82_463, 270, 333.2, 1.21568e-06
FILLER_82_465, 270, 333.2, 1.21568e-06
FILLER_82_474, 275.4, 333.2, 1.21639e-06
_09623_, 278.1, 333.2, 1.21672e-06
_06966_, 283.5, 333.2, 1.21719e-06
FILLER_81_495, 286.2, 333.2, 1.21737e-06
_06967_, 288.9, 333.2, 1.21753e-06
TAP_1340, 288.9, 333.2, 1.21753e-06
_06666_, 294.3, 333.2, 1.2177e-06
FILLER_81_507, 294.3, 333.2, 1.2177e-06
_09046_, 297, 333.2, 1.21772e-06
_06674_, 299.7, 333.2, 1.21769e-06
FILLER_81_519, 299.7, 333.2, 1.21769e-06
_09714_, 302.4, 333.2, 1.21829e-06
_09047_, 305.1, 333.2, 1.21878e-06
_08718_, 307.8, 333.2, 1.21924e-06
TAP_1354, 307.8, 333.2, 1.21924e-06
_08719_, 313.2, 333.2, 1.22e-06
FILLER_82_550, 318.6, 333.2, 1.22066e-06
_09880_, 321.3, 333.2, 1.22097e-06
FILLER_81_557, 321.3, 333.2, 1.22097e-06
_08712_, 324, 333.2, 1.22118e-06
FILLER_81_559, 324, 333.2, 1.22118e-06
_09051_, 329.4, 333.2, 1.22144e-06
TAP_1341, 329.4, 333.2, 1.22144e-06
FILLER_81_578, 334.8, 333.2, 1.22155e-06
FILLER_81_586, 337.5, 333.2, 1.22159e-06
FILLER_82_585, 337.5, 333.2, 1.22159e-06
FILLER_82_587, 337.5, 333.2, 1.22159e-06
_09068_, 340.2, 333.2, 1.22157e-06
FILLER_81_590, 340.2, 333.2, 1.22157e-06
_09717_, 342.9, 333.2, 1.22216e-06
FILLER_81_592, 342.9, 333.2, 1.22216e-06
FILLER_82_596, 342.9, 333.2, 1.22216e-06
FILLER_82_600, 345.6, 333.2, 1.22261e-06
TAP_1355, 348.3, 333.2, 1.22303e-06
FILLER_82_602, 348.3, 333.2, 1.22303e-06
FILLER_82_605, 348.3, 333.2, 1.22303e-06
_09992_, 351, 333.2, 1.2234e-06
_09344_, 361.8, 333.2, 1.22453e-06
_07663_, 367.2, 333.2, 1.22497e-06
TAP_1342, 367.2, 333.2, 1.22497e-06
_09343_, 369.9, 333.2, 1.22512e-06
_09989_, 372.6, 333.2, 1.22524e-06
FILLER_82_646, 372.6, 333.2, 1.22524e-06
_09338_, 375.3, 333.2, 1.22525e-06
_09335_, 380.7, 333.2, 1.22515e-06
FILLER_82_670, 386.1, 333.2, 1.22628e-06
_09648_, 388.8, 333.2, 1.22682e-06
TAP_1356, 388.8, 333.2, 1.22682e-06
FILLER_82_676, 388.8, 333.2, 1.22682e-06
_07657_, 391.5, 333.2, 1.22725e-06
FILLER_82_680, 391.5, 333.2, 1.22725e-06
FILLER_82_689, 396.9, 333.2, 1.22795e-06
FILLER_81_705, 405, 333.2, 1.22894e-06
FILLER_82_705, 405, 333.2, 1.22894e-06
FILLER_82_707, 405, 333.2, 1.22894e-06
_09656_, 407.7, 333.2, 1.2292e-06
TAP_1343, 407.7, 333.2, 1.2292e-06
clkbuf_leaf_7_clk, 407.7, 333.2, 1.2292e-06
FILLER_81_709, 407.7, 333.2, 1.2292e-06
TAP_1357, 426.6, 333.2, 1.22951e-06
FILLER_82_744, 426.6, 333.2, 1.22951e-06
_07323_, 429.3, 333.2, 1.22997e-06
_04766_, 432, 333.2, 1.23039e-06
FILLER_82_760, 434.7, 333.2, 1.23076e-06
_07664_, 437.4, 333.2, 1.23111e-06
_09658_, 437.4, 333.2, 1.23111e-06
FILLER_82_764, 437.4, 333.2, 1.23111e-06
_07666_, 440.1, 333.2, 1.23129e-06
FILLER_81_778, 445.5, 333.2, 1.23153e-06
TAP_1344, 448.2, 333.2, 1.23164e-06
FILLER_81_780, 448.2, 333.2, 1.23164e-06
FILLER_81_783, 448.2, 333.2, 1.23164e-06
FILLER_81_791, 453.6, 333.2, 1.23172e-06
_09633_, 456.3, 333.2, 1.23174e-06
FILLER_81_795, 456.3, 333.2, 1.23174e-06
_07472_, 459, 333.2, 1.23165e-06
_07626_, 467.1, 333.2, 1.23256e-06
TAP_1358, 467.1, 333.2, 1.23256e-06
_07531_, 469.8, 333.2, 1.23304e-06
_07313_, 472.5, 333.2, 1.23334e-06
_04786_, 480.6, 333.2, 1.23408e-06
FILLER_81_838, 480.6, 333.2, 1.23408e-06
TAP_1345, 486, 333.2, 1.23441e-06
FILLER_81_849, 486, 333.2, 1.23441e-06
FILLER_81_851, 486, 333.2, 1.23441e-06
_07251_, 488.7, 333.2, 1.23451e-06
_07268_, 494.1, 333.2, 1.23462e-06
FILLER_81_862, 494.1, 333.2, 1.23462e-06
FILLER_82_863, 494.1, 333.2, 1.23462e-06
_07267_, 496.8, 333.2, 1.23456e-06
_07274_, 499.5, 333.2, 1.23442e-06
_07217_, 502.2, 333.2, 1.23417e-06
FILLER_82_886, 504.9, 333.2, 1.23483e-06
_07220_, 507.6, 333.2, 1.23546e-06
TAP_1359, 507.6, 333.2, 1.23546e-06
_07199_, 513, 333.2, 1.23659e-06
_07204_, 513, 333.2, 1.23659e-06
FILLER_82_897, 513, 333.2, 1.23659e-06
FILLER_82_899, 513, 333.2, 1.23659e-06
_07202_, 515.7, 333.2, 1.23697e-06
_07255_, 518.4, 333.2, 1.23731e-06
_07203_, 523.8, 333.2, 1.23788e-06
_07225_, 526.5, 333.2, 1.23813e-06
TAP_1346, 526.5, 333.2, 1.23813e-06
FILLER_81_921, 526.5, 333.2, 1.23813e-06
FILLER_81_925, 529.2, 333.2, 1.23827e-06
FILLER_82_935, 534.6, 333.2, 1.23852e-06
PHY_163, 537.3, 333.2, 1.23862e-06
PHY_165, 537.3, 333.2, 1.23862e-06
FILLER_81_941, 537.3, 333.2, 1.23862e-06
FILLER_81_943, 537.3, 333.2, 1.23862e-06
FILLER_82_943, 537.3, 333.2, 1.23862e-06
_09773_, 10.8, 325.36, 1.17622e-06
PHY_158, 10.8, 325.36, 1.17622e-06
PHY_160, 10.8, 325.36, 1.17622e-06
FILLER_79_2, 10.8, 325.36, 1.17622e-06
FILLER_79_10, 16.2, 325.36, 1.17593e-06
_08837_, 18.9, 325.36, 1.17577e-06
_08835_, 21.6, 325.36, 1.17557e-06
_08836_, 27, 325.36, 1.17672e-06
FILLER_80_31, 27, 325.36, 1.17672e-06
_08838_, 29.7, 325.36, 1.17722e-06
_09775_, 29.7, 325.36, 1.17722e-06
TAP_1321, 29.7, 325.36, 1.17722e-06
_08844_, 35.1, 325.36, 1.17792e-06
_05146_, 37.8, 325.36, 1.17824e-06
_08841_, 43.2, 325.36, 1.17878e-06
FILLER_80_66, 45.9, 325.36, 1.179e-06
TAP_1308, 48.6, 325.36, 1.17921e-06
FILLER_79_67, 48.6, 325.36, 1.17921e-06
FILLER_80_70, 48.6, 325.36, 1.17921e-06
_09780_, 51.3, 325.36, 1.17935e-06
FILLER_79_73, 51.3, 325.36, 1.17935e-06
_08853_, 54, 325.36, 1.17939e-06
FILLER_79_77, 54, 325.36, 1.17939e-06
FILLER_79_86, 59.4, 325.36, 1.17933e-06
FILLER_79_90, 59.4, 325.36, 1.17933e-06
_08782_, 62.1, 325.36, 1.17926e-06
_08781_, 64.8, 325.36, 1.17984e-06
FILLER_80_101, 67.5, 325.36, 1.18037e-06
_04735_, 70.2, 325.36, 1.18088e-06
_09752_, 70.2, 325.36, 1.18088e-06
TAP_1322, 70.2, 325.36, 1.18088e-06
FILLER_80_105, 70.2, 325.36, 1.18088e-06
_08779_, 72.9, 325.36, 1.18123e-06
FILLER_80_112, 72.9, 325.36, 1.18123e-06
FILLER_80_121, 78.3, 325.36, 1.1818e-06
FILLER_79_136, 86.4, 325.36, 1.18258e-06
FILLER_80_137, 86.4, 325.36, 1.18258e-06
_09759_, 89.1, 325.36, 1.1828e-06
TAP_1309, 89.1, 325.36, 1.1828e-06
FILLER_79_140, 89.1, 325.36, 1.1828e-06
_08793_, 91.8, 325.36, 1.1829e-06
FILLER_79_144, 91.8, 325.36, 1.1829e-06
FILLER_79_154, 97.2, 325.36, 1.18295e-06
_09746_, 99.9, 325.36, 1.18295e-06
FILLER_80_170, 105.3, 325.36, 1.18407e-06
TAP_1323, 108, 325.36, 1.18461e-06
FILLER_80_174, 108, 325.36, 1.18461e-06
FILLER_80_176, 108, 325.36, 1.18461e-06
_08783_, 110.7, 325.36, 1.18508e-06
_09778_, 116.1, 325.36, 1.18593e-06
FILLER_79_187, 116.1, 325.36, 1.18593e-06
FILLER_80_187, 116.1, 325.36, 1.18593e-06
_04746_, 124.2, 325.36, 1.18683e-06
FILLER_79_207, 126.9, 325.36, 1.1871e-06
FILLER_79_211, 126.9, 325.36, 1.1871e-06
_05172_, 129.6, 325.36, 1.18733e-06
TAP_1310, 129.6, 325.36, 1.18733e-06
FILLER_79_220, 132.3, 325.36, 1.18751e-06
FILLER_80_218, 132.3, 325.36, 1.18751e-06
FILLER_80_220, 132.3, 325.36, 1.18751e-06
_05174_, 135, 325.36, 1.18762e-06
FILLER_80_226, 137.7, 325.36, 1.18769e-06
FILLER_79_236, 143.1, 325.36, 1.18849e-06
_08883_, 145.8, 325.36, 1.18921e-06
_08886_, 145.8, 325.36, 1.18921e-06
_09184_, 148.5, 325.36, 1.18985e-06
TAP_1324, 148.5, 325.36, 1.18985e-06
FILLER_79_248, 148.5, 325.36, 1.18985e-06
_08884_, 151.2, 325.36, 1.19029e-06
FILLER_80_258, 153.9, 325.36, 1.19069e-06
_09213_, 156.6, 325.36, 1.19106e-06
FILLER_80_260, 156.6, 325.36, 1.19106e-06
_05175_, 162, 325.36, 1.19166e-06
FILLER_80_269, 162, 325.36, 1.19166e-06
FILLER_80_271, 162, 325.36, 1.19166e-06
FILLER_79_281, 167.4, 325.36, 1.19177e-06
FILLER_79_283, 167.4, 325.36, 1.19177e-06
_09216_, 170.1, 325.36, 1.19179e-06
TAP_1311, 170.1, 325.36, 1.19179e-06
_09127_, 175.5, 325.36, 1.19167e-06
FILLER_79_294, 175.5, 325.36, 1.19167e-06
_05138_, 180.9, 325.36, 1.19141e-06
FILLER_79_304, 180.9, 325.36, 1.19141e-06
TAP_1325, 189, 325.36, 1.19277e-06
FILLER_80_321, 189, 325.36, 1.19277e-06
_09896_, 191.7, 325.36, 1.19319e-06
FILLER_80_323, 191.7, 325.36, 1.19319e-06
_04705_, 202.5, 325.36, 1.19443e-06
_04710_, 207.9, 325.36, 1.19492e-06
TAP_1312, 207.9, 325.36, 1.19492e-06
FILLER_79_353, 207.9, 325.36, 1.19492e-06
_04723_, 210.6, 325.36, 1.1951e-06
_09079_, 210.6, 325.36, 1.1951e-06
_09278_, 213.3, 325.36, 1.19519e-06
FILLER_80_365, 213.3, 325.36, 1.19519e-06
_05136_, 216, 325.36, 1.19521e-06
FILLER_80_367, 216, 325.36, 1.19521e-06
_05211_, 218.7, 325.36, 1.1951e-06
_09356_, 224.1, 325.36, 1.19553e-06
_10002_, 229.5, 325.36, 1.19652e-06
TAP_1326, 229.5, 325.36, 1.19652e-06
_09364_, 232.2, 325.36, 1.19691e-06
FILLER_79_408, 237.6, 325.36, 1.19757e-06
_06968_, 240.3, 325.36, 1.19789e-06
FILLER_79_410, 240.3, 325.36, 1.19789e-06
_09363_, 245.7, 325.36, 1.19836e-06
_10000_, 245.7, 325.36, 1.19836e-06
FILLER_80_421, 245.7, 325.36, 1.19836e-06
TAP_1313, 248.4, 325.36, 1.19846e-06
FILLER_79_425, 248.4, 325.36, 1.19846e-06
_09999_, 251.1, 325.36, 1.19852e-06
FILLER_80_452, 261.9, 325.36, 1.19843e-06
_06964_, 264.6, 325.36, 1.19913e-06
TAP_1327, 267.3, 325.36, 1.19978e-06
FILLER_79_457, 267.3, 325.36, 1.19978e-06
FILLER_79_461, 267.3, 325.36, 1.19978e-06
_09622_, 270, 325.36, 1.20037e-06
FILLER_79_463, 270, 325.36, 1.20037e-06
FILLER_80_463, 270, 325.36, 1.20037e-06
_06965_, 272.7, 325.36, 1.20083e-06
FILLER_80_467, 272.7, 325.36, 1.20083e-06
_09041_, 275.4, 325.36, 1.20121e-06
FILLER_80_481, 278.1, 325.36, 1.20157e-06
repeater7, 280.8, 325.36, 1.2019e-06
FILLER_79_495, 286.2, 325.36, 1.20214e-06
_04811_, 288.9, 325.36, 1.20224e-06
TAP_1314, 288.9, 325.36, 1.20224e-06
FILLER_79_499, 288.9, 325.36, 1.20224e-06
_06655_, 297, 325.36, 1.20223e-06
FILLER_79_510, 297, 325.36, 1.20223e-06
_06676_, 302.4, 325.36, 1.20276e-06
FILLER_80_520, 302.4, 325.36, 1.20276e-06
_04818_, 307.8, 325.36, 1.20389e-06
_06677_, 307.8, 325.36, 1.20389e-06
TAP_1328, 307.8, 325.36, 1.20389e-06
FILLER_79_530, 307.8, 325.36, 1.20389e-06
FILLER_79_532, 307.8, 325.36, 1.20389e-06
FILLER_80_531, 307.8, 325.36, 1.20389e-06
_09613_, 310.5, 325.36, 1.20428e-06
_08713_, 315.9, 325.36, 1.20489e-06
FILLER_80_544, 315.9, 325.36, 1.20489e-06
_09711_, 321.3, 325.36, 1.20535e-06
TAP_1315, 329.4, 325.36, 1.20574e-06
FILLER_79_570, 329.4, 325.36, 1.20574e-06
FILLER_79_578, 334.8, 325.36, 1.20591e-06
FILLER_79_582, 334.8, 325.36, 1.20591e-06
_09716_, 337.5, 325.36, 1.20596e-06
_08722_, 342.9, 325.36, 1.20658e-06
FILLER_80_600, 345.6, 325.36, 1.20721e-06
_08724_, 348.3, 325.36, 1.20782e-06
TAP_1329, 348.3, 325.36, 1.20782e-06
FILLER_80_602, 348.3, 325.36, 1.20782e-06
_09993_, 353.7, 325.36, 1.20884e-06
FILLER_80_613, 353.7, 325.36, 1.20884e-06
FILLER_80_615, 353.7, 325.36, 1.20884e-06
_05669_, 356.4, 325.36, 1.20924e-06
TAP_1316, 367.2, 325.36, 1.21041e-06
FILLER_79_636, 367.2, 325.36, 1.21041e-06
FILLER_79_638, 367.2, 325.36, 1.21041e-06
_07160_, 369.9, 325.36, 1.21065e-06
FILLER_79_641, 369.9, 325.36, 1.21065e-06
FILLER_79_643, 369.9, 325.36, 1.21065e-06
_07665_, 372.6, 325.36, 1.21059e-06
FILLER_80_653, 375.3, 325.36, 1.21048e-06
_09336_, 378, 325.36, 1.21035e-06
FILLER_80_655, 378, 325.36, 1.21035e-06
_04796_, 383.4, 325.36, 1.21066e-06
FILLER_80_672, 386.1, 325.36, 1.21115e-06
TAP_1330, 388.8, 325.36, 1.21161e-06
FILLER_80_676, 388.8, 325.36, 1.21161e-06
_04794_, 391.5, 325.36, 1.21203e-06
_09647_, 391.5, 325.36, 1.21203e-06
FILLER_80_680, 391.5, 325.36, 1.21203e-06
_07344_, 396.9, 325.36, 1.21253e-06
FILLER_79_690, 396.9, 325.36, 1.21253e-06
FILLER_79_702, 402.3, 325.36, 1.21286e-06
_09655_, 407.7, 325.36, 1.21316e-06
TAP_1317, 407.7, 325.36, 1.21316e-06
_07658_, 413.1, 325.36, 1.21324e-06
FILLER_80_726, 415.8, 325.36, 1.21322e-06
_04765_, 418.5, 325.36, 1.21319e-06
FILLER_80_730, 418.5, 325.36, 1.21319e-06
_07240_, 423.9, 325.36, 1.21366e-06
TAP_1331, 426.6, 325.36, 1.21418e-06
FILLER_79_743, 426.6, 325.36, 1.21418e-06
_09626_, 429.3, 325.36, 1.21465e-06
_09659_, 429.3, 325.36, 1.21465e-06
FILLER_79_747, 429.3, 325.36, 1.21465e-06
FILLER_79_749, 429.3, 325.36, 1.21465e-06
_04808_, 448.2, 325.36, 1.21635e-06
TAP_1318, 448.2, 325.36, 1.21635e-06
FILLER_79_783, 448.2, 325.36, 1.21635e-06
FILLER_79_787, 450.9, 325.36, 1.21652e-06
FILLER_79_789, 450.9, 325.36, 1.21652e-06
FILLER_80_787, 450.9, 325.36, 1.21652e-06
FILLER_80_789, 450.9, 325.36, 1.21652e-06
_07291_, 453.6, 325.36, 1.21661e-06
_07292_, 453.6, 325.36, 1.21661e-06
_07290_, 456.3, 325.36, 1.2166e-06
_04787_, 459, 325.36, 1.21653e-06
FILLER_79_808, 461.7, 325.36, 1.21639e-06
_04804_, 464.4, 325.36, 1.21695e-06
_07365_, 467.1, 325.36, 1.21747e-06
TAP_1332, 467.1, 325.36, 1.21747e-06
FILLER_79_816, 467.1, 325.36, 1.21747e-06
_09631_, 469.8, 325.36, 1.2179e-06
FILLER_79_820, 469.8, 325.36, 1.2179e-06
_07252_, 472.5, 325.36, 1.21822e-06
_09632_, 477.9, 325.36, 1.21877e-06
TAP_1319, 486, 325.36, 1.21927e-06
_07264_, 488.7, 325.36, 1.21941e-06
FILLER_79_854, 488.7, 325.36, 1.21941e-06
FILLER_80_870, 496.8, 325.36, 1.21944e-06
_07221_, 499.5, 325.36, 1.21943e-06
FILLER_80_872, 499.5, 325.36, 1.21943e-06
_07265_, 502.2, 325.36, 1.21936e-06
_07272_, 502.2, 325.36, 1.21936e-06
FILLER_80_886, 504.9, 325.36, 1.22006e-06
_07200_, 507.6, 325.36, 1.22074e-06
TAP_1333, 507.6, 325.36, 1.22074e-06
FILLER_80_889, 507.6, 325.36, 1.22074e-06
_07276_, 510.3, 325.36, 1.22135e-06
_07162_, 515.7, 325.36, 1.22233e-06
_07198_, 518.4, 325.36, 1.22278e-06
FILLER_79_914, 521.1, 325.36, 1.2232e-06
_07166_, 523.8, 325.36, 1.22359e-06
_07275_, 523.8, 325.36, 1.22359e-06
FILLER_79_918, 523.8, 325.36, 1.22359e-06
TAP_1320, 526.5, 325.36, 1.22382e-06
_07254_, 529.2, 325.36, 1.22403e-06
_07227_, 531.9, 325.36, 1.22418e-06
_07226_, 534.6, 325.36, 1.2243e-06
PHY_159, 537.3, 325.36, 1.22438e-06
PHY_161, 537.3, 325.36, 1.22438e-06
FILLER_80_941, 537.3, 325.36, 1.22438e-06
FILLER_80_943, 537.3, 325.36, 1.22438e-06
_09772_, 10.8, 317.52, 1.16203e-06
PHY_154, 10.8, 317.52, 1.16203e-06
PHY_156, 10.8, 317.52, 1.16203e-06
FILLER_78_2, 10.8, 317.52, 1.16203e-06
_10031_, 13.5, 317.52, 1.16189e-06
FILLER_78_6, 13.5, 317.52, 1.16189e-06
FILLER_78_12, 16.2, 317.52, 1.16171e-06
FILLER_78_16, 18.9, 317.52, 1.1615e-06
FILLER_78_18, 18.9, 317.52, 1.1615e-06
_08832_, 21.6, 317.52, 1.16126e-06
FILLER_78_27, 24.3, 317.52, 1.16183e-06
_08833_, 27, 317.52, 1.16238e-06
_08839_, 29.7, 317.52, 1.16288e-06
TAP_1295, 29.7, 317.52, 1.16288e-06
_08845_, 32.4, 317.52, 1.1633e-06
FILLER_77_39, 32.4, 317.52, 1.1633e-06
FILLER_78_45, 35.1, 317.52, 1.16366e-06
FILLER_78_47, 35.1, 317.52, 1.16366e-06
_08847_, 37.8, 317.52, 1.16397e-06
_09776_, 37.8, 317.52, 1.16397e-06
_08846_, 43.2, 317.52, 1.1643e-06
TAP_1282, 48.6, 317.52, 1.16452e-06
FILLER_77_68, 48.6, 317.52, 1.16452e-06
FILLER_77_70, 48.6, 317.52, 1.16452e-06
FILLER_77_73, 51.3, 317.52, 1.16457e-06
FILLER_78_77, 54, 317.52, 1.1646e-06
FILLER_77_89, 59.4, 317.52, 1.16462e-06
_09731_, 62.1, 317.52, 1.16461e-06
FILLER_77_91, 62.1, 317.52, 1.16461e-06
FILLER_78_93, 62.1, 317.52, 1.16461e-06
_05170_, 67.5, 317.52, 1.16581e-06
TAP_1296, 70.2, 317.52, 1.16637e-06
FILLER_78_108, 70.2, 317.52, 1.16637e-06
FILLER_78_112, 72.9, 317.52, 1.16689e-06
FILLER_78_114, 72.9, 317.52, 1.16689e-06
_08780_, 75.6, 317.52, 1.16736e-06
_04737_, 78.3, 317.52, 1.16779e-06
FILLER_77_121, 78.3, 317.52, 1.16779e-06
FILLER_78_123, 78.3, 317.52, 1.16779e-06
FILLER_77_129, 81, 317.52, 1.16815e-06
FILLER_78_128, 81, 317.52, 1.16815e-06
_08777_, 83.7, 317.52, 1.16846e-06
FILLER_77_133, 83.7, 317.52, 1.16846e-06
_04739_, 86.4, 317.52, 1.16871e-06
_08778_, 86.4, 317.52, 1.16871e-06
FILLER_77_135, 86.4, 317.52, 1.16871e-06
TAP_1283, 89.1, 317.52, 1.16885e-06
FILLER_77_140, 89.1, 317.52, 1.16885e-06
FILLER_77_144, 91.8, 317.52, 1.16895e-06
FILLER_78_146, 91.8, 317.52, 1.16895e-06
_08792_, 94.5, 317.52, 1.16901e-06
FILLER_77_152, 94.5, 317.52, 1.16901e-06
repeater3, 99.9, 317.52, 1.16899e-06
FILLER_78_162, 99.9, 317.52, 1.16899e-06
FILLER_78_166, 102.6, 317.52, 1.16956e-06
_08768_, 105.3, 317.52, 1.17012e-06
FILLER_78_168, 105.3, 317.52, 1.17012e-06
TAP_1297, 108, 317.52, 1.1706e-06
_04749_, 110.7, 317.52, 1.17107e-06
_09755_, 113.4, 317.52, 1.1715e-06
FILLER_78_183, 113.4, 317.52, 1.1715e-06
FILLER_78_185, 113.4, 317.52, 1.1715e-06
_08785_, 116.1, 317.52, 1.17181e-06
FILLER_77_187, 116.1, 317.52, 1.17181e-06
_08786_, 121.5, 317.52, 1.17229e-06
FILLER_77_207, 126.9, 317.52, 1.17267e-06
FILLER_77_211, 126.9, 317.52, 1.17267e-06
_08874_, 129.6, 317.52, 1.17281e-06
TAP_1284, 129.6, 317.52, 1.17281e-06
FILLER_77_215, 129.6, 317.52, 1.17281e-06
_08873_, 132.3, 317.52, 1.17287e-06
FILLER_77_217, 132.3, 317.52, 1.17287e-06
FILLER_78_223, 135, 317.52, 1.17285e-06
_09789_, 137.7, 317.52, 1.17281e-06
FILLER_77_226, 137.7, 317.52, 1.17281e-06
FILLER_78_231, 140.4, 317.52, 1.17267e-06
FILLER_78_235, 140.4, 317.52, 1.17267e-06
_09193_, 143.1, 317.52, 1.17324e-06
_08885_, 145.8, 317.52, 1.17379e-06
TAP_1298, 148.5, 317.52, 1.17428e-06
_09192_, 151.2, 317.52, 1.17475e-06
_09128_, 153.9, 317.52, 1.17517e-06
FILLER_77_257, 153.9, 317.52, 1.17517e-06
FILLER_78_259, 153.9, 317.52, 1.17517e-06
_09120_, 156.6, 317.52, 1.17551e-06
_09189_, 159.3, 317.52, 1.17581e-06
_09217_, 159.3, 317.52, 1.17581e-06
FILLER_77_273, 162, 317.52, 1.17591e-06
_09218_, 164.7, 317.52, 1.176e-06
FILLER_77_275, 164.7, 317.52, 1.176e-06
_09125_, 170.1, 317.52, 1.17601e-06
TAP_1285, 170.1, 317.52, 1.17601e-06
_09911_, 175.5, 317.52, 1.17589e-06
_05108_, 178.2, 317.52, 1.17573e-06
FILLER_78_298, 178.2, 317.52, 1.17573e-06
FILLER_78_300, 178.2, 317.52, 1.17573e-06
_09263_, 189, 317.52, 1.1768e-06
TAP_1299, 189, 317.52, 1.1768e-06
_05109_, 191.7, 317.52, 1.17713e-06
_09287_, 202.5, 317.52, 1.17809e-06
_05212_, 205.2, 317.52, 1.17827e-06
_09964_, 207.9, 317.52, 1.17842e-06
TAP_1286, 207.9, 317.52, 1.17842e-06
FILLER_77_353, 207.9, 317.52, 1.17842e-06
_09075_, 210.6, 317.52, 1.17844e-06
_09103_, 216, 317.52, 1.17837e-06
_10003_, 221.4, 317.52, 1.1782e-06
FILLER_77_375, 221.4, 317.52, 1.1782e-06
_09365_, 224.1, 317.52, 1.17874e-06
FILLER_78_383, 224.1, 317.52, 1.17874e-06
_09366_, 229.5, 317.52, 1.1797e-06
TAP_1300, 229.5, 317.52, 1.1797e-06
FILLER_78_402, 234.9, 317.52, 1.1805e-06
_06970_, 237.6, 317.52, 1.18089e-06
_09624_, 237.6, 317.52, 1.18089e-06
_06682_, 240.3, 317.52, 1.18111e-06
TAP_1287, 248.4, 317.52, 1.1816e-06
_06681_, 251.1, 317.52, 1.18174e-06
_09357_, 256.5, 317.52, 1.1819e-06
_09358_, 256.5, 317.52, 1.1819e-06
FILLER_77_440, 256.5, 317.52, 1.1819e-06
FILLER_77_448, 261.9, 317.52, 1.18183e-06
FILLER_77_452, 261.9, 317.52, 1.18183e-06
FILLER_78_450, 261.9, 317.52, 1.18183e-06
FILLER_78_452, 261.9, 317.52, 1.18183e-06
_06962_, 264.6, 317.52, 1.18249e-06
_09621_, 264.6, 317.52, 1.18249e-06
TAP_1301, 267.3, 317.52, 1.18301e-06
_04812_, 270, 317.52, 1.1835e-06
FILLER_78_463, 270, 317.52, 1.1835e-06
FILLER_78_465, 270, 317.52, 1.1835e-06
_06654_, 275.4, 317.52, 1.18431e-06
_06662_, 280.8, 317.52, 1.18501e-06
FILLER_77_484, 280.8, 317.52, 1.18501e-06
_06653_, 283.5, 317.52, 1.18525e-06
FILLER_77_486, 283.5, 317.52, 1.18525e-06
_06663_, 288.9, 317.52, 1.18559e-06
TAP_1288, 288.9, 317.52, 1.18559e-06
FILLER_77_499, 288.9, 317.52, 1.18559e-06
_06668_, 291.6, 317.52, 1.18568e-06
_06672_, 291.6, 317.52, 1.18568e-06
FILLER_78_527, 305.1, 317.52, 1.18627e-06
TAP_1302, 307.8, 317.52, 1.18682e-06
FILLER_78_531, 307.8, 317.52, 1.18682e-06
FILLER_78_534, 307.8, 317.52, 1.18682e-06
_06661_, 310.5, 317.52, 1.18732e-06
_06679_, 313.2, 317.52, 1.18775e-06
_06656_, 315.9, 317.52, 1.18812e-06
_06709_, 318.6, 317.52, 1.18843e-06
_06665_, 321.3, 317.52, 1.18871e-06
FILLER_77_557, 321.3, 317.52, 1.18871e-06
_06712_, 324, 317.52, 1.18891e-06
FILLER_77_561, 324, 317.52, 1.18891e-06
FILLER_78_565, 326.7, 317.52, 1.18906e-06
TAP_1289, 329.4, 317.52, 1.18919e-06
FILLER_77_570, 329.4, 317.52, 1.18919e-06
FILLER_78_581, 334.8, 317.52, 1.18936e-06
_08721_, 337.5, 317.52, 1.18943e-06
_08723_, 337.5, 317.52, 1.18943e-06
_08725_, 342.9, 317.52, 1.19014e-06
FILLER_77_594, 342.9, 317.52, 1.19014e-06
FILLER_78_601, 345.6, 317.52, 1.19081e-06
TAP_1303, 348.3, 317.52, 1.19147e-06
FILLER_78_605, 348.3, 317.52, 1.19147e-06
FILLER_77_610, 351, 317.52, 1.19208e-06
_04763_, 353.7, 317.52, 1.19268e-06
FILLER_77_612, 353.7, 317.52, 1.19268e-06
_07261_, 359.1, 317.52, 1.19353e-06
FILLER_78_621, 359.1, 317.52, 1.19353e-06
_07033_, 364.5, 317.52, 1.19426e-06
TAP_1290, 367.2, 317.52, 1.19438e-06
_07065_, 369.9, 317.52, 1.19447e-06
FILLER_78_669, 383.4, 317.52, 1.19445e-06
FILLER_78_673, 386.1, 317.52, 1.19505e-06
TAP_1304, 388.8, 317.52, 1.19563e-06
FILLER_78_676, 388.8, 317.52, 1.19563e-06
FILLER_77_679, 391.5, 317.52, 1.19617e-06
_07216_, 394.2, 317.52, 1.19668e-06
FILLER_78_684, 394.2, 317.52, 1.19668e-06
FILLER_78_688, 394.2, 317.52, 1.19668e-06
_07214_, 396.9, 317.52, 1.19707e-06
_07213_, 399.6, 317.52, 1.19742e-06
_07283_, 405, 317.52, 1.19804e-06
_07215_, 407.7, 317.52, 1.19824e-06
TAP_1291, 407.7, 317.52, 1.19824e-06
_07282_, 413.1, 317.52, 1.19848e-06
_07239_, 415.8, 317.52, 1.19855e-06
FILLER_77_730, 418.5, 317.52, 1.19855e-06
_07241_, 421.2, 317.52, 1.19853e-06
FILLER_77_734, 421.2, 317.52, 1.19853e-06
FILLER_78_738, 423.9, 317.52, 1.19924e-06
TAP_1305, 426.6, 317.52, 1.19993e-06
FILLER_78_742, 426.6, 317.52, 1.19993e-06
FILLER_78_744, 426.6, 317.52, 1.19993e-06
_07242_, 429.3, 317.52, 1.20056e-06
_07284_, 429.3, 317.52, 1.20056e-06
_07279_, 432, 317.52, 1.20107e-06
_07243_, 434.7, 317.52, 1.20154e-06
_07244_, 437.4, 317.52, 1.20196e-06
FILLER_77_763, 437.4, 317.52, 1.20196e-06
_06996_, 440.1, 317.52, 1.20231e-06
_06998_, 440.1, 317.52, 1.20231e-06
FILLER_78_766, 440.1, 317.52, 1.20231e-06
FILLER_77_779, 445.5, 317.52, 1.20275e-06
_07249_, 448.2, 317.52, 1.20295e-06
TAP_1292, 448.2, 317.52, 1.20295e-06
FILLER_77_783, 448.2, 317.52, 1.20295e-06
_07236_, 450.9, 317.52, 1.20304e-06
FILLER_77_785, 450.9, 317.52, 1.20304e-06
_07288_, 453.6, 317.52, 1.20308e-06
_07289_, 453.6, 317.52, 1.20308e-06
FILLER_78_791, 453.6, 317.52, 1.20308e-06
FILLER_78_793, 453.6, 317.52, 1.20308e-06
_07278_, 456.3, 317.52, 1.20298e-06
_07234_, 461.7, 317.52, 1.20267e-06
_07280_, 461.7, 317.52, 1.20267e-06
FILLER_78_805, 461.7, 317.52, 1.20267e-06
FILLER_78_807, 461.7, 317.52, 1.20267e-06
FILLER_77_811, 464.4, 317.52, 1.20331e-06
FILLER_77_813, 464.4, 317.52, 1.20331e-06
_07277_, 467.1, 317.52, 1.2039e-06
TAP_1306, 467.1, 317.52, 1.2039e-06
FILLER_78_818, 467.1, 317.52, 1.2039e-06
_07233_, 469.8, 317.52, 1.20434e-06
_07235_, 475.2, 317.52, 1.20512e-06
FILLER_77_837, 477.9, 317.52, 1.20539e-06
_07250_, 480.6, 317.52, 1.20565e-06
FILLER_77_839, 480.6, 317.52, 1.20565e-06
TAP_1293, 486, 317.52, 1.20599e-06
FILLER_77_850, 486, 317.52, 1.20599e-06
_07193_, 488.7, 317.52, 1.20612e-06
FILLER_77_854, 488.7, 317.52, 1.20612e-06
_07218_, 491.4, 317.52, 1.2062e-06
_07206_, 494.1, 317.52, 1.20624e-06
_07263_, 494.1, 317.52, 1.20624e-06
FILLER_77_862, 494.1, 317.52, 1.20624e-06
FILLER_77_864, 494.1, 317.52, 1.20624e-06
_07219_, 496.8, 317.52, 1.20616e-06
FILLER_77_870, 496.8, 317.52, 1.20616e-06
FILLER_78_868, 496.8, 317.52, 1.20616e-06
_07161_, 499.5, 317.52, 1.206e-06
_07270_, 499.5, 317.52, 1.206e-06
FILLER_77_877, 502.2, 317.52, 1.20577e-06
FILLER_77_881, 502.2, 317.52, 1.20577e-06
FILLER_78_880, 502.2, 317.52, 1.20577e-06
_07153_, 504.9, 317.52, 1.2066e-06
_07271_, 504.9, 317.52, 1.2066e-06
FILLER_77_883, 504.9, 317.52, 1.2066e-06
_07158_, 507.6, 317.52, 1.20733e-06
_07159_, 507.6, 317.52, 1.20733e-06
TAP_1307, 507.6, 317.52, 1.20733e-06
FILLER_78_889, 507.6, 317.52, 1.20733e-06
FILLER_77_895, 510.3, 317.52, 1.20791e-06
_07163_, 513, 317.52, 1.20847e-06
FILLER_78_903, 515.7, 317.52, 1.20897e-06
_07164_, 521.1, 317.52, 1.20992e-06
FILLER_78_911, 521.1, 317.52, 1.20992e-06
_07228_, 523.8, 317.52, 1.21034e-06
FILLER_77_916, 523.8, 317.52, 1.21034e-06
TAP_1294, 526.5, 317.52, 1.21063e-06
FILLER_77_920, 526.5, 317.52, 1.21063e-06
FILLER_77_922, 526.5, 317.52, 1.21063e-06
_07165_, 529.2, 317.52, 1.21086e-06
_07230_, 531.9, 317.52, 1.21105e-06
FILLER_77_930, 531.9, 317.52, 1.21105e-06
_07229_, 534.6, 317.52, 1.21118e-06
FILLER_77_938, 534.6, 317.52, 1.21118e-06
PHY_155, 537.3, 317.52, 1.21126e-06
PHY_157, 537.3, 317.52, 1.21126e-06
FILLER_77_942, 537.3, 317.52, 1.21126e-06
FILLER_78_942, 537.3, 317.52, 1.21126e-06
PHY_150, 10.8, 309.68, 1.14676e-06
PHY_152, 10.8, 309.68, 1.14676e-06
FILLER_75_2, 10.8, 309.68, 1.14676e-06
FILLER_76_2, 10.8, 309.68, 1.14676e-06
_08831_, 13.5, 309.68, 1.14668e-06
_10030_, 13.5, 309.68, 1.14668e-06
FILLER_75_6, 13.5, 309.68, 1.14668e-06
FILLER_76_6, 13.5, 309.68, 1.14668e-06
FILLER_76_12, 16.2, 309.68, 1.1465e-06
_08829_, 18.9, 309.68, 1.1463e-06
_08834_, 18.9, 309.68, 1.1463e-06
FILLER_76_14, 18.9, 309.68, 1.1463e-06
_08827_, 21.6, 309.68, 1.146e-06
FILLER_76_21, 21.6, 309.68, 1.146e-06
_05147_, 24.3, 309.68, 1.14652e-06
_08830_, 27, 309.68, 1.14701e-06
TAP_1269, 29.7, 309.68, 1.14744e-06
FILLER_76_33, 29.7, 309.68, 1.14744e-06
FILLER_76_37, 29.7, 309.68, 1.14744e-06
_09777_, 32.4, 309.68, 1.1478e-06
FILLER_75_38, 32.4, 309.68, 1.1478e-06
FILLER_75_46, 35.1, 309.68, 1.14807e-06
FILLER_75_50, 37.8, 309.68, 1.14832e-06
_08848_, 40.5, 309.68, 1.14854e-06
_05148_, 43.2, 309.68, 1.14873e-06
FILLER_75_63, 45.9, 309.68, 1.14888e-06
_09733_, 48.6, 309.68, 1.14901e-06
TAP_1256, 48.6, 309.68, 1.14901e-06
FILLER_75_73, 51.3, 309.68, 1.14904e-06
_05166_, 54, 309.68, 1.14905e-06
FILLER_75_77, 54, 309.68, 1.14905e-06
FILLER_75_79, 54, 309.68, 1.14905e-06
_05165_, 59.4, 309.68, 1.14889e-06
FILLER_75_88, 59.4, 309.68, 1.14889e-06
_05155_, 64.8, 309.68, 1.1493e-06
_08756_, 64.8, 309.68, 1.1493e-06
FILLER_76_104, 67.5, 309.68, 1.14975e-06
_05171_, 70.2, 309.68, 1.15017e-06
TAP_1270, 70.2, 309.68, 1.15017e-06
FILLER_75_113, 72.9, 309.68, 1.15053e-06
_04850_, 75.6, 309.68, 1.15087e-06
_09751_, 75.6, 309.68, 1.15087e-06
FILLER_75_129, 81, 309.68, 1.15132e-06
FILLER_75_133, 83.7, 309.68, 1.15153e-06
_08776_, 86.4, 309.68, 1.15172e-06
TAP_1257, 89.1, 309.68, 1.15185e-06
_08775_, 91.8, 309.68, 1.15197e-06
_09758_, 91.8, 309.68, 1.15197e-06
FILLER_75_152, 94.5, 309.68, 1.15195e-06
_08791_, 97.2, 309.68, 1.15191e-06
FILLER_75_154, 97.2, 309.68, 1.15191e-06
_04740_, 102.6, 309.68, 1.15235e-06
_09747_, 102.6, 309.68, 1.15235e-06
TAP_1271, 108, 309.68, 1.15322e-06
_08767_, 110.7, 309.68, 1.15363e-06
FILLER_76_187, 116.1, 309.68, 1.15436e-06
_08788_, 118.8, 309.68, 1.1547e-06
FILLER_76_195, 118.8, 309.68, 1.1547e-06
_09786_, 121.5, 309.68, 1.15497e-06
FILLER_76_199, 121.5, 309.68, 1.15497e-06
FILLER_75_204, 124.2, 309.68, 1.15514e-06
FILLER_75_206, 124.2, 309.68, 1.15514e-06
_04744_, 126.9, 309.68, 1.15527e-06
FILLER_75_211, 126.9, 309.68, 1.15527e-06
TAP_1258, 129.6, 309.68, 1.15535e-06
FILLER_75_215, 129.6, 309.68, 1.15535e-06
_08878_, 132.3, 309.68, 1.15538e-06
_09182_, 135, 309.68, 1.15537e-06
FILLER_76_229, 137.7, 309.68, 1.1553e-06
_08871_, 140.4, 309.68, 1.15521e-06
_09183_, 143.1, 309.68, 1.15577e-06
FILLER_76_237, 143.1, 309.68, 1.15577e-06
_09788_, 145.8, 309.68, 1.15627e-06
FILLER_76_242, 145.8, 309.68, 1.15627e-06
TAP_1272, 148.5, 309.68, 1.15667e-06
FILLER_76_246, 148.5, 309.68, 1.15667e-06
_09188_, 151.2, 309.68, 1.15704e-06
FILLER_76_250, 151.2, 309.68, 1.15704e-06
_09937_, 153.9, 309.68, 1.15735e-06
_08880_, 162, 309.68, 1.15803e-06
_08879_, 164.7, 309.68, 1.1582e-06
FILLER_75_283, 167.4, 309.68, 1.15834e-06
_09219_, 170.1, 309.68, 1.15846e-06
_09938_, 170.1, 309.68, 1.15846e-06
TAP_1259, 170.1, 309.68, 1.15846e-06
_09082_, 175.5, 309.68, 1.15839e-06
FILLER_75_294, 175.5, 309.68, 1.15839e-06
FILLER_75_304, 180.9, 309.68, 1.15817e-06
_05107_, 183.6, 309.68, 1.15876e-06
_09969_, 186.3, 309.68, 1.15932e-06
FILLER_76_314, 186.3, 309.68, 1.15932e-06
TAP_1273, 189, 309.68, 1.15977e-06
FILLER_76_318, 189, 309.68, 1.15977e-06
FILLER_76_321, 189, 309.68, 1.15977e-06
_09290_, 191.7, 309.68, 1.16016e-06
_09959_, 197.1, 309.68, 1.16082e-06
FILLER_76_332, 197.1, 309.68, 1.16082e-06
FILLER_76_334, 197.1, 309.68, 1.16082e-06
_09266_, 202.5, 309.68, 1.16124e-06
TAP_1260, 207.9, 309.68, 1.16154e-06
FILLER_75_353, 207.9, 309.68, 1.16154e-06
_09264_, 210.6, 309.68, 1.16164e-06
_09265_, 213.3, 309.68, 1.16167e-06
FILLER_76_370, 216, 309.68, 1.16165e-06
_09323_, 218.7, 309.68, 1.16161e-06
_06971_, 221.4, 309.68, 1.16149e-06
FILLER_75_375, 221.4, 309.68, 1.16149e-06
_09625_, 224.1, 309.68, 1.16208e-06
_09345_, 229.5, 309.68, 1.16307e-06
TAP_1274, 229.5, 309.68, 1.16307e-06
_09277_, 240.3, 309.68, 1.1646e-06
_06684_, 243, 309.68, 1.16495e-06
FILLER_76_415, 243, 309.68, 1.16495e-06
_06746_, 245.7, 309.68, 1.16507e-06
TAP_1261, 248.4, 309.68, 1.16517e-06
FILLER_75_425, 248.4, 309.68, 1.16517e-06
_06695_, 251.1, 309.68, 1.16522e-06
_04809_, 261.9, 309.68, 1.16469e-06
_06701_, 264.6, 309.68, 1.16536e-06
FILLER_76_455, 264.6, 309.68, 1.16536e-06
_06683_, 267.3, 309.68, 1.16597e-06
TAP_1275, 267.3, 309.68, 1.16597e-06
_06963_, 270, 309.68, 1.16642e-06
FILLER_76_471, 272.7, 309.68, 1.16681e-06
_06728_, 275.4, 309.68, 1.16719e-06
FILLER_76_475, 275.4, 309.68, 1.16719e-06
_06686_, 280.8, 309.68, 1.16772e-06
_04813_, 286.2, 309.68, 1.16815e-06
FILLER_75_494, 286.2, 309.68, 1.16815e-06
_06670_, 288.9, 309.68, 1.1683e-06
_06671_, 288.9, 309.68, 1.1683e-06
TAP_1262, 288.9, 309.68, 1.1683e-06
FILLER_75_496, 288.9, 309.68, 1.1683e-06
FILLER_76_498, 288.9, 309.68, 1.1683e-06
_06696_, 294.3, 309.68, 1.16817e-06
_06664_, 302.4, 309.68, 1.16858e-06
_06673_, 305.1, 309.68, 1.16921e-06
_06667_, 307.8, 309.68, 1.16981e-06
_06675_, 307.8, 309.68, 1.16981e-06
TAP_1276, 307.8, 309.68, 1.16981e-06
FILLER_76_531, 307.8, 309.68, 1.16981e-06
_06708_, 313.2, 309.68, 1.1707e-06
FILLER_75_541, 313.2, 309.68, 1.1707e-06
_06678_, 315.9, 309.68, 1.17106e-06
_06711_, 318.6, 309.68, 1.17137e-06
_06710_, 321.3, 309.68, 1.17163e-06
FILLER_75_554, 321.3, 309.68, 1.17163e-06
_09614_, 324, 309.68, 1.17181e-06
_06660_, 326.7, 309.68, 1.17191e-06
_06707_, 329.4, 309.68, 1.17197e-06
TAP_1263, 329.4, 309.68, 1.17197e-06
FILLER_75_577, 332.1, 309.68, 1.17197e-06
_09715_, 334.8, 309.68, 1.17195e-06
FILLER_75_581, 334.8, 309.68, 1.17195e-06
_08720_, 340.2, 309.68, 1.17165e-06
FILLER_76_599, 345.6, 309.68, 1.17285e-06
TAP_1277, 348.3, 309.68, 1.17343e-06
FILLER_76_605, 348.3, 309.68, 1.17343e-06
_09637_, 351, 309.68, 1.17397e-06
_07299_, 356.4, 309.68, 1.17484e-06
_04800_, 361.8, 309.68, 1.17561e-06
FILLER_75_626, 361.8, 309.68, 1.17561e-06
_07259_, 364.5, 309.68, 1.17594e-06
TAP_1264, 367.2, 309.68, 1.17622e-06
_07211_, 369.9, 309.68, 1.17649e-06
_07262_, 372.6, 309.68, 1.17664e-06
FILLER_76_655, 378, 309.68, 1.17683e-06
_06978_, 380.7, 309.68, 1.17691e-06
FILLER_76_671, 386.1, 309.68, 1.17824e-06
FILLER_76_673, 386.1, 309.68, 1.17824e-06
_07106_, 388.8, 309.68, 1.17886e-06
TAP_1278, 388.8, 309.68, 1.17886e-06
_07212_, 402.3, 309.68, 1.18061e-06
FILLER_75_706, 405, 309.68, 1.18091e-06
TAP_1265, 407.7, 309.68, 1.18119e-06
FILLER_75_712, 407.7, 309.68, 1.18119e-06
_07178_, 410.4, 309.68, 1.18143e-06
_07238_, 410.4, 309.68, 1.18143e-06
FILLER_75_716, 410.4, 309.68, 1.18143e-06
_07180_, 413.1, 309.68, 1.18153e-06
FILLER_75_728, 418.5, 309.68, 1.18159e-06
_07179_, 421.2, 309.68, 1.18161e-06
FILLER_75_736, 421.2, 309.68, 1.18161e-06
_07181_, 423.9, 309.68, 1.18241e-06
_07182_, 423.9, 309.68, 1.18241e-06
FILLER_76_738, 423.9, 309.68, 1.18241e-06
TAP_1279, 426.6, 309.68, 1.18309e-06
_07183_, 429.3, 309.68, 1.18375e-06
_07285_, 429.3, 309.68, 1.18375e-06
FILLER_76_747, 429.3, 309.68, 1.18375e-06
FILLER_76_749, 429.3, 309.68, 1.18375e-06
_07237_, 434.7, 309.68, 1.18479e-06
FILLER_75_759, 434.7, 309.68, 1.18479e-06
_06980_, 437.4, 309.68, 1.18525e-06
_06997_, 437.4, 309.68, 1.18525e-06
FILLER_75_761, 437.4, 309.68, 1.18525e-06
FILLER_76_763, 437.4, 309.68, 1.18525e-06
_06992_, 442.8, 309.68, 1.18584e-06
_06993_, 442.8, 309.68, 1.18584e-06
_07245_, 448.2, 309.68, 1.18626e-06
_07247_, 448.2, 309.68, 1.18626e-06
TAP_1266, 448.2, 309.68, 1.18626e-06
FILLER_75_780, 448.2, 309.68, 1.18626e-06
_07248_, 450.9, 309.68, 1.18634e-06
_07286_, 450.9, 309.68, 1.18634e-06
FILLER_75_788, 450.9, 309.68, 1.18634e-06
_07186_, 456.3, 309.68, 1.1862e-06
FILLER_76_797, 456.3, 309.68, 1.1862e-06
_07187_, 459, 309.68, 1.18608e-06
FILLER_76_803, 459, 309.68, 1.18608e-06
_07189_, 461.7, 309.68, 1.18587e-06
FILLER_75_813, 464.4, 309.68, 1.18653e-06
_07190_, 467.1, 309.68, 1.18718e-06
TAP_1280, 467.1, 309.68, 1.18718e-06
FILLER_75_815, 467.1, 309.68, 1.18718e-06
FILLER_76_815, 467.1, 309.68, 1.18718e-06
FILLER_76_818, 467.1, 309.68, 1.18718e-06
_07141_, 469.8, 309.68, 1.1877e-06
_07175_, 472.5, 309.68, 1.18819e-06
_07191_, 472.5, 309.68, 1.18819e-06
FILLER_75_825, 472.5, 309.68, 1.18819e-06
_07192_, 477.9, 309.68, 1.18885e-06
_07194_, 480.6, 309.68, 1.18914e-06
FILLER_75_847, 483.3, 309.68, 1.18937e-06
FILLER_76_845, 483.3, 309.68, 1.18937e-06
_07257_, 486, 309.68, 1.18956e-06
TAP_1267, 486, 309.68, 1.18956e-06
FILLER_75_851, 486, 309.68, 1.18956e-06
FILLER_76_849, 486, 309.68, 1.18956e-06
FILLER_76_851, 486, 309.68, 1.18956e-06
_07208_, 488.7, 309.68, 1.18963e-06
_07258_, 488.7, 309.68, 1.18963e-06
FILLER_75_854, 488.7, 309.68, 1.18963e-06
_07207_, 496.8, 309.68, 1.18924e-06
_07154_, 502.2, 309.68, 1.18888e-06
_07157_, 502.2, 309.68, 1.18888e-06
FILLER_75_878, 502.2, 309.68, 1.18888e-06
FILLER_76_877, 502.2, 309.68, 1.18888e-06
FILLER_76_883, 504.9, 309.68, 1.18967e-06
TAP_1281, 507.6, 309.68, 1.19043e-06
FILLER_76_889, 507.6, 309.68, 1.19043e-06
_07146_, 510.3, 309.68, 1.19116e-06
_07201_, 510.3, 309.68, 1.19116e-06
_07152_, 513, 309.68, 1.19181e-06
FILLER_76_899, 513, 309.68, 1.19181e-06
_07148_, 515.7, 309.68, 1.19233e-06
_07197_, 518.4, 309.68, 1.19281e-06
FILLER_76_914, 521.1, 309.68, 1.19324e-06
FILLER_76_918, 523.8, 309.68, 1.19365e-06
_07232_, 526.5, 309.68, 1.19403e-06
TAP_1268, 526.5, 309.68, 1.19403e-06
FILLER_75_921, 526.5, 309.68, 1.19403e-06
FILLER_76_920, 526.5, 309.68, 1.19403e-06
_07253_, 529.2, 309.68, 1.19424e-06
FILLER_75_925, 529.2, 309.68, 1.19424e-06
FILLER_75_927, 529.2, 309.68, 1.19424e-06
_07231_, 534.6, 309.68, 1.19448e-06
PHY_151, 537.3, 309.68, 1.19456e-06
PHY_153, 537.3, 309.68, 1.19456e-06
FILLER_75_941, 537.3, 309.68, 1.19456e-06
FILLER_75_943, 537.3, 309.68, 1.19456e-06
_09770_, 10.8, 301.84, 1.12893e-06
_09771_, 10.8, 301.84, 1.12893e-06
PHY_146, 10.8, 301.84, 1.12893e-06
PHY_148, 10.8, 301.84, 1.12893e-06
_09769_, 27, 301.84, 1.12925e-06
FILLER_74_31, 27, 301.84, 1.12925e-06
TAP_1243, 29.7, 301.84, 1.12972e-06
FILLER_74_37, 29.7, 301.84, 1.12972e-06
_08825_, 32.4, 301.84, 1.13016e-06
FILLER_74_39, 32.4, 301.84, 1.13016e-06
_08824_, 37.8, 301.84, 1.1309e-06
FILLER_74_54, 40.5, 301.84, 1.13122e-06
FILLER_73_60, 43.2, 301.84, 1.13153e-06
_05162_, 45.9, 301.84, 1.13182e-06
FILLER_73_64, 45.9, 301.84, 1.13182e-06
TAP_1230, 48.6, 301.84, 1.13205e-06
FILLER_74_70, 48.6, 301.84, 1.13205e-06
_05163_, 51.3, 301.84, 1.13224e-06
_05164_, 51.3, 301.84, 1.13224e-06
_08823_, 54, 301.84, 1.13234e-06
_05154_, 56.7, 301.84, 1.13233e-06
_09734_, 59.4, 301.84, 1.13229e-06
_08757_, 64.8, 301.84, 1.13274e-06
FILLER_74_96, 64.8, 301.84, 1.13274e-06
_05169_, 70.2, 301.84, 1.13376e-06
TAP_1244, 70.2, 301.84, 1.13376e-06
_04750_, 75.6, 301.84, 1.13458e-06
_08759_, 78.3, 301.84, 1.13495e-06
_08761_, 78.3, 301.84, 1.13495e-06
_09750_, 81, 301.84, 1.13523e-06
_05167_, 83.7, 301.84, 1.13542e-06
_08760_, 86.4, 301.84, 1.13558e-06
TAP_1231, 89.1, 301.84, 1.13571e-06
FILLER_73_140, 89.1, 301.84, 1.13571e-06
_04741_, 91.8, 301.84, 1.1358e-06
FILLER_73_144, 91.8, 301.84, 1.1358e-06
_08773_, 94.5, 301.84, 1.13583e-06
FILLER_73_150, 94.5, 301.84, 1.13583e-06
FILLER_73_152, 94.5, 301.84, 1.13583e-06
_04743_, 99.9, 301.84, 1.13572e-06
FILLER_73_161, 99.9, 301.84, 1.13572e-06
FILLER_74_158, 99.9, 301.84, 1.13572e-06
FILLER_73_166, 102.6, 301.84, 1.13632e-06
FILLER_74_166, 102.6, 301.84, 1.13632e-06
_08770_, 105.3, 301.84, 1.13688e-06
_08772_, 105.3, 301.84, 1.13688e-06
FILLER_73_170, 105.3, 301.84, 1.13688e-06
FILLER_74_168, 105.3, 301.84, 1.13688e-06
TAP_1245, 108, 301.84, 1.13729e-06
_04745_, 110.7, 301.84, 1.13769e-06
_08769_, 110.7, 301.84, 1.13769e-06
FILLER_73_184, 113.4, 301.84, 1.138e-06
_04747_, 116.1, 301.84, 1.1383e-06
_09756_, 116.1, 301.84, 1.1383e-06
_08787_, 118.8, 301.84, 1.13848e-06
_08790_, 121.5, 301.84, 1.13861e-06
FILLER_73_208, 126.9, 301.84, 1.13876e-06
_09787_, 129.6, 301.84, 1.13881e-06
TAP_1232, 129.6, 301.84, 1.13881e-06
FILLER_73_212, 129.6, 301.84, 1.13881e-06
FILLER_74_220, 132.3, 301.84, 1.13875e-06
FILLER_74_224, 135, 301.84, 1.13866e-06
_08872_, 137.7, 301.84, 1.13855e-06
FILLER_74_226, 137.7, 301.84, 1.13855e-06
_08877_, 140.4, 301.84, 1.13837e-06
FILLER_73_244, 145.8, 301.84, 1.13937e-06
FILLER_74_243, 145.8, 301.84, 1.13937e-06
_08881_, 148.5, 301.84, 1.13982e-06
TAP_1246, 148.5, 301.84, 1.13982e-06
FILLER_74_247, 148.5, 301.84, 1.13982e-06
FILLER_74_250, 151.2, 301.84, 1.14018e-06
FILLER_74_254, 151.2, 301.84, 1.14018e-06
_08876_, 153.9, 301.84, 1.14051e-06
_09187_, 153.9, 301.84, 1.14051e-06
FILLER_73_264, 156.6, 301.84, 1.14072e-06
_08875_, 159.3, 301.84, 1.14092e-06
_09910_, 162, 301.84, 1.14108e-06
FILLER_73_272, 162, 301.84, 1.14108e-06
_09126_, 164.7, 301.84, 1.14113e-06
FILLER_73_276, 164.7, 301.84, 1.14113e-06
_09891_, 170.1, 301.84, 1.14113e-06
TAP_1233, 170.1, 301.84, 1.14113e-06
FILLER_74_302, 178.2, 301.84, 1.1408e-06
_09261_, 180.9, 301.84, 1.14067e-06
_05217_, 186.3, 301.84, 1.14174e-06
_09289_, 189, 301.84, 1.14216e-06
TAP_1247, 189, 301.84, 1.14216e-06
_09288_, 194.4, 301.84, 1.1429e-06
_09078_, 197.1, 301.84, 1.14318e-06
_09080_, 202.5, 301.84, 1.14356e-06
_09273_, 205.2, 301.84, 1.14365e-06
TAP_1234, 207.9, 301.84, 1.1437e-06
_09096_, 210.6, 301.84, 1.14374e-06
_09276_, 216, 301.84, 1.1436e-06
FILLER_74_368, 216, 301.84, 1.1436e-06
_09300_, 224.1, 301.84, 1.14388e-06
FILLER_74_388, 226.8, 301.84, 1.14442e-06
_06658_, 229.5, 301.84, 1.14494e-06
TAP_1248, 229.5, 301.84, 1.14494e-06
FILLER_74_392, 229.5, 301.84, 1.14494e-06
_09286_, 232.2, 301.84, 1.14536e-06
_06715_, 234.9, 301.84, 1.14573e-06
_06747_, 237.6, 301.84, 1.14599e-06
_06685_, 245.7, 301.84, 1.14648e-06
TAP_1235, 248.4, 301.84, 1.1465e-06
_06717_, 251.1, 301.84, 1.1465e-06
FILLER_73_428, 251.1, 301.84, 1.1465e-06
_06716_, 259.2, 301.84, 1.14622e-06
FILLER_74_447, 259.2, 301.84, 1.14622e-06
_06722_, 261.9, 301.84, 1.14607e-06
_06723_, 261.9, 301.84, 1.14607e-06
FILLER_73_449, 261.9, 301.84, 1.14607e-06
TAP_1249, 267.3, 301.84, 1.14715e-06
_06659_, 270, 301.84, 1.14766e-06
_06691_, 270, 301.84, 1.14766e-06
_06690_, 272.7, 301.84, 1.14805e-06
_06688_, 278.1, 301.84, 1.14861e-06
_06687_, 286.2, 301.84, 1.14923e-06
FILLER_73_493, 286.2, 301.84, 1.14923e-06
_06692_, 288.9, 301.84, 1.14937e-06
_06700_, 288.9, 301.84, 1.14937e-06
TAP_1236, 288.9, 301.84, 1.14937e-06
_06697_, 291.6, 301.84, 1.14941e-06
FILLER_73_505, 291.6, 301.84, 1.14941e-06
_06698_, 294.3, 301.84, 1.14938e-06
_06702_, 299.7, 301.84, 1.14921e-06
_06703_, 299.7, 301.84, 1.14921e-06
_06699_, 305.1, 301.84, 1.15048e-06
FILLER_74_528, 305.1, 301.84, 1.15048e-06
TAP_1250, 307.8, 301.84, 1.15105e-06
FILLER_73_530, 307.8, 301.84, 1.15105e-06
FILLER_74_534, 307.8, 301.84, 1.15105e-06
_06705_, 310.5, 301.84, 1.15157e-06
_06706_, 310.5, 301.84, 1.15157e-06
_06726_, 313.2, 301.84, 1.15198e-06
_06713_, 315.9, 301.84, 1.15228e-06
_06745_, 321.3, 301.84, 1.15277e-06
_06743_, 326.7, 301.84, 1.15316e-06
FILLER_73_566, 326.7, 301.84, 1.15316e-06
FILLER_74_564, 326.7, 301.84, 1.15316e-06
_06742_, 329.4, 301.84, 1.15328e-06
_09615_, 329.4, 301.84, 1.15328e-06
TAP_1237, 329.4, 301.84, 1.15328e-06
_06725_, 334.8, 301.84, 1.1532e-06
FILLER_73_583, 337.5, 301.84, 1.15312e-06
FILLER_73_591, 340.2, 301.84, 1.15302e-06
_09997_, 342.9, 301.84, 1.15371e-06
_09353_, 348.3, 301.84, 1.15493e-06
TAP_1251, 348.3, 301.84, 1.15493e-06
FILLER_74_615, 353.7, 301.84, 1.15598e-06
_07300_, 356.4, 301.84, 1.15649e-06
FILLER_73_622, 359.1, 301.84, 1.15695e-06
FILLER_74_625, 359.1, 301.84, 1.15695e-06
_06977_, 361.8, 301.84, 1.15737e-06
_07210_, 361.8, 301.84, 1.15737e-06
FILLER_73_626, 361.8, 301.84, 1.15737e-06
_06976_, 364.5, 301.84, 1.15769e-06
_07260_, 364.5, 301.84, 1.15769e-06
TAP_1238, 367.2, 301.84, 1.15787e-06
_07302_, 369.9, 301.84, 1.15803e-06
_04799_, 372.6, 301.84, 1.15814e-06
FILLER_73_653, 375.3, 301.84, 1.15822e-06
_09347_, 378, 301.84, 1.15828e-06
FILLER_73_657, 378, 301.84, 1.15828e-06
FILLER_74_656, 378, 301.84, 1.15828e-06
_09346_, 383.4, 301.84, 1.15902e-06
FILLER_74_672, 386.1, 301.84, 1.15977e-06
_07000_, 388.8, 301.84, 1.16049e-06
TAP_1252, 388.8, 301.84, 1.16049e-06
FILLER_73_675, 388.8, 301.84, 1.16049e-06
FILLER_73_683, 391.5, 301.84, 1.16092e-06
FILLER_73_687, 394.2, 301.84, 1.16133e-06
_07294_, 396.9, 301.84, 1.16173e-06
FILLER_73_689, 396.9, 301.84, 1.16173e-06
_07080_, 402.3, 301.84, 1.16237e-06
FILLER_73_698, 402.3, 301.84, 1.16237e-06
_07081_, 407.7, 301.84, 1.16288e-06
TAP_1239, 407.7, 301.84, 1.16288e-06
_07127_, 410.4, 301.84, 1.16308e-06
FILLER_74_714, 410.4, 301.84, 1.16308e-06
FILLER_74_716, 410.4, 301.84, 1.16308e-06
_07082_, 413.1, 301.84, 1.16318e-06
_07126_, 418.5, 301.84, 1.16323e-06
_07129_, 418.5, 301.84, 1.16323e-06
_07128_, 423.9, 301.84, 1.16384e-06
TAP_1253, 426.6, 301.84, 1.16451e-06
FILLER_73_743, 426.6, 301.84, 1.16451e-06
_07133_, 429.3, 301.84, 1.16514e-06
_07184_, 429.3, 301.84, 1.16514e-06
_07185_, 432, 301.84, 1.16566e-06
FILLER_73_755, 432, 301.84, 1.16566e-06
FILLER_73_759, 434.7, 301.84, 1.16613e-06
_06984_, 437.4, 301.84, 1.16657e-06
_06995_, 437.4, 301.84, 1.16657e-06
FILLER_73_761, 437.4, 301.84, 1.16657e-06
FILLER_74_762, 437.4, 301.84, 1.16657e-06
_06994_, 440.1, 301.84, 1.16686e-06
_07246_, 442.8, 301.84, 1.1671e-06
TAP_1240, 448.2, 301.84, 1.16745e-06
FILLER_73_780, 448.2, 301.84, 1.16745e-06
FILLER_73_783, 448.2, 301.84, 1.16745e-06
FILLER_74_784, 448.2, 301.84, 1.16745e-06
_07287_, 450.9, 301.84, 1.16755e-06
_07134_, 453.6, 301.84, 1.16758e-06
FILLER_73_791, 453.6, 301.84, 1.16758e-06
_07135_, 456.3, 301.84, 1.16756e-06
FILLER_74_798, 456.3, 301.84, 1.16756e-06
_07188_, 459, 301.84, 1.16746e-06
_07136_, 464.4, 301.84, 1.16802e-06
_07281_, 464.4, 301.84, 1.16802e-06
_07137_, 467.1, 301.84, 1.16864e-06
TAP_1254, 467.1, 301.84, 1.16864e-06
FILLER_74_815, 467.1, 301.84, 1.16864e-06
FILLER_74_818, 467.1, 301.84, 1.16864e-06
_07177_, 469.8, 301.84, 1.16914e-06
FILLER_74_822, 469.8, 301.84, 1.16914e-06
_07125_, 472.5, 301.84, 1.16959e-06
_07176_, 472.5, 301.84, 1.16959e-06
FILLER_73_830, 475.2, 301.84, 1.16994e-06
_07139_, 480.6, 301.84, 1.17058e-06
_07174_, 480.6, 301.84, 1.17058e-06
FILLER_73_838, 480.6, 301.84, 1.17058e-06
FILLER_74_845, 483.3, 301.84, 1.17079e-06
TAP_1241, 486, 301.84, 1.17097e-06
FILLER_73_850, 486, 301.84, 1.17097e-06
_07089_, 488.7, 301.84, 1.17112e-06
FILLER_73_854, 488.7, 301.84, 1.17112e-06
FILLER_73_861, 491.4, 301.84, 1.17121e-06
FILLER_74_861, 491.4, 301.84, 1.17121e-06
_07155_, 494.1, 301.84, 1.17125e-06
FILLER_73_865, 494.1, 301.84, 1.17125e-06
_07205_, 496.8, 301.84, 1.17124e-06
_07269_, 496.8, 301.84, 1.17124e-06
FILLER_73_872, 499.5, 301.84, 1.17114e-06
FILLER_73_876, 499.5, 301.84, 1.17114e-06
_07067_, 502.2, 301.84, 1.171e-06
_07109_, 502.2, 301.84, 1.171e-06
FILLER_74_878, 502.2, 301.84, 1.171e-06
FILLER_74_880, 502.2, 301.84, 1.171e-06
_07110_, 504.9, 301.84, 1.17185e-06
FILLER_74_886, 504.9, 301.84, 1.17185e-06
_07149_, 507.6, 301.84, 1.17265e-06
_07156_, 507.6, 301.84, 1.17265e-06
TAP_1255, 507.6, 301.84, 1.17265e-06
FILLER_74_895, 510.3, 301.84, 1.17331e-06
_07151_, 513, 301.84, 1.17395e-06
FILLER_74_899, 513, 301.84, 1.17395e-06
_07108_, 515.7, 301.84, 1.17453e-06
_07150_, 515.7, 301.84, 1.17453e-06
_07147_, 518.4, 301.84, 1.17504e-06
FILLER_73_910, 518.4, 301.84, 1.17504e-06
_07167_, 521.1, 301.84, 1.1755e-06
FILLER_73_914, 521.1, 301.84, 1.1755e-06
FILLER_74_911, 521.1, 301.84, 1.1755e-06
_07145_, 523.8, 301.84, 1.17584e-06
FILLER_73_916, 523.8, 301.84, 1.17584e-06
TAP_1242, 526.5, 301.84, 1.17613e-06
_07168_, 529.2, 301.84, 1.1764e-06
_07196_, 529.2, 301.84, 1.1764e-06
_07169_, 534.6, 301.84, 1.17664e-06
FILLER_74_939, 534.6, 301.84, 1.17664e-06
PHY_147, 537.3, 301.84, 1.1767e-06
PHY_149, 537.3, 301.84, 1.1767e-06
FILLER_74_943, 537.3, 301.84, 1.1767e-06
PHY_142, 10.8, 294, 1.11329e-06
PHY_144, 10.8, 294, 1.11329e-06
FILLER_71_2, 10.8, 294, 1.11329e-06
FILLER_72_2, 10.8, 294, 1.11329e-06
FILLER_72_10, 16.2, 294, 1.11313e-06
_08828_, 18.9, 294, 1.11302e-06
FILLER_71_18, 18.9, 294, 1.11302e-06
FILLER_72_14, 18.9, 294, 1.11302e-06
_08826_, 21.6, 294, 1.11285e-06
_08816_, 24.3, 294, 1.11348e-06
FILLER_72_30, 27, 294, 1.11406e-06
TAP_1217, 29.7, 294, 1.11461e-06
FILLER_72_34, 29.7, 294, 1.11461e-06
FILLER_72_37, 29.7, 294, 1.11461e-06
_08819_, 32.4, 294, 1.1151e-06
_08822_, 32.4, 294, 1.1151e-06
FILLER_72_39, 32.4, 294, 1.1151e-06
_08813_, 35.1, 294, 1.11547e-06
_08821_, 37.8, 294, 1.1158e-06
_04849_, 40.5, 294, 1.11609e-06
_05151_, 40.5, 294, 1.11609e-06
_08808_, 43.2, 294, 1.11632e-06
FILLER_71_57, 43.2, 294, 1.11632e-06
FILLER_71_59, 43.2, 294, 1.11632e-06
FILLER_72_58, 43.2, 294, 1.11632e-06
_08800_, 45.9, 294, 1.11645e-06
_09732_, 45.9, 294, 1.11645e-06
FILLER_72_62, 45.9, 294, 1.11645e-06
TAP_1204, 48.6, 294, 1.11644e-06
_08802_, 51.3, 294, 1.1164e-06
_05156_, 59.4, 294, 1.11604e-06
_05168_, 62.1, 294, 1.11588e-06
FILLER_71_95, 62.1, 294, 1.11588e-06
repeater4, 64.8, 294, 1.11641e-06
FILLER_71_97, 64.8, 294, 1.11641e-06
FILLER_72_104, 67.5, 294, 1.11677e-06
_08799_, 70.2, 294, 1.11711e-06
TAP_1218, 70.2, 294, 1.11711e-06
_09743_, 72.9, 294, 1.11739e-06
_08763_, 78.3, 294, 1.1178e-06
_08762_, 86.4, 294, 1.1182e-06
TAP_1205, 89.1, 294, 1.11829e-06
FILLER_71_141, 89.1, 294, 1.11829e-06
FILLER_72_143, 89.1, 294, 1.11829e-06
_08765_, 91.8, 294, 1.11833e-06
_09749_, 91.8, 294, 1.11833e-06
_08774_, 94.5, 294, 1.11823e-06
FILLER_71_152, 94.5, 294, 1.11823e-06
FILLER_71_161, 99.9, 294, 1.11789e-06
_09748_, 102.6, 294, 1.11839e-06
FILLER_71_163, 102.6, 294, 1.11839e-06
TAP_1219, 108, 294, 1.11918e-06
FILLER_72_174, 108, 294, 1.11918e-06
FILLER_72_176, 108, 294, 1.11918e-06
_08771_, 110.7, 294, 1.11951e-06
_09757_, 116.1, 294, 1.12008e-06
FILLER_72_187, 116.1, 294, 1.12008e-06
_08789_, 118.8, 294, 1.12025e-06
FILLER_71_201, 121.5, 294, 1.12038e-06
FILLER_71_205, 124.2, 294, 1.12049e-06
_04742_, 126.9, 294, 1.12058e-06
FILLER_71_211, 126.9, 294, 1.12058e-06
TAP_1206, 129.6, 294, 1.12061e-06
FILLER_71_215, 129.6, 294, 1.12061e-06
_09557_, 132.3, 294, 1.12061e-06
clkbuf_leaf_2_clk, 135, 294, 1.12051e-06
FILLER_71_223, 135, 294, 1.12051e-06
TAP_1220, 148.5, 294, 1.12064e-06
_08882_, 151.2, 294, 1.12092e-06
FILLER_72_258, 153.9, 294, 1.12114e-06
_09895_, 159.3, 294, 1.12154e-06
_09098_, 164.7, 294, 1.12178e-06
FILLER_71_275, 164.7, 294, 1.12178e-06
_05202_, 170.1, 294, 1.12188e-06
TAP_1207, 170.1, 294, 1.12188e-06
FILLER_72_295, 175.5, 294, 1.12176e-06
_09081_, 178.2, 294, 1.12168e-06
FILLER_71_301, 178.2, 294, 1.12168e-06
FILLER_72_299, 178.2, 294, 1.12168e-06
_09298_, 183.6, 294, 1.12203e-06
FILLER_71_309, 183.6, 294, 1.12203e-06
_09973_, 186.3, 294, 1.12248e-06
_09311_, 189, 294, 1.12284e-06
TAP_1221, 189, 294, 1.12284e-06
_04711_, 199.8, 294, 1.12384e-06
_09274_, 202.5, 294, 1.12406e-06
_09963_, 202.5, 294, 1.12406e-06
FILLER_71_342, 202.5, 294, 1.12406e-06
FILLER_71_344, 202.5, 294, 1.12406e-06
TAP_1208, 207.9, 294, 1.12413e-06
_09095_, 210.6, 294, 1.12415e-06
FILLER_71_365, 213.3, 294, 1.12411e-06
_09968_, 216, 294, 1.12406e-06
_09312_, 218.7, 294, 1.12392e-06
_06758_, 229.5, 294, 1.12534e-06
TAP_1222, 229.5, 294, 1.12534e-06
FILLER_72_392, 229.5, 294, 1.12534e-06
_09285_, 232.2, 294, 1.12574e-06
_06749_, 234.9, 294, 1.12609e-06
FILLER_71_401, 234.9, 294, 1.12609e-06
_06748_, 243, 294, 1.12689e-06
repeater8, 243, 294, 1.12689e-06
_06714_, 245.7, 294, 1.12697e-06
FILLER_71_420, 245.7, 294, 1.12697e-06
TAP_1209, 248.4, 294, 1.127e-06
_06786_, 251.1, 294, 1.127e-06
FILLER_71_428, 251.1, 294, 1.127e-06
_06762_, 256.5, 294, 1.12684e-06
_06721_, 259.2, 294, 1.12669e-06
FILLER_71_452, 261.9, 294, 1.12648e-06
_06694_, 264.6, 294, 1.1271e-06
_06764_, 264.6, 294, 1.1271e-06
TAP_1223, 267.3, 294, 1.12761e-06
_06731_, 270, 294, 1.1281e-06
_06759_, 270, 294, 1.1281e-06
FILLER_72_473, 275.4, 294, 1.12875e-06
_06727_, 278.1, 294, 1.12906e-06
_06689_, 280.8, 294, 1.12932e-06
_06732_, 283.5, 294, 1.12955e-06
FILLER_71_488, 283.5, 294, 1.12955e-06
_06680_, 286.2, 294, 1.12971e-06
_06733_, 286.2, 294, 1.12971e-06
_06773_, 288.9, 294, 1.12976e-06
TAP_1210, 288.9, 294, 1.12976e-06
_06693_, 294.3, 294, 1.12975e-06
_06704_, 294.3, 294, 1.12975e-06
FILLER_72_508, 294.3, 294, 1.12975e-06
FILLER_71_512, 297, 294, 1.12963e-06
_06738_, 299.7, 294, 1.12949e-06
FILLER_71_516, 299.7, 294, 1.12949e-06
FILLER_72_517, 299.7, 294, 1.12949e-06
_06739_, 302.4, 294, 1.13016e-06
_06740_, 302.4, 294, 1.13016e-06
TAP_1224, 307.8, 294, 1.13124e-06
FILLER_71_533, 307.8, 294, 1.13124e-06
FILLER_72_534, 307.8, 294, 1.13124e-06
FILLER_71_537, 310.5, 294, 1.13173e-06
_06737_, 313.2, 294, 1.13219e-06
FILLER_71_539, 313.2, 294, 1.13219e-06
FILLER_72_542, 313.2, 294, 1.13219e-06
FILLER_72_546, 315.9, 294, 1.13256e-06
FILLER_72_548, 315.9, 294, 1.13256e-06
_06741_, 318.6, 294, 1.13289e-06
FILLER_71_550, 318.6, 294, 1.13289e-06
FILLER_71_558, 321.3, 294, 1.13314e-06
_06724_, 324, 294, 1.13337e-06
_06765_, 324, 294, 1.13337e-06
FILLER_72_566, 326.7, 294, 1.13351e-06
_06767_, 329.4, 294, 1.13363e-06
_06785_, 329.4, 294, 1.13363e-06
TAP_1211, 329.4, 294, 1.13363e-06
FILLER_72_576, 332.1, 294, 1.13357e-06
_06783_, 337.5, 294, 1.1334e-06
FILLER_72_584, 337.5, 294, 1.1334e-06
_09616_, 342.9, 294, 1.13389e-06
FILLER_71_593, 342.9, 294, 1.13389e-06
FILLER_72_595, 342.9, 294, 1.13389e-06
_06744_, 348.3, 294, 1.13493e-06
TAP_1225, 348.3, 294, 1.13493e-06
_09352_, 351, 294, 1.1354e-06
FILLER_72_616, 353.7, 294, 1.13583e-06
FILLER_72_624, 359.1, 294, 1.13665e-06
_09355_, 361.8, 294, 1.13703e-06
_09638_, 361.8, 294, 1.13703e-06
FILLER_72_628, 361.8, 294, 1.13703e-06
TAP_1212, 367.2, 294, 1.13744e-06
FILLER_71_636, 367.2, 294, 1.13744e-06
FILLER_71_638, 367.2, 294, 1.13744e-06
_07301_, 369.9, 294, 1.13759e-06
_09354_, 372.6, 294, 1.13768e-06
_09994_, 378, 294, 1.13779e-06
FILLER_72_666, 383.4, 294, 1.13845e-06
TAP_1226, 388.8, 294, 1.1398e-06
FILLER_72_676, 388.8, 294, 1.1398e-06
_07293_, 394.2, 294, 1.14106e-06
_09634_, 394.2, 294, 1.14106e-06
FILLER_71_684, 394.2, 294, 1.14106e-06
FILLER_72_684, 394.2, 294, 1.14106e-06
_07298_, 396.9, 294, 1.14151e-06
FILLER_71_701, 402.3, 294, 1.14231e-06
TAP_1213, 407.7, 294, 1.14307e-06
FILLER_71_709, 407.7, 294, 1.14307e-06
FILLER_71_712, 407.7, 294, 1.14307e-06
_07001_, 410.4, 294, 1.14339e-06
_07002_, 410.4, 294, 1.14339e-06
_04803_, 413.1, 294, 1.14362e-06
FILLER_72_721, 413.1, 294, 1.14362e-06
_07084_, 418.5, 294, 1.14396e-06
FILLER_71_728, 418.5, 294, 1.14396e-06
FILLER_72_729, 418.5, 294, 1.14396e-06
FILLER_72_731, 418.5, 294, 1.14396e-06
_07083_, 421.2, 294, 1.14401e-06
_07086_, 423.9, 294, 1.14477e-06
_07131_, 423.9, 294, 1.14477e-06
TAP_1227, 426.6, 294, 1.14545e-06
FILLER_71_746, 426.6, 294, 1.14545e-06
FILLER_72_744, 426.6, 294, 1.14545e-06
_06982_, 429.3, 294, 1.14608e-06
_07130_, 429.3, 294, 1.14608e-06
FILLER_71_750, 429.3, 294, 1.14608e-06
_07132_, 432, 294, 1.14659e-06
_06973_, 434.7, 294, 1.14707e-06
_06986_, 434.7, 294, 1.14707e-06
_06975_, 437.4, 294, 1.14745e-06
_06991_, 437.4, 294, 1.14745e-06
_06985_, 445.5, 294, 1.14815e-06
_06981_, 448.2, 294, 1.14833e-06
TAP_1214, 448.2, 294, 1.14833e-06
_07053_, 450.9, 294, 1.14843e-06
_07091_, 453.6, 294, 1.1485e-06
FILLER_72_794, 453.6, 294, 1.1485e-06
_07090_, 456.3, 294, 1.1485e-06
_07092_, 456.3, 294, 1.1485e-06
FILLER_71_806, 461.7, 294, 1.14829e-06
_07088_, 464.4, 294, 1.14892e-06
TAP_1228, 467.1, 294, 1.14951e-06
FILLER_72_818, 467.1, 294, 1.14951e-06
_07138_, 469.8, 294, 1.15006e-06
FILLER_71_822, 469.8, 294, 1.15006e-06
_07124_, 472.5, 294, 1.15055e-06
FILLER_71_826, 472.5, 294, 1.15055e-06
_07123_, 475.2, 294, 1.1509e-06
FILLER_72_829, 475.2, 294, 1.1509e-06
FILLER_72_831, 475.2, 294, 1.1509e-06
_09630_, 480.6, 294, 1.15142e-06
FILLER_72_840, 480.6, 294, 1.15142e-06
TAP_1215, 486, 294, 1.15172e-06
FILLER_71_850, 486, 294, 1.15172e-06
_07140_, 488.7, 294, 1.15184e-06
FILLER_71_862, 494.1, 294, 1.15196e-06
FILLER_71_866, 494.1, 294, 1.15196e-06
_07052_, 496.8, 294, 1.15198e-06
FILLER_71_875, 499.5, 294, 1.15195e-06
FILLER_72_873, 499.5, 294, 1.15195e-06
_07107_, 502.2, 294, 1.15188e-06
_07066_, 504.9, 294, 1.15269e-06
FILLER_71_883, 504.9, 294, 1.15269e-06
_07068_, 507.6, 294, 1.15344e-06
_07111_, 507.6, 294, 1.15344e-06
TAP_1229, 507.6, 294, 1.15344e-06
FILLER_71_887, 507.6, 294, 1.15344e-06
FILLER_71_889, 507.6, 294, 1.15344e-06
_07102_, 518.4, 294, 1.15546e-06
FILLER_71_906, 518.4, 294, 1.15546e-06
FILLER_71_908, 518.4, 294, 1.15546e-06
FILLER_72_913, 521.1, 294, 1.15589e-06
_07170_, 523.8, 294, 1.1563e-06
_07195_, 523.8, 294, 1.1563e-06
FILLER_72_915, 523.8, 294, 1.1563e-06
TAP_1216, 526.5, 294, 1.15657e-06
_07112_, 529.2, 294, 1.15682e-06
_07172_, 529.2, 294, 1.15682e-06
_07171_, 534.6, 294, 1.15705e-06
PHY_143, 537.3, 294, 1.15713e-06
PHY_145, 537.3, 294, 1.15713e-06
FILLER_72_941, 537.3, 294, 1.15713e-06
FILLER_72_943, 537.3, 294, 1.15713e-06
_09767_, 10.8, 286.16, 1.0954e-06
_09768_, 10.8, 286.16, 1.0954e-06
PHY_138, 10.8, 286.16, 1.0954e-06
PHY_140, 10.8, 286.16, 1.0954e-06
_08818_, 27, 286.16, 1.09566e-06
FILLER_69_31, 27, 286.16, 1.09566e-06
_08817_, 29.7, 286.16, 1.09614e-06
TAP_1191, 29.7, 286.16, 1.09614e-06
FILLER_70_33, 29.7, 286.16, 1.09614e-06
_04848_, 32.4, 286.16, 1.09653e-06
_05159_, 35.1, 286.16, 1.09688e-06
_08820_, 35.1, 286.16, 1.09688e-06
_05158_, 40.5, 286.16, 1.09744e-06
_05161_, 40.5, 286.16, 1.09744e-06
FILLER_70_55, 40.5, 286.16, 1.09744e-06
_08812_, 43.2, 286.16, 1.0976e-06
_08810_, 45.9, 286.16, 1.09771e-06
TAP_1178, 48.6, 286.16, 1.09775e-06
_09765_, 51.3, 286.16, 1.09777e-06
FILLER_69_73, 51.3, 286.16, 1.09777e-06
FILLER_69_75, 51.3, 286.16, 1.09777e-06
_05160_, 54, 286.16, 1.09767e-06
_08807_, 56.7, 286.16, 1.09753e-06
FILLER_70_84, 56.7, 286.16, 1.09753e-06
_08806_, 64.8, 286.16, 1.09753e-06
FILLER_70_104, 67.5, 286.16, 1.09792e-06
_08811_, 70.2, 286.16, 1.09829e-06
TAP_1192, 70.2, 286.16, 1.09829e-06
FILLER_70_108, 70.2, 286.16, 1.09829e-06
_09744_, 72.9, 286.16, 1.09858e-06
FILLER_69_110, 72.9, 286.16, 1.09858e-06
_08758_, 75.6, 286.16, 1.09876e-06
_08764_, 78.3, 286.16, 1.0989e-06
_05153_, 83.7, 286.16, 1.09909e-06
_08766_, 89.1, 286.16, 1.09918e-06
TAP_1179, 89.1, 286.16, 1.09918e-06
FILLER_69_141, 89.1, 286.16, 1.09918e-06
_05278_, 91.8, 286.16, 1.09915e-06
FILLER_70_146, 91.8, 286.16, 1.09915e-06
FILLER_69_153, 94.5, 286.16, 1.09904e-06
_05020_, 97.2, 286.16, 1.09892e-06
FILLER_69_161, 99.9, 286.16, 1.09876e-06
FILLER_70_162, 99.9, 286.16, 1.09876e-06
_05286_, 105.3, 286.16, 1.09956e-06
FILLER_69_169, 105.3, 286.16, 1.09956e-06
FILLER_69_171, 105.3, 286.16, 1.09956e-06
FILLER_70_170, 105.3, 286.16, 1.09956e-06
TAP_1193, 108, 286.16, 1.09984e-06
FILLER_70_174, 108, 286.16, 1.09984e-06
FILLER_70_176, 108, 286.16, 1.09984e-06
FILLER_69_182, 110.7, 286.16, 1.10007e-06
FILLER_70_179, 110.7, 286.16, 1.10007e-06
FILLER_70_195, 118.8, 286.16, 1.10062e-06
FILLER_69_198, 121.5, 286.16, 1.10079e-06
FILLER_69_206, 124.2, 286.16, 1.10093e-06
FILLER_69_210, 126.9, 286.16, 1.10105e-06
FILLER_70_211, 126.9, 286.16, 1.10105e-06
TAP_1180, 129.6, 286.16, 1.10114e-06
FILLER_69_212, 129.6, 286.16, 1.10114e-06
FILLER_69_215, 129.6, 286.16, 1.10114e-06
FILLER_70_215, 129.6, 286.16, 1.10114e-06
_05605_, 132.3, 286.16, 1.10114e-06
_09556_, 132.3, 286.16, 1.10114e-06
FILLER_69_224, 135, 286.16, 1.10101e-06
_05634_, 137.7, 286.16, 1.10085e-06
FILLER_69_234, 140.4, 286.16, 1.10065e-06
_05431_, 143.1, 286.16, 1.10106e-06
TAP_1194, 148.5, 286.16, 1.10179e-06
FILLER_69_246, 148.5, 286.16, 1.10179e-06
FILLER_70_247, 148.5, 286.16, 1.10179e-06
_09550_, 151.2, 286.16, 1.1021e-06
_09555_, 151.2, 286.16, 1.1021e-06
FILLER_69_281, 167.4, 286.16, 1.10287e-06
FILLER_69_283, 167.4, 286.16, 1.10287e-06
FILLER_70_281, 167.4, 286.16, 1.10287e-06
_09097_, 170.1, 286.16, 1.10293e-06
_09892_, 170.1, 286.16, 1.10293e-06
TAP_1181, 170.1, 286.16, 1.10293e-06
FILLER_70_285, 170.1, 286.16, 1.10293e-06
_09086_, 175.5, 286.16, 1.10272e-06
FILLER_70_295, 175.5, 286.16, 1.10272e-06
_09085_, 180.9, 286.16, 1.10236e-06
_09292_, 186.3, 286.16, 1.10334e-06
FILLER_69_315, 186.3, 286.16, 1.10334e-06
FILLER_70_313, 186.3, 286.16, 1.10334e-06
FILLER_70_317, 186.3, 286.16, 1.10334e-06
TAP_1195, 189, 286.16, 1.10372e-06
FILLER_70_321, 189, 286.16, 1.10372e-06
_09960_, 191.7, 286.16, 1.10405e-06
_09297_, 194.4, 286.16, 1.1043e-06
FILLER_70_335, 197.1, 286.16, 1.10451e-06
FILLER_70_339, 199.8, 286.16, 1.1047e-06
FILLER_70_341, 199.8, 286.16, 1.1047e-06
_09268_, 202.5, 286.16, 1.10485e-06
_09083_, 207.9, 286.16, 1.10504e-06
TAP_1182, 207.9, 286.16, 1.10504e-06
FILLER_70_352, 207.9, 286.16, 1.10504e-06
_05239_, 210.6, 286.16, 1.10504e-06
_09965_, 213.3, 286.16, 1.1049e-06
_09280_, 224.1, 286.16, 1.10483e-06
_09279_, 229.5, 286.16, 1.10592e-06
TAP_1196, 229.5, 286.16, 1.10592e-06
FILLER_69_391, 229.5, 286.16, 1.10592e-06
_06802_, 232.2, 286.16, 1.10639e-06
FILLER_70_398, 232.2, 286.16, 1.10639e-06
_06757_, 234.9, 286.16, 1.1068e-06
_06801_, 234.9, 286.16, 1.1068e-06
FILLER_70_400, 234.9, 286.16, 1.1068e-06
_06800_, 237.6, 286.16, 1.10708e-06
_06855_, 240.3, 286.16, 1.10732e-06
_06803_, 243, 286.16, 1.10751e-06
_06791_, 245.7, 286.16, 1.10764e-06
TAP_1183, 248.4, 286.16, 1.10773e-06
FILLER_70_426, 248.4, 286.16, 1.10773e-06
_06760_, 251.1, 286.16, 1.10778e-06
clkbuf_1_1__f_clk, 251.1, 286.16, 1.10778e-06
FILLER_70_428, 251.1, 286.16, 1.10778e-06
_06805_, 253.8, 286.16, 1.10749e-06
_06830_, 261.9, 286.16, 1.10644e-06
TAP_1197, 267.3, 286.16, 1.10742e-06
_06806_, 270, 286.16, 1.1079e-06
FILLER_70_475, 275.4, 286.16, 1.10871e-06
_06729_, 278.1, 286.16, 1.1091e-06
_06771_, 278.1, 286.16, 1.1091e-06
FILLER_69_478, 278.1, 286.16, 1.1091e-06
FILLER_70_477, 278.1, 286.16, 1.1091e-06
FILLER_69_485, 280.8, 286.16, 1.10934e-06
_06730_, 283.5, 286.16, 1.10956e-06
FILLER_69_487, 283.5, 286.16, 1.10956e-06
FILLER_70_490, 283.5, 286.16, 1.10956e-06
_06774_, 286.2, 286.16, 1.1097e-06
FILLER_69_494, 286.2, 286.16, 1.1097e-06
_06804_, 288.9, 286.16, 1.10978e-06
TAP_1184, 288.9, 286.16, 1.10978e-06
FILLER_69_496, 288.9, 286.16, 1.10978e-06
FILLER_70_500, 288.9, 286.16, 1.10978e-06
_06775_, 291.6, 286.16, 1.10975e-06
FILLER_69_504, 291.6, 286.16, 1.10975e-06
_06782_, 294.3, 286.16, 1.10966e-06
_06818_, 294.3, 286.16, 1.10966e-06
FILLER_69_506, 294.3, 286.16, 1.10966e-06
_06781_, 297, 286.16, 1.10947e-06
FILLER_69_513, 297, 286.16, 1.10947e-06
_06779_, 299.7, 286.16, 1.1092e-06
FILLER_69_515, 299.7, 286.16, 1.1092e-06
_06819_, 302.4, 286.16, 1.10981e-06
FILLER_70_524, 302.4, 286.16, 1.10981e-06
FILLER_69_526, 305.1, 286.16, 1.11037e-06
_06736_, 307.8, 286.16, 1.1109e-06
_06823_, 307.8, 286.16, 1.1109e-06
TAP_1198, 307.8, 286.16, 1.1109e-06
_06821_, 310.5, 286.16, 1.11132e-06
FILLER_70_542, 313.2, 286.16, 1.11168e-06
_06810_, 315.9, 286.16, 1.11201e-06
_06824_, 318.6, 286.16, 1.11231e-06
FILLER_70_549, 318.6, 286.16, 1.11231e-06
FILLER_69_558, 321.3, 286.16, 1.11255e-06
_06807_, 324, 286.16, 1.11276e-06
FILLER_70_565, 326.7, 286.16, 1.11294e-06
_06766_, 329.4, 286.16, 1.1131e-06
_06809_, 329.4, 286.16, 1.1131e-06
TAP_1185, 329.4, 286.16, 1.1131e-06
FILLER_70_569, 329.4, 286.16, 1.1131e-06
_06808_, 334.8, 286.16, 1.113e-06
FILLER_70_584, 337.5, 286.16, 1.11292e-06
_06825_, 342.9, 286.16, 1.11355e-06
_06826_, 342.9, 286.16, 1.11355e-06
FILLER_70_592, 342.9, 286.16, 1.11355e-06
_09617_, 345.6, 286.16, 1.11417e-06
_06784_, 348.3, 286.16, 1.1147e-06
TAP_1199, 348.3, 286.16, 1.1147e-06
FILLER_70_602, 348.3, 286.16, 1.1147e-06
_09998_, 353.7, 286.16, 1.11557e-06
FILLER_70_613, 353.7, 286.16, 1.11557e-06
FILLER_69_632, 364.5, 286.16, 1.1169e-06
TAP_1186, 367.2, 286.16, 1.11721e-06
FILLER_69_636, 367.2, 286.16, 1.11721e-06
FILLER_69_638, 367.2, 286.16, 1.11721e-06
FILLER_69_641, 369.9, 286.16, 1.11746e-06
FILLER_70_644, 369.9, 286.16, 1.11746e-06
_09996_, 372.6, 286.16, 1.11767e-06
_09351_, 378, 286.16, 1.11793e-06
_09350_, 383.4, 286.16, 1.11882e-06
FILLER_69_673, 386.1, 286.16, 1.1196e-06
_07297_, 388.8, 286.16, 1.12036e-06
TAP_1200, 388.8, 286.16, 1.12036e-06
FILLER_70_676, 388.8, 286.16, 1.12036e-06
_07295_, 391.5, 286.16, 1.12103e-06
FILLER_69_681, 391.5, 286.16, 1.12103e-06
_09636_, 394.2, 286.16, 1.12163e-06
_07296_, 396.9, 286.16, 1.12214e-06
FILLER_69_699, 402.3, 286.16, 1.12306e-06
_04802_, 405, 286.16, 1.1235e-06
FILLER_69_703, 405, 286.16, 1.1235e-06
TAP_1187, 407.7, 286.16, 1.12388e-06
FILLER_69_712, 407.7, 286.16, 1.12388e-06
_07003_, 410.4, 286.16, 1.12421e-06
FILLER_69_716, 410.4, 286.16, 1.12421e-06
FILLER_70_717, 410.4, 286.16, 1.12421e-06
_07045_, 413.1, 286.16, 1.1244e-06
_04801_, 415.8, 286.16, 1.12454e-06
_06990_, 421.2, 286.16, 1.12473e-06
FILLER_69_736, 421.2, 286.16, 1.12473e-06
_07009_, 423.9, 286.16, 1.12553e-06
_07087_, 423.9, 286.16, 1.12553e-06
FILLER_69_740, 423.9, 286.16, 1.12553e-06
TAP_1201, 426.6, 286.16, 1.12622e-06
_07048_, 429.3, 286.16, 1.1269e-06
_07085_, 429.3, 286.16, 1.1269e-06
FILLER_69_754, 432, 286.16, 1.1275e-06
FILLER_70_755, 432, 286.16, 1.1275e-06
_06972_, 434.7, 286.16, 1.12805e-06
_06987_, 434.7, 286.16, 1.12805e-06
_06974_, 440.1, 286.16, 1.12894e-06
_06988_, 440.1, 286.16, 1.12894e-06
FILLER_69_777, 445.5, 286.16, 1.12954e-06
TAP_1188, 448.2, 286.16, 1.12982e-06
FILLER_69_783, 448.2, 286.16, 1.12982e-06
_06983_, 450.9, 286.16, 1.13007e-06
_07055_, 450.9, 286.16, 1.13007e-06
_06989_, 456.3, 286.16, 1.13032e-06
_07078_, 456.3, 286.16, 1.13032e-06
FILLER_69_798, 456.3, 286.16, 1.13032e-06
_07093_, 461.7, 286.16, 1.1302e-06
TAP_1202, 467.1, 286.16, 1.13156e-06
FILLER_70_815, 467.1, 286.16, 1.13156e-06
FILLER_70_818, 467.1, 286.16, 1.13156e-06
_07094_, 469.8, 286.16, 1.13218e-06
_07122_, 472.5, 286.16, 1.13274e-06
FILLER_70_826, 472.5, 286.16, 1.13274e-06
_07098_, 477.9, 286.16, 1.13373e-06
_07142_, 477.9, 286.16, 1.13373e-06
_07077_, 480.6, 286.16, 1.13412e-06
FILLER_69_846, 483.3, 286.16, 1.13447e-06
FILLER_70_844, 483.3, 286.16, 1.13447e-06
_07097_, 486, 286.16, 1.13478e-06
TAP_1189, 486, 286.16, 1.13478e-06
FILLER_69_850, 486, 286.16, 1.13478e-06
FILLER_70_848, 486, 286.16, 1.13478e-06
_07075_, 488.7, 286.16, 1.13499e-06
FILLER_70_855, 488.7, 286.16, 1.13499e-06
_07074_, 494.1, 286.16, 1.13524e-06
_07121_, 494.1, 286.16, 1.13524e-06
FILLER_70_863, 494.1, 286.16, 1.13524e-06
FILLER_70_865, 494.1, 286.16, 1.13524e-06
FILLER_69_871, 496.8, 286.16, 1.13522e-06
FILLER_69_875, 499.5, 286.16, 1.13518e-06
_07119_, 502.2, 286.16, 1.13512e-06
_07120_, 502.2, 286.16, 1.13512e-06
FILLER_69_877, 502.2, 286.16, 1.13512e-06
FILLER_70_884, 504.9, 286.16, 1.13595e-06
FILLER_70_886, 504.9, 286.16, 1.13595e-06
_07118_, 507.6, 286.16, 1.13674e-06
_07143_, 507.6, 286.16, 1.13674e-06
TAP_1203, 507.6, 286.16, 1.13674e-06
FILLER_70_895, 510.3, 286.16, 1.13744e-06
FILLER_69_896, 513, 286.16, 1.13811e-06
FILLER_69_900, 513, 286.16, 1.13811e-06
FILLER_70_899, 513, 286.16, 1.13811e-06
_07061_, 515.7, 286.16, 1.13873e-06
_07101_, 515.7, 286.16, 1.13873e-06
_07103_, 518.4, 286.16, 1.13927e-06
_07105_, 518.4, 286.16, 1.13927e-06
_07062_, 521.1, 286.16, 1.1397e-06
FILLER_70_919, 523.8, 286.16, 1.14009e-06
_07173_, 526.5, 286.16, 1.14045e-06
TAP_1190, 526.5, 286.16, 1.14045e-06
FILLER_69_921, 526.5, 286.16, 1.14045e-06
FILLER_70_921, 526.5, 286.16, 1.14045e-06
_07117_, 529.2, 286.16, 1.14069e-06
_07104_, 531.9, 286.16, 1.14086e-06
FILLER_69_937, 534.6, 286.16, 1.14098e-06
PHY_139, 537.3, 286.16, 1.14108e-06
PHY_141, 537.3, 286.16, 1.14108e-06
FILLER_69_941, 537.3, 286.16, 1.14108e-06
FILLER_69_943, 537.3, 286.16, 1.14108e-06
FILLER_70_942, 537.3, 286.16, 1.14108e-06
PHY_134, 10.8, 278.32, 1.07532e-06
PHY_136, 10.8, 278.32, 1.07532e-06
FILLER_67_2, 10.8, 278.32, 1.07532e-06
FILLER_68_2, 10.8, 278.32, 1.07532e-06
_09766_, 18.9, 278.32, 1.07508e-06
FILLER_68_18, 18.9, 278.32, 1.07508e-06
_08814_, 29.7, 278.32, 1.07618e-06
TAP_1165, 29.7, 278.32, 1.07618e-06
FILLER_68_34, 29.7, 278.32, 1.07618e-06
_08805_, 35.1, 278.32, 1.07682e-06
_05149_, 37.8, 278.32, 1.07711e-06
_05150_, 40.5, 278.32, 1.07735e-06
_05152_, 40.5, 278.32, 1.07735e-06
TAP_1152, 48.6, 278.32, 1.07754e-06
FILLER_67_73, 51.3, 278.32, 1.07759e-06
_08809_, 54, 278.32, 1.07761e-06
_09764_, 56.7, 278.32, 1.07759e-06
_08801_, 62.1, 278.32, 1.07736e-06
FILLER_68_100, 64.8, 278.32, 1.07773e-06
FILLER_68_104, 67.5, 278.32, 1.07807e-06
TAP_1166, 70.2, 278.32, 1.0784e-06
FILLER_68_108, 70.2, 278.32, 1.0784e-06
_09745_, 72.9, 278.32, 1.07869e-06
FILLER_68_112, 72.9, 278.32, 1.07869e-06
FILLER_67_116, 75.6, 278.32, 1.07888e-06
FILLER_67_132, 83.7, 278.32, 1.07938e-06
_09439_, 89.1, 278.32, 1.07967e-06
TAP_1153, 89.1, 278.32, 1.07967e-06
FILLER_67_140, 89.1, 278.32, 1.07967e-06
FILLER_67_144, 91.8, 278.32, 1.07969e-06
FILLER_67_148, 91.8, 278.32, 1.07969e-06
_05284_, 94.5, 278.32, 1.07967e-06
FILLER_67_150, 94.5, 278.32, 1.07967e-06
_09441_, 99.9, 278.32, 1.07949e-06
FILLER_67_161, 99.9, 278.32, 1.07949e-06
FILLER_68_171, 105.3, 278.32, 1.08021e-06
TAP_1167, 108, 278.32, 1.08054e-06
FILLER_68_175, 108, 278.32, 1.08054e-06
_05084_, 110.7, 278.32, 1.08084e-06
FILLER_68_183, 113.4, 278.32, 1.08111e-06
_09440_, 116.1, 278.32, 1.08136e-06
FILLER_67_191, 116.1, 278.32, 1.08136e-06
FILLER_68_187, 116.1, 278.32, 1.08136e-06
_05285_, 118.8, 278.32, 1.08148e-06
_05052_, 124.2, 278.32, 1.08163e-06
FILLER_67_207, 126.9, 278.32, 1.08167e-06
FILLER_67_211, 126.9, 278.32, 1.08167e-06
TAP_1154, 129.6, 278.32, 1.08167e-06
FILLER_67_215, 129.6, 278.32, 1.08167e-06
_05586_, 132.3, 278.32, 1.08163e-06
FILLER_67_217, 132.3, 278.32, 1.08163e-06
FILLER_68_217, 132.3, 278.32, 1.08163e-06
FILLER_67_227, 137.7, 278.32, 1.08136e-06
FILLER_68_233, 140.4, 278.32, 1.08121e-06
FILLER_68_237, 143.1, 278.32, 1.08167e-06
FILLER_68_239, 143.1, 278.32, 1.08167e-06
_05576_, 145.8, 278.32, 1.08209e-06
_09553_, 145.8, 278.32, 1.08209e-06
TAP_1168, 148.5, 278.32, 1.08237e-06
repeater6, 151.2, 278.32, 1.08263e-06
_05205_, 164.7, 278.32, 1.08321e-06
_05207_, 164.7, 278.32, 1.08321e-06
FILLER_67_274, 164.7, 278.32, 1.08321e-06
_09089_, 170.1, 278.32, 1.08311e-06
TAP_1155, 170.1, 278.32, 1.08311e-06
_09094_, 175.5, 278.32, 1.08286e-06
FILLER_67_294, 175.5, 278.32, 1.08286e-06
FILLER_68_295, 175.5, 278.32, 1.08286e-06
_05215_, 178.2, 278.32, 1.08265e-06
FILLER_68_299, 178.2, 278.32, 1.08265e-06
_09093_, 180.9, 278.32, 1.0823e-06
_09970_, 183.6, 278.32, 1.08264e-06
_04720_, 189, 278.32, 1.08316e-06
TAP_1169, 189, 278.32, 1.08316e-06
_09291_, 194.4, 278.32, 1.08355e-06
FILLER_68_333, 197.1, 278.32, 1.08371e-06
FILLER_67_340, 199.8, 278.32, 1.08384e-06
FILLER_68_341, 199.8, 278.32, 1.08384e-06
_09084_, 202.5, 278.32, 1.08394e-06
_09267_, 205.2, 278.32, 1.08394e-06
TAP_1156, 207.9, 278.32, 1.0839e-06
FILLER_67_354, 207.9, 278.32, 1.0839e-06
_09283_, 210.6, 278.32, 1.08382e-06
_09967_, 213.3, 278.32, 1.0837e-06
_09076_, 216, 278.32, 1.08351e-06
FILLER_68_384, 224.1, 278.32, 1.08345e-06
FILLER_68_388, 226.8, 278.32, 1.08395e-06
_09284_, 229.5, 278.32, 1.08443e-06
TAP_1170, 229.5, 278.32, 1.08443e-06
FILLER_68_392, 229.5, 278.32, 1.08443e-06
_06789_, 234.9, 278.32, 1.08518e-06
_06799_, 234.9, 278.32, 1.08518e-06
FILLER_67_402, 234.9, 278.32, 1.08518e-06
_06788_, 237.6, 278.32, 1.08543e-06
_06854_, 240.3, 278.32, 1.08565e-06
FILLER_68_411, 240.3, 278.32, 1.08565e-06
_06877_, 243, 278.32, 1.08579e-06
FILLER_67_416, 243, 278.32, 1.08579e-06
_06719_, 245.7, 278.32, 1.08586e-06
_06857_, 248.4, 278.32, 1.0859e-06
TAP_1157, 248.4, 278.32, 1.0859e-06
_06755_, 251.1, 278.32, 1.08585e-06
FILLER_67_428, 251.1, 278.32, 1.08585e-06
_06756_, 253.8, 278.32, 1.08574e-06
_06856_, 256.5, 278.32, 1.08555e-06
_06720_, 259.2, 278.32, 1.08533e-06
_06734_, 261.9, 278.32, 1.08507e-06
_06763_, 261.9, 278.32, 1.08507e-06
FILLER_67_449, 261.9, 278.32, 1.08507e-06
FILLER_68_449, 261.9, 278.32, 1.08507e-06
FILLER_68_451, 261.9, 278.32, 1.08507e-06
_06750_, 264.6, 278.32, 1.08561e-06
_06769_, 267.3, 278.32, 1.08611e-06
TAP_1171, 267.3, 278.32, 1.08611e-06
FILLER_68_460, 267.3, 278.32, 1.08611e-06
_06768_, 270, 278.32, 1.08653e-06
_06772_, 270, 278.32, 1.08653e-06
_06770_, 275.4, 278.32, 1.08706e-06
FILLER_67_473, 275.4, 278.32, 1.08706e-06
_06815_, 283.5, 278.32, 1.0876e-06
_06867_, 283.5, 278.32, 1.0876e-06
FILLER_67_487, 283.5, 278.32, 1.0876e-06
_06816_, 288.9, 278.32, 1.08767e-06
_06817_, 288.9, 278.32, 1.08767e-06
TAP_1158, 288.9, 278.32, 1.08767e-06
_06776_, 294.3, 278.32, 1.0875e-06
FILLER_67_507, 294.3, 278.32, 1.0875e-06
_06778_, 297, 278.32, 1.08735e-06
_06780_, 297, 278.32, 1.08735e-06
FILLER_67_511, 297, 278.32, 1.08735e-06
FILLER_67_513, 297, 278.32, 1.08735e-06
FILLER_67_522, 302.4, 278.32, 1.0877e-06
FILLER_68_526, 305.1, 278.32, 1.08832e-06
TAP_1172, 307.8, 278.32, 1.08892e-06
FILLER_68_530, 307.8, 278.32, 1.08892e-06
FILLER_68_534, 307.8, 278.32, 1.08892e-06
_06820_, 310.5, 278.32, 1.08946e-06
FILLER_67_538, 310.5, 278.32, 1.08946e-06
_06822_, 313.2, 278.32, 1.08994e-06
FILLER_67_546, 315.9, 278.32, 1.09037e-06
FILLER_68_548, 315.9, 278.32, 1.09037e-06
_06873_, 318.6, 278.32, 1.09076e-06
FILLER_67_550, 318.6, 278.32, 1.09076e-06
_06861_, 324, 278.32, 1.09141e-06
FILLER_67_565, 326.7, 278.32, 1.0917e-06
FILLER_67_567, 326.7, 278.32, 1.0917e-06
FILLER_68_564, 326.7, 278.32, 1.0917e-06
_06860_, 329.4, 278.32, 1.09193e-06
TAP_1159, 329.4, 278.32, 1.09193e-06
FILLER_68_572, 329.4, 278.32, 1.09193e-06
_06829_, 332.1, 278.32, 1.092e-06
_06876_, 334.8, 278.32, 1.09202e-06
FILLER_68_590, 340.2, 278.32, 1.09195e-06
_06874_, 342.9, 278.32, 1.09282e-06
FILLER_68_594, 342.9, 278.32, 1.09282e-06
FILLER_68_596, 342.9, 278.32, 1.09282e-06
_06827_, 345.6, 278.32, 1.09358e-06
_06828_, 348.3, 278.32, 1.0943e-06
_06875_, 348.3, 278.32, 1.0943e-06
TAP_1173, 348.3, 278.32, 1.0943e-06
_09977_, 351, 278.32, 1.09492e-06
FILLER_67_608, 351, 278.32, 1.09492e-06
FILLER_68_613, 353.7, 278.32, 1.09543e-06
_09308_, 356.4, 278.32, 1.09593e-06
FILLER_68_617, 356.4, 278.32, 1.09593e-06
FILLER_68_619, 356.4, 278.32, 1.09593e-06
_09307_, 361.8, 278.32, 1.09671e-06
TAP_1160, 367.2, 278.32, 1.09742e-06
FILLER_68_636, 367.2, 278.32, 1.09742e-06
FILLER_68_640, 367.2, 278.32, 1.09742e-06
_08732_, 369.9, 278.32, 1.09772e-06
_08733_, 369.9, 278.32, 1.09772e-06
FILLER_68_642, 369.9, 278.32, 1.09772e-06
FILLER_67_649, 372.6, 278.32, 1.09789e-06
_04752_, 375.3, 278.32, 1.09804e-06
FILLER_68_651, 375.3, 278.32, 1.09804e-06
_09995_, 378, 278.32, 1.09814e-06
FILLER_68_659, 378, 278.32, 1.09814e-06
_09349_, 380.7, 278.32, 1.09814e-06
FILLER_68_671, 386.1, 278.32, 1.09971e-06
FILLER_68_673, 386.1, 278.32, 1.09971e-06
_09348_, 388.8, 278.32, 1.10046e-06
TAP_1174, 388.8, 278.32, 1.10046e-06
_09635_, 391.5, 278.32, 1.10115e-06
FILLER_68_682, 391.5, 278.32, 1.10115e-06
_04797_, 394.2, 278.32, 1.10173e-06
FILLER_67_684, 394.2, 278.32, 1.10173e-06
_08422_, 399.6, 278.32, 1.10276e-06
FILLER_67_707, 405, 278.32, 1.10366e-06
TAP_1161, 407.7, 278.32, 1.10409e-06
FILLER_67_709, 407.7, 278.32, 1.10409e-06
FILLER_67_712, 407.7, 278.32, 1.10409e-06
FILLER_68_712, 407.7, 278.32, 1.10409e-06
_08578_, 410.4, 278.32, 1.10444e-06
FILLER_67_716, 410.4, 278.32, 1.10444e-06
FILLER_68_716, 410.4, 278.32, 1.10444e-06
_07004_, 413.1, 278.32, 1.10461e-06
_07046_, 418.5, 278.32, 1.1048e-06
_07049_, 426.6, 278.32, 1.10646e-06
TAP_1175, 426.6, 278.32, 1.10646e-06
FILLER_68_742, 426.6, 278.32, 1.10646e-06
FILLER_68_744, 426.6, 278.32, 1.10646e-06
_07079_, 429.3, 278.32, 1.1071e-06
_07047_, 432, 278.32, 1.10769e-06
FILLER_68_760, 434.7, 278.32, 1.10824e-06
_07013_, 437.4, 278.32, 1.10877e-06
_07016_, 440.1, 278.32, 1.10925e-06
_07021_, 440.1, 278.32, 1.10925e-06
FILLER_67_767, 440.1, 278.32, 1.10925e-06
_07022_, 448.2, 278.32, 1.11019e-06
_07050_, 448.2, 278.32, 1.11019e-06
TAP_1162, 448.2, 278.32, 1.11019e-06
_07054_, 450.9, 278.32, 1.11038e-06
_07051_, 453.6, 278.32, 1.11052e-06
FILLER_67_793, 453.6, 278.32, 1.11052e-06
_07056_, 456.3, 278.32, 1.1106e-06
_07059_, 456.3, 278.32, 1.1106e-06
FILLER_67_807, 461.7, 278.32, 1.11057e-06
FILLER_68_807, 461.7, 278.32, 1.11057e-06
_07096_, 464.4, 278.32, 1.11131e-06
FILLER_68_809, 464.4, 278.32, 1.11131e-06
_07095_, 467.1, 278.32, 1.11199e-06
_09629_, 467.1, 278.32, 1.11199e-06
TAP_1176, 467.1, 278.32, 1.11199e-06
FILLER_67_815, 467.1, 278.32, 1.11199e-06
_07076_, 472.5, 278.32, 1.11296e-06
FILLER_68_826, 472.5, 278.32, 1.11296e-06
FILLER_68_834, 477.9, 278.32, 1.11382e-06
_07014_, 480.6, 278.32, 1.11423e-06
FILLER_68_838, 480.6, 278.32, 1.11423e-06
_07038_, 483.3, 278.32, 1.11458e-06
_07011_, 486, 278.32, 1.11489e-06
TAP_1163, 486, 278.32, 1.11489e-06
_07012_, 488.7, 278.32, 1.11514e-06
_07037_, 491.4, 278.32, 1.11534e-06
_07073_, 491.4, 278.32, 1.11534e-06
_07032_, 494.1, 278.32, 1.11545e-06
_07072_, 496.8, 278.32, 1.1155e-06
_07035_, 499.5, 278.32, 1.11549e-06
FILLER_68_880, 502.2, 278.32, 1.11542e-06
_07099_, 504.9, 278.32, 1.11629e-06
_07100_, 504.9, 278.32, 1.11629e-06
FILLER_68_886, 504.9, 278.32, 1.11629e-06
TAP_1177, 507.6, 278.32, 1.11705e-06
FILLER_68_889, 507.6, 278.32, 1.11705e-06
_07064_, 510.3, 278.32, 1.11778e-06
_07069_, 510.3, 278.32, 1.11778e-06
FILLER_68_896, 513, 278.32, 1.11839e-06
_07071_, 515.7, 278.32, 1.11899e-06
FILLER_68_904, 515.7, 278.32, 1.11899e-06
_07070_, 518.4, 278.32, 1.1195e-06
_07113_, 521.1, 278.32, 1.11997e-06
FILLER_68_912, 521.1, 278.32, 1.11997e-06
_07028_, 523.8, 278.32, 1.12031e-06
TAP_1164, 526.5, 278.32, 1.12061e-06
FILLER_67_922, 526.5, 278.32, 1.12061e-06
_07116_, 529.2, 278.32, 1.12087e-06
FILLER_67_925, 529.2, 278.32, 1.12087e-06
_07114_, 534.6, 278.32, 1.1212e-06
_07115_, 534.6, 278.32, 1.1212e-06
PHY_135, 537.3, 278.32, 1.12131e-06
PHY_137, 537.3, 278.32, 1.12131e-06
FILLER_67_943, 537.3, 278.32, 1.12131e-06
FILLER_68_941, 537.3, 278.32, 1.12131e-06
FILLER_68_943, 537.3, 278.32, 1.12131e-06
PHY_130, 10.8, 270.48, 1.0571e-06
PHY_132, 10.8, 270.48, 1.0571e-06
FILLER_65_2, 10.8, 270.48, 1.0571e-06
FILLER_66_2, 10.8, 270.48, 1.0571e-06
FILLER_65_18, 18.9, 270.48, 1.05686e-06
FILLER_66_18, 18.9, 270.48, 1.05686e-06
_05541_, 24.3, 270.48, 1.05728e-06
FILLER_65_26, 24.3, 270.48, 1.05728e-06
FILLER_66_26, 24.3, 270.48, 1.05728e-06
_08815_, 27, 270.48, 1.05772e-06
FILLER_66_28, 27, 270.48, 1.05772e-06
TAP_1139, 29.7, 270.48, 1.0581e-06
FILLER_65_36, 29.7, 270.48, 1.0581e-06
FILLER_66_37, 29.7, 270.48, 1.0581e-06
_08803_, 32.4, 270.48, 1.05843e-06
_09762_, 32.4, 270.48, 1.05843e-06
FILLER_65_38, 32.4, 270.48, 1.05843e-06
_09763_, 35.1, 270.48, 1.05862e-06
TAP_1126, 48.6, 270.48, 1.05913e-06
FILLER_65_68, 48.6, 270.48, 1.05913e-06
FILLER_65_70, 48.6, 270.48, 1.05913e-06
_05157_, 51.3, 270.48, 1.05917e-06
_09872_, 51.3, 270.48, 1.05917e-06
FILLER_65_73, 51.3, 270.48, 1.05917e-06
FILLER_66_81, 56.7, 270.48, 1.05895e-06
FILLER_66_97, 64.8, 270.48, 1.05911e-06
_05042_, 67.5, 270.48, 1.05952e-06
_09435_, 70.2, 270.48, 1.05989e-06
TAP_1140, 70.2, 270.48, 1.05989e-06
FILLER_66_105, 70.2, 270.48, 1.05989e-06
FILLER_66_108, 70.2, 270.48, 1.05989e-06
FILLER_66_124, 78.3, 270.48, 1.06059e-06
_05280_, 81, 270.48, 1.0608e-06
FILLER_66_128, 81, 270.48, 1.0608e-06
_04892_, 86.4, 270.48, 1.06107e-06
_04894_, 89.1, 270.48, 1.06118e-06
_09455_, 89.1, 270.48, 1.06118e-06
TAP_1127, 89.1, 270.48, 1.06118e-06
FILLER_65_140, 89.1, 270.48, 1.06118e-06
repeater9, 91.8, 270.48, 1.06113e-06
_05022_, 105.3, 270.48, 1.06135e-06
_09457_, 105.3, 270.48, 1.06135e-06
TAP_1141, 108, 270.48, 1.06164e-06
FILLER_66_176, 108, 270.48, 1.06164e-06
_05306_, 110.7, 270.48, 1.06189e-06
FILLER_66_179, 110.7, 270.48, 1.06189e-06
_05624_, 116.1, 270.48, 1.06223e-06
_05086_, 121.5, 270.48, 1.06247e-06
FILLER_65_199, 121.5, 270.48, 1.06247e-06
FILLER_65_201, 121.5, 270.48, 1.06247e-06
_04988_, 124.2, 270.48, 1.06252e-06
_09456_, 124.2, 270.48, 1.06252e-06
FILLER_65_206, 124.2, 270.48, 1.06252e-06
FILLER_65_210, 126.9, 270.48, 1.06244e-06
_05305_, 129.6, 270.48, 1.06233e-06
TAP_1128, 129.6, 270.48, 1.06233e-06
FILLER_65_212, 129.6, 270.48, 1.06233e-06
_05528_, 135, 270.48, 1.06194e-06
_05054_, 140.4, 270.48, 1.06144e-06
FILLER_65_234, 140.4, 270.48, 1.06144e-06
_09554_, 143.1, 270.48, 1.0618e-06
FILLER_65_238, 143.1, 270.48, 1.0618e-06
FILLER_66_236, 143.1, 270.48, 1.0618e-06
_05547_, 145.8, 270.48, 1.06203e-06
TAP_1142, 148.5, 270.48, 1.06221e-06
_05518_, 151.2, 270.48, 1.06238e-06
FILLER_66_258, 153.9, 270.48, 1.06249e-06
_09893_, 156.6, 270.48, 1.06259e-06
FILLER_66_262, 156.6, 270.48, 1.06259e-06
FILLER_65_270, 162, 270.48, 1.06257e-06
_09090_, 164.7, 270.48, 1.06255e-06
FILLER_65_274, 164.7, 270.48, 1.06255e-06
_09894_, 170.1, 270.48, 1.06235e-06
TAP_1129, 170.1, 270.48, 1.06235e-06
_05206_, 172.8, 270.48, 1.06215e-06
_09296_, 186.3, 270.48, 1.06184e-06
FILLER_66_316, 186.3, 270.48, 1.06184e-06
_09971_, 189, 270.48, 1.06213e-06
TAP_1143, 189, 270.48, 1.06213e-06
FILLER_66_318, 189, 270.48, 1.06213e-06
_09294_, 191.7, 270.48, 1.06229e-06
_09293_, 197.1, 270.48, 1.0625e-06
_09295_, 199.8, 270.48, 1.06257e-06
_09088_, 205.2, 270.48, 1.06264e-06
_09091_, 205.2, 270.48, 1.06264e-06
TAP_1130, 207.9, 270.48, 1.06252e-06
_09966_, 210.6, 270.48, 1.06239e-06
FILLER_65_357, 210.6, 270.48, 1.06239e-06
FILLER_65_359, 210.6, 270.48, 1.06239e-06
_09282_, 218.7, 270.48, 1.06161e-06
_05226_, 224.1, 270.48, 1.0618e-06
FILLER_66_383, 224.1, 270.48, 1.0618e-06
FILLER_65_389, 226.8, 270.48, 1.06225e-06
_05227_, 229.5, 270.48, 1.06268e-06
_06790_, 229.5, 270.48, 1.06268e-06
TAP_1144, 229.5, 270.48, 1.06268e-06
_06787_, 243, 270.48, 1.06343e-06
_06831_, 243, 270.48, 1.06343e-06
_06735_, 245.7, 270.48, 1.06349e-06
_06797_, 248.4, 270.48, 1.06352e-06
TAP_1131, 248.4, 270.48, 1.06352e-06
FILLER_66_424, 248.4, 270.48, 1.06352e-06
_06798_, 251.1, 270.48, 1.06339e-06
_06834_, 253.8, 270.48, 1.06322e-06
_06796_, 259.2, 270.48, 1.06273e-06
_06753_, 261.9, 270.48, 1.06245e-06
_06761_, 264.6, 270.48, 1.06308e-06
_06839_, 264.6, 270.48, 1.06308e-06
FILLER_65_453, 264.6, 270.48, 1.06308e-06
_06754_, 267.3, 270.48, 1.06361e-06
TAP_1145, 267.3, 270.48, 1.06361e-06
FILLER_66_459, 267.3, 270.48, 1.06361e-06
_06777_, 270, 270.48, 1.06407e-06
_06811_, 270, 270.48, 1.06407e-06
FILLER_66_463, 270, 270.48, 1.06407e-06
FILLER_65_470, 272.7, 270.48, 1.0644e-06
_06812_, 275.4, 270.48, 1.06471e-06
FILLER_65_472, 275.4, 270.48, 1.06471e-06
_06813_, 278.1, 270.48, 1.06496e-06
_06910_, 278.1, 270.48, 1.06496e-06
FILLER_65_489, 283.5, 270.48, 1.06521e-06
_06814_, 286.2, 270.48, 1.06531e-06
_06865_, 288.9, 270.48, 1.06536e-06
TAP_1132, 288.9, 270.48, 1.06536e-06
FILLER_66_500, 288.9, 270.48, 1.06536e-06
_06866_, 291.6, 270.48, 1.06531e-06
_06868_, 297, 270.48, 1.06509e-06
_06951_, 297, 270.48, 1.06509e-06
FILLER_65_511, 297, 270.48, 1.06509e-06
FILLER_65_513, 297, 270.48, 1.06509e-06
_06956_, 299.7, 270.48, 1.06486e-06
FILLER_66_518, 299.7, 270.48, 1.06486e-06
_06957_, 302.4, 270.48, 1.06556e-06
FILLER_66_528, 305.1, 270.48, 1.06621e-06
_06955_, 307.8, 270.48, 1.06684e-06
TAP_1146, 307.8, 270.48, 1.06684e-06
FILLER_66_534, 307.8, 270.48, 1.06684e-06
_06869_, 310.5, 270.48, 1.06738e-06
_06918_, 310.5, 270.48, 1.06738e-06
FILLER_65_537, 310.5, 270.48, 1.06738e-06
_06870_, 313.2, 270.48, 1.06782e-06
_06871_, 318.6, 270.48, 1.06856e-06
_06872_, 318.6, 270.48, 1.06856e-06
_06669_, 321.3, 270.48, 1.06883e-06
FILLER_65_561, 324, 270.48, 1.06906e-06
FILLER_66_559, 324, 270.48, 1.06906e-06
FILLER_65_565, 326.7, 270.48, 1.06926e-06
FILLER_65_567, 326.7, 270.48, 1.06926e-06
FILLER_66_567, 326.7, 270.48, 1.06926e-06
TAP_1133, 329.4, 270.48, 1.06939e-06
FILLER_65_570, 329.4, 270.48, 1.06939e-06
FILLER_66_571, 329.4, 270.48, 1.06939e-06
_06858_, 332.1, 270.48, 1.06947e-06
_06925_, 332.1, 270.48, 1.06947e-06
FILLER_65_574, 332.1, 270.48, 1.06947e-06
_06859_, 334.8, 270.48, 1.06942e-06
_06960_, 337.5, 270.48, 1.06933e-06
FILLER_65_591, 340.2, 270.48, 1.06918e-06
FILLER_66_589, 340.2, 270.48, 1.06918e-06
_06961_, 342.9, 270.48, 1.0699e-06
FILLER_66_597, 345.6, 270.48, 1.07056e-06
FILLER_66_601, 345.6, 270.48, 1.07056e-06
_09618_, 348.3, 270.48, 1.07118e-06
TAP_1147, 348.3, 270.48, 1.07118e-06
FILLER_65_603, 348.3, 270.48, 1.07118e-06
FILLER_65_619, 356.4, 270.48, 1.07265e-06
FILLER_65_635, 364.5, 270.48, 1.07407e-06
_09721_, 367.2, 270.48, 1.07452e-06
TAP_1134, 367.2, 270.48, 1.07452e-06
FILLER_66_636, 367.2, 270.48, 1.07452e-06
_08483_, 369.9, 270.48, 1.07482e-06
_08452_, 383.4, 270.48, 1.07639e-06
FILLER_66_673, 386.1, 270.48, 1.07718e-06
_08451_, 388.8, 270.48, 1.07795e-06
TAP_1148, 388.8, 270.48, 1.07795e-06
_04798_, 396.9, 270.48, 1.08e-06
_08424_, 396.9, 270.48, 1.08e-06
_08387_, 399.6, 270.48, 1.08051e-06
_08528_, 407.7, 270.48, 1.08185e-06
TAP_1135, 407.7, 270.48, 1.08185e-06
FILLER_65_708, 407.7, 270.48, 1.08185e-06
_07006_, 413.1, 270.48, 1.08236e-06
_07008_, 423.9, 270.48, 1.08363e-06
TAP_1149, 426.6, 270.48, 1.08443e-06
FILLER_66_743, 426.6, 270.48, 1.08443e-06
_07005_, 429.3, 270.48, 1.08518e-06
_07044_, 429.3, 270.48, 1.08518e-06
_04807_, 432, 270.48, 1.08585e-06
_07007_, 432, 270.48, 1.08585e-06
FILLER_65_752, 432, 270.48, 1.08585e-06
_07015_, 434.7, 270.48, 1.0864e-06
_07018_, 437.4, 270.48, 1.0869e-06
_07026_, 440.1, 270.48, 1.08733e-06
_07010_, 442.8, 270.48, 1.0877e-06
_07024_, 448.2, 270.48, 1.08836e-06
_07025_, 448.2, 270.48, 1.08836e-06
TAP_1136, 448.2, 270.48, 1.08836e-06
_07041_, 450.9, 270.48, 1.08859e-06
FILLER_66_788, 450.9, 270.48, 1.08859e-06
_07040_, 453.6, 270.48, 1.08874e-06
_07042_, 456.3, 270.48, 1.08882e-06
_07057_, 461.7, 270.48, 1.08888e-06
_07058_, 461.7, 270.48, 1.08888e-06
_07027_, 467.1, 270.48, 1.09007e-06
TAP_1150, 467.1, 270.48, 1.09007e-06
FILLER_66_815, 467.1, 270.48, 1.09007e-06
FILLER_66_818, 467.1, 270.48, 1.09007e-06
_09708_, 469.8, 270.48, 1.09057e-06
FILLER_65_820, 469.8, 270.48, 1.09057e-06
FILLER_66_826, 472.5, 270.48, 1.09095e-06
_06979_, 475.2, 270.48, 1.09132e-06
FILLER_66_830, 475.2, 270.48, 1.09132e-06
FILLER_66_841, 480.6, 270.48, 1.09189e-06
_07039_, 483.3, 270.48, 1.09216e-06
FILLER_66_843, 483.3, 270.48, 1.09216e-06
TAP_1137, 486, 270.48, 1.09234e-06
FILLER_65_854, 488.7, 270.48, 1.0925e-06
FILLER_66_856, 488.7, 270.48, 1.0925e-06
_07030_, 491.4, 270.48, 1.09262e-06
FILLER_66_860, 491.4, 270.48, 1.09262e-06
_07034_, 496.8, 270.48, 1.09274e-06
_07036_, 496.8, 270.48, 1.09274e-06
FILLER_65_875, 499.5, 270.48, 1.09271e-06
_07031_, 502.2, 270.48, 1.09267e-06
FILLER_66_884, 504.9, 270.48, 1.09329e-06
FILLER_66_886, 504.9, 270.48, 1.09329e-06
TAP_1151, 507.6, 270.48, 1.09387e-06
FILLER_66_889, 507.6, 270.48, 1.09387e-06
_07029_, 510.3, 270.48, 1.0944e-06
FILLER_65_891, 510.3, 270.48, 1.0944e-06
FILLER_66_893, 510.3, 270.48, 1.0944e-06
_07063_, 513, 270.48, 1.09487e-06
FILLER_65_899, 513, 270.48, 1.09487e-06
_07060_, 515.7, 270.48, 1.09524e-06
FILLER_65_908, 518.4, 270.48, 1.09557e-06
FILLER_66_913, 521.1, 270.48, 1.09589e-06
FILLER_65_916, 523.8, 270.48, 1.09618e-06
TAP_1138, 526.5, 270.48, 1.09646e-06
FILLER_65_920, 526.5, 270.48, 1.09646e-06
FILLER_65_922, 526.5, 270.48, 1.09646e-06
FILLER_65_925, 529.2, 270.48, 1.09667e-06
FILLER_66_929, 529.2, 270.48, 1.09667e-06
_07144_, 531.9, 270.48, 1.09685e-06
FILLER_66_931, 531.9, 270.48, 1.09685e-06
PHY_131, 537.3, 270.48, 1.09705e-06
PHY_133, 537.3, 270.48, 1.09705e-06
FILLER_65_941, 537.3, 270.48, 1.09705e-06
FILLER_65_943, 537.3, 270.48, 1.09705e-06
FILLER_66_940, 537.3, 270.48, 1.09705e-06
_09739_, 10.8, 262.64, 1.03934e-06
_09871_, 10.8, 262.64, 1.03934e-06
PHY_126, 10.8, 262.64, 1.03934e-06
PHY_128, 10.8, 262.64, 1.03934e-06
_05008_, 27, 262.64, 1.03963e-06
_08752_, 27, 262.64, 1.03963e-06
TAP_1113, 29.7, 262.64, 1.0401e-06
FILLER_64_37, 29.7, 262.64, 1.0401e-06
_05010_, 32.4, 262.64, 1.04053e-06
_08747_, 32.4, 262.64, 1.04053e-06
FILLER_64_41, 32.4, 262.64, 1.04053e-06
FILLER_63_45, 35.1, 262.64, 1.04086e-06
FILLER_63_47, 35.1, 262.64, 1.04086e-06
_09025_, 37.8, 262.64, 1.04114e-06
FILLER_64_51, 37.8, 262.64, 1.04114e-06
FILLER_64_55, 40.5, 262.64, 1.04136e-06
_04912_, 43.2, 262.64, 1.04155e-06
_08804_, 43.2, 262.64, 1.04155e-06
FILLER_64_57, 43.2, 262.64, 1.04155e-06
_04844_, 45.9, 262.64, 1.04165e-06
FILLER_63_62, 45.9, 262.64, 1.04165e-06
TAP_1100, 48.6, 262.64, 1.04151e-06
FILLER_63_70, 48.6, 262.64, 1.04151e-06
FILLER_63_73, 51.3, 262.64, 1.04132e-06
_09740_, 54, 262.64, 1.04111e-06
FILLER_63_77, 54, 262.64, 1.04111e-06
FILLER_63_79, 54, 262.64, 1.04111e-06
_05040_, 70.2, 262.64, 1.04105e-06
_05563_, 70.2, 262.64, 1.04105e-06
TAP_1114, 70.2, 262.64, 1.04105e-06
_09451_, 72.9, 262.64, 1.04125e-06
FILLER_63_118, 75.6, 262.64, 1.04138e-06
_04924_, 81, 262.64, 1.04158e-06
FILLER_63_126, 81, 262.64, 1.04158e-06
FILLER_63_128, 81, 262.64, 1.04158e-06
_05435_, 83.7, 262.64, 1.04162e-06
_05300_, 89.1, 262.64, 1.04157e-06
TAP_1101, 89.1, 262.64, 1.04157e-06
_04926_, 91.8, 262.64, 1.04148e-06
FILLER_63_148, 91.8, 262.64, 1.04148e-06
_05298_, 94.5, 262.64, 1.04133e-06
_05304_, 94.5, 262.64, 1.04133e-06
FILLER_64_151, 94.5, 262.64, 1.04133e-06
_09453_, 99.9, 262.64, 1.04079e-06
FILLER_63_159, 99.9, 262.64, 1.04079e-06
FILLER_63_161, 99.9, 262.64, 1.04079e-06
FILLER_64_162, 99.9, 262.64, 1.04079e-06
_05551_, 102.6, 262.64, 1.04099e-06
TAP_1115, 108, 262.64, 1.04129e-06
FILLER_64_173, 108, 262.64, 1.04129e-06
FILLER_64_179, 110.7, 262.64, 1.0414e-06
_09438_, 116.1, 262.64, 1.04158e-06
FILLER_63_191, 116.1, 262.64, 1.04158e-06
_05283_, 118.8, 262.64, 1.04156e-06
FILLER_63_203, 124.2, 262.64, 1.04143e-06
FILLER_63_211, 126.9, 262.64, 1.04134e-06
TAP_1102, 129.6, 262.64, 1.04123e-06
FILLER_63_215, 129.6, 262.64, 1.04123e-06
_05303_, 132.3, 262.64, 1.04109e-06
_09454_, 132.3, 262.64, 1.04109e-06
FILLER_63_217, 132.3, 262.64, 1.04109e-06
_04990_, 137.7, 262.64, 1.04048e-06
FILLER_63_232, 140.4, 262.64, 1.04014e-06
_09552_, 143.1, 262.64, 1.04041e-06
FILLER_63_236, 143.1, 262.64, 1.04041e-06
TAP_1116, 148.5, 262.64, 1.04073e-06
FILLER_64_245, 148.5, 262.64, 1.04073e-06
FILLER_64_247, 148.5, 262.64, 1.04073e-06
FILLER_64_250, 151.2, 262.64, 1.04083e-06
FILLER_64_254, 151.2, 262.64, 1.04083e-06
_09551_, 153.9, 262.64, 1.04088e-06
FILLER_63_269, 162, 262.64, 1.04079e-06
FILLER_63_277, 164.7, 262.64, 1.04074e-06
FILLER_63_281, 167.4, 262.64, 1.04067e-06
FILLER_63_283, 167.4, 262.64, 1.04067e-06
TAP_1103, 170.1, 262.64, 1.04056e-06
FILLER_63_286, 170.1, 262.64, 1.04056e-06
FILLER_64_287, 170.1, 262.64, 1.04056e-06
_05204_, 175.5, 262.64, 1.04021e-06
FILLER_63_294, 175.5, 262.64, 1.04021e-06
FILLER_64_295, 175.5, 262.64, 1.04021e-06
_05218_, 178.2, 262.64, 1.03989e-06
FILLER_63_298, 178.2, 262.64, 1.03989e-06
_09972_, 183.6, 262.64, 1.03983e-06
FILLER_64_315, 186.3, 262.64, 1.04009e-06
TAP_1117, 189, 262.64, 1.04032e-06
FILLER_64_321, 189, 262.64, 1.04032e-06
_05214_, 191.7, 262.64, 1.04051e-06
_09092_, 199.8, 262.64, 1.04083e-06
_09271_, 199.8, 262.64, 1.04083e-06
FILLER_63_337, 199.8, 262.64, 1.04083e-06
FILLER_64_339, 199.8, 262.64, 1.04083e-06
_09270_, 202.5, 262.64, 1.04075e-06
TAP_1104, 207.9, 262.64, 1.04049e-06
_09087_, 210.6, 262.64, 1.04034e-06
_09269_, 213.3, 262.64, 1.04014e-06
FILLER_64_364, 213.3, 262.64, 1.04014e-06
_09281_, 216, 262.64, 1.03988e-06
FILLER_64_368, 216, 262.64, 1.03988e-06
FILLER_63_371, 218.7, 262.64, 1.03956e-06
_05230_, 221.4, 262.64, 1.03923e-06
FILLER_64_376, 221.4, 262.64, 1.03923e-06
FILLER_64_384, 224.1, 262.64, 1.03962e-06
FILLER_64_388, 226.8, 262.64, 1.03999e-06
_06851_, 229.5, 262.64, 1.04034e-06
TAP_1118, 229.5, 262.64, 1.04034e-06
_05233_, 232.2, 262.64, 1.04064e-06
_05236_, 232.2, 262.64, 1.04064e-06
FILLER_64_397, 232.2, 262.64, 1.04064e-06
_06853_, 245.7, 262.64, 1.04055e-06
FILLER_63_423, 245.7, 262.64, 1.04055e-06
TAP_1105, 248.4, 262.64, 1.04039e-06
FILLER_63_425, 248.4, 262.64, 1.04039e-06
_06905_, 251.1, 262.64, 1.0402e-06
_06882_, 259.2, 262.64, 1.03934e-06
FILLER_64_446, 259.2, 262.64, 1.03934e-06
_06842_, 261.9, 262.64, 1.03899e-06
FILLER_64_448, 261.9, 262.64, 1.03899e-06
_06795_, 264.6, 262.64, 1.03955e-06
_06852_, 264.6, 262.64, 1.03955e-06
_06888_, 267.3, 262.64, 1.04004e-06
TAP_1119, 267.3, 262.64, 1.04004e-06
_06903_, 270, 262.64, 1.04046e-06
_06752_, 272.7, 262.64, 1.04084e-06
_06886_, 272.7, 262.64, 1.04084e-06
_06862_, 275.4, 262.64, 1.04116e-06
_06887_, 275.4, 262.64, 1.04116e-06
_06863_, 278.1, 262.64, 1.04138e-06
FILLER_63_477, 278.1, 262.64, 1.04138e-06
_06911_, 280.8, 262.64, 1.04152e-06
_06952_, 286.2, 262.64, 1.04166e-06
_06864_, 288.9, 262.64, 1.04169e-06
TAP_1106, 288.9, 262.64, 1.04169e-06
FILLER_64_498, 288.9, 262.64, 1.04169e-06
_06913_, 294.3, 262.64, 1.04157e-06
_06954_, 294.3, 262.64, 1.04157e-06
_06949_, 299.7, 262.64, 1.04112e-06
FILLER_64_516, 299.7, 262.64, 1.04112e-06
_06916_, 305.1, 262.64, 1.04265e-06
_06958_, 307.8, 262.64, 1.04338e-06
TAP_1120, 307.8, 262.64, 1.04338e-06
FILLER_64_530, 307.8, 262.64, 1.04338e-06
FILLER_64_534, 307.8, 262.64, 1.04338e-06
_06917_, 310.5, 262.64, 1.04399e-06
FILLER_63_538, 310.5, 262.64, 1.04399e-06
_06919_, 313.2, 262.64, 1.04455e-06
FILLER_63_542, 313.2, 262.64, 1.04455e-06
_06921_, 315.9, 262.64, 1.04503e-06
FILLER_63_544, 315.9, 262.64, 1.04503e-06
_06920_, 318.6, 262.64, 1.04545e-06
_06909_, 321.3, 262.64, 1.04582e-06
_06959_, 321.3, 262.64, 1.04582e-06
_06907_, 324, 262.64, 1.0461e-06
FILLER_63_559, 324, 262.64, 1.0461e-06
FILLER_63_561, 324, 262.64, 1.0461e-06
FILLER_64_565, 326.7, 262.64, 1.0463e-06
_06908_, 329.4, 262.64, 1.04648e-06
TAP_1107, 329.4, 262.64, 1.04648e-06
_06946_, 332.1, 262.64, 1.04653e-06
FILLER_64_573, 332.1, 262.64, 1.04653e-06
_04814_, 342.9, 262.64, 1.04713e-06
FILLER_63_593, 342.9, 262.64, 1.04713e-06
_06947_, 345.6, 262.64, 1.04795e-06
_09620_, 345.6, 262.64, 1.04795e-06
FILLER_63_598, 345.6, 262.64, 1.04795e-06
TAP_1121, 348.3, 262.64, 1.04863e-06
FILLER_64_605, 348.3, 262.64, 1.04863e-06
FILLER_64_613, 353.7, 262.64, 1.04991e-06
_09310_, 356.4, 262.64, 1.05053e-06
FILLER_64_617, 356.4, 262.64, 1.05053e-06
FILLER_64_619, 356.4, 262.64, 1.05053e-06
_09309_, 361.8, 262.64, 1.05157e-06
FILLER_64_630, 361.8, 262.64, 1.05157e-06
_04751_, 364.5, 262.64, 1.05204e-06
_09722_, 364.5, 262.64, 1.05204e-06
TAP_1108, 367.2, 262.64, 1.05236e-06
FILLER_63_636, 367.2, 262.64, 1.05236e-06
FILLER_63_638, 367.2, 262.64, 1.05236e-06
_08734_, 369.9, 262.64, 1.05263e-06
_08735_, 372.6, 262.64, 1.05285e-06
FILLER_63_657, 378, 262.64, 1.05317e-06
FILLER_63_659, 378, 262.64, 1.05317e-06
_09976_, 380.7, 262.64, 1.0533e-06
FILLER_64_671, 386.1, 262.64, 1.05503e-06
FILLER_64_673, 386.1, 262.64, 1.05503e-06
_08389_, 388.8, 262.64, 1.05585e-06
TAP_1122, 388.8, 262.64, 1.05585e-06
_08681_, 396.9, 262.64, 1.05798e-06
_08391_, 399.6, 262.64, 1.05865e-06
_08423_, 399.6, 262.64, 1.05865e-06
FILLER_64_694, 399.6, 262.64, 1.05865e-06
_08577_, 407.7, 262.64, 1.05991e-06
TAP_1109, 407.7, 262.64, 1.05991e-06
_08682_, 413.1, 262.64, 1.06058e-06
_08386_, 415.8, 262.64, 1.06083e-06
_09627_, 421.2, 262.64, 1.06122e-06
FILLER_63_734, 421.2, 262.64, 1.06122e-06
_06999_, 423.9, 262.64, 1.06203e-06
TAP_1123, 426.6, 262.64, 1.06281e-06
FILLER_64_742, 426.6, 262.64, 1.06281e-06
FILLER_64_744, 426.6, 262.64, 1.06281e-06
_08633_, 429.3, 262.64, 1.06352e-06
FILLER_63_766, 440.1, 262.64, 1.06579e-06
FILLER_63_770, 440.1, 262.64, 1.06579e-06
_07017_, 442.8, 262.64, 1.06631e-06
_07020_, 442.8, 262.64, 1.06631e-06
_07023_, 445.5, 262.64, 1.06675e-06
_07019_, 448.2, 262.64, 1.06715e-06
_08567_, 448.2, 262.64, 1.06715e-06
TAP_1110, 448.2, 262.64, 1.06715e-06
FILLER_63_789, 450.9, 262.64, 1.06745e-06
FILLER_64_789, 450.9, 262.64, 1.06745e-06
FILLER_63_793, 453.6, 262.64, 1.06772e-06
FILLER_64_793, 453.6, 262.64, 1.06772e-06
_07043_, 456.3, 262.64, 1.06794e-06
_08400_, 456.3, 262.64, 1.06794e-06
FILLER_63_795, 456.3, 262.64, 1.06794e-06
FILLER_64_795, 456.3, 262.64, 1.06794e-06
_09628_, 459, 262.64, 1.06804e-06
FILLER_63_802, 459, 262.64, 1.06804e-06
FILLER_64_802, 459, 262.64, 1.06804e-06
FILLER_64_810, 464.4, 262.64, 1.06869e-06
TAP_1124, 467.1, 262.64, 1.06935e-06
FILLER_64_814, 467.1, 262.64, 1.06935e-06
FILLER_64_818, 467.1, 262.64, 1.06935e-06
_08671_, 469.8, 262.64, 1.06994e-06
FILLER_64_824, 472.5, 262.64, 1.07049e-06
FILLER_64_832, 475.2, 262.64, 1.07103e-06
_08670_, 477.9, 262.64, 1.07154e-06
FILLER_63_834, 477.9, 262.64, 1.07154e-06
_08615_, 480.6, 262.64, 1.07199e-06
FILLER_63_842, 480.6, 262.64, 1.07199e-06
_08394_, 483.3, 262.64, 1.07237e-06
FILLER_63_846, 483.3, 262.64, 1.07237e-06
FILLER_64_847, 483.3, 262.64, 1.07237e-06
TAP_1111, 486, 262.64, 1.07268e-06
FILLER_64_851, 486, 262.64, 1.07268e-06
_08398_, 488.7, 262.64, 1.07295e-06
_08559_, 488.7, 262.64, 1.07295e-06
FILLER_64_853, 488.7, 262.64, 1.07295e-06
_08560_, 494.1, 262.64, 1.07323e-06
_08561_, 494.1, 262.64, 1.07323e-06
FILLER_64_869, 496.8, 262.64, 1.07328e-06
_08696_, 499.5, 262.64, 1.07331e-06
_08699_, 499.5, 262.64, 1.07331e-06
FILLER_64_873, 499.5, 262.64, 1.07331e-06
_08705_, 502.2, 262.64, 1.07323e-06
FILLER_64_883, 504.9, 262.64, 1.07393e-06
_08683_, 507.6, 262.64, 1.0746e-06
_08698_, 507.6, 262.64, 1.0746e-06
TAP_1125, 507.6, 262.64, 1.0746e-06
_08697_, 510.3, 262.64, 1.07518e-06
FILLER_64_894, 510.3, 262.64, 1.07518e-06
_08662_, 513, 262.64, 1.0757e-06
_08703_, 515.7, 262.64, 1.07616e-06
FILLER_64_902, 515.7, 262.64, 1.07616e-06
_08552_, 521.1, 262.64, 1.07692e-06
FILLER_64_911, 521.1, 262.64, 1.07692e-06
FILLER_64_919, 523.8, 262.64, 1.07723e-06
_08658_, 526.5, 262.64, 1.07752e-06
TAP_1112, 526.5, 262.64, 1.07752e-06
FILLER_64_921, 526.5, 262.64, 1.07752e-06
_08600_, 529.2, 262.64, 1.07773e-06
FILLER_64_927, 529.2, 262.64, 1.07773e-06
_08659_, 531.9, 262.64, 1.07787e-06
FILLER_63_938, 534.6, 262.64, 1.07797e-06
PHY_127, 537.3, 262.64, 1.07805e-06
PHY_129, 537.3, 262.64, 1.07805e-06
FILLER_63_942, 537.3, 262.64, 1.07805e-06
FILLER_64_943, 537.3, 262.64, 1.07805e-06
PHY_122, 10.8, 254.8, 1.01956e-06
PHY_124, 10.8, 254.8, 1.01956e-06
FILLER_61_2, 10.8, 254.8, 1.01956e-06
FILLER_62_2, 10.8, 254.8, 1.01956e-06
_05074_, 18.9, 254.8, 1.01932e-06
FILLER_62_18, 18.9, 254.8, 1.01932e-06
_08754_, 21.6, 254.8, 1.01919e-06
_09028_, 21.6, 254.8, 1.01919e-06
FILLER_61_32, 27, 254.8, 1.02015e-06
FILLER_62_32, 27, 254.8, 1.02015e-06
_09023_, 29.7, 254.8, 1.02059e-06
TAP_1087, 29.7, 254.8, 1.02059e-06
FILLER_62_34, 29.7, 254.8, 1.02059e-06
FILLER_62_37, 29.7, 254.8, 1.02059e-06
_09736_, 32.4, 254.8, 1.02092e-06
repeater11, 32.4, 254.8, 1.02092e-06
FILLER_62_39, 32.4, 254.8, 1.02092e-06
_04914_, 45.9, 254.8, 1.0213e-06
_09029_, 48.6, 254.8, 1.02134e-06
TAP_1074, 48.6, 254.8, 1.02134e-06
_08755_, 51.3, 254.8, 1.02132e-06
FILLER_61_73, 51.3, 254.8, 1.02132e-06
FILLER_61_75, 51.3, 254.8, 1.02132e-06
repeater10, 54, 254.8, 1.0212e-06
_08753_, 59.4, 254.8, 1.02066e-06
_05612_, 64.8, 254.8, 1.02064e-06
FILLER_61_96, 64.8, 254.8, 1.02064e-06
_09436_, 70.2, 254.8, 1.02108e-06
TAP_1088, 70.2, 254.8, 1.02108e-06
FILLER_61_106, 70.2, 254.8, 1.02108e-06
_09452_, 72.9, 254.8, 1.02119e-06
FILLER_61_110, 72.9, 254.8, 1.02119e-06
FILLER_61_112, 72.9, 254.8, 1.02119e-06
_05281_, 86.4, 254.8, 1.02107e-06
TAP_1075, 89.1, 254.8, 1.021e-06
_05301_, 91.8, 254.8, 1.0209e-06
_09437_, 91.8, 254.8, 1.0209e-06
_05282_, 97.2, 254.8, 1.02044e-06
FILLER_61_154, 97.2, 254.8, 1.02044e-06
_05552_, 102.6, 254.8, 1.02041e-06
_05511_, 108, 254.8, 1.02085e-06
TAP_1089, 108, 254.8, 1.02085e-06
FILLER_61_174, 108, 254.8, 1.02085e-06
FILLER_62_176, 108, 254.8, 1.02085e-06
_05302_, 110.7, 254.8, 1.02096e-06
_09434_, 113.4, 254.8, 1.02101e-06
_04956_, 116.1, 254.8, 1.02099e-06
_05279_, 118.8, 254.8, 1.02093e-06
FILLER_62_203, 124.2, 254.8, 1.0207e-06
FILLER_62_211, 126.9, 254.8, 1.02057e-06
_09450_, 129.6, 254.8, 1.02042e-06
TAP_1076, 129.6, 254.8, 1.02042e-06
FILLER_62_215, 129.6, 254.8, 1.02042e-06
_05299_, 132.3, 254.8, 1.02015e-06
FILLER_62_217, 132.3, 254.8, 1.02015e-06
_05410_, 137.7, 254.8, 1.01945e-06
_05489_, 143.1, 254.8, 1.01928e-06
FILLER_62_237, 143.1, 254.8, 1.01928e-06
_04862_, 145.8, 254.8, 1.01944e-06
TAP_1090, 148.5, 254.8, 1.01957e-06
FILLER_61_248, 148.5, 254.8, 1.01957e-06
FILLER_62_247, 148.5, 254.8, 1.01957e-06
_05460_, 151.2, 254.8, 1.01964e-06
_09727_, 151.2, 254.8, 1.01964e-06
FILLER_61_252, 151.2, 254.8, 1.01964e-06
FILLER_62_250, 151.2, 254.8, 1.01964e-06
FILLER_62_252, 151.2, 254.8, 1.01964e-06
FILLER_62_261, 156.6, 254.8, 1.01939e-06
_08737_, 162, 254.8, 1.01911e-06
_09728_, 164.7, 254.8, 1.01891e-06
FILLER_61_283, 167.4, 254.8, 1.01863e-06
_08743_, 170.1, 254.8, 1.01833e-06
TAP_1077, 170.1, 254.8, 1.01833e-06
_05031_, 175.5, 254.8, 1.01758e-06
_05276_, 178.2, 254.8, 1.01718e-06
FILLER_62_307, 180.9, 254.8, 1.01667e-06
_05216_, 183.6, 254.8, 1.01685e-06
FILLER_62_316, 186.3, 254.8, 1.01697e-06
_05275_, 189, 254.8, 1.01708e-06
TAP_1091, 189, 254.8, 1.01708e-06
FILLER_62_318, 189, 254.8, 1.01708e-06
_09962_, 191.7, 254.8, 1.01705e-06
_09961_, 199.8, 254.8, 1.01673e-06
FILLER_62_339, 199.8, 254.8, 1.01673e-06
TAP_1078, 207.9, 254.8, 1.01611e-06
FILLER_61_357, 210.6, 254.8, 1.01588e-06
FILLER_62_370, 216, 254.8, 1.01538e-06
_05232_, 218.7, 254.8, 1.01511e-06
FILLER_61_373, 218.7, 254.8, 1.01511e-06
FILLER_62_374, 218.7, 254.8, 1.01511e-06
_05229_, 221.4, 254.8, 1.01476e-06
_05223_, 224.1, 254.8, 1.01523e-06
_05224_, 224.1, 254.8, 1.01523e-06
FILLER_62_387, 226.8, 254.8, 1.01552e-06
FILLER_62_389, 226.8, 254.8, 1.01552e-06
TAP_1092, 229.5, 254.8, 1.01577e-06
clkbuf_0_clk, 229.5, 254.8, 1.01577e-06
_06878_, 237.6, 254.8, 1.01566e-06
FILLER_61_404, 237.6, 254.8, 1.01566e-06
_06904_, 240.3, 254.8, 1.01555e-06
TAP_1079, 248.4, 254.8, 1.01502e-06
_06794_, 251.1, 254.8, 1.01482e-06
FILLER_61_428, 251.1, 254.8, 1.01482e-06
_06844_, 253.8, 254.8, 1.01456e-06
FILLER_61_434, 253.8, 254.8, 1.01456e-06
_06793_, 256.5, 254.8, 1.01417e-06
_06843_, 259.2, 254.8, 1.01374e-06
FILLER_62_452, 261.9, 254.8, 1.01327e-06
_06841_, 264.6, 254.8, 1.01375e-06
TAP_1093, 267.3, 254.8, 1.01418e-06
FILLER_61_459, 267.3, 254.8, 1.01418e-06
FILLER_62_459, 267.3, 254.8, 1.01418e-06
_06889_, 270, 254.8, 1.01456e-06
_06939_, 270, 254.8, 1.01456e-06
FILLER_61_473, 275.4, 254.8, 1.01497e-06
_06953_, 283.5, 254.8, 1.01553e-06
FILLER_61_489, 283.5, 254.8, 1.01553e-06
FILLER_62_486, 283.5, 254.8, 1.01553e-06
FILLER_62_488, 283.5, 254.8, 1.01553e-06
FILLER_62_494, 286.2, 254.8, 1.01562e-06
_06891_, 288.9, 254.8, 1.01569e-06
_06912_, 288.9, 254.8, 1.01569e-06
TAP_1080, 288.9, 254.8, 1.01569e-06
FILLER_62_498, 288.9, 254.8, 1.01569e-06
FILLER_61_504, 291.6, 254.8, 1.01561e-06
_06948_, 294.3, 254.8, 1.01551e-06
_06914_, 297, 254.8, 1.01536e-06
FILLER_61_514, 297, 254.8, 1.01536e-06
_06915_, 302.4, 254.8, 1.01602e-06
_06950_, 305.1, 254.8, 1.01686e-06
_06890_, 307.8, 254.8, 1.01766e-06
TAP_1094, 307.8, 254.8, 1.01766e-06
FILLER_62_531, 307.8, 254.8, 1.01766e-06
FILLER_62_534, 307.8, 254.8, 1.01766e-06
_06792_, 310.5, 254.8, 1.01815e-06
TAP_1081, 329.4, 254.8, 1.01982e-06
FILLER_61_570, 329.4, 254.8, 1.01982e-06
_06906_, 332.1, 254.8, 1.02002e-06
_06922_, 334.8, 254.8, 1.02018e-06
_07940_, 334.8, 254.8, 1.02018e-06
_06923_, 340.2, 254.8, 1.02022e-06
_09619_, 342.9, 254.8, 1.0211e-06
FILLER_62_598, 345.6, 254.8, 1.0219e-06
TAP_1095, 348.3, 254.8, 1.02267e-06
FILLER_62_602, 348.3, 254.8, 1.02267e-06
FILLER_62_605, 348.3, 254.8, 1.02267e-06
_09978_, 353.7, 254.8, 1.02409e-06
_09319_, 359.1, 254.8, 1.02535e-06
FILLER_61_631, 364.5, 254.8, 1.02653e-06
TAP_1082, 367.2, 254.8, 1.02711e-06
FILLER_61_641, 369.9, 254.8, 1.02766e-06
FILLER_62_642, 369.9, 254.8, 1.02766e-06
_09302_, 372.6, 254.8, 1.02817e-06
_09305_, 372.6, 254.8, 1.02817e-06
FILLER_62_646, 372.6, 254.8, 1.02817e-06
_09301_, 375.3, 254.8, 1.02856e-06
FILLER_61_655, 378, 254.8, 1.02892e-06
FILLER_61_659, 378, 254.8, 1.02892e-06
_08482_, 380.7, 254.8, 1.02924e-06
_09975_, 380.7, 254.8, 1.02924e-06
FILLER_62_660, 380.7, 254.8, 1.02924e-06
_09306_, 388.8, 254.8, 1.03207e-06
TAP_1096, 388.8, 254.8, 1.03207e-06
_08527_, 394.2, 254.8, 1.03379e-06
_08726_, 396.9, 254.8, 1.0346e-06
_08388_, 399.6, 254.8, 1.03535e-06
_08390_, 402.3, 254.8, 1.03604e-06
FILLER_62_699, 402.3, 254.8, 1.03604e-06
FILLER_61_707, 405, 254.8, 1.03657e-06
_08730_, 407.7, 254.8, 1.03707e-06
TAP_1083, 407.7, 254.8, 1.03707e-06
FILLER_61_709, 407.7, 254.8, 1.03707e-06
_04775_, 413.1, 254.8, 1.0379e-06
_09720_, 418.5, 254.8, 1.03862e-06
FILLER_61_728, 418.5, 254.8, 1.03862e-06
FILLER_61_730, 418.5, 254.8, 1.03862e-06
_04793_, 421.2, 254.8, 1.03885e-06
_08731_, 421.2, 254.8, 1.03885e-06
TAP_1097, 426.6, 254.8, 1.04055e-06
FILLER_62_744, 426.6, 254.8, 1.04055e-06
_08632_, 429.3, 254.8, 1.04136e-06
_08330_, 432, 254.8, 1.04213e-06
FILLER_62_752, 432, 254.8, 1.04213e-06
FILLER_62_760, 434.7, 254.8, 1.04284e-06
_04753_, 437.4, 254.8, 1.04353e-06
_09719_, 437.4, 254.8, 1.04353e-06
FILLER_62_762, 437.4, 254.8, 1.04353e-06
_08727_, 440.1, 254.8, 1.04406e-06
FILLER_61_778, 445.5, 254.8, 1.04502e-06
_08729_, 448.2, 254.8, 1.04548e-06
TAP_1084, 448.2, 254.8, 1.04548e-06
FILLER_61_780, 448.2, 254.8, 1.04548e-06
_09709_, 453.6, 254.8, 1.04621e-06
FILLER_61_791, 453.6, 254.8, 1.04621e-06
FILLER_62_794, 453.6, 254.8, 1.04621e-06
_08708_, 456.3, 254.8, 1.04645e-06
_04754_, 459, 254.8, 1.04664e-06
_08709_, 464.4, 254.8, 1.04759e-06
TAP_1098, 467.1, 254.8, 1.04835e-06
FILLER_62_818, 467.1, 254.8, 1.04835e-06
_08694_, 469.8, 254.8, 1.04907e-06
_08707_, 469.8, 254.8, 1.04907e-06
_08706_, 475.2, 254.8, 1.05017e-06
_08397_, 480.6, 254.8, 1.05117e-06
_08393_, 483.3, 254.8, 1.05162e-06
_08412_, 483.3, 254.8, 1.05162e-06
TAP_1085, 486, 254.8, 1.05194e-06
_08408_, 488.7, 254.8, 1.05224e-06
_08562_, 494.1, 254.8, 1.05264e-06
_08700_, 502.2, 254.8, 1.05307e-06
_08701_, 502.2, 254.8, 1.05307e-06
_08704_, 507.6, 254.8, 1.05467e-06
TAP_1099, 507.6, 254.8, 1.05467e-06
FILLER_61_889, 507.6, 254.8, 1.05467e-06
_08702_, 510.3, 254.8, 1.05531e-06
FILLER_61_891, 510.3, 254.8, 1.05531e-06
_08660_, 513, 254.8, 1.05588e-06
_08661_, 521.1, 254.8, 1.05739e-06
FILLER_61_913, 521.1, 254.8, 1.05739e-06
_08657_, 523.8, 254.8, 1.05782e-06
FILLER_61_915, 523.8, 254.8, 1.05782e-06
_08554_, 526.5, 254.8, 1.0582e-06
TAP_1086, 526.5, 254.8, 1.0582e-06
FILLER_61_921, 526.5, 254.8, 1.0582e-06
FILLER_62_920, 526.5, 254.8, 1.0582e-06
FILLER_62_922, 526.5, 254.8, 1.0582e-06
_08601_, 529.2, 254.8, 1.05842e-06
_08553_, 534.6, 254.8, 1.05874e-06
FILLER_61_937, 534.6, 254.8, 1.05874e-06
PHY_123, 537.3, 254.8, 1.05884e-06
PHY_125, 537.3, 254.8, 1.05884e-06
FILLER_61_941, 537.3, 254.8, 1.05884e-06
FILLER_61_943, 537.3, 254.8, 1.05884e-06
FILLER_62_940, 537.3, 254.8, 1.05884e-06
_09741_, 10.8, 246.96, 9.98974e-07
_09873_, 10.8, 246.96, 9.98974e-07
PHY_118, 10.8, 246.96, 9.98974e-07
PHY_120, 10.8, 246.96, 9.98974e-07
_05072_, 27, 246.96, 9.98924e-07
_05589_, 27, 246.96, 9.98924e-07
TAP_1061, 29.7, 246.96, 9.99227e-07
FILLER_60_37, 29.7, 246.96, 9.99227e-07
_09868_, 32.4, 246.96, 9.9949e-07
FILLER_59_40, 32.4, 246.96, 9.9949e-07
_08749_, 37.8, 246.96, 9.99809e-07
FILLER_59_48, 37.8, 246.96, 9.99809e-07
FILLER_59_50, 37.8, 246.96, 9.99809e-07
_05441_, 43.2, 246.96, 9.99942e-07
_09031_, 48.6, 246.96, 9.99969e-07
TAP_1048, 48.6, 246.96, 9.99969e-07
FILLER_59_70, 48.6, 246.96, 9.99969e-07
_09874_, 51.3, 246.96, 9.99889e-07
_09742_, 54, 246.96, 9.99727e-07
_05106_, 67.5, 246.96, 9.99524e-07
_05104_, 70.2, 246.96, 9.99759e-07
TAP_1062, 70.2, 246.96, 9.99759e-07
FILLER_59_106, 70.2, 246.96, 9.99759e-07
FILLER_59_114, 72.9, 246.96, 9.99923e-07
FILLER_60_112, 72.9, 246.96, 9.99923e-07
_04891_, 75.6, 246.96, 1.00005e-06
_05268_, 78.3, 246.96, 1.00014e-06
FILLER_60_128, 81, 246.96, 1.00018e-06
_04893_, 83.7, 246.96, 1.0002e-06
_05436_, 83.7, 246.96, 1.0002e-06
FILLER_60_130, 83.7, 246.96, 1.0002e-06
_05482_, 86.4, 246.96, 1.00011e-06
TAP_1049, 89.1, 246.96, 9.99976e-07
FILLER_59_141, 89.1, 246.96, 9.99976e-07
_09431_, 91.8, 246.96, 9.99798e-07
FILLER_60_144, 91.8, 246.96, 9.99798e-07
_05277_, 99.9, 246.96, 9.98956e-07
FILLER_60_160, 99.9, 246.96, 9.98956e-07
_05021_, 108, 246.96, 9.99432e-07
TAP_1063, 108, 246.96, 9.99432e-07
FILLER_59_177, 108, 246.96, 9.99432e-07
_04958_, 110.7, 246.96, 9.99519e-07
_09430_, 110.7, 246.96, 9.99519e-07
FILLER_60_183, 113.4, 246.96, 9.99493e-07
FILLER_60_199, 121.5, 246.96, 9.99354e-07
FILLER_60_201, 121.5, 246.96, 9.99354e-07
_04860_, 124.2, 246.96, 9.99267e-07
FILLER_60_206, 124.2, 246.96, 9.99267e-07
FILLER_59_210, 126.9, 246.96, 9.99129e-07
_05293_, 129.6, 246.96, 9.98971e-07
TAP_1050, 129.6, 246.96, 9.98971e-07
FILLER_59_212, 129.6, 246.96, 9.98971e-07
FILLER_60_214, 129.6, 246.96, 9.98971e-07
_04989_, 132.3, 246.96, 9.987e-07
FILLER_60_216, 132.3, 246.96, 9.987e-07
_05297_, 135, 246.96, 9.98377e-07
_05529_, 135, 246.96, 9.98377e-07
FILLER_60_221, 135, 246.96, 9.98377e-07
FILLER_59_234, 140.4, 246.96, 9.97408e-07
_09730_, 143.1, 246.96, 9.97553e-07
FILLER_60_238, 143.1, 246.96, 9.97553e-07
TAP_1064, 148.5, 246.96, 9.97639e-07
FILLER_60_246, 148.5, 246.96, 9.97639e-07
_05095_, 151.2, 246.96, 9.97641e-07
FILLER_60_250, 151.2, 246.96, 9.97641e-07
_08745_, 153.9, 246.96, 9.97593e-07
_05001_, 159.3, 246.96, 9.97389e-07
_08742_, 159.3, 246.96, 9.97389e-07
FILLER_59_265, 159.3, 246.96, 9.97389e-07
_07673_, 162, 246.96, 9.97184e-07
_04999_, 164.7, 246.96, 9.96926e-07
_05263_, 167.4, 246.96, 9.96637e-07
FILLER_59_281, 167.4, 246.96, 9.96637e-07
FILLER_59_283, 167.4, 246.96, 9.96637e-07
FILLER_60_279, 167.4, 246.96, 9.96637e-07
TAP_1051, 170.1, 246.96, 9.96199e-07
FILLER_59_286, 170.1, 246.96, 9.96199e-07
_05249_, 172.8, 246.96, 9.9572e-07
FILLER_59_290, 172.8, 246.96, 9.9572e-07
_05219_, 178.2, 246.96, 9.94547e-07
_05220_, 183.6, 246.96, 9.93946e-07
_05250_, 189, 246.96, 9.9389e-07
TAP_1065, 189, 246.96, 9.9389e-07
_08383_, 197.1, 246.96, 9.93437e-07
_05560_, 202.5, 246.96, 9.9303e-07
_09272_, 205.2, 246.96, 9.92773e-07
TAP_1052, 207.9, 246.96, 9.92457e-07
FILLER_59_354, 207.9, 246.96, 9.92457e-07
_08382_, 210.6, 246.96, 9.92101e-07
FILLER_59_357, 210.6, 246.96, 9.92101e-07
FILLER_60_357, 210.6, 246.96, 9.92101e-07
_05522_, 216, 246.96, 9.91201e-07
FILLER_60_373, 218.7, 246.96, 9.90698e-07
_05002_, 221.4, 246.96, 9.90176e-07
_05235_, 224.1, 246.96, 9.90514e-07
FILLER_59_382, 224.1, 246.96, 9.90514e-07
FILLER_60_381, 224.1, 246.96, 9.90514e-07
FILLER_60_389, 226.8, 246.96, 9.90774e-07
_06837_, 229.5, 246.96, 9.91014e-07
_06838_, 229.5, 246.96, 9.91014e-07
TAP_1066, 229.5, 246.96, 9.91014e-07
FILLER_59_390, 229.5, 246.96, 9.91014e-07
FILLER_60_392, 229.5, 246.96, 9.91014e-07
_06833_, 234.9, 246.96, 9.91067e-07
_06850_, 237.6, 246.96, 9.91056e-07
FILLER_60_406, 237.6, 246.96, 9.91056e-07
_06835_, 243, 246.96, 9.90858e-07
_06926_, 245.7, 246.96, 9.90719e-07
FILLER_59_423, 245.7, 246.96, 9.90719e-07
TAP_1053, 248.4, 246.96, 9.90507e-07
FILLER_59_425, 248.4, 246.96, 9.90507e-07
FILLER_60_427, 248.4, 246.96, 9.90507e-07
_06927_, 251.1, 246.96, 9.90234e-07
_06945_, 251.1, 246.96, 9.90234e-07
_06848_, 253.8, 246.96, 9.89794e-07
FILLER_59_436, 253.8, 246.96, 9.89794e-07
_06840_, 261.9, 246.96, 9.88208e-07
_06928_, 261.9, 246.96, 9.88208e-07
FILLER_60_451, 261.9, 246.96, 9.88208e-07
_06930_, 267.3, 246.96, 9.891e-07
TAP_1067, 267.3, 246.96, 9.891e-07
FILLER_60_457, 267.3, 246.96, 9.891e-07
_06934_, 270, 246.96, 9.89468e-07
FILLER_59_465, 270, 246.96, 9.89468e-07
_06896_, 272.7, 246.96, 9.897e-07
FILLER_59_467, 272.7, 246.96, 9.897e-07
_06895_, 278.1, 246.96, 9.89987e-07
_06893_, 283.5, 246.96, 9.90193e-07
_06894_, 283.5, 246.96, 9.90193e-07
FILLER_59_494, 286.2, 246.96, 9.90206e-07
FILLER_60_495, 286.2, 246.96, 9.90206e-07
_06892_, 288.9, 246.96, 9.90179e-07
_06933_, 288.9, 246.96, 9.90179e-07
TAP_1054, 288.9, 246.96, 9.90179e-07
FILLER_59_496, 288.9, 246.96, 9.90179e-07
_06846_, 291.6, 246.96, 9.90006e-07
FILLER_60_509, 294.3, 246.96, 9.89796e-07
_06751_, 297, 246.96, 9.89566e-07
_06932_, 297, 246.96, 9.89566e-07
FILLER_59_510, 297, 246.96, 9.89566e-07
FILLER_59_512, 297, 246.96, 9.89566e-07
FILLER_60_516, 299.7, 246.96, 9.89005e-07
TAP_1068, 307.8, 246.96, 9.90977e-07
FILLER_60_534, 307.8, 246.96, 9.90977e-07
_07827_, 318.6, 246.96, 9.93444e-07
FILLER_60_550, 318.6, 246.96, 9.93444e-07
_06845_, 321.3, 246.96, 9.94003e-07
FILLER_59_556, 321.3, 246.96, 9.94003e-07
FILLER_60_554, 321.3, 246.96, 9.94003e-07
FILLER_60_556, 321.3, 246.96, 9.94003e-07
FILLER_59_564, 326.7, 246.96, 9.94495e-07
_06931_, 329.4, 246.96, 9.9472e-07
TAP_1055, 329.4, 246.96, 9.9472e-07
FILLER_60_595, 342.9, 246.96, 9.95574e-07
_06924_, 345.6, 246.96, 9.96507e-07
_07889_, 348.3, 246.96, 9.97404e-07
TAP_1069, 348.3, 246.96, 9.97404e-07
FILLER_60_605, 348.3, 246.96, 9.97404e-07
_09982_, 351, 246.96, 9.98175e-07
_09320_, 356.4, 246.96, 9.99552e-07
FILLER_59_630, 361.8, 246.96, 1.00081e-06
_09974_, 367.2, 246.96, 1.00203e-06
TAP_1056, 367.2, 246.96, 1.00203e-06
FILLER_59_638, 367.2, 246.96, 1.00203e-06
FILLER_59_641, 369.9, 246.96, 1.00251e-06
FILLER_59_657, 378, 246.96, 1.00391e-06
_09304_, 380.7, 246.96, 1.00435e-06
FILLER_59_661, 380.7, 246.96, 1.00435e-06
FILLER_59_663, 380.7, 246.96, 1.00435e-06
_09303_, 383.4, 246.96, 1.00546e-06
FILLER_60_667, 383.4, 246.96, 1.00546e-06
_08354_, 388.8, 246.96, 1.00757e-06
TAP_1070, 388.8, 246.96, 1.00757e-06
FILLER_60_676, 388.8, 246.96, 1.00757e-06
_08728_, 391.5, 246.96, 1.00854e-06
_09688_, 391.5, 246.96, 1.00854e-06
_08372_, 394.2, 246.96, 1.00937e-06
_08364_, 399.6, 246.96, 1.01094e-06
FILLER_60_704, 405, 246.96, 1.0124e-06
_09692_, 407.7, 246.96, 1.01311e-06
TAP_1057, 407.7, 246.96, 1.01311e-06
FILLER_59_712, 407.7, 246.96, 1.01311e-06
_08373_, 410.4, 246.96, 1.01367e-06
_08178_, 413.1, 246.96, 1.01419e-06
_08331_, 415.8, 246.96, 1.01466e-06
_08137_, 421.2, 246.96, 1.01551e-06
TAP_1071, 426.6, 246.96, 1.01749e-06
FILLER_60_744, 426.6, 246.96, 1.01749e-06
_08332_, 429.3, 246.96, 1.01844e-06
_08289_, 432, 246.96, 1.01934e-06
_04805_, 434.7, 246.96, 1.02015e-06
_09718_, 434.7, 246.96, 1.02015e-06
_08290_, 440.1, 246.96, 1.02153e-06
FILLER_59_778, 445.5, 246.96, 1.0228e-06
_08288_, 448.2, 246.96, 1.02342e-06
TAP_1058, 448.2, 246.96, 1.02342e-06
FILLER_59_780, 448.2, 246.96, 1.02342e-06
_04755_, 453.6, 246.96, 1.02449e-06
_08568_, 453.6, 246.96, 1.02449e-06
FILLER_60_791, 453.6, 246.96, 1.02449e-06
_08425_, 456.3, 246.96, 1.0249e-06
_08426_, 459, 246.96, 1.02527e-06
_08429_, 459, 246.96, 1.02527e-06
FILLER_59_811, 464.4, 246.96, 1.02644e-06
FILLER_59_813, 464.4, 246.96, 1.02644e-06
FILLER_60_812, 464.4, 246.96, 1.02644e-06
_08652_, 467.1, 246.96, 1.0273e-06
TAP_1072, 467.1, 246.96, 1.0273e-06
FILLER_60_818, 467.1, 246.96, 1.0273e-06
_08413_, 469.8, 246.96, 1.02805e-06
_08651_, 472.5, 246.96, 1.0287e-06
_08669_, 475.2, 246.96, 1.02931e-06
FILLER_59_831, 475.2, 246.96, 1.02931e-06
_08655_, 480.6, 246.96, 1.03036e-06
_08409_, 486, 246.96, 1.03132e-06
TAP_1059, 486, 246.96, 1.03132e-06
FILLER_59_850, 486, 246.96, 1.03132e-06
_08404_, 488.7, 246.96, 1.03166e-06
_08402_, 494.1, 246.96, 1.03223e-06
_08395_, 499.5, 246.96, 1.03267e-06
_08396_, 499.5, 246.96, 1.03267e-06
_08403_, 502.2, 246.96, 1.03282e-06
FILLER_59_879, 502.2, 246.96, 1.03282e-06
FILLER_59_881, 502.2, 246.96, 1.03282e-06
_08668_, 504.9, 246.96, 1.03366e-06
FILLER_60_884, 504.9, 246.96, 1.03366e-06
FILLER_60_886, 504.9, 246.96, 1.03366e-06
_08695_, 507.6, 246.96, 1.03442e-06
TAP_1073, 507.6, 246.96, 1.03442e-06
_08656_, 510.3, 246.96, 1.03511e-06
FILLER_60_895, 510.3, 246.96, 1.03511e-06
_08663_, 513, 246.96, 1.03575e-06
FILLER_59_896, 513, 246.96, 1.03575e-06
FILLER_59_904, 515.7, 246.96, 1.03632e-06
_08606_, 518.4, 246.96, 1.03687e-06
_08664_, 518.4, 246.96, 1.03687e-06
_08605_, 521.1, 246.96, 1.03733e-06
_08555_, 523.8, 246.96, 1.03773e-06
FILLER_60_915, 523.8, 246.96, 1.03773e-06
_08603_, 526.5, 246.96, 1.03806e-06
TAP_1060, 526.5, 246.96, 1.03806e-06
_08556_, 529.2, 246.96, 1.03831e-06
_08602_, 534.6, 246.96, 1.03867e-06
FILLER_59_937, 534.6, 246.96, 1.03867e-06
PHY_119, 537.3, 246.96, 1.03879e-06
PHY_121, 537.3, 246.96, 1.03879e-06
FILLER_59_941, 537.3, 246.96, 1.03879e-06
FILLER_59_943, 537.3, 246.96, 1.03879e-06
FILLER_60_941, 537.3, 246.96, 1.03879e-06
FILLER_60_943, 537.3, 246.96, 1.03879e-06
PHY_114, 10.8, 239.12, 9.78985e-07
PHY_116, 10.8, 239.12, 9.78985e-07
FILLER_57_2, 10.8, 239.12, 9.78985e-07
FILLER_58_2, 10.8, 239.12, 9.78985e-07
FILLER_57_10, 16.2, 239.12, 9.78823e-07
_04946_, 18.9, 239.12, 9.78722e-07
FILLER_57_14, 18.9, 239.12, 9.78722e-07
FILLER_57_16, 18.9, 239.12, 9.78722e-07
FILLER_58_18, 18.9, 239.12, 9.78722e-07
_08750_, 21.6, 239.12, 9.78529e-07
_09030_, 21.6, 239.12, 9.78529e-07
FILLER_58_20, 21.6, 239.12, 9.78529e-07
FILLER_57_31, 27, 239.12, 9.79195e-07
FILLER_58_31, 27, 239.12, 9.79195e-07
_05543_, 29.7, 239.12, 9.79487e-07
TAP_1035, 29.7, 239.12, 9.79487e-07
FILLER_57_33, 29.7, 239.12, 9.79487e-07
FILLER_58_37, 29.7, 239.12, 9.79487e-07
_09735_, 32.4, 239.12, 9.79681e-07
FILLER_57_39, 32.4, 239.12, 9.79681e-07
FILLER_58_45, 35.1, 239.12, 9.79773e-07
_08748_, 37.8, 239.12, 9.79844e-07
FILLER_58_49, 37.8, 239.12, 9.79844e-07
_04882_, 43.2, 239.12, 9.7984e-07
FILLER_58_64, 45.9, 239.12, 9.79807e-07
TAP_1022, 48.6, 239.12, 9.79754e-07
FILLER_57_69, 48.6, 239.12, 9.79754e-07
_09027_, 51.3, 239.12, 9.79661e-07
FILLER_58_80, 54, 239.12, 9.79514e-07
_08751_, 56.7, 239.12, 9.79348e-07
_09022_, 59.4, 239.12, 9.79128e-07
FILLER_58_88, 59.4, 239.12, 9.79128e-07
_08746_, 62.1, 239.12, 9.788e-07
FILLER_57_93, 62.1, 239.12, 9.788e-07
_09427_, 70.2, 239.12, 9.79166e-07
TAP_1036, 70.2, 239.12, 9.79166e-07
_09443_, 72.9, 239.12, 9.79185e-07
_05294_, 86.4, 239.12, 9.78867e-07
FILLER_58_137, 86.4, 239.12, 9.78867e-07
TAP_1023, 89.1, 239.12, 9.78731e-07
FILLER_57_139, 89.1, 239.12, 9.78731e-07
FILLER_57_141, 89.1, 239.12, 9.78731e-07
_05437_, 91.8, 239.12, 9.78533e-07
_09447_, 91.8, 239.12, 9.78533e-07
_05272_, 94.5, 239.12, 9.78216e-07
_05019_, 99.9, 239.12, 9.77475e-07
_05265_, 102.6, 239.12, 9.77619e-07
FILLER_57_163, 102.6, 239.12, 9.77619e-07
FILLER_57_165, 102.6, 239.12, 9.77619e-07
TAP_1037, 108, 239.12, 9.77647e-07
_05553_, 110.7, 239.12, 9.77641e-07
_09432_, 110.7, 239.12, 9.77641e-07
FILLER_58_184, 113.4, 239.12, 9.77515e-07
FILLER_58_186, 113.4, 239.12, 9.77515e-07
_05271_, 116.1, 239.12, 9.77348e-07
_04987_, 121.5, 239.12, 9.7691e-07
FILLER_58_201, 121.5, 239.12, 9.7691e-07
_09446_, 124.2, 239.12, 9.76639e-07
FILLER_58_203, 124.2, 239.12, 9.76639e-07
FILLER_57_211, 126.9, 239.12, 9.76266e-07
TAP_1024, 129.6, 239.12, 9.75872e-07
FILLER_57_215, 129.6, 239.12, 9.75872e-07
_05545_, 132.3, 239.12, 9.75438e-07
FILLER_57_217, 132.3, 239.12, 9.75438e-07
_05530_, 140.4, 239.12, 9.73738e-07
FILLER_58_238, 143.1, 239.12, 9.73687e-07
_09667_, 145.8, 239.12, 9.73615e-07
TAP_1038, 148.5, 239.12, 9.7346e-07
FILLER_58_246, 148.5, 239.12, 9.7346e-07
FILLER_58_250, 151.2, 239.12, 9.73265e-07
FILLER_58_254, 151.2, 239.12, 9.73265e-07
_05097_, 153.9, 239.12, 9.7303e-07
_09664_, 153.9, 239.12, 9.7303e-07
_07676_, 162, 239.12, 9.71983e-07
FILLER_57_282, 167.4, 239.12, 9.71179e-07
_05524_, 170.1, 239.12, 9.70757e-07
_09665_, 170.1, 239.12, 9.70757e-07
TAP_1025, 170.1, 239.12, 9.70757e-07
FILLER_57_286, 170.1, 239.12, 9.70757e-07
_05264_, 175.5, 239.12, 9.69592e-07
FILLER_57_316, 186.3, 239.12, 9.68071e-07
_05562_, 189, 239.12, 9.67975e-07
_09699_, 189, 239.12, 9.67975e-07
TAP_1039, 189, 239.12, 9.67975e-07
FILLER_58_326, 191.7, 239.12, 9.67739e-07
_09644_, 194.4, 239.12, 9.67482e-07
_05032_, 205.2, 239.12, 9.66125e-07
_05034_, 207.9, 239.12, 9.65755e-07
TAP_1026, 207.9, 239.12, 9.65755e-07
_05000_, 210.6, 239.12, 9.65334e-07
_09698_, 210.6, 239.12, 9.65334e-07
_09643_, 213.3, 239.12, 9.648e-07
FILLER_57_386, 226.8, 239.12, 9.63268e-07
_06836_, 229.5, 239.12, 9.63408e-07
TAP_1040, 229.5, 239.12, 9.63408e-07
_06879_, 234.9, 239.12, 9.63512e-07
_06902_, 237.6, 239.12, 9.63526e-07
FILLER_57_408, 237.6, 239.12, 9.63526e-07
FILLER_58_404, 237.6, 239.12, 9.63526e-07
_06849_, 240.3, 239.12, 9.63384e-07
_06901_, 243, 239.12, 9.63205e-07
TAP_1027, 248.4, 239.12, 9.62744e-07
FILLER_57_425, 248.4, 239.12, 9.62744e-07
_06899_, 251.1, 239.12, 9.62472e-07
_06900_, 251.1, 239.12, 9.62472e-07
FILLER_57_428, 251.1, 239.12, 9.62472e-07
FILLER_57_430, 251.1, 239.12, 9.62472e-07
FILLER_58_436, 253.8, 239.12, 9.62051e-07
_06897_, 256.5, 239.12, 9.6161e-07
FILLER_58_438, 256.5, 239.12, 9.6161e-07
_06944_, 259.2, 239.12, 9.6108e-07
FILLER_57_443, 259.2, 239.12, 9.6108e-07
_06847_, 261.9, 239.12, 9.60414e-07
TAP_1041, 267.3, 239.12, 9.61197e-07
FILLER_58_458, 267.3, 239.12, 9.61197e-07
FILLER_58_460, 267.3, 239.12, 9.61197e-07
FILLER_58_463, 270, 239.12, 9.61528e-07
_06898_, 272.7, 239.12, 9.61839e-07
_06935_, 272.7, 239.12, 9.61839e-07
_06938_, 275.4, 239.12, 9.62075e-07
_06943_, 275.4, 239.12, 9.62075e-07
FILLER_57_473, 275.4, 239.12, 9.62075e-07
_06937_, 286.2, 239.12, 9.62009e-07
TAP_1028, 288.9, 239.12, 9.61913e-07
FILLER_57_499, 288.9, 239.12, 9.61913e-07
_06657_, 294.3, 239.12, 9.61642e-07
_06936_, 294.3, 239.12, 9.61642e-07
FILLER_58_513, 297, 239.12, 9.61216e-07
_07710_, 302.4, 239.12, 9.61634e-07
_07785_, 305.1, 239.12, 9.62459e-07
_07711_, 307.8, 239.12, 9.63248e-07
TAP_1042, 307.8, 239.12, 9.63248e-07
_07678_, 315.9, 239.12, 9.65301e-07
_07748_, 318.6, 239.12, 9.65948e-07
_07826_, 318.6, 239.12, 9.65948e-07
FILLER_57_551, 318.6, 239.12, 9.65948e-07
_06718_, 321.3, 239.12, 9.66455e-07
_07746_, 329.4, 239.12, 9.67217e-07
TAP_1029, 329.4, 239.12, 9.67217e-07
_07747_, 332.1, 239.12, 9.67413e-07
FILLER_57_581, 334.8, 239.12, 9.67573e-07
_09980_, 340.2, 239.12, 9.67851e-07
FILLER_57_589, 340.2, 239.12, 9.67851e-07
_07888_, 342.9, 239.12, 9.68927e-07
_07886_, 348.3, 239.12, 9.70971e-07
TAP_1043, 348.3, 239.12, 9.70971e-07
_09983_, 353.7, 239.12, 9.72879e-07
FILLER_58_613, 353.7, 239.12, 9.72879e-07
_09322_, 356.4, 239.12, 9.73729e-07
_09321_, 361.8, 239.12, 9.75312e-07
TAP_1030, 367.2, 239.12, 9.7682e-07
FILLER_57_636, 367.2, 239.12, 9.7682e-07
FILLER_57_638, 367.2, 239.12, 9.7682e-07
FILLER_57_641, 369.9, 239.12, 9.77513e-07
FILLER_58_643, 369.9, 239.12, 9.77513e-07
_08374_, 372.6, 239.12, 9.78166e-07
_09693_, 372.6, 239.12, 9.78166e-07
FILLER_57_645, 372.6, 239.12, 9.78166e-07
_08375_, 375.3, 239.12, 9.78643e-07
FILLER_58_661, 380.7, 239.12, 9.79494e-07
_08028_, 383.4, 239.12, 9.80712e-07
FILLER_58_665, 383.4, 239.12, 9.80712e-07
FILLER_58_667, 383.4, 239.12, 9.80712e-07
_08060_, 388.8, 239.12, 9.82991e-07
TAP_1044, 388.8, 239.12, 9.82991e-07
_08356_, 391.5, 239.12, 9.83961e-07
_08335_, 405, 239.12, 9.88226e-07
_08093_, 407.7, 239.12, 9.89042e-07
_08365_, 407.7, 239.12, 9.89042e-07
TAP_1031, 407.7, 239.12, 9.89042e-07
FILLER_58_717, 410.4, 239.12, 9.89763e-07
_04771_, 413.1, 239.12, 9.90465e-07
_08094_, 413.1, 239.12, 9.90465e-07
FILLER_57_723, 415.8, 239.12, 9.91066e-07
_08138_, 418.5, 239.12, 9.91647e-07
_08239_, 418.5, 239.12, 9.91647e-07
_08139_, 421.2, 239.12, 9.92088e-07
TAP_1045, 426.6, 239.12, 9.93998e-07
_08180_, 429.3, 239.12, 9.94932e-07
_08059_, 437.4, 239.12, 9.97485e-07
_08240_, 440.1, 239.12, 9.98282e-07
_09706_, 442.8, 239.12, 9.99024e-07
FILLER_57_777, 445.5, 239.12, 9.99679e-07
_08291_, 448.2, 239.12, 1.00031e-06
TAP_1032, 448.2, 239.12, 1.00031e-06
_08566_, 453.6, 239.12, 1.00144e-06
_08614_, 456.3, 239.12, 1.00195e-06
FILLER_58_803, 459, 239.12, 1.00241e-06
_08594_, 461.7, 239.12, 1.00285e-06
_08654_, 461.7, 239.12, 1.00285e-06
FILLER_57_807, 461.7, 239.12, 1.00285e-06
FILLER_58_807, 461.7, 239.12, 1.00285e-06
_08595_, 467.1, 239.12, 1.00466e-06
_08653_, 467.1, 239.12, 1.00466e-06
TAP_1046, 467.1, 239.12, 1.00466e-06
FILLER_57_828, 472.5, 239.12, 1.0062e-06
FILLER_58_828, 472.5, 239.12, 1.0062e-06
_08596_, 475.2, 239.12, 1.00692e-06
_08597_, 475.2, 239.12, 1.00692e-06
_08598_, 477.9, 239.12, 1.00755e-06
_08565_, 480.6, 239.12, 1.00813e-06
FILLER_57_839, 480.6, 239.12, 1.00813e-06
FILLER_57_841, 480.6, 239.12, 1.00813e-06
_08563_, 483.3, 239.12, 1.00862e-06
FILLER_58_843, 483.3, 239.12, 1.00862e-06
_08401_, 486, 239.12, 1.00905e-06
TAP_1033, 486, 239.12, 1.00905e-06
_08564_, 488.7, 239.12, 1.00941e-06
FILLER_57_854, 488.7, 239.12, 1.00941e-06
_08399_, 491.4, 239.12, 1.00968e-06
FILLER_57_866, 494.1, 239.12, 1.00992e-06
_08405_, 496.8, 239.12, 1.01014e-06
_08611_, 496.8, 239.12, 1.01014e-06
FILLER_57_868, 496.8, 239.12, 1.01014e-06
_08667_, 499.5, 239.12, 1.01023e-06
FILLER_58_872, 499.5, 239.12, 1.01023e-06
_08610_, 502.2, 239.12, 1.01025e-06
_08665_, 507.6, 239.12, 1.01145e-06
_08666_, 507.6, 239.12, 1.01145e-06
TAP_1047, 507.6, 239.12, 1.01145e-06
FILLER_57_896, 513, 239.12, 1.01243e-06
FILLER_58_899, 513, 239.12, 1.01243e-06
_08484_, 521.1, 239.12, 1.01377e-06
_08604_, 523.8, 239.12, 1.01415e-06
FILLER_58_915, 523.8, 239.12, 1.01415e-06
FILLER_58_917, 523.8, 239.12, 1.01415e-06
TAP_1034, 526.5, 239.12, 1.01445e-06
_08485_, 529.2, 239.12, 1.01472e-06
_08558_, 529.2, 239.12, 1.01472e-06
_08486_, 534.6, 239.12, 1.01499e-06
_08557_, 534.6, 239.12, 1.01499e-06
PHY_115, 537.3, 239.12, 1.01505e-06
PHY_117, 537.3, 239.12, 1.01505e-06
FILLER_57_942, 537.3, 239.12, 1.01505e-06
_09737_, 10.8, 231.28, 9.57536e-07
_09869_, 10.8, 231.28, 9.57536e-07
PHY_110, 10.8, 231.28, 9.57536e-07
PHY_112, 10.8, 231.28, 9.57536e-07
_04944_, 27, 231.28, 9.57455e-07
_05470_, 27, 231.28, 9.57455e-07
_09867_, 29.7, 231.28, 9.57742e-07
TAP_1009, 29.7, 231.28, 9.57742e-07
FILLER_55_40, 32.4, 231.28, 9.57927e-07
_09024_, 35.1, 231.28, 9.58091e-07
FILLER_55_44, 35.1, 231.28, 9.58091e-07
_04880_, 40.5, 231.28, 9.58273e-07
FILLER_55_60, 43.2, 231.28, 9.58334e-07
_05414_, 45.9, 231.28, 9.58374e-07
TAP_996, 48.6, 231.28, 9.58361e-07
FILLER_55_68, 48.6, 231.28, 9.58361e-07
FILLER_55_70, 48.6, 231.28, 9.58361e-07
_09738_, 51.3, 231.28, 9.58288e-07
_09870_, 51.3, 231.28, 9.58288e-07
FILLER_55_102, 67.5, 231.28, 9.5795e-07
FILLER_55_104, 67.5, 231.28, 9.5795e-07
FILLER_56_104, 67.5, 231.28, 9.5795e-07
_05502_, 70.2, 231.28, 9.58198e-07
_05565_, 70.2, 231.28, 9.58198e-07
TAP_1010, 70.2, 231.28, 9.58198e-07
FILLER_55_110, 72.9, 231.28, 9.58336e-07
FILLER_55_118, 75.6, 231.28, 9.58453e-07
FILLER_56_117, 75.6, 231.28, 9.58453e-07
_05269_, 78.3, 231.28, 9.5853e-07
_05288_, 78.3, 231.28, 9.5853e-07
FILLER_56_121, 78.3, 231.28, 9.5853e-07
_05266_, 83.7, 231.28, 9.58428e-07
_05290_, 83.7, 231.28, 9.58428e-07
TAP_997, 89.1, 231.28, 9.58112e-07
repeater5, 89.1, 231.28, 9.58112e-07
FILLER_55_141, 89.1, 231.28, 9.58112e-07
FILLER_56_141, 89.1, 231.28, 9.58112e-07
FILLER_55_144, 91.8, 231.28, 9.57747e-07
FILLER_55_148, 91.8, 231.28, 9.57747e-07
_05274_, 94.5, 231.28, 9.57341e-07
_05296_, 99.9, 231.28, 9.56424e-07
_05085_, 105.3, 231.28, 9.56666e-07
_05625_, 105.3, 231.28, 9.56666e-07
TAP_1011, 108, 231.28, 9.56703e-07
FILLER_56_173, 108, 231.28, 9.56703e-07
_05287_, 110.7, 231.28, 9.567e-07
clkbuf_leaf_1_clk, 110.7, 231.28, 9.567e-07
FILLER_56_179, 110.7, 231.28, 9.567e-07
_05273_, 118.8, 231.28, 9.55573e-07
_05051_, 124.2, 231.28, 9.54716e-07
_05053_, 126.9, 231.28, 9.54257e-07
_09448_, 129.6, 231.28, 9.53766e-07
TAP_998, 129.6, 231.28, 9.53766e-07
FILLER_56_230, 137.7, 231.28, 9.51987e-07
_05574_, 140.4, 231.28, 9.51373e-07
FILLER_56_232, 140.4, 231.28, 9.51373e-07
_05588_, 145.8, 231.28, 9.51226e-07
TAP_1012, 148.5, 231.28, 9.51114e-07
FILLER_55_249, 148.5, 231.28, 9.51114e-07
FILLER_56_247, 148.5, 231.28, 9.51114e-07
_05607_, 151.2, 231.28, 9.50942e-07
_09723_, 151.2, 231.28, 9.50942e-07
_08738_, 153.9, 231.28, 9.50635e-07
_05575_, 162, 231.28, 9.49554e-07
_05523_, 164.7, 231.28, 9.49152e-07
_05608_, 167.4, 231.28, 9.48698e-07
_07674_, 170.1, 231.28, 9.48206e-07
TAP_999, 170.1, 231.28, 9.48206e-07
FILLER_55_286, 170.1, 231.28, 9.48206e-07
FILLER_55_288, 170.1, 231.28, 9.48206e-07
FILLER_56_285, 170.1, 231.28, 9.48206e-07
_08736_, 172.8, 231.28, 9.4758e-07
_07667_, 175.5, 231.28, 9.46866e-07
_07675_, 180.9, 231.28, 9.4526e-07
_05033_, 186.3, 231.28, 9.45093e-07
_07668_, 186.3, 231.28, 9.45093e-07
FILLER_56_317, 186.3, 231.28, 9.45093e-07
_05561_, 189, 231.28, 9.44903e-07
TAP_1013, 189, 231.28, 9.44903e-07
_05606_, 191.7, 231.28, 9.44641e-07
FILLER_55_324, 191.7, 231.28, 9.44641e-07
_08376_, 194.4, 231.28, 9.44305e-07
FILLER_56_330, 194.4, 231.28, 9.44305e-07
_07303_, 197.1, 231.28, 9.43861e-07
_05098_, 205.2, 231.28, 9.42261e-07
_07310_, 205.2, 231.28, 9.42261e-07
TAP_1000, 207.9, 231.28, 9.41645e-07
FILLER_55_354, 207.9, 231.28, 9.41645e-07
_08377_, 210.6, 231.28, 9.40987e-07
_08378_, 210.6, 231.28, 9.40987e-07
FILLER_55_357, 210.6, 231.28, 9.40987e-07
_07309_, 216, 231.28, 9.39418e-07
FILLER_55_368, 216, 231.28, 9.39418e-07
FILLER_56_366, 216, 231.28, 9.39418e-07
_07305_, 218.7, 231.28, 9.3854e-07
_04874_, 224.1, 231.28, 9.37587e-07
_07304_, 224.1, 231.28, 9.37587e-07
_09985_, 226.8, 231.28, 9.3748e-07
FILLER_56_389, 226.8, 231.28, 9.3748e-07
TAP_1014, 229.5, 231.28, 9.3727e-07
FILLER_56_392, 229.5, 231.28, 9.3727e-07
_09326_, 234.9, 231.28, 9.3677e-07
FILLER_56_400, 234.9, 231.28, 9.3677e-07
FILLER_56_407, 237.6, 231.28, 9.36462e-07
FILLER_55_415, 243, 231.28, 9.35806e-07
FILLER_55_423, 245.7, 231.28, 9.35458e-07
FILLER_56_423, 245.7, 231.28, 9.35458e-07
TAP_1001, 248.4, 231.28, 9.35069e-07
FILLER_55_425, 248.4, 231.28, 9.35069e-07
FILLER_56_427, 248.4, 231.28, 9.35069e-07
_06832_, 251.1, 231.28, 9.34619e-07
FILLER_55_428, 251.1, 231.28, 9.34619e-07
_06881_, 253.8, 231.28, 9.34112e-07
FILLER_55_436, 253.8, 231.28, 9.34112e-07
FILLER_56_433, 253.8, 231.28, 9.34112e-07
_06884_, 256.5, 231.28, 9.33528e-07
_06885_, 256.5, 231.28, 9.33528e-07
FILLER_55_438, 256.5, 231.28, 9.33528e-07
_06883_, 261.9, 231.28, 9.32047e-07
_06929_, 261.9, 231.28, 9.32047e-07
TAP_1015, 267.3, 231.28, 9.32657e-07
FILLER_55_461, 267.3, 231.28, 9.32657e-07
FILLER_56_460, 267.3, 231.28, 9.32657e-07
_06880_, 270, 231.28, 9.32902e-07
_06942_, 272.7, 231.28, 9.33109e-07
FILLER_55_469, 272.7, 231.28, 9.33109e-07
FILLER_55_471, 272.7, 231.28, 9.33109e-07
FILLER_56_468, 272.7, 231.28, 9.33109e-07
FILLER_56_470, 272.7, 231.28, 9.33109e-07
_06940_, 275.4, 231.28, 9.33119e-07
FILLER_55_477, 278.1, 231.28, 9.33091e-07
FILLER_55_493, 286.2, 231.28, 9.32949e-07
FILLER_56_494, 286.2, 231.28, 9.32949e-07
_06941_, 288.9, 231.28, 9.32861e-07
TAP_1002, 288.9, 231.28, 9.32861e-07
FILLER_55_499, 288.9, 231.28, 9.32861e-07
FILLER_56_498, 288.9, 231.28, 9.32861e-07
_04785_, 291.6, 231.28, 9.32675e-07
FILLER_56_505, 291.6, 231.28, 9.32675e-07
_04760_, 294.3, 231.28, 9.32427e-07
FILLER_55_507, 294.3, 231.28, 9.32427e-07
FILLER_56_513, 297, 231.28, 9.32013e-07
_07786_, 299.7, 231.28, 9.31578e-07
FILLER_56_515, 299.7, 231.28, 9.31578e-07
_07679_, 302.4, 231.28, 9.32506e-07
_07709_, 305.1, 231.28, 9.33397e-07
_07680_, 307.8, 231.28, 9.34252e-07
TAP_1016, 307.8, 231.28, 9.34252e-07
_07787_, 310.5, 231.28, 9.34938e-07
_07828_, 324, 231.28, 9.37637e-07
_09330_, 324, 231.28, 9.37637e-07
TAP_1003, 329.4, 231.28, 9.38475e-07
FILLER_55_570, 329.4, 231.28, 9.38475e-07
_09979_, 332.1, 231.28, 9.38854e-07
FILLER_56_576, 332.1, 231.28, 9.38854e-07
_07982_, 337.5, 231.28, 9.39405e-07
FILLER_56_584, 337.5, 231.28, 9.39405e-07
FILLER_56_601, 345.6, 231.28, 9.42049e-07
_09315_, 348.3, 231.28, 9.43266e-07
_09316_, 348.3, 231.28, 9.43266e-07
TAP_1017, 348.3, 231.28, 9.43266e-07
FILLER_56_605, 348.3, 231.28, 9.43266e-07
_09981_, 353.7, 231.28, 9.45425e-07
FILLER_55_613, 353.7, 231.28, 9.45425e-07
_09318_, 356.4, 231.28, 9.46402e-07
FILLER_55_617, 356.4, 231.28, 9.46402e-07
_09317_, 361.8, 231.28, 9.48196e-07
FILLER_55_635, 364.5, 231.28, 9.49056e-07
TAP_1004, 367.2, 231.28, 9.49896e-07
_08371_, 369.9, 231.28, 9.50715e-07
_09691_, 369.9, 231.28, 9.50715e-07
FILLER_56_641, 369.9, 231.28, 9.50715e-07
_08037_, 375.3, 231.28, 9.52003e-07
_04770_, 383.4, 231.28, 9.54472e-07
_08029_, 388.8, 231.28, 9.57086e-07
_08352_, 388.8, 231.28, 9.57086e-07
TAP_1018, 388.8, 231.28, 9.57086e-07
_08316_, 394.2, 231.28, 9.59254e-07
_08036_, 407.7, 231.28, 9.64095e-07
TAP_1005, 407.7, 231.28, 9.64095e-07
FILLER_55_708, 407.7, 231.28, 9.64095e-07
FILLER_56_711, 407.7, 231.28, 9.64095e-07
_08095_, 410.4, 231.28, 9.64965e-07
FILLER_56_713, 410.4, 231.28, 9.64965e-07
_08315_, 413.1, 231.28, 9.65668e-07
_08132_, 415.8, 231.28, 9.66334e-07
FILLER_55_724, 415.8, 231.28, 9.66334e-07
_08182_, 421.2, 231.28, 9.67508e-07
_04806_, 423.9, 231.28, 9.6858e-07
TAP_1019, 426.6, 231.28, 9.69621e-07
_08136_, 429.3, 231.28, 9.70642e-07
_08294_, 437.4, 231.28, 9.73454e-07
_08238_, 440.1, 231.28, 9.74324e-07
_09707_, 442.8, 231.28, 9.75131e-07
FILLER_55_779, 445.5, 231.28, 9.75855e-07
_08262_, 448.2, 231.28, 9.7656e-07
TAP_1006, 448.2, 231.28, 9.7656e-07
_08520_, 453.6, 231.28, 9.77845e-07
FILLER_55_790, 453.6, 231.28, 9.77845e-07
_08428_, 459, 231.28, 9.78986e-07
_08430_, 459, 231.28, 9.78986e-07
FILLER_55_802, 459, 231.28, 9.78986e-07
FILLER_56_803, 459, 231.28, 9.78986e-07
FILLER_55_811, 464.4, 231.28, 9.80411e-07
FILLER_56_812, 464.4, 231.28, 9.80411e-07
_04764_, 467.1, 231.28, 9.81358e-07
TAP_1020, 467.1, 231.28, 9.81358e-07
_08545_, 472.5, 231.28, 9.8313e-07
FILLER_55_827, 472.5, 231.28, 9.8313e-07
FILLER_56_824, 472.5, 231.28, 9.8313e-07
_08548_, 475.2, 231.28, 9.83927e-07
_08546_, 477.9, 231.28, 9.84673e-07
_08613_, 477.9, 231.28, 9.84673e-07
_08549_, 483.3, 231.28, 9.85907e-07
TAP_1007, 486, 231.28, 9.86486e-07
FILLER_55_849, 486, 231.28, 9.86486e-07
FILLER_55_851, 486, 231.28, 9.86486e-07
FILLER_56_851, 486, 231.28, 9.86486e-07
_08550_, 488.7, 231.28, 9.86985e-07
FILLER_55_854, 488.7, 231.28, 9.86985e-07
FILLER_56_855, 488.7, 231.28, 9.86985e-07
_08599_, 494.1, 231.28, 9.87827e-07
FILLER_56_862, 494.1, 231.28, 9.87827e-07
_08612_, 496.8, 231.28, 9.8819e-07
FILLER_55_870, 496.8, 231.28, 9.8819e-07
_08608_, 499.5, 231.28, 9.8849e-07
FILLER_55_872, 499.5, 231.28, 9.8849e-07
_08518_, 502.2, 231.28, 9.88738e-07
_08609_, 502.2, 231.28, 9.88738e-07
FILLER_55_877, 502.2, 231.28, 9.88738e-07
FILLER_56_886, 504.9, 231.28, 9.89534e-07
_08431_, 507.6, 231.28, 9.9031e-07
_08635_, 507.6, 231.28, 9.9031e-07
TAP_1021, 507.6, 231.28, 9.9031e-07
FILLER_55_892, 510.3, 231.28, 9.90912e-07
_08466_, 513, 231.28, 9.91493e-07
FILLER_55_896, 513, 231.28, 9.91493e-07
FILLER_55_898, 513, 231.28, 9.91493e-07
FILLER_55_907, 518.4, 231.28, 9.92472e-07
_08427_, 521.1, 231.28, 9.92942e-07
_08467_, 523.8, 231.28, 9.93374e-07
_08487_, 523.8, 231.28, 9.93374e-07
FILLER_56_917, 523.8, 231.28, 9.93374e-07
_08488_, 526.5, 231.28, 9.93703e-07
TAP_1008, 526.5, 231.28, 9.93703e-07
_08489_, 529.2, 231.28, 9.93944e-07
FILLER_55_925, 529.2, 231.28, 9.93944e-07
_08551_, 534.6, 231.28, 9.94249e-07
FILLER_55_939, 534.6, 231.28, 9.94249e-07
PHY_111, 537.3, 231.28, 9.9433e-07
PHY_113, 537.3, 231.28, 9.9433e-07
FILLER_55_943, 537.3, 231.28, 9.9433e-07
FILLER_56_943, 537.3, 231.28, 9.9433e-07
_09904_, 10.8, 223.44, 9.34838e-07
PHY_106, 10.8, 223.44, 9.34838e-07
PHY_108, 10.8, 223.44, 9.34838e-07
FILLER_54_2, 10.8, 223.44, 9.34838e-07
FILLER_54_18, 18.9, 223.44, 9.34408e-07
_09026_, 21.6, 223.44, 9.34244e-07
FILLER_54_20, 21.6, 223.44, 9.34244e-07
_05007_, 27, 223.44, 9.34771e-07
FILLER_54_31, 27, 223.44, 9.34771e-07
_05542_, 29.7, 223.44, 9.34983e-07
TAP_983, 29.7, 223.44, 9.34983e-07
FILLER_53_35, 29.7, 223.44, 9.34983e-07
FILLER_53_37, 29.7, 223.44, 9.34983e-07
_09901_, 32.4, 223.44, 9.35082e-07
FILLER_54_46, 35.1, 223.44, 9.35098e-07
FILLER_54_62, 45.9, 223.44, 9.35081e-07
TAP_970, 48.6, 223.44, 9.35056e-07
FILLER_53_67, 48.6, 223.44, 9.35056e-07
_09905_, 51.3, 223.44, 9.34991e-07
_05039_, 54, 223.44, 9.34843e-07
FILLER_54_78, 54, 223.44, 9.34843e-07
_04976_, 56.7, 223.44, 9.34644e-07
FILLER_54_88, 59.4, 223.44, 9.34415e-07
FILLER_54_90, 59.4, 223.44, 9.34415e-07
_04978_, 62.1, 223.44, 9.34145e-07
FILLER_54_95, 62.1, 223.44, 9.34145e-07
_05564_, 67.5, 223.44, 9.34372e-07
FILLER_54_103, 67.5, 223.44, 9.34372e-07
_09428_, 70.2, 223.44, 9.34412e-07
TAP_984, 70.2, 223.44, 9.34412e-07
FILLER_54_105, 70.2, 223.44, 9.34412e-07
_09444_, 72.9, 223.44, 9.34329e-07
FILLER_53_111, 72.9, 223.44, 9.34329e-07
_04923_, 86.4, 223.44, 9.33401e-07
_09433_, 89.1, 223.44, 9.33184e-07
TAP_971, 89.1, 223.44, 9.33184e-07
_04925_, 91.8, 223.44, 9.32865e-07
_09449_, 91.8, 223.44, 9.32865e-07
_05083_, 105.3, 223.44, 9.3158e-07
_04955_, 108, 223.44, 9.31556e-07
TAP_985, 108, 223.44, 9.31556e-07
FILLER_54_174, 108, 223.44, 9.31556e-07
FILLER_54_176, 108, 223.44, 9.31556e-07
_05626_, 110.7, 223.44, 9.31441e-07
FILLER_53_181, 110.7, 223.44, 9.31441e-07
FILLER_54_179, 110.7, 223.44, 9.31441e-07
_09426_, 113.4, 223.44, 9.31248e-07
_05267_, 116.1, 223.44, 9.30972e-07
_04859_, 121.5, 223.44, 9.30315e-07
FILLER_53_203, 124.2, 223.44, 9.29955e-07
_04861_, 126.9, 223.44, 9.29575e-07
FILLER_53_207, 126.9, 223.44, 9.29575e-07
_05289_, 129.6, 223.44, 9.29145e-07
_05295_, 129.6, 223.44, 9.29145e-07
TAP_972, 129.6, 223.44, 9.29145e-07
_05411_, 135, 223.44, 9.28031e-07
_05587_, 135, 223.44, 9.28031e-07
_05412_, 140.4, 223.44, 9.26707e-07
_05630_, 140.4, 223.44, 9.26707e-07
FILLER_54_238, 143.1, 223.44, 9.26508e-07
_04871_, 145.8, 223.44, 9.26289e-07
FILLER_53_243, 145.8, 223.44, 9.26289e-07
FILLER_54_242, 145.8, 223.44, 9.26289e-07
TAP_986, 148.5, 223.44, 9.25998e-07
_09660_, 151.2, 223.44, 9.25688e-07
clkbuf_1_0__f_clk, 151.2, 223.44, 9.25688e-07
FILLER_54_250, 151.2, 223.44, 9.25688e-07
FILLER_54_252, 151.2, 223.44, 9.25688e-07
_04873_, 167.4, 223.44, 9.21502e-07
TAP_973, 170.1, 223.44, 9.20773e-07
FILLER_53_286, 170.1, 223.44, 9.20773e-07
_09666_, 172.8, 223.44, 9.20004e-07
_08744_, 180.9, 223.44, 9.17449e-07
FILLER_54_313, 186.3, 223.44, 9.16788e-07
FILLER_54_317, 186.3, 223.44, 9.16788e-07
_05065_, 189, 223.44, 9.16416e-07
_09701_, 189, 223.44, 9.16416e-07
TAP_987, 189, 223.44, 9.16416e-07
_09646_, 191.7, 223.44, 9.15911e-07
FILLER_54_325, 191.7, 223.44, 9.15911e-07
_05096_, 205.2, 223.44, 9.12871e-07
TAP_974, 207.9, 223.44, 9.12232e-07
FILLER_53_352, 207.9, 223.44, 9.12232e-07
FILLER_53_354, 207.9, 223.44, 9.12232e-07
FILLER_54_355, 207.9, 223.44, 9.12232e-07
_04872_, 210.6, 223.44, 9.11513e-07
_09694_, 210.6, 223.44, 9.11513e-07
_09639_, 213.3, 223.44, 9.10679e-07
FILLER_53_386, 226.8, 223.44, 9.07578e-07
_09327_, 229.5, 223.44, 9.07382e-07
TAP_988, 229.5, 223.44, 9.07382e-07
FILLER_53_394, 229.5, 223.44, 9.07382e-07
FILLER_54_392, 229.5, 223.44, 9.07382e-07
_09325_, 232.2, 223.44, 9.07065e-07
_09324_, 237.6, 223.44, 9.06312e-07
_09986_, 237.6, 223.44, 9.06312e-07
FILLER_54_404, 237.6, 223.44, 9.06312e-07
FILLER_53_412, 240.3, 223.44, 9.05796e-07
_09329_, 243, 223.44, 9.05259e-07
TAP_975, 248.4, 223.44, 9.04067e-07
_09328_, 251.1, 223.44, 9.03451e-07
_09669_, 253.8, 223.44, 9.02797e-07
FILLER_53_434, 253.8, 223.44, 9.02797e-07
FILLER_54_437, 253.8, 223.44, 9.02797e-07
FILLER_54_453, 264.6, 223.44, 9.00717e-07
TAP_989, 267.3, 223.44, 9.00946e-07
_04784_, 270, 223.44, 9.01156e-07
FILLER_54_463, 270, 223.44, 9.01156e-07
FILLER_54_471, 272.7, 223.44, 9.01282e-07
_07732_, 275.4, 223.44, 9.01388e-07
_09668_, 275.4, 223.44, 9.01388e-07
FILLER_53_481, 278.1, 223.44, 9.01374e-07
_07706_, 280.8, 223.44, 9.0134e-07
FILLER_53_492, 286.2, 223.44, 9.01153e-07
TAP_976, 288.9, 223.44, 9.01039e-07
FILLER_53_496, 288.9, 223.44, 9.01039e-07
FILLER_53_499, 288.9, 223.44, 9.01039e-07
_07775_, 291.6, 223.44, 9.00865e-07
_09670_, 291.6, 223.44, 9.00865e-07
FILLER_53_503, 291.6, 223.44, 9.00865e-07
_07739_, 297, 223.44, 9.00196e-07
FILLER_53_518, 299.7, 223.44, 8.99825e-07
FILLER_53_522, 302.4, 223.44, 9.00875e-07
FILLER_53_524, 302.4, 223.44, 9.00875e-07
_09988_, 305.1, 223.44, 9.01885e-07
_09333_, 307.8, 223.44, 9.02813e-07
TAP_990, 307.8, 223.44, 9.02813e-07
_09987_, 315.9, 223.44, 9.05356e-07
FILLER_54_544, 315.9, 223.44, 9.05356e-07
_09331_, 321.3, 223.44, 9.06845e-07
FILLER_53_564, 326.7, 223.44, 9.08216e-07
_08023_, 329.4, 223.44, 9.08881e-07
TAP_977, 329.4, 223.44, 9.08881e-07
FILLER_53_570, 329.4, 223.44, 9.08881e-07
FILLER_54_577, 332.1, 223.44, 9.09453e-07
_09314_, 334.8, 223.44, 9.10006e-07
FILLER_53_580, 334.8, 223.44, 9.10006e-07
FILLER_53_582, 334.8, 223.44, 9.10006e-07
FILLER_54_581, 334.8, 223.44, 9.10006e-07
_04779_, 337.5, 223.44, 9.10438e-07
_07983_, 340.2, 223.44, 9.10828e-07
_09313_, 342.9, 223.44, 9.12338e-07
FILLER_53_594, 342.9, 223.44, 9.12338e-07
_08366_, 345.6, 223.44, 9.1379e-07
FILLER_53_598, 345.6, 223.44, 9.1379e-07
FILLER_54_598, 345.6, 223.44, 9.1379e-07
TAP_991, 348.3, 223.44, 9.1515e-07
FILLER_54_602, 348.3, 223.44, 9.1515e-07
FILLER_54_605, 348.3, 223.44, 9.1515e-07
_09690_, 351, 223.44, 9.16449e-07
FILLER_54_613, 353.7, 223.44, 9.1766e-07
_08368_, 356.4, 223.44, 9.18851e-07
FILLER_54_617, 356.4, 223.44, 9.18851e-07
_08369_, 361.8, 223.44, 9.21088e-07
_08353_, 364.5, 223.44, 9.22155e-07
FILLER_54_634, 364.5, 223.44, 9.22155e-07
_08370_, 367.2, 223.44, 9.23164e-07
TAP_978, 367.2, 223.44, 9.23164e-07
_04773_, 369.9, 223.44, 9.24102e-07
FILLER_53_641, 369.9, 223.44, 9.24102e-07
_08048_, 372.6, 223.44, 9.24977e-07
clkbuf_leaf_8_clk, 372.6, 223.44, 9.24977e-07
_04772_, 388.8, 223.44, 9.3058e-07
TAP_992, 388.8, 223.44, 9.3058e-07
_08357_, 394.2, 223.44, 9.33156e-07
FILLER_54_684, 394.2, 223.44, 9.33156e-07
FILLER_54_697, 399.6, 223.44, 9.35555e-07
_08063_, 402.3, 223.44, 9.36734e-07
_08313_, 402.3, 223.44, 9.36734e-07
FILLER_53_706, 405, 223.44, 9.37797e-07
_08257_, 407.7, 223.44, 9.3884e-07
TAP_979, 407.7, 223.44, 9.3884e-07
_08312_, 410.4, 223.44, 9.39811e-07
_08206_, 413.1, 223.44, 9.40731e-07
FILLER_54_721, 413.1, 223.44, 9.40731e-07
_08134_, 415.8, 223.44, 9.41593e-07
_08177_, 415.8, 223.44, 9.41593e-07
FILLER_54_723, 415.8, 223.44, 9.41593e-07
FILLER_53_731, 418.5, 223.44, 9.42349e-07
_08133_, 421.2, 223.44, 9.43085e-07
_08179_, 421.2, 223.44, 9.43085e-07
_08186_, 423.9, 223.44, 9.44362e-07
TAP_993, 426.6, 223.44, 9.45539e-07
_08135_, 429.3, 223.44, 9.46695e-07
_08235_, 434.7, 223.44, 9.48716e-07
_08287_, 442.8, 223.44, 9.51445e-07
_09705_, 445.5, 223.44, 9.52303e-07
FILLER_53_777, 445.5, 223.44, 9.52303e-07
_08336_, 448.2, 223.44, 9.53053e-07
TAP_980, 448.2, 223.44, 9.53053e-07
_08521_, 456.3, 223.44, 9.55005e-07
FILLER_53_804, 459, 223.44, 9.55605e-07
_08515_, 461.7, 223.44, 9.56184e-07
_08293_, 464.4, 223.44, 9.5721e-07
TAP_994, 467.1, 223.44, 9.58198e-07
FILLER_54_815, 467.1, 223.44, 9.58198e-07
FILLER_54_818, 467.1, 223.44, 9.58198e-07
_08519_, 469.8, 223.44, 9.59126e-07
_08512_, 472.5, 223.44, 9.60002e-07
_08514_, 475.2, 223.44, 9.6083e-07
FILLER_53_829, 475.2, 223.44, 9.6083e-07
_08547_, 477.9, 223.44, 9.61578e-07
FILLER_53_841, 480.6, 223.44, 9.62275e-07
_08513_, 483.3, 223.44, 9.62951e-07
TAP_981, 486, 223.44, 9.63591e-07
FILLER_53_849, 486, 223.44, 9.63591e-07
FILLER_53_851, 486, 223.44, 9.63591e-07
FILLER_54_852, 486, 223.44, 9.63591e-07
_08475_, 488.7, 223.44, 9.64149e-07
_08476_, 488.7, 223.44, 9.64149e-07
FILLER_54_854, 488.7, 223.44, 9.64149e-07
_08407_, 491.4, 223.44, 9.64589e-07
_08410_, 494.1, 223.44, 9.64965e-07
_08509_, 496.8, 223.44, 9.65289e-07
_08516_, 499.5, 223.44, 9.65582e-07
_08517_, 499.5, 223.44, 9.65582e-07
FILLER_54_873, 499.5, 223.44, 9.65582e-07
_08507_, 504.9, 223.44, 9.66497e-07
_08636_, 507.6, 223.44, 9.67222e-07
TAP_995, 507.6, 223.44, 9.67222e-07
_08432_, 510.3, 223.44, 9.67895e-07
FILLER_53_891, 510.3, 223.44, 9.67895e-07
FILLER_53_895, 510.3, 223.44, 9.67895e-07
_08433_, 513, 223.44, 9.68477e-07
_08421_, 515.7, 223.44, 9.69007e-07
_08471_, 515.7, 223.44, 9.69007e-07
FILLER_53_909, 518.4, 223.44, 9.69383e-07
FILLER_53_917, 523.8, 223.44, 9.70096e-07
_08468_, 526.5, 223.44, 9.70432e-07
TAP_982, 526.5, 223.44, 9.70432e-07
FILLER_53_921, 526.5, 223.44, 9.70432e-07
_08481_, 529.2, 223.44, 9.70659e-07
_08469_, 531.9, 223.44, 9.70835e-07
_08470_, 534.6, 223.44, 9.70973e-07
FILLER_53_938, 534.6, 223.44, 9.70973e-07
PHY_107, 537.3, 223.44, 9.71054e-07
PHY_109, 537.3, 223.44, 9.71054e-07
FILLER_53_942, 537.3, 223.44, 9.71054e-07
FILLER_54_942, 537.3, 223.44, 9.71054e-07
PHY_102, 10.8, 215.6, 9.1514e-07
PHY_104, 10.8, 215.6, 9.1514e-07
FILLER_51_2, 10.8, 215.6, 9.1514e-07
FILLER_52_2, 10.8, 215.6, 9.1514e-07
_09798_, 13.5, 215.6, 9.15059e-07
_10029_, 13.5, 215.6, 9.15059e-07
FILLER_51_6, 13.5, 215.6, 9.15059e-07
FILLER_51_12, 16.2, 215.6, 9.14855e-07
FILLER_51_16, 18.9, 215.6, 9.1463e-07
FILLER_51_18, 18.9, 215.6, 9.1463e-07
_09111_, 21.6, 215.6, 9.14365e-07
_05009_, 27, 215.6, 9.1491e-07
FILLER_51_29, 27, 215.6, 9.1491e-07
_08910_, 29.7, 215.6, 9.15131e-07
TAP_957, 29.7, 215.6, 9.15131e-07
FILLER_51_34, 29.7, 215.6, 9.15131e-07
FILLER_52_33, 29.7, 215.6, 9.15131e-07
FILLER_52_47, 35.1, 215.6, 9.15346e-07
_09108_, 37.8, 215.6, 9.15433e-07
FILLER_51_50, 37.8, 215.6, 9.15433e-07
_04911_, 40.5, 215.6, 9.15448e-07
_04913_, 43.2, 215.6, 9.15431e-07
_05442_, 43.2, 215.6, 9.15431e-07
FILLER_52_58, 43.2, 215.6, 9.15431e-07
FILLER_51_62, 45.9, 215.6, 9.15311e-07
_05443_, 48.6, 215.6, 9.1517e-07
TAP_944, 48.6, 215.6, 9.1517e-07
FILLER_51_70, 48.6, 215.6, 9.1517e-07
_09112_, 51.3, 215.6, 9.14951e-07
FILLER_51_73, 51.3, 215.6, 9.14951e-07
FILLER_51_75, 51.3, 215.6, 9.14951e-07
FILLER_52_73, 51.3, 215.6, 9.14951e-07
_09799_, 54, 215.6, 9.14619e-07
_08911_, 59.4, 215.6, 9.1379e-07
FILLER_51_86, 59.4, 215.6, 9.1379e-07
FILLER_51_88, 59.4, 215.6, 9.1379e-07
_05613_, 64.8, 215.6, 9.13261e-07
_05614_, 70.2, 215.6, 9.13114e-07
TAP_958, 70.2, 215.6, 9.13114e-07
FILLER_51_108, 70.2, 215.6, 9.13114e-07
_05041_, 72.9, 215.6, 9.12962e-07
FILLER_52_117, 75.6, 215.6, 9.1278e-07
FILLER_51_124, 78.3, 215.6, 9.12577e-07
FILLER_52_125, 81, 215.6, 9.12355e-07
FILLER_52_129, 81, 215.6, 9.12355e-07
_05291_, 83.7, 215.6, 9.12091e-07
_05483_, 89.1, 215.6, 9.11459e-07
TAP_945, 89.1, 215.6, 9.11459e-07
FILLER_51_140, 89.1, 215.6, 9.11459e-07
FILLER_51_144, 91.8, 215.6, 9.1105e-07
_05484_, 94.5, 215.6, 9.1062e-07
FILLER_51_152, 94.5, 215.6, 9.1062e-07
_09429_, 97.2, 215.6, 9.10133e-07
FILLER_51_156, 97.2, 215.6, 9.10133e-07
FILLER_52_155, 97.2, 215.6, 9.10133e-07
_05270_, 102.6, 215.6, 9.09375e-07
FILLER_52_163, 102.6, 215.6, 9.09375e-07
TAP_959, 108, 215.6, 9.08933e-07
_05512_, 110.7, 215.6, 9.08692e-07
FILLER_52_179, 110.7, 215.6, 9.08692e-07
FILLER_51_186, 113.4, 215.6, 9.08378e-07
_05292_, 116.1, 215.6, 9.08044e-07
_05513_, 116.1, 215.6, 9.08044e-07
FILLER_51_188, 116.1, 215.6, 9.08044e-07
FILLER_51_194, 118.8, 215.6, 9.07599e-07
_04957_, 121.5, 215.6, 9.07134e-07
_09442_, 124.2, 215.6, 9.06638e-07
FILLER_52_204, 124.2, 215.6, 9.06638e-07
FILLER_51_210, 126.9, 215.6, 9.06039e-07
TAP_946, 129.6, 215.6, 9.0542e-07
FILLER_51_212, 129.6, 215.6, 9.0542e-07
FILLER_51_215, 129.6, 215.6, 9.0542e-07
FILLER_51_223, 135, 215.6, 9.0406e-07
FILLER_51_225, 135, 215.6, 9.0406e-07
_05633_, 137.7, 215.6, 9.0334e-07
_05428_, 140.4, 215.6, 9.02578e-07
FILLER_52_235, 140.4, 215.6, 9.02578e-07
FILLER_52_239, 143.1, 215.6, 9.02243e-07
_05459_, 145.8, 215.6, 9.01887e-07
_05247_, 148.5, 215.6, 9.0149e-07
TAP_960, 148.5, 215.6, 9.0149e-07
_05307_, 151.2, 215.6, 9.01018e-07
_05248_, 153.9, 215.6, 9.00459e-07
FILLER_52_268, 159.3, 215.6, 8.99165e-07
_07669_, 162, 215.6, 8.98498e-07
_05261_, 164.7, 215.6, 8.97778e-07
_05409_, 167.4, 215.6, 8.97003e-07
FILLER_51_283, 167.4, 215.6, 8.97003e-07
FILLER_52_279, 167.4, 215.6, 8.97003e-07
_08739_, 170.1, 215.6, 8.96151e-07
_09729_, 170.1, 215.6, 8.96151e-07
TAP_947, 170.1, 215.6, 8.96151e-07
_07670_, 175.5, 215.6, 8.94134e-07
_05408_, 180.9, 215.6, 8.92013e-07
_05063_, 186.3, 215.6, 8.91005e-07
_05448_, 186.3, 215.6, 8.91005e-07
TAP_961, 189, 215.6, 8.90418e-07
FILLER_52_321, 189, 215.6, 8.90418e-07
_05581_, 191.7, 215.6, 8.8979e-07
_08385_, 194.4, 215.6, 8.89109e-07
_05580_, 197.1, 215.6, 8.88376e-07
FILLER_51_333, 197.1, 215.6, 8.88376e-07
_07312_, 199.8, 215.6, 8.87569e-07
_07311_, 202.5, 215.6, 8.8671e-07
FILLER_52_349, 205.2, 215.6, 8.85798e-07
TAP_948, 207.9, 215.6, 8.84866e-07
FILLER_51_353, 207.9, 215.6, 8.84866e-07
_09695_, 210.6, 215.6, 8.83893e-07
FILLER_52_365, 213.3, 215.6, 8.82837e-07
_05407_, 216, 215.6, 8.81761e-07
FILLER_52_367, 216, 215.6, 8.81761e-07
FILLER_52_377, 221.4, 215.6, 8.79464e-07
FILLER_51_386, 226.8, 215.6, 8.78694e-07
FILLER_52_385, 226.8, 215.6, 8.78694e-07
FILLER_52_389, 226.8, 215.6, 8.78694e-07
_09984_, 229.5, 215.6, 8.78248e-07
TAP_962, 229.5, 215.6, 8.78248e-07
FILLER_51_402, 234.9, 215.6, 8.77151e-07
_08017_, 237.6, 215.6, 8.76583e-07
FILLER_51_406, 237.6, 215.6, 8.76583e-07
FILLER_51_416, 243, 215.6, 8.75301e-07
_04781_, 245.7, 215.6, 8.74639e-07
FILLER_52_421, 245.7, 215.6, 8.74639e-07
TAP_949, 248.4, 215.6, 8.73917e-07
_08021_, 251.1, 215.6, 8.73174e-07
_08022_, 251.1, 215.6, 8.73174e-07
FILLER_51_436, 253.8, 215.6, 8.72327e-07
FILLER_52_437, 253.8, 215.6, 8.72327e-07
FILLER_52_441, 256.5, 215.6, 8.7144e-07
_07725_, 259.2, 215.6, 8.70533e-07
_07738_, 259.2, 215.6, 8.70533e-07
FILLER_51_444, 259.2, 215.6, 8.70533e-07
FILLER_52_443, 259.2, 215.6, 8.70533e-07
_07737_, 264.6, 215.6, 8.69618e-07
_07734_, 267.3, 215.6, 8.69728e-07
TAP_963, 267.3, 215.6, 8.69728e-07
_07704_, 270, 215.6, 8.69765e-07
_07733_, 270, 215.6, 8.69765e-07
_07705_, 275.4, 215.6, 8.69602e-07
_07735_, 275.4, 215.6, 8.69602e-07
_07740_, 280.8, 215.6, 8.69214e-07
FILLER_52_485, 280.8, 215.6, 8.69214e-07
FILLER_51_492, 286.2, 215.6, 8.68691e-07
FILLER_52_493, 286.2, 215.6, 8.68691e-07
_07757_, 288.9, 215.6, 8.68389e-07
_07758_, 288.9, 215.6, 8.68389e-07
TAP_950, 288.9, 215.6, 8.68389e-07
FILLER_51_496, 288.9, 215.6, 8.68389e-07
FILLER_52_505, 291.6, 215.6, 8.6795e-07
_07777_, 294.3, 215.6, 8.67491e-07
_07799_, 299.7, 215.6, 8.6647e-07
_07776_, 302.4, 215.6, 8.67722e-07
FILLER_51_521, 302.4, 215.6, 8.67722e-07
FILLER_52_521, 302.4, 215.6, 8.67722e-07
_09671_, 305.1, 215.6, 8.68897e-07
FILLER_52_529, 305.1, 215.6, 8.68897e-07
TAP_964, 307.8, 215.6, 8.69963e-07
FILLER_52_531, 307.8, 215.6, 8.69963e-07
FILLER_52_534, 307.8, 215.6, 8.69963e-07
FILLER_52_538, 310.5, 215.6, 8.70969e-07
_09332_, 313.2, 215.6, 8.71955e-07
FILLER_52_540, 313.2, 215.6, 8.71955e-07
FILLER_52_547, 315.9, 215.6, 8.72883e-07
_08025_, 318.6, 215.6, 8.73791e-07
FILLER_52_549, 318.6, 215.6, 8.73791e-07
FILLER_52_558, 321.3, 215.6, 8.74627e-07
_08026_, 324, 215.6, 8.75442e-07
_09679_, 326.7, 215.6, 8.76206e-07
FILLER_51_567, 326.7, 215.6, 8.76206e-07
FILLER_52_566, 326.7, 215.6, 8.76206e-07
TAP_951, 329.4, 215.6, 8.76826e-07
FILLER_51_570, 329.4, 215.6, 8.76826e-07
FILLER_51_572, 329.4, 215.6, 8.76826e-07
_08024_, 332.1, 215.6, 8.77385e-07
FILLER_51_581, 334.8, 215.6, 8.77892e-07
_08002_, 337.5, 215.6, 8.7838e-07
_04756_, 345.6, 215.6, 8.82055e-07
_09689_, 348.3, 215.6, 8.83629e-07
TAP_965, 348.3, 215.6, 8.83629e-07
FILLER_51_606, 348.3, 215.6, 8.83629e-07
_08367_, 351, 215.6, 8.85058e-07
FILLER_51_615, 353.7, 215.6, 8.86436e-07
FILLER_51_619, 356.4, 215.6, 8.87794e-07
_04774_, 359.1, 215.6, 8.89131e-07
FILLER_51_621, 359.1, 215.6, 8.89131e-07
_08032_, 361.8, 215.6, 8.90396e-07
TAP_952, 367.2, 215.6, 8.92817e-07
_08034_, 369.9, 215.6, 8.94007e-07
_08040_, 369.9, 215.6, 8.94007e-07
FILLER_51_641, 369.9, 215.6, 8.94007e-07
_08035_, 372.6, 215.6, 8.95082e-07
_08047_, 375.3, 215.6, 8.96053e-07
_08039_, 388.8, 215.6, 9.02787e-07
_08064_, 388.8, 215.6, 9.02787e-07
TAP_966, 388.8, 215.6, 9.02787e-07
_08362_, 394.2, 215.6, 9.05844e-07
FILLER_52_685, 394.2, 215.6, 9.05844e-07
_08260_, 396.9, 215.6, 9.07292e-07
_08258_, 399.6, 215.6, 9.08672e-07
_08314_, 405, 215.6, 9.11295e-07
_08207_, 407.7, 215.6, 9.12569e-07
TAP_953, 407.7, 215.6, 9.12569e-07
FILLER_51_708, 407.7, 215.6, 9.12569e-07
FILLER_51_712, 407.7, 215.6, 9.12569e-07
_08349_, 410.4, 215.6, 9.13714e-07
_08259_, 413.1, 215.6, 9.14743e-07
_08350_, 418.5, 215.6, 9.16705e-07
_08183_, 421.2, 215.6, 9.17649e-07
FILLER_51_736, 421.2, 215.6, 9.17649e-07
_08333_, 423.9, 215.6, 9.19144e-07
FILLER_51_738, 423.9, 215.6, 9.19144e-07
_08140_, 426.6, 215.6, 9.20581e-07
TAP_967, 426.6, 215.6, 9.20581e-07
FILLER_52_744, 426.6, 215.6, 9.20581e-07
_08181_, 429.3, 215.6, 9.21796e-07
FILLER_52_752, 432, 215.6, 9.22973e-07
_08092_, 434.7, 215.6, 9.24131e-07
FILLER_51_777, 445.5, 215.6, 9.28343e-07
_08340_, 448.2, 215.6, 9.29376e-07
_08449_, 448.2, 215.6, 9.29376e-07
TAP_954, 448.2, 215.6, 9.29376e-07
FILLER_52_782, 448.2, 215.6, 9.29376e-07
_08448_, 453.6, 215.6, 9.31025e-07
FILLER_52_799, 456.3, 215.6, 9.31798e-07
_04769_, 459, 215.6, 9.3255e-07
_08631_, 461.7, 215.6, 9.33261e-07
FILLER_51_806, 461.7, 215.6, 9.33261e-07
FILLER_51_808, 461.7, 215.6, 9.33261e-07
_08444_, 464.4, 215.6, 9.34421e-07
FILLER_52_812, 464.4, 215.6, 9.34421e-07
_08392_, 467.1, 215.6, 9.35493e-07
TAP_968, 467.1, 215.6, 9.35493e-07
_08415_, 469.8, 215.6, 9.36491e-07
_08414_, 472.5, 215.6, 9.37452e-07
_08450_, 472.5, 215.6, 9.37452e-07
FILLER_51_827, 472.5, 215.6, 9.37452e-07
_08511_, 477.9, 215.6, 9.39136e-07
_08442_, 480.6, 215.6, 9.39941e-07
FILLER_51_838, 480.6, 215.6, 9.39941e-07
FILLER_52_838, 480.6, 215.6, 9.39941e-07
FILLER_52_842, 480.6, 215.6, 9.39941e-07
_08462_, 483.3, 215.6, 9.40625e-07
_08411_, 486, 215.6, 9.41271e-07
TAP_955, 486, 215.6, 9.41271e-07
FILLER_52_849, 486, 215.6, 9.41271e-07
_08437_, 488.7, 215.6, 9.41839e-07
_08477_, 488.7, 215.6, 9.41839e-07
FILLER_51_854, 488.7, 215.6, 9.41839e-07
_08406_, 494.1, 215.6, 9.42696e-07
_08441_, 494.1, 215.6, 9.42696e-07
FILLER_51_870, 496.8, 215.6, 9.43046e-07
_08510_, 499.5, 215.6, 9.43376e-07
_08637_, 502.2, 215.6, 9.43654e-07
FILLER_51_878, 502.2, 215.6, 9.43654e-07
FILLER_52_881, 502.2, 215.6, 9.43654e-07
_08684_, 504.9, 215.6, 9.4437e-07
FILLER_52_885, 504.9, 215.6, 9.4437e-07
TAP_969, 507.6, 215.6, 9.44998e-07
FILLER_52_889, 507.6, 215.6, 9.44998e-07
_08680_, 510.3, 215.6, 9.45585e-07
_08687_, 513, 215.6, 9.46135e-07
FILLER_52_898, 513, 215.6, 9.46135e-07
_08686_, 518.4, 215.6, 9.46962e-07
FILLER_52_906, 518.4, 215.6, 9.46962e-07
FILLER_52_908, 518.4, 215.6, 9.46962e-07
_08688_, 526.5, 215.6, 9.47845e-07
TAP_956, 526.5, 215.6, 9.47845e-07
FILLER_51_920, 526.5, 215.6, 9.47845e-07
FILLER_51_922, 526.5, 215.6, 9.47845e-07
_08530_, 529.2, 215.6, 9.48041e-07
FILLER_52_927, 529.2, 215.6, 9.48041e-07
_08689_, 531.9, 215.6, 9.4818e-07
FILLER_51_935, 534.6, 215.6, 9.48281e-07
PHY_103, 537.3, 215.6, 9.48362e-07
PHY_105, 537.3, 215.6, 9.48362e-07
FILLER_51_943, 537.3, 215.6, 9.48362e-07
FILLER_52_943, 537.3, 215.6, 9.48362e-07
PHY_98, 10.8, 207.76, 8.9313e-07
PHY_100, 10.8, 207.76, 8.9313e-07
FILLER_49_2, 10.8, 207.76, 8.9313e-07
FILLER_50_2, 10.8, 207.76, 8.9313e-07
_09796_, 13.5, 207.76, 8.93049e-07
_10028_, 13.5, 207.76, 8.93049e-07
FILLER_50_6, 13.5, 207.76, 8.93049e-07
FILLER_50_12, 16.2, 207.76, 8.92844e-07
_09109_, 18.9, 207.76, 8.9262e-07
FILLER_50_16, 18.9, 207.76, 8.9262e-07
_05472_, 27, 207.76, 8.92784e-07
FILLER_50_28, 27, 207.76, 8.92784e-07
_08908_, 29.7, 207.76, 8.92957e-07
TAP_931, 29.7, 207.76, 8.92957e-07
FILLER_50_37, 29.7, 207.76, 8.92957e-07
_09795_, 32.4, 207.76, 8.93037e-07
_04945_, 35.1, 207.76, 8.93034e-07
FILLER_49_47, 35.1, 207.76, 8.93034e-07
_08907_, 37.8, 207.76, 8.92981e-07
FILLER_49_59, 43.2, 207.76, 8.92767e-07
TAP_918, 48.6, 207.76, 8.92513e-07
FILLER_49_67, 48.6, 207.76, 8.92513e-07
FILLER_50_68, 48.6, 207.76, 8.92513e-07
_09114_, 51.3, 207.76, 8.92326e-07
FILLER_49_73, 51.3, 207.76, 8.92326e-07
_05103_, 54, 207.76, 8.92065e-07
FILLER_49_77, 54, 207.76, 8.92065e-07
_09801_, 56.7, 207.76, 8.91753e-07
FILLER_50_82, 56.7, 207.76, 8.91753e-07
_08913_, 59.4, 207.76, 8.91338e-07
FILLER_50_86, 59.4, 207.76, 8.91338e-07
_05105_, 64.8, 207.76, 8.90799e-07
FILLER_50_102, 67.5, 207.76, 8.90716e-07
TAP_932, 70.2, 207.76, 8.90613e-07
FILLER_50_108, 70.2, 207.76, 8.90613e-07
_09828_, 72.9, 207.76, 8.90469e-07
FILLER_49_111, 72.9, 207.76, 8.90469e-07
FILLER_50_124, 78.3, 207.76, 8.89976e-07
_04885_, 81, 207.76, 8.89709e-07
FILLER_50_128, 81, 207.76, 8.89709e-07
_05445_, 83.7, 207.76, 8.89392e-07
TAP_919, 89.1, 207.76, 8.8865e-07
FILLER_49_141, 89.1, 207.76, 8.8865e-07
FILLER_50_142, 89.1, 207.76, 8.8865e-07
_05446_, 91.8, 207.76, 8.88219e-07
_05457_, 91.8, 207.76, 8.88219e-07
FILLER_49_144, 91.8, 207.76, 8.88219e-07
_04917_, 94.5, 207.76, 8.87618e-07
FILLER_49_151, 94.5, 207.76, 8.87618e-07
FILLER_49_157, 97.2, 207.76, 8.86965e-07
FILLER_49_165, 102.6, 207.76, 8.86034e-07
FILLER_49_167, 102.6, 207.76, 8.86034e-07
_09836_, 105.3, 207.76, 8.85734e-07
FILLER_50_171, 105.3, 207.76, 8.85734e-07
TAP_933, 108, 207.76, 8.85332e-07
FILLER_50_175, 108, 207.76, 8.85332e-07
FILLER_50_179, 110.7, 207.76, 8.84889e-07
_09445_, 113.4, 207.76, 8.84426e-07
_05476_, 121.5, 207.76, 8.82788e-07
_05604_, 124.2, 207.76, 8.8219e-07
TAP_920, 129.6, 207.76, 8.8091e-07
FILLER_49_215, 129.6, 207.76, 8.8091e-07
FILLER_50_212, 129.6, 207.76, 8.8091e-07
_05631_, 132.3, 207.76, 8.80209e-07
FILLER_49_217, 132.3, 207.76, 8.80209e-07
FILLER_50_220, 132.3, 207.76, 8.80209e-07
_05430_, 135, 207.76, 8.79402e-07
FILLER_50_222, 135, 207.76, 8.79402e-07
_05413_, 137.7, 207.76, 8.78533e-07
FILLER_49_232, 140.4, 207.76, 8.77577e-07
_05319_, 143.1, 207.76, 8.77034e-07
TAP_934, 148.5, 207.76, 8.75773e-07
_05318_, 151.2, 207.76, 8.75122e-07
_05420_, 151.2, 207.76, 8.75122e-07
FILLER_50_250, 151.2, 207.76, 8.75122e-07
_05208_, 156.6, 207.76, 8.7346e-07
_05203_, 167.4, 207.76, 8.69725e-07
_09661_, 170.1, 207.76, 8.6876e-07
_09724_, 170.1, 207.76, 8.6876e-07
TAP_921, 170.1, 207.76, 8.6876e-07
_05449_, 186.3, 207.76, 8.62827e-07
FILLER_50_317, 186.3, 207.76, 8.62827e-07
_05582_, 189, 207.76, 8.62104e-07
_09700_, 189, 207.76, 8.62104e-07
TAP_935, 189, 207.76, 8.62104e-07
FILLER_50_326, 191.7, 207.76, 8.6124e-07
_09645_, 197.1, 207.76, 8.59472e-07
FILLER_50_334, 197.1, 207.76, 8.59472e-07
_05066_, 205.2, 207.76, 8.5651e-07
TAP_922, 207.9, 207.76, 8.55493e-07
FILLER_49_353, 207.9, 207.76, 8.55493e-07
FILLER_49_357, 210.6, 207.76, 8.54434e-07
_08379_, 213.3, 207.76, 8.53356e-07
FILLER_49_365, 213.3, 207.76, 8.53356e-07
_04904_, 216, 207.76, 8.52204e-07
FILLER_49_367, 216, 207.76, 8.52204e-07
_09640_, 218.7, 207.76, 8.51001e-07
_07306_, 221.4, 207.76, 8.49716e-07
FILLER_50_375, 221.4, 207.76, 8.49716e-07
FILLER_50_387, 226.8, 207.76, 8.48588e-07
FILLER_50_389, 226.8, 207.76, 8.48588e-07
_05447_, 229.5, 207.76, 8.47983e-07
TAP_936, 229.5, 207.76, 8.47983e-07
FILLER_49_401, 234.9, 207.76, 8.46628e-07
FILLER_50_401, 234.9, 207.76, 8.46628e-07
_08018_, 237.6, 207.76, 8.4591e-07
_08019_, 237.6, 207.76, 8.4591e-07
FILLER_49_405, 237.6, 207.76, 8.4591e-07
FILLER_50_405, 237.6, 207.76, 8.4591e-07
_08020_, 243, 207.76, 8.44186e-07
_09678_, 243, 207.76, 8.44186e-07
FILLER_50_414, 243, 207.76, 8.44186e-07
FILLER_50_416, 243, 207.76, 8.44186e-07
FILLER_49_422, 245.7, 207.76, 8.43129e-07
TAP_923, 248.4, 207.76, 8.42051e-07
_07731_, 251.1, 207.76, 8.40952e-07
FILLER_49_428, 251.1, 207.76, 8.40952e-07
_07700_, 256.5, 207.76, 8.38611e-07
_04780_, 264.6, 207.76, 8.36097e-07
TAP_937, 267.3, 207.76, 8.36079e-07
_07727_, 270, 207.76, 8.36042e-07
_07736_, 270, 207.76, 8.36042e-07
_07729_, 272.7, 207.76, 8.35922e-07
FILLER_50_471, 272.7, 207.76, 8.35922e-07
_07703_, 275.4, 207.76, 8.35714e-07
FILLER_50_473, 275.4, 207.76, 8.35714e-07
_07726_, 280.8, 207.76, 8.35153e-07
_07759_, 280.8, 207.76, 8.35153e-07
FILLER_50_482, 280.8, 207.76, 8.35153e-07
FILLER_50_484, 280.8, 207.76, 8.35153e-07
_07702_, 286.2, 207.76, 8.34197e-07
_07774_, 288.9, 207.76, 8.33681e-07
TAP_924, 288.9, 207.76, 8.33681e-07
FILLER_49_496, 288.9, 207.76, 8.33681e-07
_07801_, 294.3, 207.76, 8.32447e-07
_07819_, 297, 207.76, 8.31714e-07
FILLER_49_511, 297, 207.76, 8.31714e-07
_07816_, 302.4, 207.76, 8.32283e-07
_07802_, 305.1, 207.76, 8.3362e-07
_07818_, 307.8, 207.76, 8.34919e-07
_08015_, 307.8, 207.76, 8.34919e-07
TAP_938, 307.8, 207.76, 8.34919e-07
FILLER_49_532, 307.8, 207.76, 8.34919e-07
FILLER_50_531, 307.8, 207.76, 8.34919e-07
FILLER_49_542, 313.2, 207.76, 8.3719e-07
FILLER_50_542, 313.2, 207.76, 8.3719e-07
_09680_, 315.9, 207.76, 8.38285e-07
FILLER_50_546, 315.9, 207.76, 8.38285e-07
FILLER_49_558, 321.3, 207.76, 8.40227e-07
FILLER_49_566, 326.7, 207.76, 8.42128e-07
_04778_, 329.4, 207.76, 8.43058e-07
TAP_925, 329.4, 207.76, 8.43058e-07
FILLER_49_576, 332.1, 207.76, 8.43927e-07
_07984_, 334.8, 207.76, 8.44775e-07
_07941_, 337.5, 207.76, 8.45586e-07
_07981_, 337.5, 207.76, 8.45586e-07
_07887_, 340.2, 207.76, 8.46158e-07
_08055_, 348.3, 207.76, 8.51661e-07
TAP_939, 348.3, 207.76, 8.51661e-07
FILLER_50_605, 348.3, 207.76, 8.51661e-07
_08056_, 353.7, 207.76, 8.55145e-07
FILLER_49_620, 356.4, 207.76, 8.5685e-07
FILLER_50_620, 356.4, 207.76, 8.5685e-07
_08051_, 359.1, 207.76, 8.58514e-07
FILLER_50_624, 359.1, 207.76, 8.58514e-07
_08053_, 361.8, 207.76, 8.60121e-07
_08054_, 361.8, 207.76, 8.60121e-07
FILLER_50_626, 361.8, 207.76, 8.60121e-07
_08355_, 364.5, 207.76, 8.61611e-07
FILLER_50_633, 364.5, 207.76, 8.61611e-07
_08041_, 367.2, 207.76, 8.63044e-07
TAP_926, 367.2, 207.76, 8.63044e-07
FILLER_49_638, 367.2, 207.76, 8.63044e-07
FILLER_49_641, 369.9, 207.76, 8.64373e-07
_08049_, 372.6, 207.76, 8.65682e-07
FILLER_49_645, 372.6, 207.76, 8.65682e-07
_08043_, 375.3, 207.76, 8.66919e-07
_08044_, 378, 207.76, 8.68067e-07
FILLER_50_670, 386.1, 207.76, 8.72902e-07
_08033_, 388.8, 207.76, 8.74768e-07
_08358_, 388.8, 207.76, 8.74768e-07
TAP_940, 388.8, 207.76, 8.74768e-07
_08359_, 394.2, 207.76, 8.78196e-07
_08261_, 396.9, 207.76, 8.79858e-07
_08311_, 396.9, 207.76, 8.79858e-07
FILLER_50_689, 396.9, 207.76, 8.79858e-07
_08361_, 402.3, 207.76, 8.82903e-07
_08363_, 402.3, 207.76, 8.82903e-07
_08263_, 407.7, 207.76, 8.85725e-07
_08265_, 407.7, 207.76, 8.85725e-07
TAP_927, 407.7, 207.76, 8.85725e-07
FILLER_49_708, 407.7, 207.76, 8.85725e-07
_08321_, 410.4, 207.76, 8.87006e-07
FILLER_49_720, 413.1, 207.76, 8.88235e-07
_08319_, 415.8, 207.76, 8.89445e-07
_08320_, 415.8, 207.76, 8.89445e-07
_08318_, 421.2, 207.76, 8.9164e-07
FILLER_49_735, 421.2, 207.76, 8.9164e-07
_08234_, 423.9, 207.76, 8.93241e-07
_08292_, 423.9, 207.76, 8.93241e-07
FILLER_50_738, 423.9, 207.76, 8.93241e-07
TAP_941, 426.6, 207.76, 8.94683e-07
_08163_, 429.3, 207.76, 8.96105e-07
_08027_, 432, 207.76, 8.97346e-07
_09702_, 448.2, 207.76, 9.04165e-07
_09703_, 448.2, 207.76, 9.04165e-07
TAP_928, 448.2, 207.76, 9.04165e-07
FILLER_49_783, 448.2, 207.76, 9.04165e-07
_04768_, 464.4, 207.76, 9.10137e-07
FILLER_49_813, 464.4, 207.76, 9.10137e-07
_08418_, 467.1, 207.76, 9.11394e-07
_08446_, 467.1, 207.76, 9.11394e-07
TAP_942, 467.1, 207.76, 9.11394e-07
FILLER_49_815, 467.1, 207.76, 9.11394e-07
FILLER_50_815, 467.1, 207.76, 9.11394e-07
_08416_, 472.5, 207.76, 9.13528e-07
FILLER_49_831, 475.2, 207.76, 9.14558e-07
FILLER_50_831, 475.2, 207.76, 9.14558e-07
_08447_, 477.9, 207.76, 9.15547e-07
_08465_, 477.9, 207.76, 9.15547e-07
FILLER_50_833, 477.9, 207.76, 9.15547e-07
_04767_, 483.3, 207.76, 9.17242e-07
_08434_, 483.3, 207.76, 9.17242e-07
FILLER_50_844, 483.3, 207.76, 9.17242e-07
TAP_929, 486, 207.76, 9.17991e-07
FILLER_50_851, 486, 207.76, 9.17991e-07
_08474_, 488.7, 207.76, 9.18699e-07
_08478_, 488.7, 207.76, 9.18699e-07
FILLER_50_853, 488.7, 207.76, 9.18699e-07
_08436_, 494.1, 207.76, 9.19851e-07
_08473_, 494.1, 207.76, 9.19851e-07
FILLER_49_873, 499.5, 207.76, 9.20748e-07
_08508_, 502.2, 207.76, 9.21177e-07
_08638_, 502.2, 207.76, 9.21177e-07
FILLER_49_877, 502.2, 207.76, 9.21177e-07
FILLER_49_879, 502.2, 207.76, 9.21177e-07
FILLER_50_877, 502.2, 207.76, 9.21177e-07
_08640_, 504.9, 207.76, 9.21867e-07
_08639_, 507.6, 207.76, 9.22441e-07
TAP_943, 507.6, 207.76, 9.22441e-07
_08634_, 513, 207.76, 9.2343e-07
FILLER_50_904, 515.7, 207.76, 9.23888e-07
FILLER_49_908, 518.4, 207.76, 9.24325e-07
FILLER_50_908, 518.4, 207.76, 9.24325e-07
FILLER_50_910, 518.4, 207.76, 9.24325e-07
_08685_, 521.1, 207.76, 9.24701e-07
FILLER_49_916, 523.8, 207.76, 9.2504e-07
FILLER_50_916, 523.8, 207.76, 9.2504e-07
_08690_, 526.5, 207.76, 9.25338e-07
TAP_930, 526.5, 207.76, 9.25338e-07
FILLER_49_920, 526.5, 207.76, 9.25338e-07
FILLER_49_922, 526.5, 207.76, 9.25338e-07
FILLER_50_920, 526.5, 207.76, 9.25338e-07
FILLER_49_925, 529.2, 207.76, 9.25439e-07
PHY_99, 537.3, 207.76, 9.25682e-07
PHY_101, 537.3, 207.76, 9.25682e-07
FILLER_49_941, 537.3, 207.76, 9.25682e-07
FILLER_49_943, 537.3, 207.76, 9.25682e-07
_09902_, 10.8, 199.92, 8.70108e-07
PHY_94, 10.8, 199.92, 8.70108e-07
PHY_96, 10.8, 199.92, 8.70108e-07
FILLER_47_2, 10.8, 199.92, 8.70108e-07
FILLER_47_18, 18.9, 199.92, 8.69678e-07
_09106_, 24.3, 199.92, 8.698e-07
FILLER_47_26, 24.3, 199.92, 8.698e-07
_04943_, 27, 199.92, 8.70011e-07
_05471_, 29.7, 199.92, 8.70191e-07
_09900_, 29.7, 199.92, 8.70191e-07
TAP_905, 29.7, 199.92, 8.70191e-07
FILLER_48_46, 35.1, 199.92, 8.70241e-07
FILLER_48_50, 37.8, 199.92, 8.70245e-07
_04879_, 40.5, 199.92, 8.70229e-07
FILLER_48_56, 40.5, 199.92, 8.70229e-07
_09907_, 43.2, 199.92, 8.70162e-07
FILLER_48_60, 43.2, 199.92, 8.70162e-07
_05416_, 45.9, 199.92, 8.69992e-07
TAP_892, 48.6, 199.92, 8.69785e-07
FILLER_47_70, 48.6, 199.92, 8.69785e-07
_09110_, 51.3, 199.92, 8.69537e-07
_04975_, 56.7, 199.92, 8.68936e-07
_09105_, 59.4, 199.92, 8.68604e-07
FILLER_47_87, 59.4, 199.92, 8.68604e-07
FILLER_47_95, 62.1, 199.92, 8.68164e-07
_08904_, 64.8, 199.92, 8.68107e-07
_10020_, 70.2, 199.92, 8.67817e-07
TAP_906, 70.2, 199.92, 8.67817e-07
_09403_, 72.9, 199.92, 8.67568e-07
FILLER_47_112, 72.9, 199.92, 8.67568e-07
_08975_, 78.3, 199.92, 8.66926e-07
FILLER_47_133, 83.7, 199.92, 8.66178e-07
_04883_, 86.4, 199.92, 8.65783e-07
_08976_, 89.1, 199.92, 8.65358e-07
TAP_893, 89.1, 199.92, 8.65358e-07
FILLER_47_141, 89.1, 199.92, 8.65358e-07
FILLER_48_141, 89.1, 199.92, 8.65358e-07
_09829_, 91.8, 199.92, 8.64819e-07
_05487_, 94.5, 199.92, 8.64198e-07
TAP_907, 108, 199.92, 8.61655e-07
FILLER_47_173, 108, 199.92, 8.61655e-07
FILLER_47_177, 108, 199.92, 8.61655e-07
_05444_, 110.7, 199.92, 8.61235e-07
_05478_, 110.7, 199.92, 8.61235e-07
_08985_, 113.4, 199.92, 8.60726e-07
_04886_, 116.1, 199.92, 8.60164e-07
FILLER_47_191, 116.1, 199.92, 8.60164e-07
_09837_, 118.8, 199.92, 8.5955e-07
FILLER_47_195, 118.8, 199.92, 8.5955e-07
_04918_, 121.5, 199.92, 8.58834e-07
_08986_, 121.5, 199.92, 8.58834e-07
FILLER_47_211, 126.9, 199.92, 8.57234e-07
TAP_894, 129.6, 199.92, 8.56414e-07
FILLER_47_215, 129.6, 199.92, 8.56414e-07
_05429_, 132.3, 199.92, 8.55553e-07
_05488_, 135, 199.92, 8.54626e-07
_05602_, 137.7, 199.92, 8.53658e-07
_05515_, 140.4, 199.92, 8.52624e-07
FILLER_48_244, 145.8, 199.92, 8.51227e-07
_05517_, 148.5, 199.92, 8.50509e-07
TAP_908, 148.5, 199.92, 8.50509e-07
_05262_, 151.2, 199.92, 8.49729e-07
FILLER_47_254, 151.2, 199.92, 8.49729e-07
_09663_, 153.9, 199.92, 8.48841e-07
_05406_, 159.3, 199.92, 8.469e-07
_05492_, 170.1, 199.92, 8.42668e-07
_07672_, 170.1, 199.92, 8.42668e-07
TAP_895, 170.1, 199.92, 8.42668e-07
FILLER_48_291, 172.8, 199.92, 8.41499e-07
_04903_, 175.5, 199.92, 8.4031e-07
FILLER_47_296, 175.5, 199.92, 8.4031e-07
FILLER_48_293, 175.5, 199.92, 8.4031e-07
_07671_, 178.2, 199.92, 8.3905e-07
FILLER_48_298, 178.2, 199.92, 8.3905e-07
FILLER_48_302, 178.2, 199.92, 8.3905e-07
_04905_, 180.9, 199.92, 8.37697e-07
_05468_, 183.6, 199.92, 8.36844e-07
FILLER_47_308, 183.6, 199.92, 8.36844e-07
FILLER_48_308, 183.6, 199.92, 8.36844e-07
FILLER_48_316, 186.3, 199.92, 8.35897e-07
_05456_, 189, 199.92, 8.34931e-07
_05485_, 189, 199.92, 8.34931e-07
TAP_909, 189, 199.92, 8.34931e-07
FILLER_48_318, 189, 199.92, 8.34931e-07
_08384_, 194.4, 199.92, 8.32706e-07
FILLER_47_328, 194.4, 199.92, 8.32706e-07
FILLER_48_330, 194.4, 199.92, 8.32706e-07
_05467_, 197.1, 199.92, 8.315e-07
FILLER_47_332, 197.1, 199.92, 8.315e-07
FILLER_47_334, 197.1, 199.92, 8.315e-07
_05064_, 199.8, 199.92, 8.302e-07
_07307_, 202.5, 199.92, 8.2887e-07
FILLER_48_345, 202.5, 199.92, 8.2887e-07
TAP_896, 207.9, 199.92, 8.26064e-07
FILLER_47_354, 207.9, 199.92, 8.26064e-07
_09697_, 210.6, 199.92, 8.24621e-07
FILLER_47_357, 210.6, 199.92, 8.24621e-07
FILLER_48_361, 213.3, 199.92, 8.23074e-07
FILLER_48_377, 221.4, 199.92, 8.18374e-07
FILLER_48_379, 221.4, 199.92, 8.18374e-07
_04906_, 224.1, 199.92, 8.17506e-07
_04970_, 224.1, 199.92, 8.17506e-07
FILLER_47_388, 226.8, 199.92, 8.16576e-07
FILLER_48_388, 226.8, 199.92, 8.16576e-07
_09676_, 229.5, 199.92, 8.15606e-07
TAP_910, 229.5, 199.92, 8.15606e-07
FILLER_48_392, 229.5, 199.92, 8.15606e-07
_09677_, 232.2, 199.92, 8.14491e-07
FILLER_48_396, 232.2, 199.92, 8.14491e-07
TAP_897, 248.4, 199.92, 8.07155e-07
_07686_, 251.1, 199.92, 8.05912e-07
_07692_, 251.1, 199.92, 8.05912e-07
_07687_, 253.8, 199.92, 8.04574e-07
_07699_, 256.5, 199.92, 8.03131e-07
TAP_911, 267.3, 199.92, 7.99562e-07
_07695_, 270, 199.92, 7.99301e-07
_07696_, 270, 199.92, 7.99301e-07
FILLER_48_481, 278.1, 199.92, 7.97995e-07
_07722_, 280.8, 199.92, 7.97539e-07
_07772_, 280.8, 199.92, 7.97539e-07
FILLER_48_483, 280.8, 199.92, 7.97539e-07
_07769_, 286.2, 199.92, 7.9636e-07
FILLER_47_495, 286.2, 199.92, 7.9636e-07
_08011_, 288.9, 199.92, 7.95698e-07
TAP_898, 288.9, 199.92, 7.95698e-07
FILLER_47_499, 288.9, 199.92, 7.95698e-07
_08012_, 291.6, 199.92, 7.94943e-07
_08004_, 297, 199.92, 7.93235e-07
_07800_, 299.7, 199.92, 7.92343e-07
FILLER_48_515, 299.7, 199.92, 7.92343e-07
_07817_, 302.4, 199.92, 7.93895e-07
_08016_, 305.1, 199.92, 7.9541e-07
FILLER_47_526, 305.1, 199.92, 7.9541e-07
_09675_, 307.8, 199.92, 7.96867e-07
TAP_912, 307.8, 199.92, 7.96867e-07
FILLER_47_542, 313.2, 199.92, 7.99565e-07
_07750_, 318.6, 199.92, 8.02223e-07
FILLER_47_550, 318.6, 199.92, 8.02223e-07
_07784_, 321.3, 199.92, 8.03494e-07
FILLER_48_565, 326.7, 199.92, 8.05913e-07
_07745_, 329.4, 199.92, 8.07103e-07
_08003_, 329.4, 199.92, 8.07103e-07
TAP_899, 329.4, 199.92, 8.07103e-07
FILLER_48_569, 329.4, 199.92, 8.07103e-07
_07677_, 332.1, 199.92, 8.08153e-07
FILLER_47_582, 334.8, 199.92, 8.09141e-07
_07708_, 337.5, 199.92, 8.1011e-07
_07890_, 337.5, 199.92, 8.1011e-07
FILLER_47_584, 337.5, 199.92, 8.1011e-07
_09681_, 348.3, 199.92, 8.1715e-07
TAP_913, 348.3, 199.92, 8.1715e-07
FILLER_47_611, 351, 199.92, 8.19136e-07
FILLER_47_619, 356.4, 199.92, 8.23069e-07
_08087_, 359.1, 199.92, 8.25015e-07
_04777_, 364.5, 199.92, 8.28788e-07
_08052_, 367.2, 199.92, 8.30644e-07
TAP_900, 367.2, 199.92, 8.30644e-07
FILLER_47_636, 367.2, 199.92, 8.30644e-07
FILLER_47_638, 367.2, 199.92, 8.30644e-07
_08050_, 369.9, 199.92, 8.32402e-07
FILLER_47_641, 369.9, 199.92, 8.32402e-07
_08045_, 372.6, 199.92, 8.34101e-07
FILLER_47_649, 372.6, 199.92, 8.34101e-07
_08031_, 375.3, 199.92, 8.35728e-07
_08038_, 378, 199.92, 8.37307e-07
_08046_, 378, 199.92, 8.37307e-07
FILLER_48_655, 378, 199.92, 8.37307e-07
_08042_, 383.4, 199.92, 8.40975e-07
_08073_, 383.4, 199.92, 8.40975e-07
FILLER_47_666, 383.4, 199.92, 8.40975e-07
FILLER_48_673, 386.1, 199.92, 8.431e-07
_08030_, 388.8, 199.92, 8.45205e-07
_08061_, 388.8, 199.92, 8.45205e-07
TAP_914, 388.8, 199.92, 8.45205e-07
FILLER_47_674, 388.8, 199.92, 8.45205e-07
_08209_, 394.2, 199.92, 8.49023e-07
FILLER_48_693, 396.9, 199.92, 8.50863e-07
_08208_, 399.6, 199.92, 8.52684e-07
_08212_, 402.3, 199.92, 8.54467e-07
_08266_, 402.3, 199.92, 8.54467e-07
_08165_, 405, 199.92, 8.56101e-07
FILLER_47_704, 405, 199.92, 8.56101e-07
_08264_, 407.7, 199.92, 8.57677e-07
TAP_901, 407.7, 199.92, 8.57677e-07
_08166_, 415.8, 199.92, 8.62165e-07
FILLER_47_723, 415.8, 199.92, 8.62165e-07
FILLER_48_724, 415.8, 199.92, 8.62165e-07
FILLER_48_726, 415.8, 199.92, 8.62165e-07
_08164_, 418.5, 199.92, 8.635e-07
_08162_, 421.2, 199.92, 8.64784e-07
FILLER_48_741, 423.9, 199.92, 8.66508e-07
TAP_915, 426.6, 199.92, 8.68212e-07
_08334_, 429.3, 199.92, 8.69896e-07
FILLER_47_748, 429.3, 199.92, 8.69896e-07
_08339_, 432, 199.92, 8.71492e-07
_08058_, 434.7, 199.92, 8.72972e-07
_08284_, 442.8, 199.92, 8.77098e-07
_08295_, 448.2, 199.92, 8.79774e-07
TAP_902, 448.2, 199.92, 8.79774e-07
FILLER_47_780, 448.2, 199.92, 8.79774e-07
_08338_, 450.9, 199.92, 8.81035e-07
_08342_, 450.9, 199.92, 8.81035e-07
_08343_, 453.6, 199.92, 8.8222e-07
_08420_, 453.6, 199.92, 8.8222e-07
FILLER_48_790, 453.6, 199.92, 8.8222e-07
_08419_, 456.3, 199.92, 8.83317e-07
FILLER_47_798, 456.3, 199.92, 8.83317e-07
_08497_, 461.7, 199.92, 8.85349e-07
FILLER_47_806, 461.7, 199.92, 8.85349e-07
FILLER_48_808, 461.7, 199.92, 8.85349e-07
_08443_, 464.4, 199.92, 8.86634e-07
FILLER_48_810, 464.4, 199.92, 8.86634e-07
_08445_, 467.1, 199.92, 8.87861e-07
TAP_916, 467.1, 199.92, 8.87861e-07
_08417_, 472.5, 199.92, 8.90192e-07
FILLER_47_826, 472.5, 199.92, 8.90192e-07
_08464_, 475.2, 199.92, 8.91301e-07
FILLER_47_830, 475.2, 199.92, 8.91301e-07
FILLER_48_830, 475.2, 199.92, 8.91301e-07
FILLER_48_832, 475.2, 199.92, 8.91301e-07
_08463_, 477.9, 199.92, 8.92311e-07
FILLER_47_837, 477.9, 199.92, 8.92311e-07
FILLER_47_841, 480.6, 199.92, 8.93232e-07
_08461_, 483.3, 199.92, 8.94134e-07
_08480_, 483.3, 199.92, 8.94134e-07
FILLER_47_843, 483.3, 199.92, 8.94134e-07
_08479_, 486, 199.92, 8.94948e-07
TAP_903, 486, 199.92, 8.94948e-07
FILLER_47_850, 486, 199.92, 8.94948e-07
FILLER_47_854, 488.7, 199.92, 8.95669e-07
FILLER_48_857, 488.7, 199.92, 8.95669e-07
_08627_, 491.4, 199.92, 8.9635e-07
FILLER_47_858, 491.4, 199.92, 8.9635e-07
_08626_, 494.1, 199.92, 8.96973e-07
_08676_, 496.8, 199.92, 8.97559e-07
FILLER_48_873, 499.5, 199.92, 8.98093e-07
_08607_, 502.2, 199.92, 8.98605e-07
FILLER_48_881, 502.2, 199.92, 8.98605e-07
_08677_, 504.9, 199.92, 8.99401e-07
FILLER_48_885, 504.9, 199.92, 8.99401e-07
TAP_917, 507.6, 199.92, 9.00139e-07
FILLER_47_890, 507.6, 199.92, 9.00139e-07
FILLER_48_889, 507.6, 199.92, 9.00139e-07
_08678_, 510.3, 199.92, 9.00816e-07
_04761_, 513, 199.92, 9.01456e-07
_08692_, 513, 199.92, 9.01456e-07
FILLER_47_897, 513, 199.92, 9.01456e-07
FILLER_47_899, 513, 199.92, 9.01456e-07
FILLER_48_897, 513, 199.92, 9.01456e-07
_08620_, 523.8, 199.92, 9.02888e-07
_08691_, 526.5, 199.92, 9.03209e-07
TAP_904, 526.5, 199.92, 9.03209e-07
_08623_, 529.2, 199.92, 9.03394e-07
_08675_, 531.9, 199.92, 9.03527e-07
PHY_95, 537.3, 199.92, 9.03689e-07
PHY_97, 537.3, 199.92, 9.03689e-07
FILLER_47_941, 537.3, 199.92, 9.03689e-07
FILLER_47_943, 537.3, 199.92, 9.03689e-07
_09800_, 10.8, 192.08, 8.48428e-07
PHY_90, 10.8, 192.08, 8.48428e-07
PHY_92, 10.8, 192.08, 8.48428e-07
FILLER_46_2, 10.8, 192.08, 8.48428e-07
_05071_, 16.2, 192.08, 8.48141e-07
FILLER_46_10, 16.2, 192.08, 8.48141e-07
FILLER_46_12, 16.2, 192.08, 8.48141e-07
_09113_, 18.9, 192.08, 8.47926e-07
FILLER_46_27, 24.3, 192.08, 8.47892e-07
_05591_, 27, 192.08, 8.48104e-07
_08912_, 27, 192.08, 8.48104e-07
FILLER_46_29, 27, 192.08, 8.48104e-07
_08905_, 29.7, 192.08, 8.48207e-07
TAP_879, 29.7, 192.08, 8.48207e-07
FILLER_45_41, 32.4, 192.08, 8.48235e-07
_09107_, 35.1, 192.08, 8.48242e-07
FILLER_45_45, 35.1, 192.08, 8.48242e-07
FILLER_45_47, 35.1, 192.08, 8.48242e-07
_08906_, 37.8, 192.08, 8.48156e-07
_04881_, 40.5, 192.08, 8.48017e-07
_05415_, 43.2, 192.08, 8.47848e-07
FILLER_46_60, 43.2, 192.08, 8.47848e-07
_09903_, 45.9, 192.08, 8.47605e-07
FILLER_46_62, 45.9, 192.08, 8.47605e-07
TAP_866, 48.6, 192.08, 8.4726e-07
FILLER_45_67, 48.6, 192.08, 8.4726e-07
_09797_, 51.3, 192.08, 8.46874e-07
FILLER_45_73, 51.3, 192.08, 8.46874e-07
_05503_, 62.1, 192.08, 8.44918e-07
_05504_, 67.5, 192.08, 8.44557e-07
_10022_, 67.5, 192.08, 8.44557e-07
TAP_880, 70.2, 192.08, 8.44257e-07
FILLER_46_108, 70.2, 192.08, 8.44257e-07
_09405_, 75.6, 192.08, 8.43575e-07
_04947_, 81, 192.08, 8.42787e-07
_09401_, 83.7, 192.08, 8.42362e-07
FILLER_45_132, 83.7, 192.08, 8.42362e-07
FILLER_46_130, 83.7, 192.08, 8.42362e-07
_10021_, 86.4, 192.08, 8.41843e-07
TAP_867, 89.1, 192.08, 8.41241e-07
_09404_, 91.8, 192.08, 8.40618e-07
FILLER_45_144, 91.8, 192.08, 8.40618e-07
_04915_, 97.2, 192.08, 8.39227e-07
_09804_, 99.9, 192.08, 8.38501e-07
_05477_, 102.6, 192.08, 8.38005e-07
TAP_881, 108, 192.08, 8.36907e-07
FILLER_46_176, 108, 192.08, 8.36907e-07
_08919_, 110.7, 192.08, 8.36318e-07
_08920_, 116.1, 192.08, 8.35034e-07
FILLER_46_189, 116.1, 192.08, 8.35034e-07
_04916_, 121.5, 192.08, 8.33604e-07
FILLER_46_197, 121.5, 192.08, 8.33604e-07
FILLER_46_201, 121.5, 192.08, 8.33604e-07
_05603_, 124.2, 192.08, 8.32818e-07
FILLER_45_202, 124.2, 192.08, 8.32818e-07
FILLER_46_203, 124.2, 192.08, 8.32818e-07
FILLER_45_210, 126.9, 192.08, 8.31925e-07
TAP_868, 129.6, 192.08, 8.31011e-07
FILLER_45_212, 129.6, 192.08, 8.31011e-07
FILLER_45_215, 129.6, 192.08, 8.31011e-07
FILLER_45_219, 132.3, 192.08, 8.30037e-07
FILLER_46_218, 132.3, 192.08, 8.30037e-07
_04948_, 135, 192.08, 8.29023e-07
FILLER_45_225, 135, 192.08, 8.29023e-07
_05516_, 137.7, 192.08, 8.27957e-07
FILLER_46_226, 137.7, 192.08, 8.27957e-07
_05510_, 140.4, 192.08, 8.26805e-07
FILLER_45_233, 140.4, 192.08, 8.26805e-07
_05514_, 145.8, 192.08, 8.2505e-07
FILLER_45_240, 145.8, 192.08, 8.2505e-07
FILLER_46_242, 145.8, 192.08, 8.2505e-07
TAP_882, 148.5, 192.08, 8.2408e-07
FILLER_46_246, 148.5, 192.08, 8.2408e-07
_09726_, 151.2, 192.08, 8.23069e-07
FILLER_45_250, 151.2, 192.08, 8.23069e-07
FILLER_45_258, 153.9, 192.08, 8.21955e-07
_08741_, 156.6, 192.08, 8.2082e-07
FILLER_45_260, 156.6, 192.08, 8.2082e-07
_05491_, 162, 192.08, 8.18406e-07
_04969_, 167.4, 192.08, 8.15885e-07
_08740_, 167.4, 192.08, 8.15885e-07
FILLER_46_279, 167.4, 192.08, 8.15885e-07
_09725_, 170.1, 192.08, 8.14521e-07
TAP_869, 170.1, 192.08, 8.14521e-07
_09662_, 172.8, 192.08, 8.13055e-07
_05469_, 186.3, 192.08, 8.06058e-07
_04937_, 189, 192.08, 8.04846e-07
_09696_, 189, 192.08, 8.04846e-07
TAP_883, 189, 192.08, 8.04846e-07
FILLER_46_325, 191.7, 192.08, 8.03501e-07
_08380_, 194.4, 192.08, 8.02136e-07
_09641_, 199.8, 192.08, 7.993e-07
_04938_, 205.2, 192.08, 7.96298e-07
TAP_870, 207.9, 192.08, 7.94767e-07
FILLER_45_353, 207.9, 192.08, 7.94767e-07
FILLER_45_357, 210.6, 192.08, 7.93194e-07
FILLER_45_365, 213.3, 192.08, 7.91602e-07
_08381_, 216, 192.08, 7.89989e-07
FILLER_45_369, 216, 192.08, 7.89989e-07
_04968_, 218.7, 192.08, 7.88304e-07
_07308_, 221.4, 192.08, 7.86587e-07
_09642_, 221.4, 192.08, 7.86587e-07
FILLER_46_376, 221.4, 192.08, 7.86587e-07
FILLER_46_378, 221.4, 192.08, 7.86587e-07
FILLER_46_389, 226.8, 192.08, 7.84235e-07
_05490_, 229.5, 192.08, 7.83038e-07
TAP_884, 229.5, 192.08, 7.83038e-07
FILLER_46_401, 234.9, 192.08, 7.80499e-07
FILLER_45_404, 237.6, 192.08, 7.7921e-07
_07688_, 240.3, 192.08, 7.779e-07
FILLER_45_412, 240.3, 192.08, 7.779e-07
FILLER_46_409, 240.3, 192.08, 7.779e-07
FILLER_46_411, 240.3, 192.08, 7.779e-07
_04782_, 243, 192.08, 7.76492e-07
_07714_, 243, 192.08, 7.76492e-07
FILLER_45_416, 243, 192.08, 7.76492e-07
_07685_, 248.4, 192.08, 7.73435e-07
TAP_871, 248.4, 192.08, 7.73435e-07
FILLER_45_428, 251.1, 192.08, 7.71832e-07
FILLER_45_432, 251.1, 192.08, 7.71832e-07
_07689_, 253.8, 192.08, 7.70189e-07
_07693_, 253.8, 192.08, 7.70189e-07
_07691_, 259.2, 192.08, 7.66601e-07
_07684_, 261.9, 192.08, 7.64744e-07
_07694_, 267.3, 192.08, 7.63908e-07
TAP_885, 267.3, 192.08, 7.63908e-07
FILLER_45_459, 267.3, 192.08, 7.63908e-07
_07690_, 270, 192.08, 7.63412e-07
_07697_, 270, 192.08, 7.63412e-07
_07698_, 275.4, 192.08, 7.62209e-07
_07701_, 275.4, 192.08, 7.62209e-07
_07773_, 280.8, 192.08, 7.60797e-07
_07918_, 280.8, 192.08, 7.60797e-07
FILLER_45_482, 280.8, 192.08, 7.60797e-07
_07713_, 286.2, 192.08, 7.59138e-07
_07768_, 286.2, 192.08, 7.59138e-07
_07771_, 288.9, 192.08, 7.58219e-07
_07811_, 288.9, 192.08, 7.58219e-07
TAP_872, 288.9, 192.08, 7.58219e-07
_07770_, 294.3, 192.08, 7.56123e-07
_07813_, 294.3, 192.08, 7.56123e-07
FILLER_46_514, 297, 192.08, 7.54985e-07
_07681_, 299.7, 192.08, 7.53828e-07
FILLER_45_515, 299.7, 192.08, 7.53828e-07
FILLER_45_519, 299.7, 192.08, 7.53828e-07
_07866_, 302.4, 192.08, 7.55606e-07
_09672_, 305.1, 192.08, 7.57346e-07
_07712_, 307.8, 192.08, 7.58999e-07
TAP_886, 307.8, 192.08, 7.58999e-07
_07829_, 318.6, 192.08, 7.6514e-07
FILLER_46_551, 318.6, 192.08, 7.6514e-07
FILLER_45_558, 321.3, 192.08, 7.66596e-07
_07833_, 324, 192.08, 7.68033e-07
_07937_, 324, 192.08, 7.68033e-07
_07934_, 329.4, 192.08, 7.70683e-07
TAP_873, 329.4, 192.08, 7.70683e-07
_07882_, 332.1, 192.08, 7.71936e-07
FILLER_45_580, 334.8, 192.08, 7.73148e-07
FILLER_45_582, 334.8, 192.08, 7.73148e-07
FILLER_46_582, 334.8, 192.08, 7.73148e-07
_07825_, 337.5, 192.08, 7.74298e-07
_07991_, 337.5, 192.08, 7.74298e-07
_07986_, 342.9, 192.08, 7.77701e-07
FILLER_46_601, 345.6, 192.08, 7.80095e-07
TAP_887, 348.3, 192.08, 7.82468e-07
FILLER_46_605, 348.3, 192.08, 7.82468e-07
_09682_, 351, 192.08, 7.84801e-07
FILLER_45_607, 351, 192.08, 7.84801e-07
FILLER_45_615, 353.7, 192.08, 7.87025e-07
_08078_, 356.4, 192.08, 7.8923e-07
_08079_, 359.1, 192.08, 7.91397e-07
FILLER_45_635, 364.5, 192.08, 7.95596e-07
_08081_, 367.2, 192.08, 7.97675e-07
TAP_874, 367.2, 192.08, 7.97675e-07
_08077_, 369.9, 192.08, 7.99697e-07
FILLER_46_643, 369.9, 192.08, 7.99697e-07
_08083_, 372.6, 192.08, 8.01661e-07
_08084_, 372.6, 192.08, 8.01661e-07
FILLER_46_647, 372.6, 192.08, 8.01661e-07
_08072_, 378, 192.08, 8.05297e-07
_08076_, 380.7, 192.08, 8.07064e-07
_08074_, 383.4, 192.08, 8.09456e-07
_08062_, 386.1, 192.08, 8.11806e-07
_08071_, 388.8, 192.08, 8.14102e-07
TAP_888, 388.8, 192.08, 8.14102e-07
_08075_, 391.5, 192.08, 8.16315e-07
_08210_, 396.9, 192.08, 8.20646e-07
_08217_, 396.9, 192.08, 8.20646e-07
FILLER_46_689, 396.9, 192.08, 8.20646e-07
_08211_, 402.3, 192.08, 8.24711e-07
_08256_, 402.3, 192.08, 8.24711e-07
FILLER_45_706, 405, 192.08, 8.26666e-07
FILLER_46_706, 405, 192.08, 8.26666e-07
_08205_, 407.7, 192.08, 8.2858e-07
TAP_875, 407.7, 192.08, 8.2858e-07
FILLER_45_712, 407.7, 192.08, 8.2858e-07
_08216_, 410.4, 192.08, 8.30387e-07
_08214_, 415.8, 192.08, 8.33899e-07
_08215_, 415.8, 192.08, 8.33899e-07
_08117_, 421.2, 192.08, 8.37187e-07
FILLER_46_734, 421.2, 192.08, 8.37187e-07
_08283_, 423.9, 192.08, 8.39134e-07
_08285_, 426.6, 192.08, 8.41041e-07
TAP_889, 426.6, 192.08, 8.41041e-07
FILLER_45_743, 426.6, 192.08, 8.41041e-07
FILLER_45_745, 426.6, 192.08, 8.41041e-07
_08286_, 429.3, 192.08, 8.42838e-07
_08341_, 432, 192.08, 8.44518e-07
FILLER_45_764, 437.4, 192.08, 8.47773e-07
_08296_, 440.1, 192.08, 8.49381e-07
_08345_, 442.8, 192.08, 8.50919e-07
FILLER_46_771, 442.8, 192.08, 8.50919e-07
_08344_, 448.2, 192.08, 8.53724e-07
TAP_876, 448.2, 192.08, 8.53724e-07
_08440_, 456.3, 192.08, 8.57668e-07
FILLER_45_795, 456.3, 192.08, 8.57668e-07
_08439_, 459, 192.08, 8.58914e-07
FILLER_45_803, 459, 192.08, 8.58914e-07
_08438_, 461.7, 192.08, 8.60086e-07
FILLER_45_807, 461.7, 192.08, 8.60086e-07
_08499_, 467.1, 192.08, 8.62733e-07
TAP_890, 467.1, 192.08, 8.62733e-07
FILLER_46_814, 467.1, 192.08, 8.62733e-07
_08460_, 472.5, 192.08, 8.65192e-07
FILLER_46_827, 472.5, 192.08, 8.65192e-07
_09704_, 475.2, 192.08, 8.66286e-07
FILLER_46_831, 475.2, 192.08, 8.66286e-07
FILLER_45_847, 483.3, 192.08, 8.69258e-07
TAP_877, 486, 192.08, 8.70228e-07
FILLER_45_851, 486, 192.08, 8.70228e-07
FILLER_45_854, 488.7, 192.08, 8.71158e-07
_08435_, 491.4, 192.08, 8.72068e-07
FILLER_45_858, 491.4, 192.08, 8.72068e-07
FILLER_46_861, 491.4, 192.08, 8.72068e-07
_08630_, 494.1, 192.08, 8.72882e-07
FILLER_46_863, 494.1, 192.08, 8.72882e-07
_08629_, 496.8, 192.08, 8.7356e-07
FILLER_45_868, 496.8, 192.08, 8.7356e-07
_08679_, 502.2, 192.08, 8.7478e-07
FILLER_45_877, 502.2, 192.08, 8.7478e-07
TAP_891, 507.6, 192.08, 8.76104e-07
FILLER_46_889, 507.6, 192.08, 8.76104e-07
_08581_, 510.3, 192.08, 8.76725e-07
_08580_, 513, 192.08, 8.77294e-07
_08621_, 515.7, 192.08, 8.77819e-07
FILLER_45_901, 515.7, 192.08, 8.77819e-07
_08579_, 518.4, 192.08, 8.78272e-07
_08624_, 518.4, 192.08, 8.78272e-07
FILLER_45_915, 523.8, 192.08, 8.78872e-07
TAP_878, 526.5, 192.08, 8.79151e-07
_08622_, 529.2, 192.08, 8.7941e-07
_08642_, 531.9, 192.08, 8.79628e-07
_08674_, 531.9, 192.08, 8.79628e-07
_08641_, 534.6, 192.08, 8.79757e-07
_08625_, 537.3, 192.08, 8.79849e-07
PHY_91, 537.3, 192.08, 8.79849e-07
PHY_93, 537.3, 192.08, 8.79849e-07
FILLER_45_943, 537.3, 192.08, 8.79849e-07
_09906_, 10.8, 184.24, 8.2283e-07
PHY_86, 10.8, 184.24, 8.2283e-07
PHY_88, 10.8, 184.24, 8.2283e-07
FILLER_43_2, 10.8, 184.24, 8.2283e-07
FILLER_43_18, 18.9, 184.24, 8.22399e-07
_05590_, 24.3, 184.24, 8.22352e-07
_05073_, 27, 184.24, 8.22415e-07
TAP_853, 29.7, 184.24, 8.22447e-07
FILLER_43_35, 29.7, 184.24, 8.22447e-07
FILLER_44_37, 29.7, 184.24, 8.22447e-07
_09794_, 32.4, 184.24, 8.22419e-07
_04868_, 37.8, 184.24, 8.22197e-07
FILLER_43_55, 40.5, 184.24, 8.22055e-07
TAP_840, 48.6, 184.24, 8.21569e-07
FILLER_44_67, 48.6, 184.24, 8.21569e-07
FILLER_43_73, 51.3, 184.24, 8.21366e-07
_08909_, 56.7, 184.24, 8.2092e-07
FILLER_44_83, 56.7, 184.24, 8.2092e-07
_04966_, 59.4, 184.24, 8.20625e-07
_04977_, 62.1, 184.24, 8.20298e-07
FILLER_43_93, 62.1, 184.24, 8.20298e-07
FILLER_43_95, 62.1, 184.24, 8.20298e-07
_05495_, 64.8, 184.24, 8.2013e-07
FILLER_44_98, 64.8, 184.24, 8.2013e-07
FILLER_43_101, 67.5, 184.24, 8.19905e-07
_09830_, 70.2, 184.24, 8.1966e-07
TAP_854, 70.2, 184.24, 8.1966e-07
FILLER_43_117, 75.6, 184.24, 8.18963e-07
_08977_, 78.3, 184.24, 8.18594e-07
FILLER_43_121, 78.3, 184.24, 8.18594e-07
_04949_, 83.7, 184.24, 8.17711e-07
_05509_, 86.4, 184.24, 8.17238e-07
FILLER_43_136, 86.4, 184.24, 8.17238e-07
TAP_841, 89.1, 184.24, 8.16693e-07
FILLER_43_140, 89.1, 184.24, 8.16693e-07
FILLER_43_144, 91.8, 184.24, 8.16106e-07
FILLER_44_146, 91.8, 184.24, 8.16106e-07
FILLER_44_148, 91.8, 184.24, 8.16106e-07
_05043_, 94.5, 184.24, 8.1546e-07
_09400_, 94.5, 184.24, 8.1546e-07
FILLER_43_156, 97.2, 184.24, 8.14693e-07
FILLER_43_160, 99.9, 184.24, 8.13907e-07
FILLER_43_162, 99.9, 184.24, 8.13907e-07
_05584_, 102.6, 184.24, 8.13329e-07
FILLER_44_165, 102.6, 184.24, 8.13329e-07
FILLER_43_172, 105.3, 184.24, 8.12678e-07
_04884_, 108, 184.24, 8.12007e-07
TAP_855, 108, 184.24, 8.12007e-07
FILLER_43_176, 108, 184.24, 8.12007e-07
_09805_, 110.7, 184.24, 8.11265e-07
_09841_, 110.7, 184.24, 8.11265e-07
_08921_, 126.9, 184.24, 8.05818e-07
FILLER_43_207, 126.9, 184.24, 8.05818e-07
FILLER_43_211, 126.9, 184.24, 8.05818e-07
FILLER_44_208, 126.9, 184.24, 8.05818e-07
TAP_842, 129.6, 184.24, 8.04797e-07
FILLER_43_215, 129.6, 184.24, 8.04797e-07
_09838_, 132.3, 184.24, 8.03735e-07
FILLER_44_220, 132.3, 184.24, 8.03735e-07
_08987_, 135, 184.24, 8.0257e-07
FILLER_44_222, 135, 184.24, 8.0257e-07
_05508_, 140.4, 184.24, 8.00095e-07
FILLER_44_242, 145.8, 184.24, 7.97943e-07
TAP_856, 148.5, 184.24, 7.96847e-07
FILLER_43_246, 148.5, 184.24, 7.96847e-07
FILLER_44_246, 148.5, 184.24, 7.96847e-07
_04875_, 151.2, 184.24, 7.9569e-07
FILLER_43_250, 151.2, 184.24, 7.9569e-07
FILLER_43_252, 151.2, 184.24, 7.9569e-07
FILLER_44_250, 151.2, 184.24, 7.9569e-07
_06645_, 153.9, 184.24, 7.94442e-07
_04967_, 159.3, 184.24, 7.9184e-07
_05425_, 159.3, 184.24, 7.9184e-07
FILLER_44_270, 162, 184.24, 7.90455e-07
_05426_, 164.7, 184.24, 7.8905e-07
FILLER_43_281, 167.4, 184.24, 7.87607e-07
FILLER_43_283, 167.4, 184.24, 7.87607e-07
TAP_843, 170.1, 184.24, 7.86125e-07
FILLER_43_286, 170.1, 184.24, 7.86125e-07
FILLER_43_288, 170.1, 184.24, 7.86125e-07
FILLER_44_286, 170.1, 184.24, 7.86125e-07
_04971_, 172.8, 184.24, 7.84561e-07
_04935_, 175.5, 184.24, 7.82966e-07
_05501_, 175.5, 184.24, 7.82966e-07
FILLER_43_293, 175.5, 184.24, 7.82966e-07
FILLER_44_294, 175.5, 184.24, 7.82966e-07
FILLER_44_296, 175.5, 184.24, 7.82966e-07
_09611_, 178.2, 184.24, 7.81242e-07
FILLER_44_301, 178.2, 184.24, 7.81242e-07
FILLER_44_317, 186.3, 184.24, 7.7633e-07
TAP_857, 189, 184.24, 7.74767e-07
FILLER_44_321, 189, 184.24, 7.74767e-07
_05597_, 194.4, 184.24, 7.71561e-07
FILLER_44_329, 194.4, 184.24, 7.71561e-07
_04936_, 197.1, 184.24, 7.699e-07
FILLER_43_334, 197.1, 184.24, 7.699e-07
FILLER_44_333, 197.1, 184.24, 7.699e-07
FILLER_44_339, 199.8, 184.24, 7.68167e-07
FILLER_43_342, 202.5, 184.24, 7.66415e-07
FILLER_43_346, 202.5, 184.24, 7.66415e-07
_05068_, 205.2, 184.24, 7.64622e-07
TAP_844, 207.9, 184.24, 7.62798e-07
FILLER_43_352, 207.9, 184.24, 7.62798e-07
FILLER_43_354, 207.9, 184.24, 7.62798e-07
FILLER_44_355, 207.9, 184.24, 7.62798e-07
_05595_, 210.6, 184.24, 7.60893e-07
_09584_, 216, 184.24, 7.56978e-07
FILLER_44_371, 218.7, 184.24, 7.54937e-07
FILLER_44_387, 226.8, 184.24, 7.49936e-07
FILLER_44_389, 226.8, 184.24, 7.49936e-07
TAP_858, 229.5, 184.24, 7.48426e-07
FILLER_44_392, 229.5, 184.24, 7.48426e-07
_04972_, 232.2, 184.24, 7.46875e-07
_09587_, 232.2, 184.24, 7.46875e-07
FILLER_44_396, 232.2, 184.24, 7.46875e-07
FILLER_44_398, 232.2, 184.24, 7.46875e-07
FILLER_44_403, 234.9, 184.24, 7.4517e-07
FILLER_44_419, 245.7, 184.24, 7.38268e-07
FILLER_44_423, 245.7, 184.24, 7.38268e-07
_07707_, 248.4, 184.24, 7.36502e-07
TAP_845, 248.4, 184.24, 7.36502e-07
FILLER_43_424, 248.4, 184.24, 7.36502e-07
FILLER_44_425, 248.4, 184.24, 7.36502e-07
_07715_, 251.1, 184.24, 7.34638e-07
_07717_, 251.1, 184.24, 7.34638e-07
_07720_, 256.5, 184.24, 7.30665e-07
_07730_, 256.5, 184.24, 7.30665e-07
_07723_, 261.9, 184.24, 7.26474e-07
_07724_, 261.9, 184.24, 7.26474e-07
FILLER_43_448, 261.9, 184.24, 7.26474e-07
_07860_, 267.3, 184.24, 7.25159e-07
TAP_859, 267.3, 184.24, 7.25159e-07
FILLER_43_459, 267.3, 184.24, 7.25159e-07
FILLER_44_460, 267.3, 184.24, 7.25159e-07
_07859_, 270, 184.24, 7.24389e-07
_07741_, 272.7, 184.24, 7.2356e-07
FILLER_43_468, 272.7, 184.24, 7.2356e-07
FILLER_43_470, 272.7, 184.24, 7.2356e-07
_07716_, 275.4, 184.24, 7.22585e-07
FILLER_44_481, 278.1, 184.24, 7.21569e-07
_07917_, 280.8, 184.24, 7.20533e-07
_07682_, 286.2, 184.24, 7.18341e-07
_07970_, 288.9, 184.24, 7.17208e-07
TAP_846, 288.9, 184.24, 7.17208e-07
FILLER_43_499, 288.9, 184.24, 7.17208e-07
_07812_, 291.6, 184.24, 7.15974e-07
_07849_, 294.3, 184.24, 7.14688e-07
_07971_, 297, 184.24, 7.13285e-07
FILLER_43_519, 299.7, 184.24, 7.11831e-07
_07863_, 302.4, 184.24, 7.13989e-07
_07864_, 305.1, 184.24, 7.16098e-07
_07865_, 307.8, 184.24, 7.18156e-07
TAP_860, 307.8, 184.24, 7.18156e-07
FILLER_43_537, 310.5, 184.24, 7.20141e-07
_07788_, 313.2, 184.24, 7.22106e-07
FILLER_43_541, 313.2, 184.24, 7.22106e-07
FILLER_44_543, 313.2, 184.24, 7.22106e-07
_07810_, 315.9, 184.24, 7.23971e-07
FILLER_44_545, 315.9, 184.24, 7.23971e-07
_07789_, 318.6, 184.24, 7.25754e-07
_07938_, 324, 184.24, 7.29195e-07
FILLER_43_565, 326.7, 184.24, 7.30799e-07
FILLER_43_567, 326.7, 184.24, 7.30799e-07
_07881_, 329.4, 184.24, 7.32362e-07
TAP_847, 329.4, 184.24, 7.32362e-07
_07943_, 337.5, 184.24, 7.36804e-07
_07987_, 337.5, 184.24, 7.36804e-07
FILLER_43_583, 337.5, 184.24, 7.36804e-07
_07985_, 340.2, 184.24, 7.3819e-07
_07992_, 340.2, 184.24, 7.3819e-07
FILLER_44_600, 345.6, 184.24, 7.4377e-07
_07988_, 348.3, 184.24, 7.46539e-07
TAP_861, 348.3, 184.24, 7.46539e-07
FILLER_44_602, 348.3, 184.24, 7.46539e-07
FILLER_44_610, 351, 184.24, 7.49231e-07
_07989_, 353.7, 184.24, 7.51903e-07
_08085_, 356.4, 184.24, 7.54495e-07
_08086_, 359.1, 184.24, 7.57051e-07
_08106_, 361.8, 184.24, 7.59555e-07
FILLER_43_626, 361.8, 184.24, 7.59555e-07
_08080_, 364.5, 184.24, 7.61987e-07
TAP_848, 367.2, 184.24, 7.64382e-07
FILLER_43_636, 367.2, 184.24, 7.64382e-07
FILLER_43_638, 367.2, 184.24, 7.64382e-07
FILLER_44_638, 367.2, 184.24, 7.64382e-07
FILLER_43_641, 369.9, 184.24, 7.66696e-07
FILLER_43_649, 372.6, 184.24, 7.6899e-07
FILLER_44_646, 372.6, 184.24, 7.6899e-07
_08070_, 375.3, 184.24, 7.71243e-07
_08082_, 375.3, 184.24, 7.71243e-07
FILLER_44_650, 375.3, 184.24, 7.71243e-07
FILLER_44_659, 378, 184.24, 7.73372e-07
_08057_, 380.7, 184.24, 7.75482e-07
_08065_, 380.7, 184.24, 7.75482e-07
FILLER_44_663, 380.7, 184.24, 7.75482e-07
_08088_, 383.4, 184.24, 7.78176e-07
FILLER_44_671, 386.1, 184.24, 7.80766e-07
FILLER_44_673, 386.1, 184.24, 7.80766e-07
TAP_862, 388.8, 184.24, 7.83316e-07
FILLER_44_676, 388.8, 184.24, 7.83316e-07
_08161_, 391.5, 184.24, 7.85825e-07
_08158_, 394.2, 184.24, 7.88296e-07
_08156_, 396.9, 184.24, 7.90727e-07
_08160_, 396.9, 184.24, 7.90727e-07
_08110_, 402.3, 184.24, 7.95416e-07
FILLER_44_700, 402.3, 184.24, 7.95416e-07
_08154_, 405, 184.24, 7.97673e-07
_08155_, 407.7, 184.24, 7.99865e-07
TAP_849, 407.7, 184.24, 7.99865e-07
_08351_, 410.4, 184.24, 8.0197e-07
_08115_, 413.1, 184.24, 8.04036e-07
_08119_, 415.8, 184.24, 8.06066e-07
FILLER_43_724, 415.8, 184.24, 8.06066e-07
FILLER_43_726, 415.8, 184.24, 8.06066e-07
_08118_, 418.5, 184.24, 8.07994e-07
FILLER_43_732, 421.2, 184.24, 8.09885e-07
FILLER_43_736, 421.2, 184.24, 8.09885e-07
_08096_, 423.9, 184.24, 8.12072e-07
_08213_, 423.9, 184.24, 8.12072e-07
_08237_, 426.6, 184.24, 8.14163e-07
TAP_863, 426.6, 184.24, 8.14163e-07
FILLER_44_743, 426.6, 184.24, 8.14163e-07
_08116_, 429.3, 184.24, 8.16096e-07
_08337_, 434.7, 184.24, 8.19853e-07
FILLER_44_761, 437.4, 184.24, 8.21695e-07
FILLER_43_770, 440.1, 184.24, 8.23516e-07
FILLER_44_769, 440.1, 184.24, 8.23516e-07
_08241_, 442.8, 184.24, 8.25296e-07
_08242_, 442.8, 184.24, 8.25296e-07
FILLER_43_772, 442.8, 184.24, 8.25296e-07
FILLER_44_771, 442.8, 184.24, 8.25296e-07
FILLER_44_777, 445.5, 184.24, 8.26958e-07
_08298_, 448.2, 184.24, 8.28599e-07
_08346_, 448.2, 184.24, 8.28599e-07
TAP_850, 448.2, 184.24, 8.28599e-07
FILLER_43_780, 448.2, 184.24, 8.28599e-07
_08297_, 456.3, 184.24, 8.32849e-07
FILLER_43_801, 459, 184.24, 8.34229e-07
FILLER_44_804, 459, 184.24, 8.34229e-07
_08456_, 461.7, 184.24, 8.35568e-07
FILLER_43_805, 461.7, 184.24, 8.35568e-07
FILLER_43_812, 464.4, 184.24, 8.3704e-07
FILLER_44_812, 464.4, 184.24, 8.3704e-07
_08502_, 467.1, 184.24, 8.38472e-07
_08503_, 467.1, 184.24, 8.38472e-07
TAP_864, 467.1, 184.24, 8.38472e-07
_08459_, 469.8, 184.24, 8.39761e-07
FILLER_43_821, 469.8, 184.24, 8.39761e-07
_08457_, 472.5, 184.24, 8.40992e-07
_08490_, 477.9, 184.24, 8.43317e-07
_08453_, 480.6, 184.24, 8.44428e-07
_08458_, 483.3, 184.24, 8.45491e-07
_08455_, 486, 184.24, 8.46516e-07
TAP_851, 486, 184.24, 8.46516e-07
FILLER_43_848, 486, 184.24, 8.46516e-07
FILLER_44_851, 486, 184.24, 8.46516e-07
_08472_, 488.7, 184.24, 8.47444e-07
FILLER_44_857, 488.7, 184.24, 8.47444e-07
FILLER_43_859, 491.4, 184.24, 8.48313e-07
FILLER_43_861, 491.4, 184.24, 8.48313e-07
_08496_, 494.1, 184.24, 8.49143e-07
_08529_, 496.8, 184.24, 8.49935e-07
_08628_, 499.5, 184.24, 8.50689e-07
FILLER_43_872, 499.5, 184.24, 8.50689e-07
FILLER_44_878, 502.2, 184.24, 8.51386e-07
FILLER_44_886, 504.9, 184.24, 8.52158e-07
_08533_, 507.6, 184.24, 8.5291e-07
TAP_865, 507.6, 184.24, 8.5291e-07
FILLER_44_889, 507.6, 184.24, 8.5291e-07
_08575_, 510.3, 184.24, 8.53584e-07
FILLER_43_893, 510.3, 184.24, 8.53584e-07
FILLER_44_891, 510.3, 184.24, 8.53584e-07
_08532_, 513, 184.24, 8.5418e-07
_08582_, 513, 184.24, 8.5418e-07
_08576_, 518.4, 184.24, 8.55034e-07
FILLER_43_911, 521.1, 184.24, 8.55423e-07
_08583_, 523.8, 184.24, 8.55793e-07
FILLER_43_915, 523.8, 184.24, 8.55793e-07
FILLER_43_917, 523.8, 184.24, 8.55793e-07
_08643_, 526.5, 184.24, 8.56084e-07
TAP_852, 526.5, 184.24, 8.56084e-07
FILLER_44_920, 526.5, 184.24, 8.56084e-07
_08585_, 529.2, 184.24, 8.56219e-07
FILLER_43_935, 534.6, 184.24, 8.56381e-07
PHY_87, 537.3, 184.24, 8.56442e-07
PHY_89, 537.3, 184.24, 8.56442e-07
FILLER_43_943, 537.3, 184.24, 8.56442e-07
_09496_, 10.8, 176.4, 8.02556e-07
PHY_82, 10.8, 176.4, 8.02556e-07
PHY_84, 10.8, 176.4, 8.02556e-07
FILLER_42_2, 10.8, 176.4, 8.02556e-07
_05592_, 16.2, 176.4, 8.02269e-07
FILLER_42_10, 16.2, 176.4, 8.02269e-07
_05338_, 21.6, 176.4, 8.01836e-07
_05060_, 27, 176.4, 8.02143e-07
FILLER_42_31, 27, 176.4, 8.02143e-07
_05594_, 29.7, 176.4, 8.02245e-07
_09506_, 29.7, 176.4, 8.02245e-07
TAP_827, 29.7, 176.4, 8.02245e-07
FILLER_42_42, 32.4, 176.4, 8.02207e-07
_05352_, 35.1, 176.4, 8.02149e-07
FILLER_42_44, 35.1, 176.4, 8.02149e-07
_05403_, 40.5, 176.4, 8.01887e-07
_05405_, 45.9, 176.4, 8.01519e-07
_09509_, 45.9, 176.4, 8.01519e-07
TAP_814, 48.6, 176.4, 8.01215e-07
FILLER_41_69, 48.6, 176.4, 8.01215e-07
FILLER_41_73, 51.3, 176.4, 8.00871e-07
clkbuf_leaf_0_clk, 56.7, 176.4, 8.00141e-07
FILLER_41_81, 56.7, 176.4, 8.00141e-07
_05493_, 62.1, 176.4, 7.98844e-07
FILLER_42_102, 67.5, 176.4, 7.98018e-07
TAP_828, 70.2, 176.4, 7.97585e-07
FILLER_42_108, 70.2, 176.4, 7.97585e-07
_05013_, 78.3, 176.4, 7.96164e-07
FILLER_42_128, 81, 176.4, 7.9566e-07
_09408_, 83.7, 176.4, 7.95135e-07
FILLER_42_136, 86.4, 176.4, 7.94558e-07
_09833_, 89.1, 176.4, 7.9396e-07
TAP_815, 89.1, 176.4, 7.9396e-07
FILLER_42_140, 89.1, 176.4, 7.9396e-07
_08980_, 91.8, 176.4, 7.93239e-07
FILLER_41_144, 91.8, 176.4, 7.93239e-07
_05045_, 97.2, 176.4, 7.91651e-07
FILLER_41_156, 97.2, 176.4, 7.91651e-07
FILLER_41_161, 99.9, 176.4, 7.90806e-07
_09809_, 102.6, 176.4, 7.90141e-07
FILLER_42_170, 105.3, 176.4, 7.89394e-07
TAP_829, 108, 176.4, 7.88626e-07
FILLER_42_174, 108, 176.4, 7.88626e-07
FILLER_42_176, 108, 176.4, 7.88626e-07
_05044_, 110.7, 176.4, 7.87797e-07
FILLER_42_179, 110.7, 176.4, 7.87797e-07
FILLER_42_181, 110.7, 176.4, 7.87797e-07
FILLER_42_186, 113.4, 176.4, 7.86898e-07
_05585_, 116.1, 176.4, 7.85978e-07
FILLER_42_190, 116.1, 176.4, 7.85978e-07
_05601_, 118.8, 176.4, 7.85e-07
_08990_, 118.8, 176.4, 7.85e-07
_05046_, 124.2, 176.4, 7.82833e-07
_09806_, 124.2, 176.4, 7.82833e-07
FILLER_41_208, 126.9, 176.4, 7.81637e-07
_08917_, 129.6, 176.4, 7.8042e-07
TAP_816, 129.6, 176.4, 7.8042e-07
FILLER_41_212, 129.6, 176.4, 7.8042e-07
_05012_, 135, 176.4, 7.77796e-07
FILLER_41_228, 137.7, 176.4, 7.76453e-07
_04950_, 140.4, 176.4, 7.7509e-07
FILLER_42_238, 143.1, 176.4, 7.73803e-07
FILLER_41_244, 145.8, 176.4, 7.72496e-07
_09418_, 148.5, 176.4, 7.71169e-07
TAP_830, 148.5, 176.4, 7.71169e-07
FILLER_41_246, 148.5, 176.4, 7.71169e-07
FILLER_42_246, 148.5, 176.4, 7.71169e-07
_09605_, 151.2, 176.4, 7.69699e-07
_04877_, 164.7, 176.4, 7.61933e-07
_09608_, 167.4, 176.4, 7.60349e-07
FILLER_41_280, 167.4, 176.4, 7.60349e-07
_06648_, 170.1, 176.4, 7.58662e-07
TAP_817, 170.1, 176.4, 7.58662e-07
_05500_, 175.5, 176.4, 7.55142e-07
FILLER_41_305, 180.9, 176.4, 7.51516e-07
_06651_, 183.6, 176.4, 7.4984e-07
_09424_, 183.6, 176.4, 7.4984e-07
_05596_, 189, 176.4, 7.46215e-07
TAP_831, 189, 176.4, 7.46215e-07
FILLER_42_318, 189, 176.4, 7.46215e-07
_05067_, 194.4, 176.4, 7.42404e-07
_09590_, 197.1, 176.4, 7.40468e-07
FILLER_42_334, 197.1, 176.4, 7.40468e-07
_05069_, 199.8, 176.4, 7.38429e-07
_06322_, 202.5, 176.4, 7.36359e-07
FILLER_41_342, 202.5, 176.4, 7.36359e-07
FILLER_41_344, 202.5, 176.4, 7.36359e-07
TAP_818, 207.9, 176.4, 7.32032e-07
clkbuf_leaf_9_clk, 210.6, 176.4, 7.29848e-07
FILLER_42_365, 213.3, 176.4, 7.27401e-07
_05070_, 216, 176.4, 7.24933e-07
_06316_, 218.7, 176.4, 7.22435e-07
FILLER_42_371, 218.7, 176.4, 7.22435e-07
_04876_, 224.1, 176.4, 7.17788e-07
FILLER_42_387, 226.8, 176.4, 7.15682e-07
FILLER_42_389, 226.8, 176.4, 7.15682e-07
TAP_832, 229.5, 176.4, 7.13536e-07
FILLER_42_392, 229.5, 176.4, 7.13536e-07
FILLER_42_394, 229.5, 176.4, 7.13536e-07
_06319_, 232.2, 176.4, 7.11329e-07
_04878_, 237.6, 176.4, 7.06809e-07
_05499_, 237.6, 176.4, 7.06809e-07
_09003_, 240.3, 176.4, 7.04466e-07
FILLER_42_414, 243, 176.4, 7.02068e-07
FILLER_41_420, 245.7, 176.4, 6.9965e-07
FILLER_42_422, 245.7, 176.4, 6.9965e-07
_07719_, 248.4, 176.4, 6.97191e-07
TAP_819, 248.4, 176.4, 6.97191e-07
FILLER_41_424, 248.4, 176.4, 6.97191e-07
FILLER_42_424, 248.4, 176.4, 6.97191e-07
_07766_, 251.1, 176.4, 6.94604e-07
FILLER_41_428, 251.1, 176.4, 6.94604e-07
_07718_, 253.8, 176.4, 6.91929e-07
_07721_, 259.2, 176.4, 6.86482e-07
_07765_, 259.2, 176.4, 6.86482e-07
_07760_, 261.9, 176.4, 6.83654e-07
_07861_, 264.6, 176.4, 6.8237e-07
_07809_, 267.3, 176.4, 6.81034e-07
TAP_833, 267.3, 176.4, 6.81034e-07
_07858_, 270, 176.4, 6.79641e-07
_07862_, 270, 176.4, 6.79641e-07
FILLER_41_469, 272.7, 176.4, 6.7815e-07
_07683_, 275.4, 176.4, 6.76638e-07
_07762_, 275.4, 176.4, 6.76638e-07
FILLER_42_475, 275.4, 176.4, 6.76638e-07
_07919_, 280.8, 176.4, 6.73331e-07
_07761_, 283.5, 176.4, 6.71626e-07
_07916_, 286.2, 176.4, 6.69869e-07
FILLER_41_493, 286.2, 176.4, 6.69869e-07
_07815_, 288.9, 176.4, 6.68054e-07
TAP_820, 288.9, 176.4, 6.68054e-07
FILLER_42_499, 288.9, 176.4, 6.68054e-07
_07814_, 291.6, 176.4, 6.661e-07
_07969_, 297, 176.4, 6.62069e-07
_04783_, 299.7, 176.4, 6.60017e-07
FILLER_42_516, 299.7, 176.4, 6.60017e-07
_07868_, 302.4, 176.4, 6.62801e-07
FILLER_42_521, 302.4, 176.4, 6.62801e-07
FILLER_42_529, 305.1, 176.4, 6.65513e-07
_07906_, 307.8, 176.4, 6.68206e-07
_07921_, 307.8, 176.4, 6.68206e-07
TAP_834, 307.8, 176.4, 6.68206e-07
FILLER_42_531, 307.8, 176.4, 6.68206e-07
_07922_, 313.2, 176.4, 6.73313e-07
FILLER_42_539, 313.2, 176.4, 6.73313e-07
FILLER_41_548, 315.9, 176.4, 6.75794e-07
_07936_, 321.3, 176.4, 6.80717e-07
FILLER_41_556, 321.3, 176.4, 6.80717e-07
FILLER_42_555, 321.3, 176.4, 6.80717e-07
_07935_, 324, 176.4, 6.83101e-07
FILLER_41_560, 324, 176.4, 6.83101e-07
FILLER_41_562, 324, 176.4, 6.83101e-07
_07993_, 326.7, 176.4, 6.85407e-07
_07995_, 326.7, 176.4, 6.85407e-07
_07990_, 329.4, 176.4, 6.87559e-07
TAP_821, 329.4, 176.4, 6.87559e-07
_07994_, 334.8, 176.4, 6.91717e-07
FILLER_41_585, 337.5, 176.4, 6.93759e-07
_07947_, 340.2, 176.4, 6.9578e-07
FILLER_42_589, 340.2, 176.4, 6.9578e-07
_07944_, 342.9, 176.4, 6.99246e-07
FILLER_42_593, 342.9, 176.4, 6.99246e-07
FILLER_42_601, 345.6, 176.4, 7.02654e-07
_07996_, 348.3, 176.4, 7.06042e-07
TAP_835, 348.3, 176.4, 7.06042e-07
_07946_, 353.7, 176.4, 7.12545e-07
FILLER_41_620, 356.4, 176.4, 7.15756e-07
FILLER_41_624, 359.1, 176.4, 7.18947e-07
_08104_, 361.8, 176.4, 7.22117e-07
_08105_, 361.8, 176.4, 7.22117e-07
FILLER_41_626, 361.8, 176.4, 7.22117e-07
TAP_822, 367.2, 176.4, 7.2818e-07
FILLER_41_637, 367.2, 176.4, 7.2818e-07
FILLER_42_640, 367.2, 176.4, 7.2818e-07
_08067_, 369.9, 176.4, 7.3115e-07
_08107_, 369.9, 176.4, 7.3115e-07
FILLER_41_649, 372.6, 176.4, 7.33953e-07
FILLER_41_653, 375.3, 176.4, 7.36735e-07
_08066_, 378, 176.4, 7.39497e-07
_08068_, 383.4, 176.4, 7.45348e-07
_08069_, 383.4, 176.4, 7.45348e-07
_08114_, 386.1, 176.4, 7.48415e-07
FILLER_42_673, 386.1, 176.4, 7.48415e-07
_08120_, 388.8, 176.4, 7.51394e-07
TAP_836, 388.8, 176.4, 7.51394e-07
_08112_, 394.2, 176.4, 7.57193e-07
FILLER_42_687, 394.2, 176.4, 7.57193e-07
_08157_, 396.9, 176.4, 7.60004e-07
_08159_, 399.6, 176.4, 7.62747e-07
_08109_, 402.3, 176.4, 7.65439e-07
FILLER_42_701, 402.3, 176.4, 7.65439e-07
_08113_, 405, 176.4, 7.68058e-07
_08111_, 407.7, 176.4, 7.7064e-07
TAP_823, 407.7, 176.4, 7.7064e-07
FILLER_41_709, 407.7, 176.4, 7.7064e-07
FILLER_41_712, 407.7, 176.4, 7.7064e-07
_08317_, 410.4, 176.4, 7.73125e-07
_08322_, 410.4, 176.4, 7.73125e-07
_08360_, 413.1, 176.4, 7.75528e-07
_08324_, 415.8, 176.4, 7.77893e-07
FILLER_42_725, 415.8, 176.4, 7.77893e-07
FILLER_41_733, 421.2, 176.4, 7.82481e-07
FILLER_42_733, 421.2, 176.4, 7.82481e-07
_08233_, 423.9, 176.4, 7.84845e-07
FILLER_42_737, 423.9, 176.4, 7.84845e-07
TAP_837, 426.6, 176.4, 7.87147e-07
_08236_, 429.3, 176.4, 7.8943e-07
_08278_, 429.3, 176.4, 7.8943e-07
FILLER_42_747, 429.3, 176.4, 7.8943e-07
FILLER_42_749, 429.3, 176.4, 7.8943e-07
_08141_, 434.7, 176.4, 7.9371e-07
FILLER_42_760, 434.7, 176.4, 7.9371e-07
FILLER_41_762, 437.4, 176.4, 7.95793e-07
FILLER_41_770, 440.1, 176.4, 7.97856e-07
FILLER_42_768, 440.1, 176.4, 7.97856e-07
_08243_, 442.8, 176.4, 7.99878e-07
_08277_, 442.8, 176.4, 7.99878e-07
FILLER_41_776, 445.5, 176.4, 8.01794e-07
_08276_, 448.2, 176.4, 8.0369e-07
TAP_824, 448.2, 176.4, 8.0369e-07
FILLER_41_780, 448.2, 176.4, 8.0369e-07
_08329_, 450.9, 176.4, 8.05508e-07
FILLER_41_788, 450.9, 176.4, 8.05508e-07
FILLER_42_793, 453.6, 176.4, 8.07254e-07
FILLER_41_796, 456.3, 176.4, 8.0898e-07
_08492_, 459, 176.4, 8.10686e-07
_08501_, 459, 176.4, 8.10686e-07
FILLER_41_800, 459, 176.4, 8.10686e-07
FILLER_41_802, 459, 176.4, 8.10686e-07
FILLER_42_801, 459, 176.4, 8.10686e-07
FILLER_42_803, 459, 176.4, 8.10686e-07
_08500_, 461.7, 176.4, 8.1222e-07
_08504_, 467.1, 176.4, 8.15265e-07
TAP_838, 467.1, 176.4, 8.15265e-07
_08522_, 472.5, 176.4, 8.18134e-07
_08506_, 475.2, 176.4, 8.19485e-07
FILLER_42_830, 475.2, 176.4, 8.19485e-07
_08505_, 480.6, 176.4, 8.22011e-07
_08493_, 483.3, 176.4, 8.23226e-07
FILLER_42_844, 483.3, 176.4, 8.23226e-07
TAP_825, 486, 176.4, 8.24383e-07
FILLER_42_852, 486, 176.4, 8.24383e-07
_08498_, 488.7, 176.4, 8.255e-07
FILLER_41_854, 488.7, 176.4, 8.255e-07
FILLER_42_854, 488.7, 176.4, 8.255e-07
_08538_, 491.4, 176.4, 8.26528e-07
FILLER_41_858, 491.4, 176.4, 8.26528e-07
_08535_, 494.1, 176.4, 8.2742e-07
_08536_, 504.9, 176.4, 8.30505e-07
FILLER_42_886, 504.9, 176.4, 8.30505e-07
TAP_839, 507.6, 176.4, 8.31203e-07
FILLER_41_889, 507.6, 176.4, 8.31203e-07
FILLER_42_889, 507.6, 176.4, 8.31203e-07
_08531_, 510.3, 176.4, 8.31842e-07
FILLER_41_897, 513, 176.4, 8.32425e-07
_08534_, 515.7, 176.4, 8.32989e-07
_08573_, 515.7, 176.4, 8.32989e-07
_08574_, 518.4, 176.4, 8.33464e-07
_08586_, 521.1, 176.4, 8.33891e-07
_08618_, 523.8, 176.4, 8.34202e-07
TAP_826, 526.5, 176.4, 8.34461e-07
_08584_, 529.2, 176.4, 8.347e-07
_08673_, 531.9, 176.4, 8.3489e-07
_08644_, 534.6, 176.4, 8.35029e-07
PHY_83, 537.3, 176.4, 8.3513e-07
PHY_85, 537.3, 176.4, 8.3513e-07
FILLER_41_941, 537.3, 176.4, 8.3513e-07
FILLER_41_943, 537.3, 176.4, 8.3513e-07
FILLER_42_942, 537.3, 176.4, 8.3513e-07
_09512_, 10.8, 168.56, 7.7972e-07
PHY_78, 10.8, 168.56, 7.7972e-07
PHY_80, 10.8, 168.56, 7.7972e-07
FILLER_39_2, 10.8, 168.56, 7.7972e-07
FILLER_39_18, 18.9, 168.56, 7.79289e-07
_05358_, 21.6, 168.56, 7.79126e-07
_05062_, 27, 168.56, 7.79429e-07
FILLER_39_29, 27, 168.56, 7.79429e-07
_05351_, 29.7, 168.56, 7.79529e-07
_09490_, 29.7, 168.56, 7.79529e-07
TAP_801, 29.7, 168.56, 7.79529e-07
FILLER_39_42, 32.4, 168.56, 7.79472e-07
_05332_, 35.1, 168.56, 7.79395e-07
FILLER_39_46, 35.1, 168.56, 7.79395e-07
_04870_, 43.2, 168.56, 7.78944e-07
_05355_, 43.2, 168.56, 7.78944e-07
FILLER_40_66, 45.9, 168.56, 7.7871e-07
TAP_788, 48.6, 168.56, 7.78456e-07
_04964_, 51.3, 168.56, 7.78182e-07
_09493_, 51.3, 168.56, 7.78182e-07
FILLER_39_73, 51.3, 168.56, 7.78182e-07
FILLER_39_75, 51.3, 168.56, 7.78182e-07
_05335_, 54, 168.56, 7.77753e-07
_05350_, 59.4, 168.56, 7.76791e-07
FILLER_40_103, 67.5, 168.56, 7.75557e-07
_05011_, 70.2, 168.56, 7.75205e-07
_09832_, 70.2, 168.56, 7.75205e-07
TAP_802, 70.2, 168.56, 7.75205e-07
FILLER_39_106, 70.2, 168.56, 7.75205e-07
FILLER_40_105, 70.2, 168.56, 7.75205e-07
_09407_, 72.9, 168.56, 7.74678e-07
_08979_, 78.3, 168.56, 7.73519e-07
_05549_, 83.7, 168.56, 7.72255e-07
_10025_, 86.4, 168.56, 7.7157e-07
TAP_789, 89.1, 168.56, 7.70802e-07
FILLER_39_140, 89.1, 168.56, 7.70802e-07
FILLER_39_144, 91.8, 168.56, 7.69994e-07
FILLER_39_152, 94.5, 168.56, 7.69166e-07
FILLER_39_156, 97.2, 168.56, 7.68317e-07
_09807_, 99.9, 168.56, 7.67448e-07
FILLER_39_158, 99.9, 168.56, 7.67448e-07
FILLER_40_166, 102.6, 168.56, 7.66586e-07
TAP_803, 108, 168.56, 7.6482e-07
FILLER_40_174, 108, 168.56, 7.6482e-07
FILLER_40_176, 108, 168.56, 7.6482e-07
_08924_, 110.7, 168.56, 7.63876e-07
_05583_, 116.1, 168.56, 7.61883e-07
FILLER_39_188, 116.1, 168.56, 7.61883e-07
FILLER_40_189, 116.1, 168.56, 7.61883e-07
FILLER_40_200, 121.5, 168.56, 7.59703e-07
FILLER_39_204, 124.2, 168.56, 7.58593e-07
FILLER_40_204, 124.2, 168.56, 7.58593e-07
FILLER_40_206, 124.2, 168.56, 7.58593e-07
_09808_, 126.9, 168.56, 7.57422e-07
_08923_, 129.6, 168.56, 7.56169e-07
TAP_790, 129.6, 168.56, 7.56169e-07
FILLER_39_212, 129.6, 168.56, 7.56169e-07
_08989_, 135, 168.56, 7.53475e-07
_05548_, 140.4, 168.56, 7.50676e-07
_05550_, 143.1, 168.56, 7.49242e-07
FILLER_40_236, 143.1, 168.56, 7.49242e-07
_05546_, 145.8, 168.56, 7.47751e-07
FILLER_40_243, 145.8, 168.56, 7.47751e-07
TAP_804, 148.5, 168.56, 7.46198e-07
FILLER_40_247, 148.5, 168.56, 7.46198e-07
_05572_, 151.2, 168.56, 7.44605e-07
FILLER_39_251, 151.2, 168.56, 7.44605e-07
FILLER_39_259, 153.9, 168.56, 7.42938e-07
FILLER_40_259, 153.9, 168.56, 7.42938e-07
_05099_, 156.6, 168.56, 7.41231e-07
_05253_, 156.6, 168.56, 7.41231e-07
FILLER_39_263, 156.6, 168.56, 7.41231e-07
FILLER_40_263, 156.6, 168.56, 7.41231e-07
FILLER_39_268, 159.3, 168.56, 7.394e-07
_05620_, 164.7, 168.56, 7.35698e-07
FILLER_40_274, 164.7, 168.56, 7.35698e-07
FILLER_40_278, 164.7, 168.56, 7.35698e-07
_09421_, 167.4, 168.56, 7.33769e-07
FILLER_39_281, 167.4, 168.56, 7.33769e-07
FILLER_39_283, 167.4, 168.56, 7.33769e-07
_05256_, 170.1, 168.56, 7.31717e-07
TAP_791, 170.1, 168.56, 7.31717e-07
FILLER_39_286, 170.1, 168.56, 7.31717e-07
_04973_, 178.2, 168.56, 7.2528e-07
FILLER_39_302, 178.2, 168.56, 7.2528e-07
FILLER_40_308, 183.6, 168.56, 7.20838e-07
FILLER_40_316, 186.3, 168.56, 7.18573e-07
_05259_, 189, 168.56, 7.16288e-07
TAP_805, 189, 168.56, 7.16288e-07
FILLER_39_318, 189, 168.56, 7.16288e-07
FILLER_40_318, 189, 168.56, 7.16288e-07
_05537_, 191.7, 168.56, 7.13889e-07
FILLER_39_322, 191.7, 168.56, 7.13889e-07
FILLER_39_324, 191.7, 168.56, 7.13889e-07
FILLER_40_331, 194.4, 168.56, 7.11397e-07
_09857_, 197.1, 168.56, 7.08884e-07
FILLER_39_334, 197.1, 168.56, 7.08884e-07
FILLER_39_342, 202.5, 168.56, 7.03653e-07
FILLER_39_346, 202.5, 168.56, 7.03653e-07
_05100_, 205.2, 168.56, 7.00998e-07
FILLER_39_348, 205.2, 168.56, 7.00998e-07
TAP_792, 207.9, 168.56, 6.98291e-07
FILLER_39_353, 207.9, 168.56, 6.98291e-07
_09010_, 210.6, 168.56, 6.95543e-07
_09851_, 213.3, 168.56, 6.92743e-07
FILLER_39_367, 216, 168.56, 6.8986e-07
_09004_, 218.7, 168.56, 6.86957e-07
FILLER_39_371, 218.7, 168.56, 6.86957e-07
_05424_, 224.1, 168.56, 6.81173e-07
_06320_, 229.5, 168.56, 6.75453e-07
_09854_, 229.5, 168.56, 6.75453e-07
TAP_806, 229.5, 168.56, 6.75453e-07
_09007_, 234.9, 168.56, 6.69422e-07
_09008_, 240.3, 168.56, 6.63285e-07
_04974_, 245.7, 168.56, 6.57043e-07
FILLER_39_421, 245.7, 168.56, 6.57043e-07
TAP_793, 248.4, 168.56, 6.5387e-07
FILLER_39_425, 248.4, 168.56, 6.5387e-07
FILLER_40_425, 248.4, 168.56, 6.5387e-07
_07764_, 251.1, 168.56, 6.50637e-07
_07806_, 251.1, 168.56, 6.50637e-07
FILLER_39_428, 251.1, 168.56, 6.50637e-07
FILLER_39_430, 251.1, 168.56, 6.50637e-07
_07807_, 256.5, 168.56, 6.43819e-07
_07763_, 259.2, 168.56, 6.40358e-07
_07808_, 261.9, 168.56, 6.3686e-07
_07855_, 261.9, 168.56, 6.3686e-07
FILLER_39_448, 261.9, 168.56, 6.3686e-07
_07857_, 264.6, 168.56, 6.34705e-07
_07856_, 267.3, 168.56, 6.32512e-07
TAP_807, 267.3, 168.56, 6.32512e-07
FILLER_39_466, 270, 168.56, 6.30259e-07
FILLER_40_463, 270, 168.56, 6.30259e-07
FILLER_40_471, 272.7, 168.56, 6.27965e-07
_07962_, 275.4, 168.56, 6.2565e-07
FILLER_39_474, 275.4, 168.56, 6.2565e-07
FILLER_40_475, 275.4, 168.56, 6.2565e-07
_07781_, 278.1, 168.56, 6.23244e-07
_07920_, 280.8, 168.56, 6.20735e-07
FILLER_39_493, 286.2, 168.56, 6.15596e-07
_08006_, 288.9, 168.56, 6.13007e-07
TAP_794, 288.9, 168.56, 6.13007e-07
FILLER_39_504, 291.6, 168.56, 6.10359e-07
FILLER_40_503, 291.6, 168.56, 6.10359e-07
_07846_, 294.3, 168.56, 6.07671e-07
_07907_, 297, 168.56, 6.04936e-07
_07847_, 299.7, 168.56, 6.02163e-07
_07905_, 299.7, 168.56, 6.02163e-07
_07848_, 302.4, 168.56, 6.05635e-07
TAP_808, 307.8, 168.56, 6.12497e-07
FILLER_40_531, 307.8, 168.56, 6.12497e-07
FILLER_40_534, 307.8, 168.56, 6.12497e-07
_09673_, 310.5, 168.56, 6.15868e-07
_07924_, 313.2, 168.56, 6.19151e-07
_07867_, 315.9, 168.56, 6.22381e-07
FILLER_39_553, 318.6, 168.56, 6.25575e-07
_07783_, 321.3, 168.56, 6.28748e-07
FILLER_40_567, 326.7, 168.56, 6.3497e-07
_07749_, 329.4, 168.56, 6.3806e-07
_07930_, 329.4, 168.56, 6.3806e-07
TAP_795, 329.4, 168.56, 6.3806e-07
_07879_, 332.1, 168.56, 6.4102e-07
_07880_, 334.8, 168.56, 6.43943e-07
_07883_, 337.5, 168.56, 6.46825e-07
FILLER_40_583, 337.5, 168.56, 6.46825e-07
FILLER_40_587, 337.5, 168.56, 6.46825e-07
_07942_, 340.2, 168.56, 6.49629e-07
_07891_, 342.9, 168.56, 6.53838e-07
FILLER_39_592, 342.9, 168.56, 6.53838e-07
_07939_, 345.6, 168.56, 6.57989e-07
_07945_, 348.3, 168.56, 6.62103e-07
TAP_809, 348.3, 168.56, 6.62103e-07
_09683_, 351, 168.56, 6.66148e-07
_08123_, 353.7, 168.56, 6.70106e-07
FILLER_40_613, 353.7, 168.56, 6.70106e-07
FILLER_40_615, 353.7, 168.56, 6.70106e-07
_08122_, 359.1, 168.56, 6.77865e-07
_08121_, 361.8, 168.56, 6.81693e-07
_08103_, 367.2, 168.56, 6.89231e-07
TAP_796, 367.2, 168.56, 6.89231e-07
_08125_, 369.9, 168.56, 6.92942e-07
FILLER_39_649, 372.6, 168.56, 6.96604e-07
FILLER_40_645, 372.6, 168.56, 6.96604e-07
FILLER_39_653, 375.3, 168.56, 7.00226e-07
_08150_, 378, 168.56, 7.03828e-07
_08108_, 380.7, 168.56, 7.07393e-07
_08151_, 380.7, 168.56, 7.07393e-07
FILLER_40_661, 380.7, 168.56, 7.07393e-07
_08153_, 383.4, 168.56, 7.10964e-07
FILLER_39_671, 386.1, 168.56, 7.14497e-07
FILLER_40_671, 386.1, 168.56, 7.14497e-07
FILLER_40_673, 386.1, 168.56, 7.14497e-07
_08129_, 388.8, 168.56, 7.1797e-07
TAP_810, 388.8, 168.56, 7.1797e-07
_08167_, 391.5, 168.56, 7.2132e-07
_08218_, 396.9, 168.56, 7.27901e-07
FILLER_39_689, 396.9, 168.56, 7.27901e-07
FILLER_39_701, 402.3, 168.56, 7.34338e-07
FILLER_40_702, 402.3, 168.56, 7.34338e-07
_08267_, 405, 168.56, 7.37516e-07
_09687_, 407.7, 168.56, 7.40657e-07
TAP_797, 407.7, 168.56, 7.40657e-07
FILLER_39_709, 407.7, 168.56, 7.40657e-07
FILLER_39_712, 407.7, 168.56, 7.40657e-07
FILLER_40_708, 407.7, 168.56, 7.40657e-07
_08323_, 410.4, 168.56, 7.43634e-07
_08310_, 415.8, 168.56, 7.49466e-07
FILLER_39_733, 421.2, 168.56, 7.55215e-07
_08271_, 423.9, 168.56, 7.57921e-07
FILLER_39_741, 423.9, 168.56, 7.57921e-07
TAP_811, 426.6, 168.56, 7.60569e-07
FILLER_39_745, 426.6, 168.56, 7.60569e-07
FILLER_40_743, 426.6, 168.56, 7.60569e-07
_08185_, 429.3, 168.56, 7.63157e-07
_08190_, 429.3, 168.56, 7.63157e-07
FILLER_39_747, 429.3, 168.56, 7.63157e-07
_08184_, 434.7, 168.56, 7.67953e-07
FILLER_39_762, 437.4, 168.56, 7.70314e-07
_08280_, 440.1, 168.56, 7.72654e-07
FILLER_39_766, 440.1, 168.56, 7.72654e-07
FILLER_40_770, 440.1, 168.56, 7.72654e-07
_08279_, 442.8, 168.56, 7.74886e-07
_08299_, 445.5, 168.56, 7.77076e-07
_08282_, 448.2, 168.56, 7.79149e-07
TAP_798, 448.2, 168.56, 7.79149e-07
_08281_, 456.3, 168.56, 7.85104e-07
FILLER_39_803, 459, 168.56, 7.87047e-07
FILLER_40_802, 459, 168.56, 7.87047e-07
_08491_, 464.4, 168.56, 7.90725e-07
FILLER_40_810, 464.4, 168.56, 7.90725e-07
_08495_, 467.1, 168.56, 7.92442e-07
TAP_812, 467.1, 168.56, 7.92442e-07
FILLER_39_819, 469.8, 168.56, 7.94072e-07
FILLER_39_823, 469.8, 168.56, 7.94072e-07
_08540_, 472.5, 168.56, 7.9566e-07
_08454_, 475.2, 168.56, 7.97212e-07
_08539_, 475.2, 168.56, 7.97212e-07
_08494_, 477.9, 168.56, 7.98688e-07
FILLER_39_836, 477.9, 168.56, 7.98688e-07
_08544_, 480.6, 168.56, 8.00108e-07
FILLER_39_838, 480.6, 168.56, 8.00108e-07
FILLER_40_841, 480.6, 168.56, 8.00108e-07
_08524_, 483.3, 168.56, 8.01419e-07
FILLER_40_843, 483.3, 168.56, 8.01419e-07
_08525_, 486, 168.56, 8.02661e-07
TAP_799, 486, 168.56, 8.02661e-07
_08593_, 488.7, 168.56, 8.03815e-07
FILLER_40_865, 494.1, 168.56, 8.05986e-07
_08526_, 496.8, 168.56, 8.07051e-07
FILLER_39_867, 496.8, 168.56, 8.07051e-07
_08570_, 499.5, 168.56, 8.08065e-07
_08650_, 499.5, 168.56, 8.08065e-07
_08537_, 502.2, 168.56, 8.0896e-07
FILLER_40_886, 504.9, 168.56, 8.09706e-07
_08617_, 507.6, 168.56, 8.10432e-07
TAP_813, 507.6, 168.56, 8.10432e-07
FILLER_40_889, 507.6, 168.56, 8.10432e-07
_08571_, 510.3, 168.56, 8.11065e-07
FILLER_39_895, 510.3, 168.56, 8.11065e-07
FILLER_40_893, 510.3, 168.56, 8.11065e-07
_08572_, 513, 168.56, 8.11621e-07
_08587_, 513, 168.56, 8.11621e-07
FILLER_39_899, 513, 168.56, 8.11621e-07
_08523_, 521.1, 168.56, 8.12643e-07
_08619_, 523.8, 168.56, 8.12946e-07
TAP_800, 526.5, 168.56, 8.13146e-07
_08645_, 529.2, 168.56, 8.13325e-07
_08646_, 529.2, 168.56, 8.13325e-07
PHY_79, 537.3, 168.56, 8.13568e-07
PHY_81, 537.3, 168.56, 8.13568e-07
FILLER_39_941, 537.3, 168.56, 8.13568e-07
FILLER_39_943, 537.3, 168.56, 8.13568e-07
_09494_, 10.8, 160.72, 7.57187e-07
PHY_74, 10.8, 160.72, 7.57187e-07
PHY_76, 10.8, 160.72, 7.57187e-07
FILLER_38_2, 10.8, 160.72, 7.57187e-07
FILLER_38_18, 18.9, 160.72, 7.56757e-07
_05356_, 21.6, 160.72, 7.56593e-07
_04996_, 27, 160.72, 7.56891e-07
_05336_, 27, 160.72, 7.56891e-07
TAP_775, 29.7, 160.72, 7.56956e-07
FILLER_38_34, 29.7, 160.72, 7.56956e-07
FILLER_38_37, 29.7, 160.72, 7.56956e-07
_05331_, 32.4, 160.72, 7.5696e-07
_05525_, 32.4, 160.72, 7.5696e-07
FILLER_37_50, 37.8, 160.72, 7.56754e-07
FILLER_38_50, 37.8, 160.72, 7.56754e-07
_04900_, 40.5, 160.72, 7.56611e-07
FILLER_37_52, 40.5, 160.72, 7.56611e-07
_09513_, 43.2, 160.72, 7.56417e-07
FILLER_37_57, 43.2, 160.72, 7.56417e-07
FILLER_38_58, 43.2, 160.72, 7.56417e-07
FILLER_38_60, 43.2, 160.72, 7.56417e-07
FILLER_37_65, 45.9, 160.72, 7.56079e-07
TAP_762, 48.6, 160.72, 7.55721e-07
FILLER_37_69, 48.6, 160.72, 7.55721e-07
_05092_, 51.3, 160.72, 7.55322e-07
_09497_, 54, 160.72, 7.54892e-07
_05330_, 59.4, 160.72, 7.53868e-07
_10019_, 70.2, 160.72, 7.52006e-07
_10024_, 70.2, 160.72, 7.52006e-07
TAP_776, 70.2, 160.72, 7.52006e-07
_04979_, 86.4, 160.72, 7.48371e-07
FILLER_37_135, 86.4, 160.72, 7.48371e-07
FILLER_37_137, 86.4, 160.72, 7.48371e-07
FILLER_38_137, 86.4, 160.72, 7.48371e-07
_09406_, 89.1, 160.72, 7.47673e-07
TAP_763, 89.1, 160.72, 7.47673e-07
_10026_, 91.8, 160.72, 7.46903e-07
_08972_, 94.5, 160.72, 7.46049e-07
FILLER_38_165, 102.6, 160.72, 7.43259e-07
_04980_, 108, 160.72, 7.41404e-07
_09803_, 108, 160.72, 7.41404e-07
TAP_777, 108, 160.72, 7.41404e-07
FILLER_38_173, 108, 160.72, 7.41404e-07
_08922_, 110.7, 160.72, 7.40323e-07
FILLER_38_189, 116.1, 160.72, 7.38055e-07
FILLER_38_191, 116.1, 160.72, 7.38055e-07
_04852_, 118.8, 160.72, 7.36881e-07
FILLER_38_196, 118.8, 160.72, 7.36881e-07
FILLER_38_200, 121.5, 160.72, 7.35655e-07
_08916_, 124.2, 160.72, 7.3441e-07
FILLER_37_206, 124.2, 160.72, 7.3441e-07
_05076_, 126.9, 160.72, 7.33055e-07
FILLER_37_208, 126.9, 160.72, 7.33055e-07
_08982_, 129.6, 160.72, 7.31649e-07
TAP_764, 129.6, 160.72, 7.31649e-07
_09840_, 132.3, 160.72, 7.30135e-07
FILLER_38_218, 132.3, 160.72, 7.30135e-07
_08925_, 140.4, 160.72, 7.25282e-07
_05014_, 145.8, 160.72, 7.21629e-07
TAP_778, 148.5, 160.72, 7.19772e-07
FILLER_37_245, 148.5, 160.72, 7.19772e-07
FILLER_37_253, 151.2, 160.72, 7.17874e-07
FILLER_38_250, 151.2, 160.72, 7.17874e-07
_06652_, 153.9, 160.72, 7.15936e-07
_09425_, 153.9, 160.72, 7.15936e-07
_05260_, 159.3, 160.72, 7.11788e-07
_05619_, 164.7, 160.72, 7.07535e-07
TAP_765, 170.1, 160.72, 7.03176e-07
FILLER_37_286, 170.1, 160.72, 7.03176e-07
FILLER_38_287, 170.1, 160.72, 7.03176e-07
_05252_, 172.8, 160.72, 7.00936e-07
FILLER_37_290, 172.8, 160.72, 7.00936e-07
_06649_, 178.2, 160.72, 6.96306e-07
FILLER_38_303, 180.9, 160.72, 6.93938e-07
FILLER_38_307, 180.9, 160.72, 6.93938e-07
_05003_, 183.6, 160.72, 6.91209e-07
_09422_, 183.6, 160.72, 6.91209e-07
FILLER_38_312, 183.6, 160.72, 6.91209e-07
FILLER_38_316, 186.3, 160.72, 6.88345e-07
_05535_, 189, 160.72, 6.85461e-07
TAP_779, 189, 160.72, 6.85461e-07
FILLER_38_318, 189, 160.72, 6.85461e-07
_05005_, 194.4, 160.72, 6.79507e-07
_09591_, 197.1, 160.72, 6.765e-07
FILLER_37_339, 199.8, 160.72, 6.73409e-07
_06323_, 202.5, 160.72, 6.70298e-07
FILLER_37_343, 202.5, 160.72, 6.70298e-07
TAP_766, 207.9, 160.72, 6.63931e-07
FILLER_37_354, 207.9, 160.72, 6.63931e-07
_09858_, 210.6, 160.72, 6.60706e-07
_05618_, 213.3, 160.72, 6.57399e-07
FILLER_38_372, 218.7, 160.72, 6.5068e-07
FILLER_37_386, 226.8, 160.72, 6.40112e-07
FILLER_38_388, 226.8, 160.72, 6.40112e-07
_05004_, 229.5, 160.72, 6.36478e-07
_09588_, 229.5, 160.72, 6.36478e-07
TAP_780, 229.5, 160.72, 6.36478e-07
FILLER_37_390, 229.5, 160.72, 6.36478e-07
FILLER_37_392, 229.5, 160.72, 6.36478e-07
_09855_, 232.2, 160.72, 6.3267e-07
FILLER_38_421, 245.7, 160.72, 6.13214e-07
TAP_767, 248.4, 160.72, 6.09303e-07
FILLER_37_428, 251.1, 160.72, 6.05371e-07
FILLER_37_432, 251.1, 160.72, 6.05371e-07
FILLER_38_429, 251.1, 160.72, 6.05371e-07
_07803_, 253.8, 160.72, 6.01379e-07
_07804_, 253.8, 160.72, 6.01379e-07
FILLER_37_434, 253.8, 160.72, 6.01379e-07
_07805_, 259.2, 160.72, 5.93089e-07
FILLER_37_446, 259.2, 160.72, 5.93089e-07
_07909_, 261.9, 160.72, 5.88875e-07
_07908_, 264.6, 160.72, 5.85978e-07
FILLER_37_456, 264.6, 160.72, 5.85978e-07
FILLER_38_453, 264.6, 160.72, 5.85978e-07
FILLER_38_455, 264.6, 160.72, 5.85978e-07
_07914_, 267.3, 160.72, 5.82982e-07
TAP_781, 267.3, 160.72, 5.82982e-07
FILLER_37_458, 267.3, 160.72, 5.82982e-07
_07915_, 270, 160.72, 5.79895e-07
_07910_, 272.7, 160.72, 5.76739e-07
_08005_, 275.4, 160.72, 5.73515e-07
FILLER_38_475, 275.4, 160.72, 5.73515e-07
_07963_, 278.1, 160.72, 5.70234e-07
FILLER_37_480, 278.1, 160.72, 5.70234e-07
_07964_, 280.8, 160.72, 5.66864e-07
_07967_, 283.5, 160.72, 5.63457e-07
_08007_, 286.2, 160.72, 5.59999e-07
FILLER_37_495, 286.2, 160.72, 5.59999e-07
_07968_, 288.9, 160.72, 5.56451e-07
TAP_768, 288.9, 160.72, 5.56451e-07
_07972_, 294.3, 160.72, 5.49233e-07
FILLER_37_506, 294.3, 160.72, 5.49233e-07
FILLER_38_506, 294.3, 160.72, 5.49233e-07
_08013_, 297, 160.72, 5.45532e-07
FILLER_38_515, 299.7, 160.72, 5.4177e-07
FILLER_38_519, 299.7, 160.72, 5.4177e-07
_07904_, 302.4, 160.72, 5.46305e-07
_08014_, 302.4, 160.72, 5.46305e-07
FILLER_37_520, 302.4, 160.72, 5.46305e-07
_07903_, 305.1, 160.72, 5.50724e-07
_07974_, 307.8, 160.72, 5.55105e-07
TAP_782, 307.8, 160.72, 5.55105e-07
FILLER_38_531, 307.8, 160.72, 5.55105e-07
FILLER_38_534, 307.8, 160.72, 5.55105e-07
_08000_, 310.5, 160.72, 5.59366e-07
FILLER_38_541, 313.2, 160.72, 5.63588e-07
_07975_, 315.9, 160.72, 5.67791e-07
FILLER_37_544, 315.9, 160.72, 5.67791e-07
_07884_, 321.3, 160.72, 5.76053e-07
_07923_, 321.3, 160.72, 5.76053e-07
FILLER_38_557, 321.3, 160.72, 5.76053e-07
FILLER_37_559, 324, 160.72, 5.80089e-07
_07885_, 326.7, 160.72, 5.84104e-07
FILLER_37_567, 326.7, 160.72, 5.84104e-07
TAP_769, 329.4, 160.72, 5.87983e-07
FILLER_37_570, 329.4, 160.72, 5.87983e-07
FILLER_37_578, 334.8, 160.72, 5.95659e-07
FILLER_37_582, 334.8, 160.72, 5.95659e-07
_07979_, 337.5, 160.72, 5.99456e-07
FILLER_38_587, 337.5, 160.72, 5.99456e-07
_07893_, 340.2, 160.72, 6.03182e-07
_07949_, 342.9, 160.72, 6.08257e-07
_07892_, 348.3, 160.72, 6.18273e-07
_07997_, 348.3, 160.72, 6.18273e-07
TAP_783, 348.3, 160.72, 6.18273e-07
FILLER_38_602, 348.3, 160.72, 6.18273e-07
_07948_, 353.7, 160.72, 6.27892e-07
FILLER_38_618, 356.4, 160.72, 6.32665e-07
FILLER_37_627, 361.8, 160.72, 6.4217e-07
_08124_, 364.5, 160.72, 6.46902e-07
FILLER_38_634, 364.5, 160.72, 6.46902e-07
TAP_770, 367.2, 160.72, 6.51576e-07
FILLER_37_636, 367.2, 160.72, 6.51576e-07
FILLER_37_638, 367.2, 160.72, 6.51576e-07
FILLER_38_638, 367.2, 160.72, 6.51576e-07
FILLER_38_640, 367.2, 160.72, 6.51576e-07
_08152_, 369.9, 160.72, 6.5615e-07
_08170_, 369.9, 160.72, 6.5615e-07
FILLER_37_649, 372.6, 160.72, 6.60555e-07
FILLER_37_657, 378, 160.72, 6.69326e-07
FILLER_37_659, 378, 160.72, 6.69326e-07
_08169_, 380.7, 160.72, 6.73671e-07
_08171_, 380.7, 160.72, 6.73671e-07
_08221_, 383.4, 160.72, 6.778e-07
FILLER_37_673, 386.1, 160.72, 6.81891e-07
FILLER_38_672, 386.1, 160.72, 6.81891e-07
_04776_, 388.8, 160.72, 6.85942e-07
_08204_, 388.8, 160.72, 6.85942e-07
TAP_784, 388.8, 160.72, 6.85942e-07
FILLER_38_676, 388.8, 160.72, 6.85942e-07
_08168_, 391.5, 160.72, 6.89806e-07
FILLER_38_687, 394.2, 160.72, 6.93632e-07
_08219_, 396.9, 160.72, 6.97439e-07
FILLER_37_697, 399.6, 160.72, 7.01193e-07
FILLER_38_697, 399.6, 160.72, 7.01193e-07
_08268_, 402.3, 160.72, 7.04907e-07
_08269_, 402.3, 160.72, 7.04907e-07
FILLER_37_707, 405, 160.72, 7.08517e-07
FILLER_38_707, 405, 160.72, 7.08517e-07
_08309_, 407.7, 160.72, 7.12086e-07
TAP_771, 407.7, 160.72, 7.12086e-07
FILLER_37_709, 407.7, 160.72, 7.12086e-07
FILLER_37_712, 407.7, 160.72, 7.12086e-07
FILLER_38_711, 407.7, 160.72, 7.12086e-07
FILLER_37_716, 410.4, 160.72, 7.15506e-07
_08273_, 413.1, 160.72, 7.18906e-07
_08307_, 415.8, 160.72, 7.22269e-07
_08325_, 415.8, 160.72, 7.22269e-07
_08306_, 421.2, 160.72, 7.28787e-07
_08348_, 421.2, 160.72, 7.28787e-07
FILLER_38_732, 421.2, 160.72, 7.28787e-07
_08187_, 426.6, 160.72, 7.34331e-07
TAP_785, 426.6, 160.72, 7.34331e-07
FILLER_37_742, 426.6, 160.72, 7.34331e-07
_08189_, 429.3, 160.72, 7.37025e-07
FILLER_38_747, 429.3, 160.72, 7.37025e-07
_08188_, 434.7, 160.72, 7.42271e-07
FILLER_38_763, 437.4, 160.72, 7.44846e-07
_08275_, 440.1, 160.72, 7.474e-07
FILLER_37_776, 445.5, 160.72, 7.52407e-07
FILLER_38_779, 445.5, 160.72, 7.52407e-07
_08300_, 448.2, 160.72, 7.54869e-07
_08328_, 448.2, 160.72, 7.54869e-07
TAP_772, 448.2, 160.72, 7.54869e-07
FILLER_37_780, 448.2, 160.72, 7.54869e-07
FILLER_37_783, 448.2, 160.72, 7.54869e-07
_08327_, 450.9, 160.72, 7.57196e-07
_08347_, 450.9, 160.72, 7.57196e-07
_08301_, 456.3, 160.72, 7.61515e-07
FILLER_37_803, 459, 160.72, 7.63637e-07
FILLER_38_808, 461.7, 160.72, 7.65739e-07
TAP_786, 467.1, 160.72, 7.69267e-07
FILLER_38_818, 467.1, 160.72, 7.69267e-07
FILLER_37_819, 469.8, 160.72, 7.7099e-07
FILLER_38_822, 469.8, 160.72, 7.7099e-07
_08541_, 472.5, 160.72, 7.72673e-07
FILLER_37_827, 472.5, 160.72, 7.72673e-07
FILLER_38_824, 472.5, 160.72, 7.72673e-07
_08569_, 475.2, 160.72, 7.74247e-07
FILLER_37_831, 475.2, 160.72, 7.74247e-07
_08542_, 480.6, 160.72, 7.77188e-07
_08543_, 483.3, 160.72, 7.78591e-07
FILLER_37_845, 483.3, 160.72, 7.78591e-07
_08616_, 486, 160.72, 7.79937e-07
TAP_773, 486, 160.72, 7.79937e-07
_08592_, 488.7, 160.72, 7.81175e-07
_08589_, 499.5, 160.72, 7.85664e-07
FILLER_38_873, 499.5, 160.72, 7.85664e-07
_08588_, 502.2, 160.72, 7.86697e-07
FILLER_37_877, 502.2, 160.72, 7.86697e-07
_08648_, 507.6, 160.72, 7.87935e-07
_08649_, 507.6, 160.72, 7.87935e-07
TAP_787, 507.6, 160.72, 7.87935e-07
FILLER_37_897, 513, 160.72, 7.88892e-07
_08672_, 515.7, 160.72, 7.8935e-07
FILLER_38_910, 518.4, 160.72, 7.89757e-07
FILLER_37_913, 521.1, 160.72, 7.90143e-07
FILLER_38_918, 523.8, 160.72, 7.90509e-07
_08693_, 526.5, 160.72, 7.90855e-07
TAP_774, 526.5, 160.72, 7.90855e-07
FILLER_37_921, 526.5, 160.72, 7.90855e-07
FILLER_38_920, 526.5, 160.72, 7.90855e-07
_08647_, 529.2, 160.72, 7.91024e-07
FILLER_37_937, 534.6, 160.72, 7.91227e-07
PHY_75, 537.3, 160.72, 7.91308e-07
PHY_77, 537.3, 160.72, 7.91308e-07
FILLER_37_941, 537.3, 160.72, 7.91308e-07
FILLER_37_943, 537.3, 160.72, 7.91308e-07
_09510_, 10.8, 152.88, 7.34878e-07
PHY_70, 10.8, 152.88, 7.34878e-07
PHY_72, 10.8, 152.88, 7.34878e-07
FILLER_35_2, 10.8, 152.88, 7.34878e-07
FILLER_35_18, 18.9, 152.88, 7.34448e-07
_04934_, 21.6, 152.88, 7.34284e-07
_05334_, 24.3, 152.88, 7.34508e-07
_04998_, 27, 152.88, 7.34679e-07
_05527_, 29.7, 152.88, 7.3482e-07
_09507_, 29.7, 152.88, 7.3482e-07
TAP_749, 29.7, 152.88, 7.3482e-07
FILLER_35_33, 29.7, 152.88, 7.3482e-07
FILLER_35_35, 29.7, 152.88, 7.3482e-07
FILLER_35_41, 32.4, 152.88, 7.34779e-07
FILLER_35_45, 35.1, 152.88, 7.34719e-07
FILLER_35_47, 35.1, 152.88, 7.34719e-07
_05353_, 37.8, 152.88, 7.34617e-07
_04902_, 43.2, 152.88, 7.34309e-07
FILLER_35_62, 45.9, 152.88, 7.34124e-07
FILLER_36_66, 45.9, 152.88, 7.34124e-07
TAP_736, 48.6, 152.88, 7.33899e-07
FILLER_35_70, 48.6, 152.88, 7.33899e-07
FILLER_36_70, 48.6, 152.88, 7.33899e-07
_05359_, 51.3, 152.88, 7.33613e-07
FILLER_35_73, 51.3, 152.88, 7.33613e-07
_05357_, 54, 152.88, 7.33254e-07
_05339_, 56.7, 152.88, 7.32842e-07
FILLER_36_82, 56.7, 152.88, 7.32842e-07
FILLER_36_84, 56.7, 152.88, 7.32842e-07
_05337_, 59.4, 152.88, 7.32336e-07
FILLER_35_87, 59.4, 152.88, 7.32336e-07
_05627_, 62.1, 152.88, 7.31758e-07
FILLER_35_98, 64.8, 152.88, 7.31398e-07
FILLER_35_100, 64.8, 152.88, 7.31398e-07
_05629_, 67.5, 152.88, 7.30997e-07
FILLER_36_104, 67.5, 152.88, 7.30997e-07
_05030_, 70.2, 152.88, 7.30538e-07
_05094_, 70.2, 152.88, 7.30538e-07
TAP_750, 70.2, 152.88, 7.30538e-07
FILLER_35_110, 72.9, 152.88, 7.29998e-07
FILLER_36_112, 72.9, 152.88, 7.29998e-07
_09402_, 75.6, 152.88, 7.29417e-07
FILLER_36_116, 75.6, 152.88, 7.29417e-07
_04851_, 81, 152.88, 7.28109e-07
_05422_, 81, 152.88, 7.28109e-07
FILLER_35_126, 81, 152.88, 7.28109e-07
_10023_, 83.7, 152.88, 7.27351e-07
FILLER_35_136, 86.4, 152.88, 7.26511e-07
TAP_737, 89.1, 152.88, 7.2565e-07
FILLER_35_140, 89.1, 152.88, 7.2565e-07
_09409_, 91.8, 152.88, 7.24749e-07
_05539_, 97.2, 152.88, 7.2284e-07
FILLER_35_154, 97.2, 152.88, 7.2284e-07
_05075_, 99.9, 152.88, 7.21813e-07
_05540_, 102.6, 152.88, 7.20804e-07
FILLER_35_164, 102.6, 152.88, 7.20804e-07
FILLER_36_164, 102.6, 152.88, 7.20804e-07
_05544_, 105.3, 152.88, 7.19716e-07
FILLER_36_172, 105.3, 152.88, 7.19716e-07
TAP_751, 108, 152.88, 7.18496e-07
FILLER_36_176, 108, 152.88, 7.18496e-07
FILLER_36_179, 110.7, 152.88, 7.17236e-07
_08918_, 113.4, 152.88, 7.15955e-07
FILLER_36_183, 113.4, 152.88, 7.15955e-07
FILLER_36_185, 113.4, 152.88, 7.15955e-07
FILLER_35_196, 118.8, 152.88, 7.13207e-07
FILLER_36_196, 118.8, 152.88, 7.13207e-07
_09810_, 121.5, 152.88, 7.11792e-07
_08983_, 129.6, 152.88, 7.073e-07
TAP_738, 129.6, 152.88, 7.073e-07
FILLER_35_212, 129.6, 152.88, 7.073e-07
_05621_, 137.7, 152.88, 7.02421e-07
_05458_, 140.4, 152.88, 7.00742e-07
FILLER_35_231, 140.4, 152.88, 7.00742e-07
FILLER_36_238, 143.1, 152.88, 6.9866e-07
TAP_752, 148.5, 152.88, 6.94457e-07
FILLER_36_246, 148.5, 152.88, 6.94457e-07
_09612_, 151.2, 152.88, 6.92316e-07
_05037_, 156.6, 152.88, 6.87866e-07
_05258_, 156.6, 152.88, 6.87866e-07
_05556_, 164.7, 152.88, 6.80942e-07
_05101_, 167.4, 152.88, 6.78596e-07
FILLER_35_279, 167.4, 152.88, 6.78596e-07
FILLER_35_283, 167.4, 152.88, 6.78596e-07
FILLER_36_283, 167.4, 152.88, 6.78596e-07
_05254_, 170.1, 152.88, 6.76159e-07
TAP_739, 170.1, 152.88, 6.76159e-07
FILLER_36_287, 170.1, 152.88, 6.76159e-07
_09609_, 172.8, 152.88, 6.73628e-07
FILLER_36_289, 172.8, 152.88, 6.73628e-07
_05251_, 175.5, 152.88, 6.70995e-07
FILLER_35_312, 183.6, 152.88, 6.6227e-07
_04941_, 189, 152.88, 6.55669e-07
_05257_, 189, 152.88, 6.55669e-07
TAP_753, 189, 152.88, 6.55669e-07
_05466_, 191.7, 152.88, 6.52265e-07
FILLER_35_324, 191.7, 152.88, 6.52265e-07
_05536_, 194.4, 152.88, 6.48803e-07
FILLER_35_330, 194.4, 152.88, 6.48803e-07
FILLER_36_336, 197.1, 152.88, 6.45283e-07
_06314_, 199.8, 152.88, 6.41743e-07
_06321_, 202.5, 152.88, 6.38114e-07
TAP_740, 207.9, 152.88, 6.30752e-07
FILLER_35_354, 207.9, 152.88, 6.30752e-07
FILLER_36_354, 207.9, 152.88, 6.30752e-07
_05036_, 210.6, 152.88, 6.27009e-07
_09011_, 210.6, 152.88, 6.27009e-07
FILLER_36_356, 210.6, 152.88, 6.27009e-07
FILLER_35_361, 213.3, 152.88, 6.23163e-07
_05102_, 216, 152.88, 6.19297e-07
FILLER_35_369, 216, 152.88, 6.19297e-07
_06318_, 218.7, 152.88, 6.1538e-07
FILLER_36_371, 218.7, 152.88, 6.1538e-07
FILLER_36_379, 221.4, 152.88, 6.11389e-07
_04940_, 224.1, 152.88, 6.06831e-07
_06315_, 224.1, 152.88, 6.06831e-07
FILLER_35_387, 226.8, 152.88, 6.02187e-07
TAP_754, 229.5, 152.88, 5.97523e-07
FILLER_36_392, 229.5, 152.88, 5.97523e-07
_05534_, 232.2, 152.88, 5.92818e-07
_06317_, 232.2, 152.88, 5.92818e-07
FILLER_35_395, 232.2, 152.88, 5.92818e-07
FILLER_36_396, 232.2, 152.88, 5.92818e-07
_05006_, 237.6, 152.88, 5.83116e-07
FILLER_35_406, 237.6, 152.88, 5.83116e-07
FILLER_36_410, 240.3, 152.88, 5.78215e-07
FILLER_35_422, 245.7, 152.88, 5.6837e-07
TAP_741, 248.4, 152.88, 5.63428e-07
FILLER_36_426, 248.4, 152.88, 5.63428e-07
FILLER_35_428, 251.1, 152.88, 5.58445e-07
FILLER_35_436, 253.8, 152.88, 5.53442e-07
FILLER_36_434, 253.8, 152.88, 5.53442e-07
_07850_, 256.5, 152.88, 5.48398e-07
_07851_, 256.5, 152.88, 5.48398e-07
FILLER_35_440, 256.5, 152.88, 5.48398e-07
FILLER_36_438, 256.5, 152.88, 5.48398e-07
_07854_, 259.2, 152.88, 5.43211e-07
_07853_, 267.3, 152.88, 5.29746e-07
TAP_755, 267.3, 152.88, 5.29746e-07
FILLER_36_457, 267.3, 152.88, 5.29746e-07
_07912_, 270, 152.88, 5.25563e-07
FILLER_35_464, 270, 152.88, 5.25563e-07
_07913_, 272.7, 152.88, 5.21292e-07
_07911_, 275.4, 152.88, 5.1699e-07
FILLER_35_472, 275.4, 152.88, 5.1699e-07
FILLER_35_476, 275.4, 152.88, 5.1699e-07
_07728_, 278.1, 152.88, 5.12599e-07
FILLER_35_484, 280.8, 152.88, 5.08167e-07
FILLER_36_483, 280.8, 152.88, 5.08167e-07
FILLER_36_485, 280.8, 152.88, 5.08167e-07
_07965_, 283.5, 152.88, 5.03674e-07
_07966_, 283.5, 152.88, 5.03674e-07
FILLER_35_486, 283.5, 152.88, 5.03674e-07
_08009_, 288.9, 152.88, 4.94409e-07
_08010_, 288.9, 152.88, 4.94409e-07
TAP_742, 288.9, 152.88, 4.94409e-07
FILLER_35_499, 288.9, 152.88, 4.94409e-07
FILLER_36_498, 288.9, 152.88, 4.94409e-07
FILLER_35_505, 291.6, 152.88, 4.89627e-07
_08008_, 294.3, 152.88, 4.84825e-07
_07973_, 297, 152.88, 4.79982e-07
FILLER_35_513, 297, 152.88, 4.79982e-07
_07831_, 299.7, 152.88, 4.75075e-07
FILLER_35_515, 299.7, 152.88, 4.75075e-07
_08001_, 302.4, 152.88, 4.80623e-07
FILLER_35_521, 302.4, 152.88, 4.80623e-07
_07960_, 305.1, 152.88, 4.86115e-07
FILLER_36_528, 305.1, 152.88, 4.86115e-07
_07999_, 307.8, 152.88, 4.91518e-07
TAP_756, 307.8, 152.88, 4.91518e-07
_09674_, 310.5, 152.88, 4.96785e-07
FILLER_36_557, 321.3, 152.88, 5.175e-07
_07834_, 324, 152.88, 5.22659e-07
FILLER_36_561, 324, 152.88, 5.22659e-07
_07872_, 329.4, 152.88, 5.3284e-07
TAP_743, 329.4, 152.88, 5.3284e-07
FILLER_36_570, 329.4, 152.88, 5.3284e-07
FILLER_36_572, 329.4, 152.88, 5.3284e-07
_07929_, 332.1, 152.88, 5.37832e-07
FILLER_35_575, 332.1, 152.88, 5.37832e-07
_07931_, 334.8, 152.88, 5.42767e-07
_07932_, 337.5, 152.88, 5.47634e-07
FILLER_35_583, 337.5, 152.88, 5.47634e-07
_07933_, 340.2, 152.88, 5.5244e-07
_07950_, 340.2, 152.88, 5.5244e-07
_07980_, 348.3, 152.88, 5.69743e-07
TAP_757, 348.3, 152.88, 5.69743e-07
FILLER_35_615, 353.7, 152.88, 5.81134e-07
FILLER_36_613, 353.7, 152.88, 5.81134e-07
_09684_, 359.1, 152.88, 5.92445e-07
FILLER_36_621, 359.1, 152.88, 5.92445e-07
FILLER_35_631, 364.5, 152.88, 6.03539e-07
TAP_744, 367.2, 152.88, 6.09065e-07
_08270_, 369.9, 152.88, 6.14572e-07
FILLER_35_647, 372.6, 152.88, 6.20041e-07
_09685_, 375.3, 152.88, 6.25491e-07
FILLER_35_651, 375.3, 152.88, 6.25491e-07
FILLER_36_654, 375.3, 152.88, 6.25491e-07
FILLER_36_670, 386.1, 152.88, 6.4534e-07
_08220_, 388.8, 152.88, 6.49924e-07
TAP_758, 388.8, 152.88, 6.49924e-07
_08201_, 394.2, 152.88, 6.58947e-07
_08255_, 394.2, 152.88, 6.58947e-07
FILLER_35_684, 394.2, 152.88, 6.58947e-07
FILLER_36_684, 394.2, 152.88, 6.58947e-07
_08203_, 399.6, 152.88, 6.67562e-07
_08254_, 405, 152.88, 6.76095e-07
FILLER_35_704, 405, 152.88, 6.76095e-07
_08253_, 407.7, 152.88, 6.80304e-07
_08272_, 407.7, 152.88, 6.80304e-07
TAP_745, 407.7, 152.88, 6.80304e-07
_08308_, 410.4, 152.88, 6.84404e-07
FILLER_35_720, 413.1, 152.88, 6.88388e-07
_08305_, 415.8, 152.88, 6.92351e-07
FILLER_35_724, 415.8, 152.88, 6.92351e-07
FILLER_35_735, 421.2, 152.88, 7.00135e-07
_08326_, 423.9, 152.88, 7.03226e-07
TAP_759, 426.6, 152.88, 7.06281e-07
_08228_, 429.3, 152.88, 7.09314e-07
FILLER_35_751, 429.3, 152.88, 7.09314e-07
FILLER_36_747, 429.3, 152.88, 7.09314e-07
FILLER_36_749, 429.3, 152.88, 7.09314e-07
_08229_, 432, 152.88, 7.1225e-07
FILLER_35_755, 432, 152.88, 7.1225e-07
_08232_, 434.7, 152.88, 7.15114e-07
_08230_, 437.4, 152.88, 7.17861e-07
_08231_, 442.8, 152.88, 7.23253e-07
FILLER_35_779, 445.5, 152.88, 7.25908e-07
FILLER_36_778, 445.5, 152.88, 7.25908e-07
_08302_, 448.2, 152.88, 7.28522e-07
TAP_746, 448.2, 152.88, 7.28522e-07
FILLER_35_783, 448.2, 152.88, 7.28522e-07
_08304_, 450.9, 152.88, 7.30979e-07
_08303_, 456.3, 152.88, 7.35757e-07
FILLER_35_804, 459, 152.88, 7.38109e-07
FILLER_36_806, 461.7, 152.88, 7.4044e-07
TAP_760, 467.1, 152.88, 7.43611e-07
FILLER_36_814, 467.1, 152.88, 7.43611e-07
FILLER_36_818, 467.1, 152.88, 7.43611e-07
FILLER_35_820, 469.8, 152.88, 7.45135e-07
FILLER_35_836, 477.9, 152.88, 7.49647e-07
FILLER_36_834, 477.9, 152.88, 7.49647e-07
TAP_747, 486, 152.88, 7.54038e-07
FILLER_36_850, 486, 152.88, 7.54038e-07
_08591_, 488.7, 152.88, 7.55461e-07
FILLER_35_854, 488.7, 152.88, 7.55461e-07
FILLER_36_854, 488.7, 152.88, 7.55461e-07
FILLER_35_870, 496.8, 152.88, 7.59404e-07
FILLER_36_868, 496.8, 152.88, 7.59404e-07
FILLER_36_876, 499.5, 152.88, 7.60678e-07
_08590_, 502.2, 152.88, 7.61931e-07
FILLER_35_886, 504.9, 152.88, 7.62296e-07
FILLER_36_885, 504.9, 152.88, 7.62296e-07
TAP_761, 507.6, 152.88, 7.6262e-07
FILLER_36_889, 507.6, 152.88, 7.6262e-07
FILLER_35_902, 515.7, 152.88, 7.6347e-07
FILLER_36_905, 515.7, 152.88, 7.6347e-07
FILLER_35_918, 523.8, 152.88, 7.64199e-07
TAP_748, 526.5, 152.88, 7.64422e-07
FILLER_35_922, 526.5, 152.88, 7.64422e-07
FILLER_36_921, 526.5, 152.88, 7.64422e-07
FILLER_35_925, 529.2, 152.88, 7.64584e-07
FILLER_36_937, 534.6, 152.88, 7.64867e-07
PHY_71, 537.3, 152.88, 7.64989e-07
PHY_73, 537.3, 152.88, 7.64989e-07
FILLER_35_941, 537.3, 152.88, 7.64989e-07
FILLER_35_943, 537.3, 152.88, 7.64989e-07
FILLER_36_941, 537.3, 152.88, 7.64989e-07
FILLER_36_943, 537.3, 152.88, 7.64989e-07
_09492_, 10.8, 145.04, 7.11259e-07
_09508_, 10.8, 145.04, 7.11259e-07
PHY_66, 10.8, 145.04, 7.11259e-07
PHY_68, 10.8, 145.04, 7.11259e-07
_04932_, 27, 145.04, 7.10772e-07
_05479_, 27, 145.04, 7.10772e-07
TAP_723, 29.7, 145.04, 7.10856e-07
FILLER_34_37, 29.7, 145.04, 7.10856e-07
_05481_, 32.4, 145.04, 7.109e-07
_09491_, 32.4, 145.04, 7.109e-07
FILLER_33_45, 35.1, 145.04, 7.10824e-07
_05333_, 37.8, 145.04, 7.10728e-07
_05453_, 43.2, 145.04, 7.1043e-07
FILLER_33_59, 43.2, 145.04, 7.1043e-07
_09511_, 48.6, 145.04, 7.09986e-07
TAP_710, 48.6, 145.04, 7.09986e-07
FILLER_33_69, 48.6, 145.04, 7.09986e-07
FILLER_34_68, 48.6, 145.04, 7.09986e-07
_05455_, 51.3, 145.04, 7.0962e-07
FILLER_33_78, 54, 145.04, 7.09217e-07
_09495_, 56.7, 145.04, 7.08794e-07
FILLER_33_82, 56.7, 145.04, 7.08794e-07
_05028_, 64.8, 145.04, 7.07378e-07
FILLER_34_103, 67.5, 145.04, 7.06983e-07
TAP_724, 70.2, 145.04, 7.06568e-07
FILLER_34_105, 70.2, 145.04, 7.06568e-07
FILLER_34_108, 70.2, 145.04, 7.06568e-07
_08973_, 72.9, 145.04, 7.06092e-07
_09827_, 72.9, 145.04, 7.06092e-07
FILLER_34_110, 72.9, 145.04, 7.06092e-07
_08974_, 78.3, 145.04, 7.04825e-07
FILLER_34_130, 83.7, 145.04, 7.03453e-07
_08978_, 86.4, 145.04, 7.02747e-07
FILLER_34_134, 86.4, 145.04, 7.02747e-07
FILLER_34_136, 86.4, 145.04, 7.02747e-07
TAP_711, 89.1, 145.04, 7.01947e-07
FILLER_33_141, 89.1, 145.04, 7.01947e-07
_08981_, 91.8, 145.04, 7.01107e-07
_09834_, 91.8, 145.04, 7.01107e-07
_04981_, 97.2, 145.04, 6.99155e-07
_05622_, 99.9, 145.04, 6.98149e-07
FILLER_34_161, 99.9, 145.04, 6.98149e-07
FILLER_34_171, 105.3, 145.04, 6.95886e-07
TAP_725, 108, 145.04, 6.94734e-07
FILLER_33_173, 108, 145.04, 6.94734e-07
FILLER_33_177, 108, 145.04, 6.94734e-07
FILLER_34_175, 108, 145.04, 6.94734e-07
_04982_, 110.7, 145.04, 6.93501e-07
_05538_, 110.7, 145.04, 6.93501e-07
_09835_, 110.7, 145.04, 6.93501e-07
_05423_, 116.1, 145.04, 6.90703e-07
FILLER_34_188, 116.1, 145.04, 6.90703e-07
_05421_, 118.8, 145.04, 6.89247e-07
_05427_, 124.2, 145.04, 6.86228e-07
FILLER_33_211, 126.9, 145.04, 6.84665e-07
_05623_, 129.6, 145.04, 6.83083e-07
_09842_, 129.6, 145.04, 6.83083e-07
TAP_712, 129.6, 145.04, 6.83083e-07
FILLER_34_213, 129.6, 145.04, 6.83083e-07
_05632_, 132.3, 145.04, 6.8134e-07
FILLER_33_244, 145.8, 145.04, 6.71168e-07
_09423_, 148.5, 145.04, 6.68845e-07
TAP_726, 148.5, 145.04, 6.68845e-07
FILLER_34_245, 148.5, 145.04, 6.68845e-07
FILLER_34_247, 148.5, 145.04, 6.68845e-07
_05573_, 151.2, 145.04, 6.66378e-07
_05451_, 164.7, 145.04, 6.53484e-07
_09419_, 164.7, 145.04, 6.53484e-07
FILLER_33_274, 164.7, 145.04, 6.53484e-07
FILLER_34_275, 164.7, 145.04, 6.53484e-07
_06643_, 170.1, 145.04, 6.47974e-07
TAP_713, 170.1, 145.04, 6.47974e-07
_05452_, 178.2, 145.04, 6.39383e-07
_06644_, 180.9, 145.04, 6.36482e-07
_09420_, 180.9, 145.04, 6.36482e-07
_04909_, 186.3, 145.04, 6.28583e-07
_05255_, 189, 145.04, 6.24603e-07
TAP_727, 189, 145.04, 6.24603e-07
FILLER_34_331, 194.4, 145.04, 6.16497e-07
_09589_, 197.1, 145.04, 6.12424e-07
FILLER_33_336, 197.1, 145.04, 6.12424e-07
_09002_, 199.8, 145.04, 6.08248e-07
FILLER_33_338, 199.8, 145.04, 6.08248e-07
TAP_714, 207.9, 145.04, 5.95392e-07
_09009_, 210.6, 145.04, 5.91087e-07
_09586_, 213.3, 145.04, 5.86729e-07
_05554_, 216, 145.04, 5.82288e-07
_05464_, 221.4, 145.04, 5.73301e-07
_04942_, 226.8, 145.04, 5.61943e-07
FILLER_33_389, 226.8, 145.04, 5.61943e-07
TAP_728, 229.5, 145.04, 5.56214e-07
FILLER_34_392, 229.5, 145.04, 5.56214e-07
FILLER_34_394, 229.5, 145.04, 5.56214e-07
_05450_, 232.2, 145.04, 5.50423e-07
_09585_, 232.2, 145.04, 5.50423e-07
_04908_, 237.6, 145.04, 5.38572e-07
FILLER_33_410, 240.3, 145.04, 5.32615e-07
TAP_715, 248.4, 145.04, 5.14684e-07
FILLER_34_424, 248.4, 145.04, 5.14684e-07
FILLER_33_428, 251.1, 145.04, 5.08667e-07
FILLER_34_440, 256.5, 145.04, 4.96592e-07
FILLER_34_442, 256.5, 145.04, 4.96592e-07
_07852_, 259.2, 145.04, 4.90513e-07
FILLER_33_444, 259.2, 145.04, 4.90513e-07
FILLER_33_452, 261.9, 145.04, 4.84347e-07
_07830_, 264.6, 145.04, 4.78962e-07
FILLER_33_456, 264.6, 145.04, 4.78962e-07
_07753_, 267.3, 145.04, 4.73526e-07
TAP_729, 267.3, 145.04, 4.73526e-07
FILLER_34_459, 267.3, 145.04, 4.73526e-07
_07744_, 270, 145.04, 4.67933e-07
FILLER_34_463, 270, 145.04, 4.67933e-07
FILLER_34_465, 270, 145.04, 4.67933e-07
_07751_, 275.4, 145.04, 4.5657e-07
_07743_, 278.1, 145.04, 4.50851e-07
_07756_, 278.1, 145.04, 4.50851e-07
FILLER_34_479, 278.1, 145.04, 4.50851e-07
_07754_, 283.5, 145.04, 4.39128e-07
FILLER_34_492, 286.2, 145.04, 4.3323e-07
TAP_716, 288.9, 145.04, 4.27312e-07
FILLER_33_496, 288.9, 145.04, 4.27312e-07
FILLER_33_499, 288.9, 145.04, 4.27312e-07
FILLER_34_500, 288.9, 145.04, 4.27312e-07
_07790_, 291.6, 145.04, 4.21313e-07
_07835_, 291.6, 145.04, 4.21313e-07
FILLER_33_503, 291.6, 145.04, 4.21313e-07
_07767_, 294.3, 145.04, 4.1514e-07
_07961_, 299.7, 145.04, 4.02684e-07
FILLER_34_516, 299.7, 145.04, 4.02684e-07
_07976_, 302.4, 145.04, 4.09602e-07
_07959_, 305.1, 145.04, 4.16468e-07
_07958_, 307.8, 145.04, 4.23217e-07
TAP_730, 307.8, 145.04, 4.23217e-07
FILLER_34_544, 315.9, 145.04, 4.43247e-07
FILLER_33_551, 318.6, 145.04, 4.49904e-07
FILLER_34_552, 318.6, 145.04, 4.49904e-07
_07832_, 321.3, 145.04, 4.5652e-07
FILLER_33_559, 324, 145.04, 4.63083e-07
_07874_, 326.7, 145.04, 4.69626e-07
_07877_, 326.7, 145.04, 4.69626e-07
TAP_717, 329.4, 145.04, 4.76071e-07
FILLER_33_570, 329.4, 145.04, 4.76071e-07
FILLER_33_572, 329.4, 145.04, 4.76071e-07
_07875_, 332.1, 145.04, 4.82455e-07
_07876_, 332.1, 145.04, 4.82455e-07
_07873_, 337.5, 145.04, 4.95014e-07
FILLER_33_587, 337.5, 145.04, 4.95014e-07
FILLER_34_583, 337.5, 145.04, 4.95014e-07
FILLER_34_587, 337.5, 145.04, 4.95014e-07
_07928_, 340.2, 145.04, 5.01202e-07
FILLER_33_591, 340.2, 145.04, 5.01202e-07
FILLER_34_589, 340.2, 145.04, 5.01202e-07
_07977_, 342.9, 145.04, 5.08257e-07
FILLER_34_595, 342.9, 145.04, 5.08257e-07
_07978_, 345.6, 145.04, 5.15254e-07
_07998_, 348.3, 145.04, 5.22199e-07
TAP_731, 348.3, 145.04, 5.22199e-07
FILLER_34_605, 348.3, 145.04, 5.22199e-07
FILLER_34_621, 359.1, 145.04, 5.49352e-07
FILLER_34_625, 359.1, 145.04, 5.49352e-07
_09686_, 361.8, 145.04, 5.561e-07
FILLER_33_628, 361.8, 145.04, 5.561e-07
FILLER_34_627, 361.8, 145.04, 5.561e-07
TAP_718, 367.2, 145.04, 5.69338e-07
FILLER_33_636, 367.2, 145.04, 5.69338e-07
FILLER_33_638, 367.2, 145.04, 5.69338e-07
FILLER_33_641, 369.9, 145.04, 5.75897e-07
FILLER_33_649, 372.6, 145.04, 5.82435e-07
_08099_, 375.3, 145.04, 5.88954e-07
FILLER_33_651, 375.3, 145.04, 5.88954e-07
FILLER_34_659, 378, 145.04, 5.95335e-07
_08102_, 380.7, 145.04, 6.01697e-07
FILLER_34_661, 380.7, 145.04, 6.01697e-07
_08090_, 388.8, 145.04, 6.17212e-07
_08100_, 388.8, 145.04, 6.17212e-07
TAP_732, 388.8, 145.04, 6.17212e-07
FILLER_34_682, 391.5, 145.04, 6.22272e-07
_08200_, 394.2, 145.04, 6.27313e-07
_08202_, 394.2, 145.04, 6.27313e-07
FILLER_33_685, 394.2, 145.04, 6.27313e-07
_08222_, 399.6, 145.04, 6.37146e-07
FILLER_33_694, 399.6, 145.04, 6.37146e-07
FILLER_34_702, 402.3, 145.04, 6.4199e-07
_08252_, 405, 145.04, 6.46815e-07
TAP_719, 407.7, 145.04, 6.51549e-07
FILLER_33_712, 407.7, 145.04, 6.51549e-07
_08251_, 410.4, 145.04, 6.56244e-07
FILLER_33_722, 413.1, 145.04, 6.6089e-07
FILLER_33_726, 415.8, 145.04, 6.65516e-07
FILLER_34_724, 415.8, 145.04, 6.65516e-07
_08097_, 418.5, 145.04, 6.70101e-07
_08250_, 418.5, 145.04, 6.70101e-07
FILLER_33_728, 418.5, 145.04, 6.70101e-07
FILLER_34_728, 418.5, 145.04, 6.70101e-07
FILLER_34_730, 418.5, 145.04, 6.70101e-07
TAP_733, 426.6, 145.04, 6.81094e-07
FILLER_34_744, 426.6, 145.04, 6.81094e-07
_08131_, 429.3, 145.04, 6.84377e-07
_08248_, 432, 145.04, 6.87618e-07
FILLER_34_754, 432, 145.04, 6.87618e-07
_08226_, 434.7, 145.04, 6.90772e-07
FILLER_34_758, 434.7, 145.04, 6.90772e-07
FILLER_33_764, 437.4, 145.04, 6.93867e-07
FILLER_34_765, 437.4, 145.04, 6.93867e-07
_08227_, 440.1, 145.04, 6.96923e-07
FILLER_33_768, 440.1, 145.04, 6.96923e-07
FILLER_33_770, 440.1, 145.04, 6.96923e-07
FILLER_34_770, 440.1, 145.04, 6.96923e-07
_08192_, 442.8, 145.04, 6.99887e-07
_08244_, 442.8, 145.04, 6.99887e-07
FILLER_34_774, 442.8, 145.04, 6.99887e-07
_08245_, 445.5, 145.04, 7.02762e-07
FILLER_34_776, 445.5, 145.04, 7.02762e-07
_08247_, 448.2, 145.04, 7.05569e-07
TAP_720, 448.2, 145.04, 7.05569e-07
_08274_, 450.9, 145.04, 7.08239e-07
FILLER_34_797, 456.3, 145.04, 7.13472e-07
FILLER_33_807, 461.7, 145.04, 7.18664e-07
FILLER_34_813, 464.4, 145.04, 7.20351e-07
TAP_734, 467.1, 145.04, 7.22018e-07
FILLER_34_815, 467.1, 145.04, 7.22018e-07
FILLER_34_818, 467.1, 145.04, 7.22018e-07
FILLER_33_823, 469.8, 145.04, 7.23624e-07
FILLER_34_834, 477.9, 145.04, 7.28381e-07
FILLER_33_839, 480.6, 145.04, 7.29947e-07
FILLER_33_847, 483.3, 145.04, 7.31492e-07
TAP_721, 486, 145.04, 7.33017e-07
FILLER_33_851, 486, 145.04, 7.33017e-07
FILLER_34_850, 486, 145.04, 7.33017e-07
FILLER_33_854, 488.7, 145.04, 7.34482e-07
FILLER_34_866, 494.1, 145.04, 7.3737e-07
FILLER_33_870, 496.8, 145.04, 7.38794e-07
FILLER_33_886, 504.9, 145.04, 7.41985e-07
FILLER_34_882, 504.9, 145.04, 7.41985e-07
FILLER_34_886, 504.9, 145.04, 7.41985e-07
TAP_735, 507.6, 145.04, 7.4231e-07
FILLER_34_889, 507.6, 145.04, 7.4231e-07
FILLER_33_902, 515.7, 145.04, 7.4316e-07
FILLER_34_905, 515.7, 145.04, 7.4316e-07
FILLER_33_918, 523.8, 145.04, 7.43889e-07
TAP_722, 526.5, 145.04, 7.44112e-07
FILLER_33_922, 526.5, 145.04, 7.44112e-07
FILLER_34_921, 526.5, 145.04, 7.44112e-07
FILLER_33_925, 529.2, 145.04, 7.44274e-07
FILLER_34_937, 534.6, 145.04, 7.44557e-07
PHY_67, 537.3, 145.04, 7.44679e-07
PHY_69, 537.3, 145.04, 7.44679e-07
FILLER_33_941, 537.3, 145.04, 7.44679e-07
FILLER_33_943, 537.3, 145.04, 7.44679e-07
FILLER_34_941, 537.3, 145.04, 7.44679e-07
FILLER_34_943, 537.3, 145.04, 7.44679e-07
PHY_62, 10.8, 137.2, 6.8919e-07
PHY_64, 10.8, 137.2, 6.8919e-07
FILLER_31_2, 10.8, 137.2, 6.8919e-07
FILLER_32_2, 10.8, 137.2, 6.8919e-07
_05348_, 18.9, 137.2, 6.88947e-07
FILLER_32_18, 18.9, 137.2, 6.88947e-07
_05354_, 21.6, 137.2, 6.88793e-07
FILLER_32_20, 21.6, 137.2, 6.88793e-07
_05061_, 27, 137.2, 6.89235e-07
FILLER_31_28, 27, 137.2, 6.89235e-07
FILLER_32_31, 27, 137.2, 6.89235e-07
_05593_, 29.7, 137.2, 6.89384e-07
_09498_, 29.7, 137.2, 6.89384e-07
TAP_697, 29.7, 137.2, 6.89384e-07
FILLER_31_33, 29.7, 137.2, 6.89384e-07
_05342_, 35.1, 137.2, 6.89331e-07
FILLER_32_56, 40.5, 137.2, 6.89172e-07
_09501_, 43.2, 137.2, 6.89073e-07
FILLER_31_64, 45.9, 137.2, 6.88891e-07
TAP_684, 48.6, 137.2, 6.88688e-07
FILLER_31_68, 48.6, 137.2, 6.88688e-07
FILLER_31_70, 48.6, 137.2, 6.88688e-07
_05404_, 51.3, 137.2, 6.88425e-07
_04963_, 56.7, 137.2, 6.87793e-07
_05494_, 59.4, 137.2, 6.87446e-07
FILLER_31_86, 59.4, 137.2, 6.87446e-07
FILLER_32_86, 59.4, 137.2, 6.87446e-07
FILLER_32_94, 62.1, 137.2, 6.87005e-07
_05320_, 64.8, 137.2, 6.86766e-07
FILLER_32_98, 64.8, 137.2, 6.86766e-07
FILLER_32_100, 64.8, 137.2, 6.86766e-07
_05559_, 67.5, 137.2, 6.86398e-07
_05557_, 70.2, 137.2, 6.85993e-07
TAP_698, 70.2, 137.2, 6.85993e-07
FILLER_31_112, 72.9, 137.2, 6.85514e-07
FILLER_32_117, 75.6, 137.2, 6.85015e-07
_04853_, 78.3, 137.2, 6.84496e-07
FILLER_32_121, 78.3, 137.2, 6.84496e-07
FILLER_32_123, 78.3, 137.2, 6.84496e-07
_05496_, 81, 137.2, 6.83905e-07
_09831_, 81, 137.2, 6.83905e-07
FILLER_32_128, 81, 137.2, 6.83905e-07
FILLER_31_137, 86.4, 137.2, 6.82413e-07
TAP_685, 89.1, 137.2, 6.81646e-07
FILLER_31_141, 89.1, 137.2, 6.81646e-07
_05388_, 91.8, 137.2, 6.8084e-07
_05056_, 97.2, 137.2, 6.7912e-07
_05077_, 99.9, 137.2, 6.78229e-07
_09839_, 99.9, 137.2, 6.78229e-07
FILLER_32_162, 99.9, 137.2, 6.78229e-07
FILLER_32_170, 105.3, 137.2, 6.76102e-07
TAP_699, 108, 137.2, 6.75018e-07
FILLER_32_174, 108, 137.2, 6.75018e-07
FILLER_32_176, 108, 137.2, 6.75018e-07
_08988_, 110.7, 137.2, 6.73873e-07
FILLER_32_179, 110.7, 137.2, 6.73873e-07
FILLER_32_181, 110.7, 137.2, 6.73873e-07
FILLER_31_187, 116.1, 137.2, 6.71396e-07
_08984_, 118.8, 137.2, 6.70138e-07
_04854_, 124.2, 137.2, 6.67516e-07
FILLER_31_203, 124.2, 137.2, 6.67516e-07
FILLER_32_206, 124.2, 137.2, 6.67516e-07
FILLER_31_211, 126.9, 137.2, 6.66133e-07
FILLER_32_210, 126.9, 137.2, 6.66133e-07
_08991_, 129.6, 137.2, 6.6471e-07
TAP_686, 129.6, 137.2, 6.6471e-07
FILLER_31_215, 129.6, 137.2, 6.6471e-07
FILLER_32_212, 129.6, 137.2, 6.6471e-07
_05078_, 132.3, 137.2, 6.63173e-07
FILLER_31_219, 132.3, 137.2, 6.63173e-07
_05486_, 135, 137.2, 6.61586e-07
_05497_, 135, 137.2, 6.61586e-07
_04961_, 140.4, 137.2, 6.5808e-07
FILLER_31_237, 143.1, 137.2, 6.5592e-07
_09610_, 145.8, 137.2, 6.5374e-07
FILLER_31_241, 145.8, 137.2, 6.5374e-07
TAP_700, 148.5, 137.2, 6.51456e-07
FILLER_32_250, 151.2, 137.2, 6.49153e-07
FILLER_32_254, 151.2, 137.2, 6.49153e-07
_06650_, 153.9, 137.2, 6.46808e-07
FILLER_32_256, 153.9, 137.2, 6.46808e-07
_05035_, 159.3, 137.2, 6.41974e-07
_05555_, 162, 137.2, 6.39526e-07
_09606_, 162, 137.2, 6.39526e-07
FILLER_31_280, 167.4, 137.2, 6.34359e-07
_06646_, 170.1, 137.2, 6.31755e-07
TAP_687, 170.1, 137.2, 6.31755e-07
FILLER_31_296, 175.5, 137.2, 6.26402e-07
_04907_, 178.2, 137.2, 6.23705e-07
_09607_, 178.2, 137.2, 6.23705e-07
FILLER_31_298, 178.2, 137.2, 6.23705e-07
_06647_, 180.9, 137.2, 6.20874e-07
_04939_, 186.3, 137.2, 6.13459e-07
_05465_, 189, 137.2, 6.09721e-07
TAP_701, 189, 137.2, 6.09721e-07
FILLER_32_318, 189, 137.2, 6.09721e-07
FILLER_31_328, 194.4, 137.2, 6.02059e-07
FILLER_32_330, 194.4, 137.2, 6.02059e-07
_09856_, 197.1, 137.2, 5.98187e-07
FILLER_31_344, 202.5, 137.2, 5.90278e-07
_05038_, 205.2, 137.2, 5.86303e-07
FILLER_31_348, 205.2, 137.2, 5.86303e-07
TAP_688, 207.9, 137.2, 5.82277e-07
FILLER_31_354, 207.9, 137.2, 5.82277e-07
FILLER_31_357, 210.6, 137.2, 5.78211e-07
_09853_, 213.3, 137.2, 5.74125e-07
FILLER_31_365, 213.3, 137.2, 5.74125e-07
FILLER_31_369, 216, 137.2, 5.69935e-07
_09006_, 218.7, 137.2, 5.65725e-07
FILLER_31_381, 224.1, 137.2, 5.56206e-07
FILLER_31_389, 226.8, 137.2, 5.5093e-07
_09852_, 229.5, 137.2, 5.45633e-07
TAP_702, 229.5, 137.2, 5.45633e-07
FILLER_31_393, 229.5, 137.2, 5.45633e-07
_09005_, 232.2, 137.2, 5.40213e-07
FILLER_31_395, 232.2, 137.2, 5.40213e-07
_04910_, 237.6, 137.2, 5.29227e-07
FILLER_31_410, 240.3, 137.2, 5.23704e-07
FILLER_32_421, 245.7, 137.2, 5.12616e-07
TAP_689, 248.4, 137.2, 5.07051e-07
FILLER_31_428, 251.1, 137.2, 5.01467e-07
FILLER_32_437, 253.8, 137.2, 4.95862e-07
FILLER_31_444, 259.2, 137.2, 4.84612e-07
FILLER_31_452, 261.9, 137.2, 4.78967e-07
FILLER_31_456, 264.6, 137.2, 4.74149e-07
FILLER_32_453, 264.6, 137.2, 4.74149e-07
_07742_, 267.3, 137.2, 4.69291e-07
TAP_703, 267.3, 137.2, 4.69291e-07
_07778_, 270, 137.2, 4.64376e-07
FILLER_32_463, 270, 137.2, 4.64376e-07
_07752_, 272.7, 137.2, 4.59403e-07
FILLER_31_468, 272.7, 137.2, 4.59403e-07
FILLER_32_467, 272.7, 137.2, 4.59403e-07
FILLER_32_469, 272.7, 137.2, 4.59403e-07
_07795_, 275.4, 137.2, 4.54308e-07
FILLER_31_472, 275.4, 137.2, 4.54308e-07
FILLER_31_474, 275.4, 137.2, 4.54308e-07
_07798_, 280.8, 137.2, 4.43901e-07
_07845_, 283.5, 137.2, 4.3856e-07
FILLER_31_487, 283.5, 137.2, 4.3856e-07
_07796_, 288.9, 137.2, 4.27734e-07
TAP_690, 288.9, 137.2, 4.27734e-07
_07782_, 297, 137.2, 4.1123e-07
FILLER_31_511, 297, 137.2, 4.1123e-07
FILLER_32_513, 297, 137.2, 4.1123e-07
_07793_, 302.4, 137.2, 4.1213e-07
FILLER_32_521, 302.4, 137.2, 4.1213e-07
_07901_, 305.1, 137.2, 4.18562e-07
_07925_, 305.1, 137.2, 4.18562e-07
FILLER_32_525, 305.1, 137.2, 4.18562e-07
_07956_, 307.8, 137.2, 4.24889e-07
TAP_704, 307.8, 137.2, 4.24889e-07
FILLER_31_537, 310.5, 137.2, 4.31145e-07
_07957_, 315.9, 137.2, 4.43616e-07
FILLER_31_545, 315.9, 137.2, 4.43616e-07
_07792_, 318.6, 137.2, 4.49779e-07
FILLER_31_549, 318.6, 137.2, 4.49779e-07
FILLER_32_552, 318.6, 137.2, 4.49779e-07
_07821_, 324, 137.2, 4.61887e-07
FILLER_32_560, 324, 137.2, 4.61887e-07
_07878_, 326.7, 137.2, 4.67884e-07
FILLER_31_564, 326.7, 137.2, 4.67884e-07
_07791_, 329.4, 137.2, 4.73744e-07
TAP_691, 329.4, 137.2, 4.73744e-07
FILLER_31_580, 334.8, 137.2, 4.85317e-07
_07895_, 337.5, 137.2, 4.91082e-07
_07927_, 340.2, 137.2, 4.968e-07
_07953_, 342.9, 137.2, 5.03457e-07
_07954_, 345.6, 137.2, 5.09998e-07
FILLER_32_597, 345.6, 137.2, 5.09998e-07
_07952_, 348.3, 137.2, 5.16481e-07
TAP_705, 348.3, 137.2, 5.16481e-07
_07951_, 351, 137.2, 5.22907e-07
FILLER_31_616, 353.7, 137.2, 5.29295e-07
FILLER_32_616, 353.7, 137.2, 5.29295e-07
FILLER_31_632, 364.5, 137.2, 5.54687e-07
FILLER_32_632, 364.5, 137.2, 5.54687e-07
TAP_692, 367.2, 137.2, 5.60994e-07
FILLER_31_636, 367.2, 137.2, 5.60994e-07
FILLER_31_638, 367.2, 137.2, 5.60994e-07
FILLER_31_641, 369.9, 137.2, 5.67241e-07
FILLER_32_648, 372.6, 137.2, 5.73468e-07
_08091_, 375.3, 137.2, 5.79674e-07
FILLER_32_652, 375.3, 137.2, 5.79674e-07
_08149_, 378, 137.2, 5.85811e-07
FILLER_31_657, 378, 137.2, 5.85811e-07
_08147_, 380.7, 137.2, 5.91812e-07
_08098_, 388.8, 137.2, 6.06775e-07
TAP_706, 388.8, 137.2, 6.06775e-07
FILLER_31_681, 391.5, 137.2, 6.11681e-07
FILLER_31_683, 391.5, 137.2, 6.11681e-07
_08198_, 394.2, 137.2, 6.16546e-07
_08199_, 396.9, 137.2, 6.21296e-07
FILLER_32_690, 396.9, 137.2, 6.21296e-07
FILLER_31_707, 405, 137.2, 6.35299e-07
FILLER_32_706, 405, 137.2, 6.35299e-07
_08089_, 407.7, 137.2, 6.39927e-07
_08145_, 407.7, 137.2, 6.39927e-07
TAP_693, 407.7, 137.2, 6.39927e-07
FILLER_31_709, 407.7, 137.2, 6.39927e-07
FILLER_32_708, 407.7, 137.2, 6.39927e-07
_08126_, 410.4, 137.2, 6.44339e-07
_08130_, 413.1, 137.2, 6.48714e-07
FILLER_32_719, 413.1, 137.2, 6.48714e-07
FILLER_32_721, 413.1, 137.2, 6.48714e-07
FILLER_32_731, 418.5, 137.2, 6.57278e-07
_08224_, 421.2, 137.2, 6.61539e-07
_08249_, 421.2, 137.2, 6.61539e-07
FILLER_32_738, 423.9, 137.2, 6.64776e-07
_08142_, 426.6, 137.2, 6.67993e-07
TAP_707, 426.6, 137.2, 6.67993e-07
FILLER_32_742, 426.6, 137.2, 6.67993e-07
FILLER_32_744, 426.6, 137.2, 6.67993e-07
_08143_, 429.3, 137.2, 6.71095e-07
_08174_, 432, 137.2, 6.74129e-07
_08225_, 434.7, 137.2, 6.77095e-07
_08175_, 440.1, 137.2, 6.82861e-07
FILLER_31_766, 440.1, 137.2, 6.82861e-07
_08191_, 442.8, 137.2, 6.85686e-07
_08246_, 442.8, 137.2, 6.85686e-07
FILLER_31_779, 445.5, 137.2, 6.88359e-07
_08173_, 448.2, 137.2, 6.91011e-07
TAP_694, 448.2, 137.2, 6.91011e-07
FILLER_31_788, 450.9, 137.2, 6.93605e-07
FILLER_32_796, 456.3, 137.2, 6.98754e-07
FILLER_31_804, 459, 137.2, 7.01308e-07
FILLER_32_812, 464.4, 137.2, 7.05476e-07
TAP_708, 467.1, 137.2, 7.0709e-07
FILLER_32_818, 467.1, 137.2, 7.0709e-07
FILLER_31_820, 469.8, 137.2, 7.08664e-07
FILLER_31_836, 477.9, 137.2, 7.13324e-07
FILLER_32_834, 477.9, 137.2, 7.13324e-07
TAP_695, 486, 137.2, 7.17862e-07
FILLER_32_850, 486, 137.2, 7.17862e-07
FILLER_31_854, 488.7, 137.2, 7.19334e-07
FILLER_32_866, 494.1, 137.2, 7.22238e-07
FILLER_31_870, 496.8, 137.2, 7.2367e-07
FILLER_31_886, 504.9, 137.2, 7.26878e-07
FILLER_32_882, 504.9, 137.2, 7.26878e-07
FILLER_32_886, 504.9, 137.2, 7.26878e-07
TAP_709, 507.6, 137.2, 7.27202e-07
FILLER_32_889, 507.6, 137.2, 7.27202e-07
FILLER_31_902, 515.7, 137.2, 7.28052e-07
FILLER_32_905, 515.7, 137.2, 7.28052e-07
FILLER_31_918, 523.8, 137.2, 7.28781e-07
TAP_696, 526.5, 137.2, 7.29004e-07
FILLER_31_922, 526.5, 137.2, 7.29004e-07
FILLER_32_921, 526.5, 137.2, 7.29004e-07
FILLER_31_925, 529.2, 137.2, 7.29166e-07
FILLER_32_937, 534.6, 137.2, 7.29449e-07
PHY_63, 537.3, 137.2, 7.29571e-07
PHY_65, 537.3, 137.2, 7.29571e-07
FILLER_31_941, 537.3, 137.2, 7.29571e-07
FILLER_31_943, 537.3, 137.2, 7.29571e-07
FILLER_32_941, 537.3, 137.2, 7.29571e-07
FILLER_32_943, 537.3, 137.2, 7.29571e-07
_09488_, 10.8, 129.36, 6.67785e-07
_09504_, 10.8, 129.36, 6.67785e-07
PHY_58, 10.8, 129.36, 6.67785e-07
PHY_60, 10.8, 129.36, 6.67785e-07
_05059_, 27, 129.36, 6.67539e-07
_05526_, 27, 129.36, 6.67539e-07
_05328_, 29.7, 129.36, 6.67744e-07
TAP_671, 29.7, 129.36, 6.67744e-07
FILLER_29_40, 32.4, 129.36, 6.67876e-07
FILLER_30_47, 35.1, 129.36, 6.67987e-07
_04867_, 37.8, 129.36, 6.68079e-07
_05321_, 37.8, 129.36, 6.68079e-07
FILLER_29_48, 37.8, 129.36, 6.68079e-07
FILLER_30_55, 40.5, 129.36, 6.68065e-07
_04869_, 43.2, 129.36, 6.6803e-07
_05345_, 45.9, 129.36, 6.67965e-07
FILLER_29_63, 45.9, 129.36, 6.67965e-07
FILLER_30_63, 45.9, 129.36, 6.67965e-07
TAP_658, 48.6, 129.36, 6.67807e-07
_09485_, 51.3, 129.36, 6.67628e-07
FILLER_29_73, 51.3, 129.36, 6.67628e-07
_05325_, 56.7, 129.36, 6.67064e-07
FILLER_29_81, 56.7, 129.36, 6.67064e-07
_04965_, 62.1, 129.36, 6.66355e-07
FILLER_29_97, 64.8, 129.36, 6.66213e-07
FILLER_30_104, 67.5, 129.36, 6.66051e-07
_05340_, 70.2, 129.36, 6.65869e-07
_09529_, 70.2, 129.36, 6.65869e-07
TAP_672, 70.2, 129.36, 6.65869e-07
FILLER_29_105, 70.2, 129.36, 6.65869e-07
_05385_, 78.3, 129.36, 6.64688e-07
_04960_, 86.4, 129.36, 6.63348e-07
_09540_, 86.4, 129.36, 6.63348e-07
FILLER_30_134, 86.4, 129.36, 6.63348e-07
TAP_659, 89.1, 129.36, 6.62767e-07
FILLER_29_139, 89.1, 129.36, 6.62767e-07
FILLER_29_141, 89.1, 129.36, 6.62767e-07
_04962_, 91.8, 129.36, 6.62126e-07
FILLER_29_148, 91.8, 129.36, 6.62126e-07
_09532_, 94.5, 129.36, 6.61434e-07
_05598_, 102.6, 129.36, 6.59118e-07
FILLER_30_165, 102.6, 129.36, 6.59118e-07
TAP_673, 108, 129.36, 6.5744e-07
FILLER_30_176, 108, 129.36, 6.5744e-07
_05058_, 110.7, 129.36, 6.56561e-07
_09520_, 110.7, 129.36, 6.56561e-07
FILLER_30_183, 113.4, 129.36, 6.55568e-07
FILLER_30_191, 116.1, 129.36, 6.54555e-07
_05600_, 118.8, 129.36, 6.53521e-07
_05368_, 121.5, 129.36, 6.52451e-07
_05057_, 126.9, 129.36, 6.50203e-07
_05308_, 126.9, 129.36, 6.50203e-07
FILLER_29_211, 126.9, 129.36, 6.50203e-07
FILLER_30_207, 126.9, 129.36, 6.50203e-07
TAP_660, 129.6, 129.36, 6.4892e-07
FILLER_29_215, 129.6, 129.36, 6.4892e-07
_04959_, 132.3, 129.36, 6.47596e-07
_09517_, 135, 129.36, 6.46241e-07
FILLER_29_221, 135, 129.36, 6.46241e-07
FILLER_30_225, 135, 129.36, 6.46241e-07
_05365_, 137.7, 129.36, 6.44763e-07
FILLER_30_227, 137.7, 129.36, 6.44763e-07
_05498_, 143.1, 129.36, 6.41405e-07
FILLER_30_243, 145.8, 129.36, 6.39561e-07
TAP_674, 148.5, 129.36, 6.37697e-07
FILLER_30_247, 148.5, 129.36, 6.37697e-07
_09548_, 151.2, 129.36, 6.35792e-07
FILLER_30_250, 151.2, 129.36, 6.35792e-07
_05579_, 159.3, 129.36, 6.29769e-07
FILLER_30_266, 159.3, 129.36, 6.29769e-07
_05398_, 162, 129.36, 6.27704e-07
FILLER_29_281, 167.4, 129.36, 6.23468e-07
FILLER_29_283, 167.4, 129.36, 6.23468e-07
FILLER_30_283, 167.4, 129.36, 6.23468e-07
_05578_, 170.1, 129.36, 6.21289e-07
TAP_661, 170.1, 129.36, 6.21289e-07
FILLER_30_291, 172.8, 129.36, 6.19037e-07
_05390_, 175.5, 129.36, 6.16765e-07
_09012_, 175.5, 129.36, 6.16765e-07
FILLER_29_295, 175.5, 129.36, 6.16765e-07
FILLER_30_311, 183.6, 129.36, 6.08813e-07
_05395_, 186.3, 129.36, 6.05781e-07
_05507_, 189, 129.36, 6.02696e-07
TAP_675, 189, 129.36, 6.02696e-07
_09849_, 191.7, 129.36, 5.99554e-07
FILLER_29_323, 191.7, 129.36, 5.99554e-07
FILLER_29_325, 191.7, 129.36, 5.99554e-07
FILLER_30_326, 191.7, 129.36, 5.99554e-07
_08992_, 197.1, 129.36, 5.92981e-07
FILLER_30_334, 197.1, 129.36, 5.92981e-07
_05577_, 207.9, 129.36, 5.79401e-07
TAP_662, 207.9, 129.36, 5.79401e-07
FILLER_30_352, 207.9, 129.36, 5.79401e-07
_09416_, 210.6, 129.36, 5.75913e-07
FILLER_30_362, 213.3, 129.36, 5.72342e-07
FILLER_30_378, 221.4, 129.36, 5.61569e-07
_04952_, 224.1, 129.36, 5.57372e-07
FILLER_30_382, 224.1, 129.36, 5.57372e-07
_09846_, 226.8, 129.36, 5.53124e-07
FILLER_30_388, 226.8, 129.36, 5.53124e-07
_05505_, 229.5, 129.36, 5.48774e-07
TAP_676, 229.5, 129.36, 5.48774e-07
FILLER_30_401, 234.9, 129.36, 5.39926e-07
FILLER_29_415, 243, 129.36, 5.26595e-07
FILLER_30_417, 243, 129.36, 5.26595e-07
FILLER_29_423, 245.7, 129.36, 5.2211e-07
TAP_663, 248.4, 129.36, 5.17605e-07
FILLER_29_425, 248.4, 129.36, 5.17605e-07
FILLER_29_428, 251.1, 129.36, 5.1306e-07
FILLER_30_433, 253.8, 129.36, 5.08495e-07
FILLER_29_444, 259.2, 129.36, 4.99323e-07
FILLER_30_449, 261.9, 129.36, 4.94718e-07
TAP_677, 267.3, 129.36, 4.87501e-07
FILLER_29_460, 267.3, 129.36, 4.87501e-07
FILLER_30_457, 267.3, 129.36, 4.87501e-07
_07794_, 270, 129.36, 4.83832e-07
FILLER_29_476, 275.4, 129.36, 4.76261e-07
_07797_, 280.8, 129.36, 4.68649e-07
_07820_, 283.5, 129.36, 4.64774e-07
TAP_664, 288.9, 129.36, 4.56858e-07
FILLER_29_499, 288.9, 129.36, 4.56858e-07
_07844_, 291.6, 129.36, 4.52859e-07
_07869_, 291.6, 129.36, 4.52859e-07
FILLER_29_501, 291.6, 129.36, 4.52859e-07
_07755_, 299.7, 129.36, 4.40309e-07
_07902_, 302.4, 129.36, 4.45604e-07
_07899_, 305.1, 129.36, 4.50831e-07
_07870_, 307.8, 129.36, 4.56021e-07
TAP_678, 307.8, 129.36, 4.56021e-07
_07900_, 310.5, 129.36, 4.61139e-07
FILLER_30_542, 313.2, 129.36, 4.6614e-07
_07822_, 318.6, 129.36, 4.76103e-07
FILLER_30_550, 318.6, 129.36, 4.76103e-07
FILLER_29_558, 321.3, 129.36, 4.80997e-07
_07779_, 324, 129.36, 4.8587e-07
_07871_, 326.7, 129.36, 4.90706e-07
FILLER_29_565, 326.7, 129.36, 4.90706e-07
FILLER_29_567, 326.7, 129.36, 4.90706e-07
_07823_, 329.4, 129.36, 4.95418e-07
TAP_665, 329.4, 129.36, 4.95418e-07
_07780_, 332.1, 129.36, 5.00073e-07
_07896_, 332.1, 129.36, 5.00073e-07
_07897_, 334.8, 129.36, 5.04581e-07
FILLER_30_600, 345.6, 129.36, 5.24439e-07
_07894_, 348.3, 129.36, 5.29956e-07
_07955_, 348.3, 129.36, 5.29956e-07
TAP_679, 348.3, 129.36, 5.29956e-07
FILLER_30_602, 348.3, 129.36, 5.29956e-07
FILLER_29_610, 351, 129.36, 5.35328e-07
FILLER_30_617, 356.4, 129.36, 5.46031e-07
FILLER_29_626, 361.8, 129.36, 5.56694e-07
FILLER_29_634, 364.5, 129.36, 5.62005e-07
FILLER_30_633, 364.5, 129.36, 5.62005e-07
TAP_666, 367.2, 129.36, 5.67276e-07
FILLER_29_638, 367.2, 129.36, 5.67276e-07
FILLER_29_641, 369.9, 129.36, 5.72506e-07
FILLER_30_649, 372.6, 129.36, 5.77716e-07
FILLER_29_657, 378, 129.36, 5.88095e-07
FILLER_30_657, 378, 129.36, 5.88095e-07
_08146_, 380.7, 129.36, 5.93244e-07
FILLER_30_661, 380.7, 129.36, 5.93244e-07
_08148_, 383.4, 129.36, 5.97719e-07
FILLER_29_665, 383.4, 129.36, 5.97719e-07
_08172_, 388.8, 129.36, 6.06491e-07
TAP_680, 388.8, 129.36, 6.06491e-07
_08197_, 391.5, 129.36, 6.10773e-07
_08101_, 396.9, 129.36, 6.19104e-07
_08223_, 399.6, 129.36, 6.23239e-07
FILLER_30_695, 399.6, 129.36, 6.23239e-07
FILLER_29_706, 405, 129.36, 6.31261e-07
_08195_, 407.7, 129.36, 6.35251e-07
TAP_667, 407.7, 129.36, 6.35251e-07
_08196_, 413.1, 129.36, 6.43118e-07
FILLER_29_718, 413.1, 129.36, 6.43118e-07
_08144_, 415.8, 129.36, 6.46983e-07
FILLER_30_723, 415.8, 129.36, 6.46983e-07
_08194_, 418.5, 129.36, 6.50787e-07
_08193_, 421.2, 129.36, 6.54474e-07
TAP_681, 426.6, 129.36, 6.60219e-07
FILLER_29_750, 429.3, 129.36, 6.63071e-07
FILLER_30_747, 429.3, 129.36, 6.63071e-07
FILLER_30_751, 429.3, 129.36, 6.63071e-07
_08176_, 432, 129.36, 6.65862e-07
FILLER_29_754, 432, 129.36, 6.65862e-07
_08127_, 434.7, 129.36, 6.68517e-07
FILLER_29_756, 434.7, 129.36, 6.68517e-07
_08128_, 437.4, 129.36, 6.71113e-07
FILLER_29_762, 437.4, 129.36, 6.71113e-07
FILLER_29_767, 440.1, 129.36, 6.73659e-07
FILLER_29_775, 442.8, 129.36, 6.76184e-07
FILLER_29_779, 445.5, 129.36, 6.78689e-07
FILLER_30_776, 445.5, 129.36, 6.78689e-07
TAP_668, 448.2, 129.36, 6.81154e-07
FILLER_29_783, 448.2, 129.36, 6.81154e-07
FILLER_30_792, 453.6, 129.36, 6.86002e-07
FILLER_29_799, 456.3, 129.36, 6.88406e-07
FILLER_30_808, 461.7, 129.36, 6.93173e-07
TAP_682, 467.1, 129.36, 6.96291e-07
FILLER_29_815, 467.1, 129.36, 6.96291e-07
FILLER_30_818, 467.1, 129.36, 6.96291e-07
FILLER_29_831, 475.2, 129.36, 7.00787e-07
FILLER_30_834, 477.9, 129.36, 7.02265e-07
FILLER_29_847, 483.3, 129.36, 7.05181e-07
TAP_669, 486, 129.36, 7.06619e-07
FILLER_29_851, 486, 129.36, 7.06619e-07
FILLER_30_850, 486, 129.36, 7.06619e-07
FILLER_29_854, 488.7, 129.36, 7.07996e-07
FILLER_30_866, 494.1, 129.36, 7.1071e-07
FILLER_29_870, 496.8, 129.36, 7.12047e-07
FILLER_29_886, 504.9, 129.36, 7.15064e-07
FILLER_30_882, 504.9, 129.36, 7.15064e-07
FILLER_30_886, 504.9, 129.36, 7.15064e-07
TAP_683, 507.6, 129.36, 7.15388e-07
FILLER_30_889, 507.6, 129.36, 7.15388e-07
FILLER_29_902, 515.7, 129.36, 7.16238e-07
FILLER_30_905, 515.7, 129.36, 7.16238e-07
FILLER_29_918, 523.8, 129.36, 7.16967e-07
TAP_670, 526.5, 129.36, 7.1719e-07
FILLER_29_922, 526.5, 129.36, 7.1719e-07
FILLER_30_921, 526.5, 129.36, 7.1719e-07
FILLER_29_925, 529.2, 129.36, 7.17352e-07
FILLER_30_937, 534.6, 129.36, 7.17636e-07
PHY_59, 537.3, 129.36, 7.17757e-07
PHY_61, 537.3, 129.36, 7.17757e-07
FILLER_29_941, 537.3, 129.36, 7.17757e-07
FILLER_29_943, 537.3, 129.36, 7.17757e-07
FILLER_30_941, 537.3, 129.36, 7.17757e-07
FILLER_30_943, 537.3, 129.36, 7.17757e-07
PHY_54, 10.8, 121.52, 6.45766e-07
PHY_56, 10.8, 121.52, 6.45766e-07
FILLER_27_2, 10.8, 121.52, 6.45766e-07
FILLER_28_2, 10.8, 121.52, 6.45766e-07
_05346_, 16.2, 121.52, 6.45604e-07
FILLER_28_18, 18.9, 121.52, 6.4547e-07
_04995_, 21.6, 121.52, 6.45316e-07
_09486_, 21.6, 121.52, 6.45316e-07
_05341_, 24.3, 121.52, 6.45655e-07
_04997_, 29.7, 121.52, 6.46223e-07
TAP_645, 29.7, 121.52, 6.46223e-07
FILLER_28_33, 29.7, 121.52, 6.46223e-07
_09482_, 32.4, 121.52, 6.46436e-07
FILLER_28_41, 32.4, 121.52, 6.46436e-07
_05322_, 37.8, 121.52, 6.46656e-07
FILLER_27_49, 37.8, 121.52, 6.46656e-07
FILLER_27_61, 43.2, 121.52, 6.4673e-07
TAP_632, 48.6, 121.52, 6.46763e-07
FILLER_27_69, 48.6, 121.52, 6.46763e-07
FILLER_28_71, 48.6, 121.52, 6.46763e-07
_05349_, 51.3, 121.52, 6.46719e-07
FILLER_27_73, 51.3, 121.52, 6.46719e-07
FILLER_28_79, 54, 121.52, 6.46602e-07
_05091_, 56.7, 121.52, 6.46464e-07
FILLER_27_85, 56.7, 121.52, 6.46464e-07
FILLER_28_83, 56.7, 121.52, 6.46464e-07
_05329_, 59.4, 121.52, 6.46256e-07
FILLER_28_88, 59.4, 121.52, 6.46256e-07
_05628_, 64.8, 121.52, 6.46007e-07
FILLER_28_104, 67.5, 121.52, 6.45987e-07
_09537_, 70.2, 121.52, 6.45947e-07
TAP_646, 70.2, 121.52, 6.45947e-07
FILLER_27_105, 70.2, 121.52, 6.45947e-07
_05375_, 78.3, 121.52, 6.45458e-07
_05381_, 83.7, 121.52, 6.45026e-07
_05371_, 86.4, 121.52, 6.44755e-07
TAP_633, 89.1, 121.52, 6.4443e-07
FILLER_27_140, 89.1, 121.52, 6.4443e-07
_05378_, 91.8, 121.52, 6.44065e-07
FILLER_27_144, 91.8, 121.52, 6.44065e-07
FILLER_27_148, 91.8, 121.52, 6.44065e-07
_05380_, 94.5, 121.52, 6.43606e-07
FILLER_27_150, 94.5, 121.52, 6.43606e-07
_05370_, 97.2, 121.52, 6.43038e-07
FILLER_27_167, 102.6, 121.52, 6.4186e-07
_09480_, 105.3, 121.52, 6.41318e-07
FILLER_28_172, 105.3, 121.52, 6.41318e-07
_05055_, 108, 121.52, 6.40674e-07
TAP_647, 108, 121.52, 6.40674e-07
_05316_, 110.7, 121.52, 6.39978e-07
FILLER_28_179, 110.7, 121.52, 6.39978e-07
FILLER_28_181, 110.7, 121.52, 6.39978e-07
_05599_, 118.8, 121.52, 6.3761e-07
FILLER_27_197, 121.5, 121.52, 6.36768e-07
FILLER_27_201, 121.5, 121.52, 6.36768e-07
FILLER_28_201, 121.5, 121.52, 6.36768e-07
_05309_, 124.2, 121.52, 6.35865e-07
_09477_, 124.2, 121.52, 6.35865e-07
FILLER_27_203, 124.2, 121.52, 6.35865e-07
_05313_, 129.6, 121.52, 6.33745e-07
TAP_634, 129.6, 121.52, 6.33745e-07
FILLER_27_225, 135, 121.52, 6.31478e-07
_05361_, 137.7, 121.52, 6.30325e-07
FILLER_27_227, 137.7, 121.52, 6.30325e-07
_05360_, 140.4, 121.52, 6.29097e-07
FILLER_28_231, 140.4, 121.52, 6.29097e-07
_04897_, 143.1, 121.52, 6.27668e-07
FILLER_27_241, 145.8, 121.52, 6.26208e-07
TAP_648, 148.5, 121.52, 6.24728e-07
_09865_, 151.2, 121.52, 6.23228e-07
_09020_, 153.9, 121.52, 6.21646e-07
FILLER_27_257, 153.9, 121.52, 6.21646e-07
_05047_, 159.3, 121.52, 6.18334e-07
_05049_, 162, 121.52, 6.16647e-07
FILLER_27_272, 162, 121.52, 6.16647e-07
FILLER_27_277, 164.7, 121.52, 6.1491e-07
_05391_, 167.4, 121.52, 6.13152e-07
FILLER_27_281, 167.4, 121.52, 6.13152e-07
FILLER_27_283, 167.4, 121.52, 6.13152e-07
FILLER_28_279, 167.4, 121.52, 6.13152e-07
TAP_635, 170.1, 121.52, 6.11279e-07
FILLER_27_286, 170.1, 121.52, 6.11279e-07
_09862_, 172.8, 121.52, 6.09365e-07
FILLER_27_290, 172.8, 121.52, 6.09365e-07
FILLER_27_292, 172.8, 121.52, 6.09365e-07
_09017_, 175.5, 121.52, 6.07328e-07
_09545_, 180.9, 121.52, 6.03149e-07
_05506_, 189, 121.52, 5.9579e-07
TAP_649, 189, 121.52, 5.9579e-07
FILLER_28_318, 189, 121.52, 5.9579e-07
_04953_, 194.4, 121.52, 5.90697e-07
FILLER_27_332, 197.1, 121.52, 5.8812e-07
FILLER_28_334, 197.1, 121.52, 5.8812e-07
_05221_, 199.8, 121.52, 5.85503e-07
_09000_, 199.8, 121.52, 5.85503e-07
FILLER_27_340, 199.8, 121.52, 5.85503e-07
_05048_, 207.9, 121.52, 5.77165e-07
_05243_, 207.9, 121.52, 5.77165e-07
TAP_636, 207.9, 121.52, 5.77165e-07
FILLER_28_354, 207.9, 121.52, 5.77165e-07
FILLER_27_357, 210.6, 121.52, 5.74261e-07
_05050_, 213.3, 121.52, 5.71338e-07
FILLER_27_365, 213.3, 121.52, 5.71338e-07
FILLER_28_365, 213.3, 121.52, 5.71338e-07
_08993_, 216, 121.52, 5.68343e-07
_08997_, 221.4, 121.52, 5.62244e-07
_05222_, 224.1, 121.52, 5.58959e-07
FILLER_27_381, 224.1, 121.52, 5.58959e-07
FILLER_28_385, 226.8, 121.52, 5.55599e-07
FILLER_28_389, 226.8, 121.52, 5.55599e-07
_05234_, 229.5, 121.52, 5.52198e-07
_09413_, 229.5, 121.52, 5.52198e-07
TAP_650, 229.5, 121.52, 5.52198e-07
_04954_, 234.9, 121.52, 5.45086e-07
FILLER_27_406, 237.6, 121.52, 5.415e-07
FILLER_27_422, 245.7, 121.52, 5.30678e-07
FILLER_28_421, 245.7, 121.52, 5.30678e-07
TAP_637, 248.4, 121.52, 5.27031e-07
FILLER_27_428, 251.1, 121.52, 5.23363e-07
FILLER_28_437, 253.8, 121.52, 5.19675e-07
FILLER_27_444, 259.2, 121.52, 5.12258e-07
FILLER_28_453, 264.6, 121.52, 5.05914e-07
TAP_651, 267.3, 121.52, 5.03278e-07
FILLER_27_460, 267.3, 121.52, 5.03278e-07
FILLER_28_463, 270, 121.52, 5.00601e-07
FILLER_27_476, 275.4, 121.52, 4.95208e-07
FILLER_28_479, 278.1, 121.52, 4.92491e-07
_07842_, 280.8, 121.52, 4.89754e-07
FILLER_28_483, 280.8, 121.52, 4.89754e-07
FILLER_27_492, 286.2, 121.52, 4.84005e-07
TAP_638, 288.9, 121.52, 4.81111e-07
FILLER_27_496, 288.9, 121.52, 4.81111e-07
FILLER_27_499, 288.9, 121.52, 4.81111e-07
_07840_, 291.6, 121.52, 4.78155e-07
FILLER_27_503, 291.6, 121.52, 4.78155e-07
_07839_, 294.3, 121.52, 4.75143e-07
FILLER_28_508, 294.3, 121.52, 4.75143e-07
_07841_, 297, 121.52, 4.71994e-07
_07838_, 299.7, 121.52, 4.68797e-07
TAP_652, 307.8, 121.52, 4.80917e-07
FILLER_27_531, 307.8, 121.52, 4.80917e-07
FILLER_28_534, 307.8, 121.52, 4.80917e-07
FILLER_28_538, 310.5, 121.52, 4.84897e-07
_07898_, 313.2, 121.52, 4.88856e-07
FILLER_28_540, 313.2, 121.52, 4.88856e-07
FILLER_27_547, 315.9, 121.52, 4.92727e-07
FILLER_28_553, 318.6, 121.52, 4.96578e-07
_07824_, 321.3, 121.52, 5.00409e-07
FILLER_27_563, 326.7, 121.52, 5.07836e-07
FILLER_27_567, 326.7, 121.52, 5.07836e-07
_07836_, 329.4, 121.52, 5.1151e-07
TAP_639, 329.4, 121.52, 5.1151e-07
FILLER_27_576, 332.1, 121.52, 5.15126e-07
FILLER_28_579, 334.8, 121.52, 5.18722e-07
_07837_, 337.5, 121.52, 5.22297e-07
_07926_, 340.2, 121.52, 5.25842e-07
FILLER_27_592, 342.9, 121.52, 5.30378e-07
TAP_653, 348.3, 121.52, 5.3941e-07
FILLER_28_605, 348.3, 121.52, 5.3941e-07
FILLER_27_608, 351, 121.52, 5.43886e-07
FILLER_27_624, 359.1, 121.52, 5.57252e-07
FILLER_28_621, 359.1, 121.52, 5.57252e-07
FILLER_27_632, 364.5, 121.52, 5.66082e-07
TAP_640, 367.2, 121.52, 5.70476e-07
FILLER_27_636, 367.2, 121.52, 5.70476e-07
FILLER_27_638, 367.2, 121.52, 5.70476e-07
FILLER_28_637, 367.2, 121.52, 5.70476e-07
FILLER_27_641, 369.9, 121.52, 5.7479e-07
FILLER_28_653, 375.3, 121.52, 5.83376e-07
FILLER_27_657, 378, 121.52, 5.87649e-07
FILLER_28_669, 383.4, 121.52, 5.95621e-07
FILLER_27_673, 386.1, 121.52, 5.9932e-07
FILLER_28_673, 386.1, 121.52, 5.9932e-07
TAP_654, 388.8, 121.52, 6.02978e-07
FILLER_28_676, 388.8, 121.52, 6.02978e-07
FILLER_27_689, 396.9, 121.52, 6.13831e-07
FILLER_28_692, 396.9, 121.52, 6.13831e-07
FILLER_27_705, 405, 121.52, 6.24562e-07
TAP_641, 407.7, 121.52, 6.28119e-07
FILLER_27_709, 407.7, 121.52, 6.28119e-07
FILLER_27_712, 407.7, 121.52, 6.28119e-07
FILLER_28_708, 407.7, 121.52, 6.28119e-07
FILLER_28_724, 415.8, 121.52, 6.38547e-07
FILLER_27_728, 418.5, 121.52, 6.42002e-07
FILLER_28_740, 423.9, 121.52, 6.48063e-07
TAP_655, 426.6, 121.52, 6.50668e-07
FILLER_27_744, 426.6, 121.52, 6.50668e-07
FILLER_28_744, 426.6, 121.52, 6.50668e-07
FILLER_28_747, 429.3, 121.52, 6.53212e-07
FILLER_27_760, 434.7, 121.52, 6.58259e-07
FILLER_28_763, 437.4, 121.52, 6.60763e-07
FILLER_27_776, 445.5, 121.52, 6.68213e-07
FILLER_28_779, 445.5, 121.52, 6.68213e-07
TAP_642, 448.2, 121.52, 6.70656e-07
FILLER_27_780, 448.2, 121.52, 6.70656e-07
FILLER_27_783, 448.2, 121.52, 6.70656e-07
FILLER_27_799, 456.3, 121.52, 6.77802e-07
FILLER_28_795, 456.3, 121.52, 6.77802e-07
FILLER_28_811, 464.4, 121.52, 6.84038e-07
TAP_656, 467.1, 121.52, 6.8557e-07
FILLER_27_815, 467.1, 121.52, 6.8557e-07
FILLER_28_815, 467.1, 121.52, 6.8557e-07
FILLER_28_818, 467.1, 121.52, 6.8557e-07
FILLER_27_831, 475.2, 121.52, 6.89924e-07
FILLER_28_834, 477.9, 121.52, 6.91356e-07
FILLER_27_847, 483.3, 121.52, 6.94178e-07
TAP_643, 486, 121.52, 6.95568e-07
FILLER_27_851, 486, 121.52, 6.95568e-07
FILLER_28_850, 486, 121.52, 6.95568e-07
FILLER_27_854, 488.7, 121.52, 6.96898e-07
FILLER_28_866, 494.1, 121.52, 6.99518e-07
FILLER_27_870, 496.8, 121.52, 7.00807e-07
FILLER_27_886, 504.9, 121.52, 7.0373e-07
FILLER_28_882, 504.9, 121.52, 7.0373e-07
FILLER_28_886, 504.9, 121.52, 7.0373e-07
TAP_657, 507.6, 121.52, 7.04054e-07
FILLER_28_889, 507.6, 121.52, 7.04054e-07
FILLER_27_902, 515.7, 121.52, 7.04905e-07
FILLER_28_905, 515.7, 121.52, 7.04905e-07
FILLER_27_918, 523.8, 121.52, 7.05634e-07
TAP_644, 526.5, 121.52, 7.05857e-07
FILLER_27_922, 526.5, 121.52, 7.05857e-07
FILLER_28_921, 526.5, 121.52, 7.05857e-07
FILLER_27_925, 529.2, 121.52, 7.06019e-07
FILLER_28_937, 534.6, 121.52, 7.06302e-07
PHY_55, 537.3, 121.52, 7.06424e-07
PHY_57, 537.3, 121.52, 7.06424e-07
FILLER_27_941, 537.3, 121.52, 7.06424e-07
FILLER_27_943, 537.3, 121.52, 7.06424e-07
FILLER_28_941, 537.3, 121.52, 7.06424e-07
FILLER_28_943, 537.3, 121.52, 7.06424e-07
_09502_, 10.8, 113.68, 6.24727e-07
PHY_50, 10.8, 113.68, 6.24727e-07
PHY_52, 10.8, 113.68, 6.24727e-07
FILLER_25_2, 10.8, 113.68, 6.24727e-07
FILLER_25_10, 16.2, 113.68, 6.2444e-07
_05344_, 18.9, 113.68, 6.24277e-07
FILLER_25_14, 18.9, 113.68, 6.24277e-07
FILLER_25_16, 18.9, 113.68, 6.24277e-07
FILLER_25_27, 24.3, 113.68, 6.24571e-07
_05480_, 27, 113.68, 6.25103e-07
FILLER_26_31, 27, 113.68, 6.25103e-07
_05326_, 29.7, 113.68, 6.25562e-07
TAP_619, 29.7, 113.68, 6.25562e-07
FILLER_25_38, 32.4, 113.68, 6.25947e-07
FILLER_25_46, 35.1, 113.68, 6.26313e-07
FILLER_26_47, 35.1, 113.68, 6.26313e-07
_05343_, 37.8, 113.68, 6.26637e-07
FILLER_25_48, 37.8, 113.68, 6.26637e-07
FILLER_26_51, 37.8, 113.68, 6.26637e-07
clkbuf_leaf_11_clk, 40.5, 113.68, 6.26869e-07
FILLER_25_59, 43.2, 113.68, 6.26836e-07
FILLER_25_61, 43.2, 113.68, 6.26836e-07
_05454_, 45.9, 113.68, 6.26764e-07
TAP_606, 48.6, 113.68, 6.26638e-07
FILLER_25_73, 51.3, 113.68, 6.26492e-07
_09489_, 54, 113.68, 6.26326e-07
FILLER_26_103, 67.5, 113.68, 6.25913e-07
_05093_, 70.2, 113.68, 6.26059e-07
_09534_, 70.2, 113.68, 6.26059e-07
TAP_620, 70.2, 113.68, 6.26059e-07
FILLER_25_106, 70.2, 113.68, 6.26059e-07
FILLER_26_105, 70.2, 113.68, 6.26059e-07
FILLER_26_112, 72.9, 113.68, 6.26031e-07
_04864_, 78.3, 113.68, 6.25935e-07
FILLER_26_120, 78.3, 113.68, 6.25935e-07
FILLER_26_122, 78.3, 113.68, 6.25935e-07
FILLER_26_127, 81, 113.68, 6.25815e-07
FILLER_25_136, 86.4, 113.68, 6.25536e-07
TAP_607, 89.1, 113.68, 6.25376e-07
FILLER_25_140, 89.1, 113.68, 6.25376e-07
FILLER_26_143, 89.1, 113.68, 6.25376e-07
_05372_, 91.8, 113.68, 6.25155e-07
FILLER_25_144, 91.8, 113.68, 6.25155e-07
_04866_, 94.5, 113.68, 6.24861e-07
_05400_, 97.2, 113.68, 6.24537e-07
FILLER_26_155, 97.2, 113.68, 6.24537e-07
_05432_, 102.6, 113.68, 6.23948e-07
FILLER_25_164, 102.6, 113.68, 6.23948e-07
FILLER_25_166, 102.6, 113.68, 6.23948e-07
FILLER_26_171, 105.3, 113.68, 6.23663e-07
TAP_621, 108, 113.68, 6.23359e-07
FILLER_25_176, 108, 113.68, 6.23359e-07
FILLER_26_175, 108, 113.68, 6.23359e-07
FILLER_25_180, 110.7, 113.68, 6.22994e-07
FILLER_25_182, 110.7, 113.68, 6.22994e-07
FILLER_26_179, 110.7, 113.68, 6.22994e-07
_05310_, 113.4, 113.68, 6.22567e-07
_04863_, 116.1, 113.68, 6.22089e-07
FILLER_26_187, 116.1, 113.68, 6.22089e-07
_05362_, 118.8, 113.68, 6.21559e-07
_05401_, 118.8, 113.68, 6.21559e-07
FILLER_25_193, 118.8, 113.68, 6.21559e-07
FILLER_25_195, 118.8, 113.68, 6.21559e-07
FILLER_26_193, 118.8, 113.68, 6.21559e-07
_05402_, 124.2, 113.68, 6.20166e-07
FILLER_26_203, 124.2, 113.68, 6.20166e-07
FILLER_25_211, 126.9, 113.68, 6.19412e-07
FILLER_26_211, 126.9, 113.68, 6.19412e-07
_05311_, 129.6, 113.68, 6.18618e-07
_09475_, 129.6, 113.68, 6.18618e-07
TAP_608, 129.6, 113.68, 6.18618e-07
_04895_, 135, 113.68, 6.16717e-07
_05363_, 137.7, 113.68, 6.15736e-07
_05433_, 143.1, 113.68, 6.13707e-07
FILLER_25_244, 145.8, 113.68, 6.12658e-07
_09859_, 148.5, 113.68, 6.1159e-07
TAP_622, 148.5, 113.68, 6.1159e-07
FILLER_26_250, 151.2, 113.68, 6.10418e-07
FILLER_26_254, 151.2, 113.68, 6.10418e-07
_09014_, 153.9, 113.68, 6.09206e-07
FILLER_26_256, 153.9, 113.68, 6.09206e-07
_04855_, 159.3, 113.68, 6.06636e-07
_05418_, 162, 113.68, 6.0532e-07
FILLER_26_271, 162, 113.68, 6.0532e-07
_05392_, 164.7, 113.68, 6.03931e-07
_05419_, 167.4, 113.68, 6.02489e-07
_04857_, 170.1, 113.68, 6.0101e-07
TAP_609, 170.1, 113.68, 6.0101e-07
FILLER_26_287, 170.1, 113.68, 6.0101e-07
_09013_, 172.8, 113.68, 5.99459e-07
_09860_, 172.8, 113.68, 5.99459e-07
FILLER_26_298, 178.2, 113.68, 5.96084e-07
FILLER_26_302, 178.2, 113.68, 5.96084e-07
_04951_, 180.9, 113.68, 5.94355e-07
FILLER_26_308, 183.6, 113.68, 5.92539e-07
FILLER_26_316, 186.3, 113.68, 5.90703e-07
_05439_, 189, 113.68, 5.88847e-07
TAP_623, 189, 113.68, 5.88847e-07
FILLER_26_318, 189, 113.68, 5.88847e-07
FILLER_26_321, 189, 113.68, 5.88847e-07
_09843_, 191.7, 113.68, 5.86877e-07
FILLER_26_323, 191.7, 113.68, 5.86877e-07
_05440_, 194.4, 113.68, 5.84804e-07
FILLER_25_333, 197.1, 113.68, 5.82693e-07
_08994_, 199.8, 113.68, 5.80563e-07
FILLER_25_337, 199.8, 113.68, 5.80563e-07
_04856_, 205.2, 113.68, 5.76156e-07
_05225_, 207.9, 113.68, 5.73921e-07
TAP_610, 207.9, 113.68, 5.73921e-07
FILLER_25_352, 207.9, 113.68, 5.73921e-07
FILLER_25_354, 207.9, 113.68, 5.73921e-07
FILLER_26_353, 207.9, 113.68, 5.73921e-07
_09410_, 210.6, 113.68, 5.71553e-07
_04858_, 213.3, 113.68, 5.69102e-07
FILLER_26_369, 216, 113.68, 5.6662e-07
_08995_, 218.7, 113.68, 5.64118e-07
FILLER_26_373, 218.7, 113.68, 5.64118e-07
_04888_, 224.1, 113.68, 5.59046e-07
_09411_, 226.8, 113.68, 5.56518e-07
FILLER_25_386, 226.8, 113.68, 5.56518e-07
FILLER_26_388, 226.8, 113.68, 5.56518e-07
_05438_, 229.5, 113.68, 5.53867e-07
TAP_624, 229.5, 113.68, 5.53867e-07
_04890_, 234.9, 113.68, 5.48418e-07
FILLER_26_405, 237.6, 113.68, 5.45663e-07
FILLER_25_417, 243, 113.68, 5.40113e-07
FILLER_26_421, 245.7, 113.68, 5.37317e-07
TAP_611, 248.4, 113.68, 5.34501e-07
FILLER_25_425, 248.4, 113.68, 5.34501e-07
FILLER_25_428, 251.1, 113.68, 5.31645e-07
FILLER_26_437, 253.8, 113.68, 5.28768e-07
FILLER_25_444, 259.2, 113.68, 5.22975e-07
FILLER_26_453, 264.6, 113.68, 5.18252e-07
TAP_625, 267.3, 113.68, 5.16426e-07
FILLER_25_460, 267.3, 113.68, 5.16426e-07
FILLER_26_463, 270, 113.68, 5.1456e-07
FILLER_25_476, 275.4, 113.68, 5.10787e-07
FILLER_26_479, 278.1, 113.68, 5.0888e-07
_07843_, 280.8, 113.68, 5.06953e-07
FILLER_26_483, 280.8, 113.68, 5.06953e-07
FILLER_25_492, 286.2, 113.68, 5.02826e-07
TAP_612, 288.9, 113.68, 5.00742e-07
FILLER_25_496, 288.9, 113.68, 5.00742e-07
FILLER_25_499, 288.9, 113.68, 5.00742e-07
FILLER_26_507, 294.3, 113.68, 4.96454e-07
FILLER_25_515, 299.7, 113.68, 4.92124e-07
FILLER_26_523, 302.4, 113.68, 4.95292e-07
TAP_626, 307.8, 113.68, 5.01588e-07
FILLER_25_531, 307.8, 113.68, 5.01588e-07
FILLER_26_531, 307.8, 113.68, 5.01588e-07
FILLER_26_534, 307.8, 113.68, 5.01588e-07
FILLER_25_547, 315.9, 113.68, 5.10788e-07
FILLER_26_550, 318.6, 113.68, 5.13835e-07
FILLER_25_563, 326.7, 113.68, 5.22914e-07
FILLER_25_567, 326.7, 113.68, 5.22914e-07
FILLER_26_566, 326.7, 113.68, 5.22914e-07
TAP_613, 329.4, 113.68, 5.25879e-07
FILLER_25_570, 329.4, 113.68, 5.25879e-07
FILLER_26_582, 334.8, 113.68, 5.3173e-07
FILLER_25_586, 337.5, 113.68, 5.34634e-07
FILLER_26_598, 345.6, 113.68, 5.45238e-07
TAP_627, 348.3, 113.68, 5.49077e-07
FILLER_25_602, 348.3, 113.68, 5.49077e-07
FILLER_26_602, 348.3, 113.68, 5.49077e-07
FILLER_26_605, 348.3, 113.68, 5.49077e-07
FILLER_25_618, 356.4, 113.68, 5.60352e-07
FILLER_26_621, 359.1, 113.68, 5.6409e-07
FILLER_25_634, 364.5, 113.68, 5.71525e-07
TAP_614, 367.2, 113.68, 5.75222e-07
FILLER_25_638, 367.2, 113.68, 5.75222e-07
FILLER_26_637, 367.2, 113.68, 5.75222e-07
FILLER_25_641, 369.9, 113.68, 5.78859e-07
FILLER_26_653, 375.3, 113.68, 5.86092e-07
FILLER_25_657, 378, 113.68, 5.89688e-07
FILLER_26_669, 383.4, 113.68, 5.96549e-07
FILLER_25_673, 386.1, 113.68, 5.99815e-07
FILLER_26_673, 386.1, 113.68, 5.99815e-07
TAP_628, 388.8, 113.68, 6.03039e-07
FILLER_26_676, 388.8, 113.68, 6.03039e-07
FILLER_25_689, 396.9, 113.68, 6.12592e-07
FILLER_26_692, 396.9, 113.68, 6.12592e-07
FILLER_25_705, 405, 113.68, 6.22023e-07
TAP_615, 407.7, 113.68, 6.25147e-07
FILLER_25_709, 407.7, 113.68, 6.25147e-07
FILLER_25_712, 407.7, 113.68, 6.25147e-07
FILLER_26_708, 407.7, 113.68, 6.25147e-07
FILLER_26_724, 415.8, 113.68, 6.34274e-07
FILLER_25_728, 418.5, 113.68, 6.37296e-07
FILLER_26_740, 423.9, 113.68, 6.42698e-07
TAP_629, 426.6, 113.68, 6.45078e-07
FILLER_25_744, 426.6, 113.68, 6.45078e-07
FILLER_26_744, 426.6, 113.68, 6.45078e-07
FILLER_26_747, 429.3, 113.68, 6.47397e-07
FILLER_25_760, 434.7, 113.68, 6.51995e-07
FILLER_26_763, 437.4, 113.68, 6.54274e-07
FILLER_25_776, 445.5, 113.68, 6.6105e-07
FILLER_26_779, 445.5, 113.68, 6.6105e-07
TAP_616, 448.2, 113.68, 6.63267e-07
FILLER_25_780, 448.2, 113.68, 6.63267e-07
FILLER_25_783, 448.2, 113.68, 6.63267e-07
FILLER_25_799, 456.3, 113.68, 6.69739e-07
FILLER_26_795, 456.3, 113.68, 6.69739e-07
FILLER_26_811, 464.4, 113.68, 6.75434e-07
TAP_630, 467.1, 113.68, 6.76875e-07
FILLER_25_815, 467.1, 113.68, 6.76875e-07
FILLER_26_815, 467.1, 113.68, 6.76875e-07
FILLER_26_818, 467.1, 113.68, 6.76875e-07
FILLER_25_831, 475.2, 113.68, 6.80956e-07
FILLER_26_834, 477.9, 113.68, 6.82296e-07
FILLER_25_847, 483.3, 113.68, 6.84936e-07
TAP_617, 486, 113.68, 6.86235e-07
FILLER_25_851, 486, 113.68, 6.86235e-07
FILLER_26_850, 486, 113.68, 6.86235e-07
FILLER_25_854, 488.7, 113.68, 6.87474e-07
FILLER_26_866, 494.1, 113.68, 6.89911e-07
FILLER_25_870, 496.8, 113.68, 6.91109e-07
FILLER_25_886, 504.9, 113.68, 6.9385e-07
FILLER_26_882, 504.9, 113.68, 6.9385e-07
FILLER_26_886, 504.9, 113.68, 6.9385e-07
TAP_631, 507.6, 113.68, 6.94174e-07
FILLER_26_889, 507.6, 113.68, 6.94174e-07
FILLER_25_902, 515.7, 113.68, 6.95024e-07
FILLER_26_905, 515.7, 113.68, 6.95024e-07
FILLER_25_918, 523.8, 113.68, 6.95753e-07
TAP_618, 526.5, 113.68, 6.95976e-07
FILLER_25_922, 526.5, 113.68, 6.95976e-07
FILLER_26_921, 526.5, 113.68, 6.95976e-07
FILLER_25_925, 529.2, 113.68, 6.96138e-07
FILLER_26_937, 534.6, 113.68, 6.96422e-07
PHY_51, 537.3, 113.68, 6.96543e-07
PHY_53, 537.3, 113.68, 6.96543e-07
FILLER_25_941, 537.3, 113.68, 6.96543e-07
FILLER_25_943, 537.3, 113.68, 6.96543e-07
FILLER_26_941, 537.3, 113.68, 6.96543e-07
FILLER_26_943, 537.3, 113.68, 6.96543e-07
_09500_, 10.8, 105.84, 6.00058e-07
PHY_46, 10.8, 105.84, 6.00058e-07
PHY_48, 10.8, 105.84, 6.00058e-07
FILLER_23_2, 10.8, 105.84, 6.00058e-07
_09484_, 16.2, 105.84, 5.99771e-07
FILLER_23_10, 16.2, 105.84, 5.99771e-07
_04931_, 27, 105.84, 6.00347e-07
TAP_593, 29.7, 105.84, 6.0085e-07
FILLER_24_37, 29.7, 105.84, 6.0085e-07
_09483_, 32.4, 105.84, 6.01313e-07
_09499_, 32.4, 105.84, 6.01313e-07
FILLER_23_41, 32.4, 105.84, 6.01313e-07
FILLER_24_39, 32.4, 105.84, 6.01313e-07
_04899_, 48.6, 105.84, 6.02856e-07
TAP_580, 48.6, 105.84, 6.02856e-07
_09503_, 51.3, 105.84, 6.03062e-07
_09505_, 51.3, 105.84, 6.03062e-07
_05027_, 67.5, 105.84, 6.04067e-07
_05558_, 67.5, 105.84, 6.04067e-07
_05327_, 70.2, 105.84, 6.04404e-07
TAP_594, 70.2, 105.84, 6.04404e-07
_05029_, 72.9, 105.84, 6.04668e-07
_05382_, 75.6, 105.84, 6.04902e-07
FILLER_23_115, 75.6, 105.84, 6.04902e-07
_05090_, 78.3, 105.84, 6.05062e-07
FILLER_23_123, 78.3, 105.84, 6.05062e-07
FILLER_23_128, 81, 105.84, 6.05171e-07
FILLER_24_128, 81, 105.84, 6.05171e-07
_04896_, 83.7, 105.84, 6.0524e-07
_05383_, 83.7, 105.84, 6.0524e-07
_09526_, 86.4, 105.84, 6.05225e-07
TAP_581, 89.1, 105.84, 6.05128e-07
FILLER_23_144, 91.8, 105.84, 6.0501e-07
FILLER_23_148, 91.8, 105.84, 6.0501e-07
_09527_, 94.5, 105.84, 6.04852e-07
FILLER_23_150, 94.5, 105.84, 6.04852e-07
_05373_, 102.6, 105.84, 6.04226e-07
_04898_, 108, 105.84, 6.03913e-07
TAP_595, 108, 105.84, 6.03913e-07
_09474_, 110.7, 105.84, 6.03706e-07
_09514_, 110.7, 105.84, 6.03706e-07
_04865_, 126.9, 105.84, 6.0147e-07
FILLER_23_209, 126.9, 105.84, 6.0147e-07
TAP_582, 129.6, 105.84, 6.01046e-07
FILLER_23_215, 129.6, 105.84, 6.01046e-07
FILLER_24_212, 129.6, 105.84, 6.01046e-07
_09515_, 132.3, 105.84, 6.00562e-07
FILLER_24_216, 132.3, 105.84, 6.00562e-07
FILLER_24_218, 132.3, 105.84, 6.00562e-07
FILLER_23_231, 140.4, 105.84, 5.98739e-07
FILLER_23_235, 140.4, 105.84, 5.98739e-07
_05434_, 143.1, 105.84, 5.98121e-07
FILLER_23_237, 143.1, 105.84, 5.98121e-07
FILLER_23_243, 145.8, 105.84, 5.97446e-07
TAP_596, 148.5, 105.84, 5.9675e-07
clkbuf_leaf_10_clk, 151.2, 105.84, 5.96035e-07
FILLER_23_259, 153.9, 105.84, 5.95055e-07
_05617_, 156.6, 105.84, 5.94055e-07
_05616_, 159.3, 105.84, 5.93018e-07
_05399_, 164.7, 105.84, 5.90838e-07
TAP_583, 170.1, 105.84, 5.88552e-07
FILLER_23_286, 170.1, 105.84, 5.88552e-07
_09015_, 175.5, 105.84, 5.86186e-07
FILLER_24_300, 178.2, 105.84, 5.8495e-07
_09543_, 180.9, 105.84, 5.83693e-07
_05393_, 183.6, 105.84, 5.82347e-07
FILLER_24_308, 183.6, 105.84, 5.82347e-07
_04887_, 189, 105.84, 5.79509e-07
TAP_597, 189, 105.84, 5.79509e-07
_04889_, 191.7, 105.84, 5.78038e-07
FILLER_24_329, 194.4, 105.84, 5.76537e-07
FILLER_23_333, 197.1, 105.84, 5.75016e-07
FILLER_23_341, 199.8, 105.84, 5.73474e-07
_05080_, 202.5, 105.84, 5.71912e-07
_05417_, 202.5, 105.84, 5.71912e-07
FILLER_23_345, 202.5, 105.84, 5.71912e-07
FILLER_23_350, 205.2, 105.84, 5.70247e-07
TAP_584, 207.9, 105.84, 5.68561e-07
FILLER_23_354, 207.9, 105.84, 5.68561e-07
FILLER_24_354, 207.9, 105.84, 5.68561e-07
_05246_, 210.6, 105.84, 5.66814e-07
FILLER_24_358, 210.6, 105.84, 5.66814e-07
FILLER_24_360, 210.6, 105.84, 5.66814e-07
_09844_, 213.3, 105.84, 5.64974e-07
_05082_, 216, 105.84, 5.63051e-07
FILLER_23_371, 218.7, 105.84, 5.61097e-07
FILLER_23_387, 226.8, 105.84, 5.55559e-07
_05228_, 229.5, 105.84, 5.53757e-07
TAP_598, 229.5, 105.84, 5.53757e-07
FILLER_23_403, 234.9, 105.84, 5.50005e-07
FILLER_24_402, 234.9, 105.84, 5.50005e-07
FILLER_24_418, 243, 105.84, 5.44257e-07
FILLER_23_419, 245.7, 105.84, 5.42321e-07
FILLER_23_423, 245.7, 105.84, 5.42321e-07
TAP_585, 248.4, 105.84, 5.40344e-07
FILLER_23_425, 248.4, 105.84, 5.40344e-07
FILLER_23_428, 251.1, 105.84, 5.38326e-07
FILLER_24_434, 253.8, 105.84, 5.36289e-07
FILLER_23_444, 259.2, 105.84, 5.32173e-07
FILLER_24_450, 261.9, 105.84, 5.30095e-07
TAP_599, 267.3, 105.84, 5.28068e-07
FILLER_23_460, 267.3, 105.84, 5.28068e-07
FILLER_24_458, 267.3, 105.84, 5.28068e-07
FILLER_24_460, 267.3, 105.84, 5.28068e-07
FILLER_24_463, 270, 105.84, 5.26973e-07
FILLER_23_476, 275.4, 105.84, 5.24743e-07
FILLER_24_479, 278.1, 105.84, 5.23608e-07
FILLER_23_492, 286.2, 105.84, 5.20142e-07
FILLER_24_495, 286.2, 105.84, 5.20142e-07
TAP_586, 288.9, 105.84, 5.18946e-07
FILLER_23_496, 288.9, 105.84, 5.18946e-07
FILLER_23_499, 288.9, 105.84, 5.18946e-07
FILLER_24_511, 297, 105.84, 5.15176e-07
FILLER_23_515, 299.7, 105.84, 5.13899e-07
FILLER_24_527, 305.1, 105.84, 5.18877e-07
TAP_600, 307.8, 105.84, 5.21345e-07
FILLER_23_531, 307.8, 105.84, 5.21345e-07
FILLER_24_531, 307.8, 105.84, 5.21345e-07
FILLER_24_534, 307.8, 105.84, 5.21345e-07
FILLER_23_547, 315.9, 105.84, 5.28507e-07
FILLER_24_550, 318.6, 105.84, 5.30874e-07
FILLER_23_563, 326.7, 105.84, 5.37914e-07
FILLER_23_567, 326.7, 105.84, 5.37914e-07
FILLER_24_566, 326.7, 105.84, 5.37914e-07
TAP_587, 329.4, 105.84, 5.402e-07
FILLER_23_570, 329.4, 105.84, 5.402e-07
FILLER_24_582, 334.8, 105.84, 5.44691e-07
FILLER_23_586, 337.5, 105.84, 5.46916e-07
FILLER_24_598, 345.6, 105.84, 5.55518e-07
TAP_601, 348.3, 105.84, 5.58696e-07
FILLER_23_602, 348.3, 105.84, 5.58696e-07
FILLER_24_602, 348.3, 105.84, 5.58696e-07
FILLER_24_605, 348.3, 105.84, 5.58696e-07
FILLER_23_618, 356.4, 105.84, 5.67987e-07
FILLER_24_621, 359.1, 105.84, 5.71064e-07
FILLER_23_634, 364.5, 105.84, 5.77177e-07
TAP_588, 367.2, 105.84, 5.80213e-07
FILLER_23_638, 367.2, 105.84, 5.80213e-07
FILLER_24_637, 367.2, 105.84, 5.80213e-07
FILLER_23_641, 369.9, 105.84, 5.83188e-07
FILLER_24_653, 375.3, 105.84, 5.89099e-07
FILLER_23_657, 378, 105.84, 5.92034e-07
FILLER_24_669, 383.4, 105.84, 5.97817e-07
FILLER_23_673, 386.1, 105.84, 6.00665e-07
FILLER_24_673, 386.1, 105.84, 6.00665e-07
TAP_602, 388.8, 105.84, 6.03473e-07
FILLER_24_676, 388.8, 105.84, 6.03473e-07
FILLER_23_689, 396.9, 105.84, 6.11774e-07
FILLER_24_692, 396.9, 105.84, 6.11774e-07
FILLER_23_705, 405, 105.84, 6.19954e-07
TAP_589, 407.7, 105.84, 6.2266e-07
FILLER_23_709, 407.7, 105.84, 6.2266e-07
FILLER_23_712, 407.7, 105.84, 6.2266e-07
FILLER_24_708, 407.7, 105.84, 6.2266e-07
FILLER_24_724, 415.8, 105.84, 6.30536e-07
FILLER_23_728, 418.5, 105.84, 6.33141e-07
FILLER_24_740, 423.9, 105.84, 6.37909e-07
TAP_603, 426.6, 105.84, 6.40073e-07
FILLER_23_744, 426.6, 105.84, 6.40073e-07
FILLER_24_744, 426.6, 105.84, 6.40073e-07
FILLER_24_747, 429.3, 105.84, 6.42176e-07
FILLER_23_760, 434.7, 105.84, 6.46341e-07
FILLER_24_763, 437.4, 105.84, 6.48403e-07
FILLER_23_776, 445.5, 105.84, 6.54529e-07
FILLER_24_779, 445.5, 105.84, 6.54529e-07
TAP_590, 448.2, 105.84, 6.5653e-07
FILLER_23_780, 448.2, 105.84, 6.5653e-07
FILLER_23_783, 448.2, 105.84, 6.5653e-07
FILLER_23_799, 456.3, 105.84, 6.62353e-07
FILLER_24_795, 456.3, 105.84, 6.62353e-07
FILLER_24_811, 464.4, 105.84, 6.6753e-07
TAP_604, 467.1, 105.84, 6.68887e-07
FILLER_23_815, 467.1, 105.84, 6.68887e-07
FILLER_24_815, 467.1, 105.84, 6.68887e-07
FILLER_24_818, 467.1, 105.84, 6.68887e-07
FILLER_23_831, 475.2, 105.84, 6.72713e-07
FILLER_24_834, 477.9, 105.84, 6.73969e-07
FILLER_23_847, 483.3, 105.84, 6.76439e-07
TAP_591, 486, 105.84, 6.77654e-07
FILLER_23_851, 486, 105.84, 6.77654e-07
FILLER_24_850, 486, 105.84, 6.77654e-07
FILLER_23_854, 488.7, 105.84, 6.78808e-07
FILLER_24_866, 494.1, 105.84, 6.81075e-07
FILLER_23_870, 496.8, 105.84, 6.82189e-07
FILLER_23_886, 504.9, 105.84, 6.8476e-07
FILLER_24_882, 504.9, 105.84, 6.8476e-07
FILLER_24_886, 504.9, 105.84, 6.8476e-07
TAP_605, 507.6, 105.84, 6.85084e-07
FILLER_24_889, 507.6, 105.84, 6.85084e-07
FILLER_23_902, 515.7, 105.84, 6.85935e-07
FILLER_24_905, 515.7, 105.84, 6.85935e-07
FILLER_23_918, 523.8, 105.84, 6.86664e-07
TAP_592, 526.5, 105.84, 6.86887e-07
FILLER_23_922, 526.5, 105.84, 6.86887e-07
FILLER_24_921, 526.5, 105.84, 6.86887e-07
FILLER_23_925, 529.2, 105.84, 6.87049e-07
FILLER_24_937, 534.6, 105.84, 6.87332e-07
PHY_47, 537.3, 105.84, 6.87454e-07
PHY_49, 537.3, 105.84, 6.87454e-07
FILLER_23_941, 537.3, 105.84, 6.87454e-07
FILLER_23_943, 537.3, 105.84, 6.87454e-07
FILLER_24_941, 537.3, 105.84, 6.87454e-07
FILLER_24_943, 537.3, 105.84, 6.87454e-07
PHY_42, 10.8, 98, 5.7607e-07
PHY_44, 10.8, 98, 5.7607e-07
FILLER_21_2, 10.8, 98, 5.7607e-07
FILLER_22_2, 10.8, 98, 5.7607e-07
FILLER_21_18, 18.9, 98, 5.75827e-07
FILLER_22_18, 18.9, 98, 5.75827e-07
FILLER_22_26, 24.3, 98, 5.76426e-07
_04933_, 27, 98, 5.77127e-07
FILLER_22_30, 27, 98, 5.77127e-07
_05324_, 29.7, 98, 5.77776e-07
TAP_567, 29.7, 98, 5.77776e-07
FILLER_21_34, 29.7, 98, 5.77776e-07
FILLER_22_47, 35.1, 98, 5.78888e-07
FILLER_21_50, 37.8, 98, 5.79424e-07
_05323_, 40.5, 98, 5.7994e-07
_04901_, 45.9, 98, 5.80865e-07
FILLER_21_66, 45.9, 98, 5.80865e-07
TAP_554, 48.6, 98, 5.81277e-07
FILLER_21_70, 48.6, 98, 5.81277e-07
FILLER_22_69, 48.6, 98, 5.81277e-07
_05347_, 51.3, 98, 5.81628e-07
FILLER_21_73, 51.3, 98, 5.81628e-07
FILLER_21_75, 51.3, 98, 5.81628e-07
_09487_, 54, 98, 5.81886e-07
FILLER_21_86, 59.4, 98, 5.82236e-07
_09541_, 67.5, 98, 5.83566e-07
FILLER_21_102, 67.5, 98, 5.83566e-07
TAP_568, 70.2, 98, 5.84051e-07
FILLER_22_108, 70.2, 98, 5.84051e-07
_05389_, 72.9, 98, 5.84496e-07
FILLER_22_112, 72.9, 98, 5.84496e-07
_09535_, 78.3, 98, 5.85239e-07
_05379_, 83.7, 98, 5.85816e-07
TAP_555, 89.1, 98, 5.86288e-07
_05609_, 91.8, 98, 5.86504e-07
FILLER_21_153, 94.5, 98, 5.86667e-07
FILLER_22_152, 94.5, 98, 5.86667e-07
FILLER_21_161, 99.9, 98, 5.86911e-07
_05569_, 102.6, 98, 5.87238e-07
FILLER_21_165, 102.6, 98, 5.87238e-07
FILLER_22_168, 105.3, 98, 5.87491e-07
TAP_569, 108, 98, 5.87724e-07
FILLER_21_176, 108, 98, 5.87724e-07
FILLER_22_176, 108, 98, 5.87724e-07
FILLER_21_180, 110.7, 98, 5.87897e-07
FILLER_21_182, 110.7, 98, 5.87897e-07
FILLER_22_179, 110.7, 98, 5.87897e-07
_05317_, 113.4, 98, 5.88009e-07
_05087_, 118.8, 98, 5.88126e-07
FILLER_22_195, 118.8, 98, 5.88126e-07
_05369_, 121.5, 98, 5.88134e-07
_05610_, 121.5, 98, 5.88134e-07
FILLER_21_197, 121.5, 98, 5.88134e-07
FILLER_22_197, 121.5, 98, 5.88134e-07
_05611_, 126.9, 98, 5.87858e-07
FILLER_22_207, 126.9, 98, 5.87858e-07
FILLER_22_211, 126.9, 98, 5.87858e-07
_09479_, 129.6, 98, 5.87641e-07
TAP_556, 129.6, 98, 5.87641e-07
FILLER_21_215, 129.6, 98, 5.87641e-07
_05315_, 132.3, 98, 5.87302e-07
_05023_, 137.7, 98, 5.86518e-07
FILLER_21_230, 137.7, 98, 5.86518e-07
_05570_, 140.4, 98, 5.86075e-07
FILLER_21_234, 140.4, 98, 5.86075e-07
_05571_, 145.8, 98, 5.85398e-07
FILLER_22_241, 145.8, 98, 5.85398e-07
TAP_570, 148.5, 98, 5.85002e-07
FILLER_21_249, 148.5, 98, 5.85002e-07
FILLER_22_245, 148.5, 98, 5.85002e-07
FILLER_22_247, 148.5, 98, 5.85002e-07
_05079_, 151.2, 98, 5.84525e-07
FILLER_21_253, 151.2, 98, 5.84525e-07
FILLER_22_250, 151.2, 98, 5.84525e-07
_09021_, 153.9, 98, 5.83976e-07
_09549_, 153.9, 98, 5.83976e-07
_09542_, 159.3, 98, 5.82609e-07
_05081_, 170.1, 98, 5.79543e-07
TAP_557, 170.1, 98, 5.79543e-07
FILLER_21_290, 172.8, 98, 5.78725e-07
_04983_, 175.5, 98, 5.77887e-07
FILLER_21_294, 175.5, 98, 5.77887e-07
FILLER_21_296, 175.5, 98, 5.77887e-07
FILLER_22_295, 175.5, 98, 5.77887e-07
_09546_, 178.2, 98, 5.76958e-07
FILLER_22_303, 180.9, 98, 5.75946e-07
FILLER_22_307, 180.9, 98, 5.75946e-07
_05396_, 183.6, 98, 5.75048e-07
_04985_, 189, 98, 5.73147e-07
TAP_571, 189, 98, 5.73147e-07
FILLER_22_325, 191.7, 98, 5.72146e-07
_05533_, 194.4, 98, 5.71124e-07
FILLER_21_330, 194.4, 98, 5.71124e-07
FILLER_22_327, 194.4, 98, 5.71124e-07
_09001_, 197.1, 98, 5.70025e-07
_05615_, 202.5, 98, 5.6772e-07
_09417_, 202.5, 98, 5.6772e-07
TAP_558, 207.9, 98, 5.65144e-07
_09847_, 210.6, 98, 5.63836e-07
FILLER_21_357, 210.6, 98, 5.63836e-07
FILLER_21_359, 210.6, 98, 5.63836e-07
_08998_, 218.7, 98, 5.59542e-07
FILLER_22_372, 218.7, 98, 5.59542e-07
FILLER_22_383, 224.1, 98, 5.56886e-07
_09414_, 226.8, 98, 5.55714e-07
FILLER_22_387, 226.8, 98, 5.55714e-07
FILLER_22_389, 226.8, 98, 5.55714e-07
_05237_, 229.5, 98, 5.54419e-07
TAP_572, 229.5, 98, 5.54419e-07
FILLER_22_402, 234.9, 98, 5.51682e-07
FILLER_21_418, 243, 98, 5.47516e-07
FILLER_22_418, 243, 98, 5.47516e-07
TAP_559, 248.4, 98, 5.44658e-07
FILLER_21_428, 251.1, 98, 5.43209e-07
FILLER_22_434, 253.8, 98, 5.41739e-07
FILLER_21_444, 259.2, 98, 5.3876e-07
FILLER_22_450, 261.9, 98, 5.3725e-07
TAP_573, 267.3, 98, 5.36287e-07
FILLER_21_460, 267.3, 98, 5.36287e-07
FILLER_22_458, 267.3, 98, 5.36287e-07
FILLER_22_460, 267.3, 98, 5.36287e-07
FILLER_22_463, 270, 98, 5.35724e-07
FILLER_21_476, 275.4, 98, 5.34559e-07
FILLER_22_479, 278.1, 98, 5.33956e-07
FILLER_21_492, 286.2, 98, 5.32086e-07
FILLER_22_495, 286.2, 98, 5.32086e-07
TAP_560, 288.9, 98, 5.31422e-07
FILLER_21_496, 288.9, 98, 5.31422e-07
FILLER_21_499, 288.9, 98, 5.31422e-07
FILLER_22_511, 297, 98, 5.29249e-07
FILLER_21_515, 299.7, 98, 5.28504e-07
FILLER_22_527, 305.1, 98, 5.32657e-07
TAP_574, 307.8, 98, 5.34713e-07
FILLER_21_531, 307.8, 98, 5.34713e-07
FILLER_22_531, 307.8, 98, 5.34713e-07
FILLER_22_534, 307.8, 98, 5.34713e-07
FILLER_21_547, 315.9, 98, 5.40638e-07
FILLER_22_550, 318.6, 98, 5.42593e-07
FILLER_21_563, 326.7, 98, 5.48397e-07
FILLER_21_567, 326.7, 98, 5.48397e-07
FILLER_22_566, 326.7, 98, 5.48397e-07
TAP_561, 329.4, 98, 5.50271e-07
FILLER_21_570, 329.4, 98, 5.50271e-07
FILLER_22_582, 334.8, 98, 5.53938e-07
FILLER_21_586, 337.5, 98, 5.55751e-07
FILLER_22_598, 345.6, 98, 5.63034e-07
TAP_575, 348.3, 98, 5.65759e-07
FILLER_21_602, 348.3, 98, 5.65759e-07
FILLER_22_602, 348.3, 98, 5.65759e-07
FILLER_22_605, 348.3, 98, 5.65759e-07
FILLER_21_618, 356.4, 98, 5.73691e-07
FILLER_22_621, 359.1, 98, 5.76314e-07
FILLER_21_634, 364.5, 98, 5.81521e-07
TAP_562, 367.2, 98, 5.84104e-07
FILLER_21_638, 367.2, 98, 5.84104e-07
FILLER_22_637, 367.2, 98, 5.84104e-07
FILLER_21_641, 369.9, 98, 5.86627e-07
FILLER_22_653, 375.3, 98, 5.91631e-07
FILLER_21_657, 378, 98, 5.94113e-07
FILLER_22_669, 383.4, 98, 5.99124e-07
FILLER_21_673, 386.1, 98, 6.01654e-07
FILLER_22_673, 386.1, 98, 6.01654e-07
TAP_576, 388.8, 98, 6.04143e-07
FILLER_22_676, 388.8, 98, 6.04143e-07
FILLER_21_689, 396.9, 98, 6.11488e-07
FILLER_22_692, 396.9, 98, 6.11488e-07
FILLER_21_705, 405, 98, 6.18712e-07
TAP_563, 407.7, 98, 6.211e-07
FILLER_21_709, 407.7, 98, 6.211e-07
FILLER_21_712, 407.7, 98, 6.211e-07
FILLER_22_708, 407.7, 98, 6.211e-07
FILLER_22_724, 415.8, 98, 6.2802e-07
FILLER_21_728, 418.5, 98, 6.30306e-07
FILLER_22_740, 423.9, 98, 6.3457e-07
TAP_577, 426.6, 98, 6.36546e-07
FILLER_21_744, 426.6, 98, 6.36546e-07
FILLER_22_744, 426.6, 98, 6.36546e-07
FILLER_22_747, 429.3, 98, 6.38462e-07
FILLER_21_760, 434.7, 98, 6.42253e-07
FILLER_22_763, 437.4, 98, 6.44129e-07
FILLER_21_776, 445.5, 98, 6.49694e-07
FILLER_22_779, 445.5, 98, 6.49694e-07
TAP_564, 448.2, 98, 6.51509e-07
FILLER_21_780, 448.2, 98, 6.51509e-07
FILLER_21_783, 448.2, 98, 6.51509e-07
FILLER_21_799, 456.3, 98, 6.56771e-07
FILLER_22_795, 456.3, 98, 6.56771e-07
FILLER_22_811, 464.4, 98, 6.61487e-07
TAP_578, 467.1, 98, 6.62756e-07
FILLER_21_815, 467.1, 98, 6.62756e-07
FILLER_22_815, 467.1, 98, 6.62756e-07
FILLER_22_818, 467.1, 98, 6.62756e-07
FILLER_21_831, 475.2, 98, 6.6632e-07
FILLER_22_834, 477.9, 98, 6.67487e-07
FILLER_21_847, 483.3, 98, 6.69782e-07
TAP_565, 486, 98, 6.70909e-07
FILLER_21_851, 486, 98, 6.70909e-07
FILLER_22_850, 486, 98, 6.70909e-07
FILLER_21_854, 488.7, 98, 6.71976e-07
FILLER_22_866, 494.1, 98, 6.74068e-07
FILLER_21_870, 496.8, 98, 6.75094e-07
FILLER_21_886, 504.9, 98, 6.7749e-07
FILLER_22_882, 504.9, 98, 6.7749e-07
FILLER_22_886, 504.9, 98, 6.7749e-07
TAP_579, 507.6, 98, 6.77814e-07
FILLER_22_889, 507.6, 98, 6.77814e-07
FILLER_21_902, 515.7, 98, 6.78665e-07
FILLER_22_905, 515.7, 98, 6.78665e-07
FILLER_21_918, 523.8, 98, 6.79394e-07
TAP_566, 526.5, 98, 6.79617e-07
FILLER_21_922, 526.5, 98, 6.79617e-07
FILLER_22_921, 526.5, 98, 6.79617e-07
FILLER_21_925, 529.2, 98, 6.79779e-07
FILLER_22_937, 534.6, 98, 6.80062e-07
PHY_43, 537.3, 98, 6.80184e-07
PHY_45, 537.3, 98, 6.80184e-07
FILLER_21_941, 537.3, 98, 6.80184e-07
FILLER_21_943, 537.3, 98, 6.80184e-07
FILLER_22_941, 537.3, 98, 6.80184e-07
FILLER_22_943, 537.3, 98, 6.80184e-07
PHY_38, 10.8, 90.16, 5.51827e-07
PHY_40, 10.8, 90.16, 5.51827e-07
FILLER_19_2, 10.8, 90.16, 5.51827e-07
FILLER_20_2, 10.8, 90.16, 5.51827e-07
FILLER_19_18, 18.9, 90.16, 5.51584e-07
FILLER_20_18, 18.9, 90.16, 5.51584e-07
TAP_541, 29.7, 90.16, 5.53678e-07
FILLER_19_34, 29.7, 90.16, 5.53678e-07
FILLER_20_34, 29.7, 90.16, 5.53678e-07
FILLER_20_37, 29.7, 90.16, 5.53678e-07
FILLER_19_50, 37.8, 90.16, 5.5565e-07
FILLER_20_53, 40.5, 90.16, 5.56287e-07
FILLER_19_66, 45.9, 90.16, 5.57521e-07
TAP_528, 48.6, 90.16, 5.58118e-07
FILLER_19_70, 48.6, 90.16, 5.58118e-07
FILLER_20_69, 48.6, 90.16, 5.58118e-07
FILLER_19_73, 51.3, 90.16, 5.58654e-07
FILLER_20_85, 56.7, 90.16, 5.59685e-07
FILLER_19_89, 59.4, 90.16, 5.6018e-07
FILLER_20_101, 67.5, 90.16, 5.62377e-07
_09533_, 70.2, 90.16, 5.63218e-07
TAP_542, 70.2, 90.16, 5.63218e-07
FILLER_19_105, 70.2, 90.16, 5.63218e-07
FILLER_20_105, 70.2, 90.16, 5.63218e-07
_05088_, 78.3, 90.16, 5.65309e-07
FILLER_19_121, 78.3, 90.16, 5.65309e-07
_04994_, 81, 90.16, 5.65956e-07
FILLER_19_130, 83.7, 90.16, 5.66571e-07
_05387_, 86.4, 90.16, 5.67166e-07
FILLER_19_138, 86.4, 90.16, 5.67166e-07
FILLER_20_137, 86.4, 90.16, 5.67166e-07
TAP_529, 89.1, 90.16, 5.67668e-07
_05024_, 91.8, 90.16, 5.68149e-07
_09531_, 91.8, 90.16, 5.68149e-07
FILLER_19_144, 91.8, 90.16, 5.68149e-07
FILLER_19_152, 94.5, 90.16, 5.68497e-07
_05377_, 97.2, 90.16, 5.68824e-07
_05026_, 102.6, 90.16, 5.69568e-07
FILLER_19_170, 105.3, 90.16, 5.70006e-07
TAP_543, 108, 90.16, 5.70424e-07
_09481_, 110.7, 90.16, 5.70822e-07
FILLER_19_178, 110.7, 90.16, 5.70822e-07
FILLER_19_182, 110.7, 90.16, 5.70822e-07
_09521_, 113.4, 90.16, 5.71096e-07
_05089_, 126.9, 90.16, 5.72055e-07
TAP_530, 129.6, 90.16, 5.72216e-07
FILLER_19_215, 129.6, 90.16, 5.72216e-07
FILLER_20_212, 129.6, 90.16, 5.72216e-07
_09519_, 132.3, 90.16, 5.72317e-07
FILLER_20_216, 132.3, 90.16, 5.72317e-07
FILLER_20_218, 132.3, 90.16, 5.72317e-07
FILLER_19_223, 135, 90.16, 5.72294e-07
_05367_, 137.7, 90.16, 5.7225e-07
FILLER_19_227, 137.7, 90.16, 5.7225e-07
FILLER_19_229, 137.7, 90.16, 5.7225e-07
_05025_, 145.8, 90.16, 5.72084e-07
FILLER_19_244, 145.8, 90.16, 5.72084e-07
TAP_544, 148.5, 90.16, 5.72018e-07
_09866_, 151.2, 90.16, 5.71932e-07
FILLER_19_252, 151.2, 90.16, 5.71932e-07
_09019_, 153.9, 90.16, 5.71743e-07
FILLER_19_256, 153.9, 90.16, 5.71743e-07
FILLER_19_258, 153.9, 90.16, 5.71743e-07
_05015_, 162, 90.16, 5.70896e-07
FILLER_19_273, 162, 90.16, 5.70896e-07
_05567_, 164.7, 90.16, 5.70563e-07
FILLER_20_279, 167.4, 90.16, 5.70177e-07
_05568_, 170.1, 90.16, 5.6977e-07
TAP_531, 170.1, 90.16, 5.6977e-07
FILLER_20_287, 170.1, 90.16, 5.6977e-07
_09863_, 172.8, 90.16, 5.69286e-07
FILLER_19_291, 172.8, 90.16, 5.69286e-07
_09018_, 175.5, 90.16, 5.68699e-07
FILLER_19_293, 175.5, 90.16, 5.68699e-07
FILLER_19_304, 180.9, 90.16, 5.67378e-07
_05532_, 189, 90.16, 5.6579e-07
TAP_545, 189, 90.16, 5.6579e-07
FILLER_19_320, 189, 90.16, 5.6579e-07
FILLER_20_318, 189, 90.16, 5.6579e-07
_09848_, 191.7, 90.16, 5.65146e-07
FILLER_19_324, 191.7, 90.16, 5.65146e-07
_09850_, 194.4, 90.16, 5.64401e-07
TAP_532, 207.9, 90.16, 5.60257e-07
FILLER_19_357, 210.6, 90.16, 5.59408e-07
FILLER_20_359, 210.6, 90.16, 5.59408e-07
_09845_, 213.3, 90.16, 5.58519e-07
_08996_, 216, 90.16, 5.57547e-07
FILLER_20_367, 216, 90.16, 5.57547e-07
FILLER_20_379, 221.4, 90.16, 5.55457e-07
_04984_, 224.1, 90.16, 5.54739e-07
FILLER_20_385, 226.8, 90.16, 5.5399e-07
FILLER_20_389, 226.8, 90.16, 5.5399e-07
_04922_, 229.5, 90.16, 5.53201e-07
_05531_, 229.5, 90.16, 5.53201e-07
TAP_546, 229.5, 90.16, 5.53201e-07
FILLER_19_394, 229.5, 90.16, 5.53201e-07
_04986_, 234.9, 90.16, 5.51375e-07
FILLER_20_405, 237.6, 90.16, 5.50431e-07
FILLER_19_410, 240.3, 90.16, 5.49467e-07
FILLER_20_421, 245.7, 90.16, 5.47498e-07
TAP_533, 248.4, 90.16, 5.46493e-07
FILLER_19_428, 251.1, 90.16, 5.45468e-07
FILLER_20_437, 253.8, 90.16, 5.44423e-07
FILLER_19_444, 259.2, 90.16, 5.42292e-07
FILLER_20_453, 264.6, 90.16, 5.41052e-07
TAP_547, 267.3, 90.16, 5.40877e-07
FILLER_19_460, 267.3, 90.16, 5.40877e-07
FILLER_20_463, 270, 90.16, 5.40662e-07
FILLER_19_476, 275.4, 90.16, 5.40192e-07
FILLER_20_479, 278.1, 90.16, 5.39936e-07
FILLER_19_492, 286.2, 90.16, 5.39109e-07
FILLER_20_495, 286.2, 90.16, 5.39109e-07
TAP_534, 288.9, 90.16, 5.38793e-07
FILLER_19_496, 288.9, 90.16, 5.38793e-07
FILLER_19_499, 288.9, 90.16, 5.38793e-07
FILLER_20_511, 297, 90.16, 5.37662e-07
FILLER_19_515, 299.7, 90.16, 5.37265e-07
FILLER_20_527, 305.1, 90.16, 5.4102e-07
TAP_548, 307.8, 90.16, 5.42877e-07
FILLER_19_531, 307.8, 90.16, 5.42877e-07
FILLER_20_531, 307.8, 90.16, 5.42877e-07
FILLER_20_534, 307.8, 90.16, 5.42877e-07
FILLER_19_547, 315.9, 90.16, 5.48205e-07
FILLER_20_550, 318.6, 90.16, 5.49961e-07
FILLER_19_563, 326.7, 90.16, 5.55169e-07
FILLER_19_567, 326.7, 90.16, 5.55169e-07
FILLER_20_566, 326.7, 90.16, 5.55169e-07
TAP_535, 329.4, 90.16, 5.56844e-07
FILLER_19_570, 329.4, 90.16, 5.56844e-07
FILLER_20_582, 334.8, 90.16, 5.60112e-07
FILLER_19_586, 337.5, 90.16, 5.61727e-07
FILLER_20_598, 345.6, 90.16, 5.68228e-07
TAP_549, 348.3, 90.16, 5.70662e-07
FILLER_19_602, 348.3, 90.16, 5.70662e-07
FILLER_20_602, 348.3, 90.16, 5.70662e-07
FILLER_20_605, 348.3, 90.16, 5.70662e-07
FILLER_19_618, 356.4, 90.16, 5.7772e-07
FILLER_20_621, 359.1, 90.16, 5.80052e-07
FILLER_19_634, 364.5, 90.16, 5.84676e-07
TAP_536, 367.2, 90.16, 5.86968e-07
FILLER_19_638, 367.2, 90.16, 5.86968e-07
FILLER_20_637, 367.2, 90.16, 5.86968e-07
FILLER_19_641, 369.9, 90.16, 5.89199e-07
FILLER_20_653, 375.3, 90.16, 5.93621e-07
FILLER_19_657, 378, 90.16, 5.95812e-07
FILLER_20_669, 383.4, 90.16, 6.00292e-07
FILLER_19_673, 386.1, 90.16, 6.02582e-07
FILLER_20_673, 386.1, 90.16, 6.02582e-07
TAP_550, 388.8, 90.16, 6.04832e-07
FILLER_20_676, 388.8, 90.16, 6.04832e-07
FILLER_19_689, 396.9, 90.16, 6.11459e-07
FILLER_20_692, 396.9, 90.16, 6.11459e-07
FILLER_19_705, 405, 90.16, 6.17965e-07
TAP_537, 407.7, 90.16, 6.20113e-07
FILLER_19_709, 407.7, 90.16, 6.20113e-07
FILLER_19_712, 407.7, 90.16, 6.20113e-07
FILLER_20_708, 407.7, 90.16, 6.20113e-07
FILLER_20_724, 415.8, 90.16, 6.26315e-07
FILLER_19_728, 418.5, 90.16, 6.28362e-07
FILLER_20_740, 423.9, 90.16, 6.32226e-07
TAP_551, 426.6, 90.16, 6.34042e-07
FILLER_19_744, 426.6, 90.16, 6.34042e-07
FILLER_20_744, 426.6, 90.16, 6.34042e-07
FILLER_20_747, 429.3, 90.16, 6.35798e-07
FILLER_19_760, 434.7, 90.16, 6.39269e-07
FILLER_20_763, 437.4, 90.16, 6.40985e-07
FILLER_19_776, 445.5, 90.16, 6.4607e-07
FILLER_20_779, 445.5, 90.16, 6.4607e-07
TAP_538, 448.2, 90.16, 6.47725e-07
FILLER_19_780, 448.2, 90.16, 6.47725e-07
FILLER_19_783, 448.2, 90.16, 6.47725e-07
FILLER_19_799, 456.3, 90.16, 6.52506e-07
FILLER_20_795, 456.3, 90.16, 6.52506e-07
FILLER_20_811, 464.4, 90.16, 6.56816e-07
TAP_552, 467.1, 90.16, 6.57999e-07
FILLER_19_815, 467.1, 90.16, 6.57999e-07
FILLER_20_815, 467.1, 90.16, 6.57999e-07
FILLER_20_818, 467.1, 90.16, 6.57999e-07
FILLER_19_831, 475.2, 90.16, 6.61304e-07
FILLER_20_834, 477.9, 90.16, 6.62385e-07
FILLER_19_847, 483.3, 90.16, 6.64507e-07
TAP_539, 486, 90.16, 6.65548e-07
FILLER_19_851, 486, 90.16, 6.65548e-07
FILLER_20_850, 486, 90.16, 6.65548e-07
FILLER_19_854, 488.7, 90.16, 6.66528e-07
FILLER_20_866, 494.1, 90.16, 6.68448e-07
FILLER_19_870, 496.8, 90.16, 6.69388e-07
FILLER_19_886, 504.9, 90.16, 6.71611e-07
FILLER_20_882, 504.9, 90.16, 6.71611e-07
FILLER_20_886, 504.9, 90.16, 6.71611e-07
TAP_553, 507.6, 90.16, 6.71935e-07
FILLER_20_889, 507.6, 90.16, 6.71935e-07
FILLER_19_902, 515.7, 90.16, 6.72786e-07
FILLER_20_905, 515.7, 90.16, 6.72786e-07
FILLER_19_918, 523.8, 90.16, 6.73515e-07
TAP_540, 526.5, 90.16, 6.73738e-07
FILLER_19_922, 526.5, 90.16, 6.73738e-07
FILLER_20_921, 526.5, 90.16, 6.73738e-07
FILLER_19_925, 529.2, 90.16, 6.739e-07
FILLER_20_937, 534.6, 90.16, 6.74183e-07
PHY_39, 537.3, 90.16, 6.74305e-07
PHY_41, 537.3, 90.16, 6.74305e-07
FILLER_19_941, 537.3, 90.16, 6.74305e-07
FILLER_19_943, 537.3, 90.16, 6.74305e-07
FILLER_20_941, 537.3, 90.16, 6.74305e-07
FILLER_20_943, 537.3, 90.16, 6.74305e-07
PHY_34, 10.8, 82.32, 5.28629e-07
PHY_36, 10.8, 82.32, 5.28629e-07
FILLER_17_2, 10.8, 82.32, 5.28629e-07
FILLER_18_2, 10.8, 82.32, 5.28629e-07
FILLER_17_18, 18.9, 82.32, 5.28386e-07
FILLER_18_18, 18.9, 82.32, 5.28386e-07
TAP_515, 29.7, 82.32, 5.31067e-07
FILLER_17_34, 29.7, 82.32, 5.31067e-07
FILLER_18_34, 29.7, 82.32, 5.31067e-07
FILLER_18_37, 29.7, 82.32, 5.31067e-07
FILLER_17_50, 37.8, 82.32, 5.33627e-07
FILLER_18_53, 40.5, 82.32, 5.3446e-07
FILLER_17_66, 45.9, 82.32, 5.36086e-07
TAP_502, 48.6, 82.32, 5.36879e-07
FILLER_17_70, 48.6, 82.32, 5.36879e-07
FILLER_18_69, 48.6, 82.32, 5.36879e-07
FILLER_17_73, 51.3, 82.32, 5.3761e-07
FILLER_18_85, 56.7, 82.32, 5.39033e-07
FILLER_17_89, 59.4, 82.32, 5.39725e-07
FILLER_17_97, 64.8, 82.32, 5.41576e-07
_09530_, 67.5, 82.32, 5.42736e-07
FILLER_17_101, 67.5, 82.32, 5.42736e-07
FILLER_18_101, 67.5, 82.32, 5.42736e-07
TAP_516, 70.2, 82.32, 5.43772e-07
FILLER_18_105, 70.2, 82.32, 5.43772e-07
FILLER_18_108, 70.2, 82.32, 5.43772e-07
_05386_, 72.9, 82.32, 5.44748e-07
_05376_, 78.3, 82.32, 5.46594e-07
_05384_, 83.7, 82.32, 5.48334e-07
FILLER_18_132, 83.7, 82.32, 5.48334e-07
_09539_, 86.4, 82.32, 5.49131e-07
TAP_503, 89.1, 82.32, 5.49846e-07
_09536_, 91.8, 82.32, 5.5054e-07
_05374_, 102.6, 82.32, 5.53267e-07
_05473_, 108, 82.32, 5.54947e-07
TAP_517, 108, 82.32, 5.54947e-07
FILLER_18_173, 108, 82.32, 5.54947e-07
_05521_, 110.7, 82.32, 5.55693e-07
FILLER_17_182, 110.7, 82.32, 5.55693e-07
_09518_, 113.4, 82.32, 5.56382e-07
FILLER_18_184, 113.4, 82.32, 5.56382e-07
FILLER_18_186, 113.4, 82.32, 5.56382e-07
_04991_, 116.1, 82.32, 5.56948e-07
FILLER_18_191, 116.1, 82.32, 5.56948e-07
_05366_, 118.8, 82.32, 5.57463e-07
FILLER_18_195, 118.8, 82.32, 5.57463e-07
_04993_, 124.2, 82.32, 5.58346e-07
FILLER_18_210, 126.9, 82.32, 5.58757e-07
_05312_, 129.6, 82.32, 5.59148e-07
TAP_504, 129.6, 82.32, 5.59148e-07
FILLER_17_215, 129.6, 82.32, 5.59148e-07
FILLER_18_212, 129.6, 82.32, 5.59148e-07
_04927_, 132.3, 82.32, 5.59425e-07
FILLER_17_219, 132.3, 82.32, 5.59425e-07
_05475_, 135, 82.32, 5.59651e-07
_09516_, 135, 82.32, 5.59651e-07
FILLER_18_223, 135, 82.32, 5.59651e-07
_05364_, 137.7, 82.32, 5.59736e-07
_04929_, 145.8, 82.32, 5.60281e-07
FILLER_18_244, 145.8, 82.32, 5.60281e-07
TAP_518, 148.5, 82.32, 5.60486e-07
_09864_, 151.2, 82.32, 5.6067e-07
FILLER_17_253, 151.2, 82.32, 5.6067e-07
_09547_, 153.9, 82.32, 5.60752e-07
_05397_, 167.4, 82.32, 5.60746e-07
TAP_505, 170.1, 82.32, 5.60692e-07
FILLER_17_286, 170.1, 82.32, 5.60692e-07
_05017_, 172.8, 82.32, 5.60598e-07
_09016_, 175.5, 82.32, 5.60472e-07
FILLER_17_294, 175.5, 82.32, 5.60472e-07
FILLER_18_293, 175.5, 82.32, 5.60472e-07
_09544_, 178.2, 82.32, 5.60254e-07
FILLER_17_298, 178.2, 82.32, 5.60254e-07
FILLER_17_300, 178.2, 82.32, 5.60254e-07
_04919_, 180.9, 82.32, 5.59912e-07
_05394_, 183.6, 82.32, 5.59801e-07
_05462_, 189, 82.32, 5.59472e-07
TAP_519, 189, 82.32, 5.59472e-07
_05463_, 194.4, 82.32, 5.58998e-07
FILLER_17_330, 194.4, 82.32, 5.58998e-07
_09415_, 197.1, 82.32, 5.58703e-07
FILLER_18_335, 197.1, 82.32, 5.58703e-07
_08999_, 199.8, 82.32, 5.58305e-07
_05016_, 205.2, 82.32, 5.57404e-07
TAP_506, 207.9, 82.32, 5.56922e-07
FILLER_17_352, 207.9, 82.32, 5.56922e-07
FILLER_17_354, 207.9, 82.32, 5.56922e-07
_05018_, 210.6, 82.32, 5.5638e-07
_05240_, 213.3, 82.32, 5.55807e-07
FILLER_17_361, 213.3, 82.32, 5.55807e-07
FILLER_17_365, 213.3, 82.32, 5.55807e-07
_04920_, 216, 82.32, 5.55141e-07
FILLER_17_367, 216, 82.32, 5.55141e-07
_09412_, 218.7, 82.32, 5.54423e-07
_05231_, 221.4, 82.32, 5.53623e-07
FILLER_18_375, 221.4, 82.32, 5.53623e-07
FILLER_18_387, 226.8, 82.32, 5.52765e-07
FILLER_18_389, 226.8, 82.32, 5.52765e-07
_05461_, 229.5, 82.32, 5.52296e-07
TAP_520, 229.5, 82.32, 5.52296e-07
FILLER_17_401, 234.9, 82.32, 5.51211e-07
FILLER_18_401, 234.9, 82.32, 5.51211e-07
FILLER_17_417, 243, 82.32, 5.49462e-07
FILLER_18_417, 243, 82.32, 5.49462e-07
TAP_507, 248.4, 82.32, 5.48215e-07
FILLER_17_425, 248.4, 82.32, 5.48215e-07
FILLER_17_428, 251.1, 82.32, 5.47551e-07
FILLER_18_433, 253.8, 82.32, 5.46867e-07
FILLER_17_444, 259.2, 82.32, 5.45458e-07
FILLER_18_449, 261.9, 82.32, 5.44733e-07
TAP_521, 267.3, 82.32, 5.44977e-07
FILLER_17_460, 267.3, 82.32, 5.44977e-07
FILLER_18_457, 267.3, 82.32, 5.44977e-07
FILLER_18_463, 270, 82.32, 5.45038e-07
FILLER_17_476, 275.4, 82.32, 5.45119e-07
FILLER_18_479, 278.1, 82.32, 5.4514e-07
FILLER_17_492, 286.2, 82.32, 5.45141e-07
FILLER_18_495, 286.2, 82.32, 5.45141e-07
TAP_508, 288.9, 82.32, 5.45101e-07
FILLER_17_496, 288.9, 82.32, 5.45101e-07
FILLER_17_499, 288.9, 82.32, 5.45101e-07
FILLER_18_511, 297, 82.32, 5.44798e-07
FILLER_17_515, 299.7, 82.32, 5.44677e-07
FILLER_18_527, 305.1, 82.32, 5.48098e-07
TAP_522, 307.8, 82.32, 5.49788e-07
FILLER_17_531, 307.8, 82.32, 5.49788e-07
FILLER_18_531, 307.8, 82.32, 5.49788e-07
FILLER_18_534, 307.8, 82.32, 5.49788e-07
FILLER_17_547, 315.9, 82.32, 5.54616e-07
FILLER_18_550, 318.6, 82.32, 5.56206e-07
FILLER_17_563, 326.7, 82.32, 5.60912e-07
FILLER_17_567, 326.7, 82.32, 5.60912e-07
FILLER_18_566, 326.7, 82.32, 5.60912e-07
TAP_509, 329.4, 82.32, 5.62421e-07
FILLER_17_570, 329.4, 82.32, 5.62421e-07
FILLER_18_582, 334.8, 82.32, 5.65356e-07
FILLER_17_586, 337.5, 82.32, 5.66803e-07
FILLER_18_598, 345.6, 82.32, 5.72632e-07
TAP_523, 348.3, 82.32, 5.74813e-07
FILLER_17_602, 348.3, 82.32, 5.74813e-07
FILLER_18_602, 348.3, 82.32, 5.74813e-07
FILLER_18_605, 348.3, 82.32, 5.74813e-07
FILLER_17_618, 356.4, 82.32, 5.81112e-07
FILLER_18_621, 359.1, 82.32, 5.83191e-07
FILLER_17_634, 364.5, 82.32, 5.87309e-07
TAP_510, 367.2, 82.32, 5.89348e-07
FILLER_17_638, 367.2, 82.32, 5.89348e-07
FILLER_18_637, 367.2, 82.32, 5.89348e-07
FILLER_17_641, 369.9, 82.32, 5.91326e-07
FILLER_18_653, 375.3, 82.32, 5.95242e-07
FILLER_17_657, 378, 82.32, 5.9718e-07
FILLER_18_669, 383.4, 82.32, 6.01194e-07
FILLER_17_673, 386.1, 82.32, 6.0327e-07
FILLER_18_673, 386.1, 82.32, 6.0327e-07
TAP_524, 388.8, 82.32, 6.05306e-07
FILLER_18_676, 388.8, 82.32, 6.05306e-07
FILLER_17_689, 396.9, 82.32, 6.11291e-07
FILLER_18_692, 396.9, 82.32, 6.11291e-07
FILLER_17_705, 405, 82.32, 6.17156e-07
TAP_511, 407.7, 82.32, 6.1909e-07
FILLER_17_709, 407.7, 82.32, 6.1909e-07
FILLER_17_712, 407.7, 82.32, 6.1909e-07
FILLER_18_708, 407.7, 82.32, 6.1909e-07
FILLER_18_724, 415.8, 82.32, 6.24651e-07
FILLER_17_728, 418.5, 82.32, 6.26484e-07
FILLER_18_740, 423.9, 82.32, 6.29989e-07
TAP_525, 426.6, 82.32, 6.31661e-07
FILLER_17_744, 426.6, 82.32, 6.31661e-07
FILLER_18_744, 426.6, 82.32, 6.31661e-07
FILLER_18_747, 429.3, 82.32, 6.33272e-07
FILLER_17_760, 434.7, 82.32, 6.36454e-07
FILLER_18_763, 437.4, 82.32, 6.38025e-07
FILLER_17_776, 445.5, 82.32, 6.42676e-07
FILLER_18_779, 445.5, 82.32, 6.42676e-07
TAP_512, 448.2, 82.32, 6.44186e-07
FILLER_17_780, 448.2, 82.32, 6.44186e-07
FILLER_17_783, 448.2, 82.32, 6.44186e-07
FILLER_17_799, 456.3, 82.32, 6.48533e-07
FILLER_18_795, 456.3, 82.32, 6.48533e-07
FILLER_18_811, 464.4, 82.32, 6.52477e-07
TAP_526, 467.1, 82.32, 6.53583e-07
FILLER_17_815, 467.1, 82.32, 6.53583e-07
FILLER_18_815, 467.1, 82.32, 6.53583e-07
FILLER_18_818, 467.1, 82.32, 6.53583e-07
FILLER_17_831, 475.2, 82.32, 6.56659e-07
FILLER_18_834, 477.9, 82.32, 6.57664e-07
FILLER_17_847, 483.3, 82.32, 6.59634e-07
TAP_513, 486, 82.32, 6.60598e-07
FILLER_17_851, 486, 82.32, 6.60598e-07
FILLER_18_850, 486, 82.32, 6.60598e-07
FILLER_17_854, 488.7, 82.32, 6.61502e-07
FILLER_18_866, 494.1, 82.32, 6.63269e-07
FILLER_17_870, 496.8, 82.32, 6.64133e-07
FILLER_17_886, 504.9, 82.32, 6.66204e-07
FILLER_18_882, 504.9, 82.32, 6.66204e-07
FILLER_18_886, 504.9, 82.32, 6.66204e-07
TAP_527, 507.6, 82.32, 6.66528e-07
FILLER_18_889, 507.6, 82.32, 6.66528e-07
FILLER_17_902, 515.7, 82.32, 6.67378e-07
FILLER_18_905, 515.7, 82.32, 6.67378e-07
FILLER_17_918, 523.8, 82.32, 6.68107e-07
TAP_514, 526.5, 82.32, 6.6833e-07
FILLER_17_922, 526.5, 82.32, 6.6833e-07
FILLER_18_921, 526.5, 82.32, 6.6833e-07
FILLER_17_925, 529.2, 82.32, 6.68492e-07
FILLER_18_937, 534.6, 82.32, 6.68776e-07
PHY_35, 537.3, 82.32, 6.68897e-07
PHY_37, 537.3, 82.32, 6.68897e-07
FILLER_17_941, 537.3, 82.32, 6.68897e-07
FILLER_17_943, 537.3, 82.32, 6.68897e-07
FILLER_18_941, 537.3, 82.32, 6.68897e-07
FILLER_18_943, 537.3, 82.32, 6.68897e-07
PHY_30, 10.8, 74.48, 5.04007e-07
PHY_32, 10.8, 74.48, 5.04007e-07
FILLER_15_2, 10.8, 74.48, 5.04007e-07
FILLER_16_2, 10.8, 74.48, 5.04007e-07
FILLER_15_18, 18.9, 74.48, 5.03764e-07
FILLER_16_18, 18.9, 74.48, 5.03764e-07
TAP_489, 29.7, 74.48, 5.06959e-07
FILLER_15_34, 29.7, 74.48, 5.06959e-07
FILLER_16_34, 29.7, 74.48, 5.06959e-07
FILLER_16_37, 29.7, 74.48, 5.06959e-07
FILLER_15_50, 37.8, 74.48, 5.10033e-07
FILLER_16_53, 40.5, 74.48, 5.11037e-07
FILLER_15_66, 45.9, 74.48, 5.13005e-07
TAP_476, 48.6, 74.48, 5.13969e-07
FILLER_15_70, 48.6, 74.48, 5.13969e-07
FILLER_16_69, 48.6, 74.48, 5.13969e-07
FILLER_15_73, 51.3, 74.48, 5.14872e-07
FILLER_16_85, 56.7, 74.48, 5.16637e-07
FILLER_15_89, 59.4, 74.48, 5.175e-07
FILLER_16_101, 67.5, 74.48, 5.21068e-07
_09538_, 70.2, 74.48, 5.2241e-07
TAP_490, 70.2, 74.48, 5.2241e-07
FILLER_15_105, 70.2, 74.48, 5.2241e-07
FILLER_16_105, 70.2, 74.48, 5.2241e-07
_04992_, 78.3, 74.48, 5.26008e-07
FILLER_15_121, 78.3, 74.48, 5.26008e-07
FILLER_15_127, 81, 74.48, 5.27156e-07
_05519_, 86.4, 74.48, 5.29412e-07
FILLER_15_135, 86.4, 74.48, 5.29412e-07
TAP_477, 89.1, 74.48, 5.30466e-07
FILLER_15_139, 89.1, 74.48, 5.30466e-07
FILLER_15_141, 89.1, 74.48, 5.30466e-07
_09528_, 91.8, 74.48, 5.3146e-07
FILLER_15_144, 91.8, 74.48, 5.3146e-07
FILLER_15_148, 91.8, 74.48, 5.3146e-07
FILLER_16_146, 91.8, 74.48, 5.3146e-07
_04928_, 94.5, 74.48, 5.32311e-07
FILLER_15_153, 94.5, 74.48, 5.32311e-07
_04930_, 99.9, 74.48, 5.3391e-07
FILLER_15_161, 99.9, 74.48, 5.3391e-07
FILLER_15_166, 102.6, 74.48, 5.34897e-07
_09478_, 105.3, 74.48, 5.35865e-07
FILLER_15_170, 105.3, 74.48, 5.35865e-07
TAP_491, 108, 74.48, 5.36729e-07
FILLER_16_176, 108, 74.48, 5.36729e-07
FILLER_16_179, 110.7, 74.48, 5.37553e-07
_05314_, 113.4, 74.48, 5.38357e-07
_05520_, 118.8, 74.48, 5.39858e-07
FILLER_15_200, 121.5, 74.48, 5.40556e-07
_09476_, 124.2, 74.48, 5.41234e-07
FILLER_16_202, 124.2, 74.48, 5.41234e-07
FILLER_16_204, 124.2, 74.48, 5.41234e-07
FILLER_15_208, 126.9, 74.48, 5.41789e-07
TAP_478, 129.6, 74.48, 5.42323e-07
FILLER_15_212, 129.6, 74.48, 5.42323e-07
FILLER_15_215, 129.6, 74.48, 5.42323e-07
_05474_, 140.4, 74.48, 5.44217e-07
FILLER_15_231, 140.4, 74.48, 5.44217e-07
FILLER_16_243, 145.8, 74.48, 5.45133e-07
TAP_492, 148.5, 74.48, 5.45571e-07
FILLER_15_247, 148.5, 74.48, 5.45571e-07
FILLER_16_247, 148.5, 74.48, 5.45571e-07
FILLER_16_250, 151.2, 74.48, 5.45948e-07
FILLER_15_263, 156.6, 74.48, 5.46661e-07
FILLER_16_266, 159.3, 74.48, 5.46997e-07
FILLER_15_279, 167.4, 74.48, 5.47946e-07
FILLER_15_283, 167.4, 74.48, 5.47946e-07
FILLER_16_282, 167.4, 74.48, 5.47946e-07
TAP_479, 170.1, 74.48, 5.48201e-07
FILLER_15_286, 170.1, 74.48, 5.48201e-07
FILLER_16_286, 170.1, 74.48, 5.48201e-07
FILLER_16_288, 170.1, 74.48, 5.48201e-07
_09861_, 172.8, 74.48, 5.48375e-07
FILLER_15_302, 178.2, 74.48, 5.48559e-07
_04921_, 189, 74.48, 5.49005e-07
TAP_493, 189, 74.48, 5.49005e-07
FILLER_15_318, 189, 74.48, 5.49005e-07
FILLER_16_318, 189, 74.48, 5.49005e-07
FILLER_16_325, 191.7, 74.48, 5.49038e-07
FILLER_15_334, 197.1, 74.48, 5.49064e-07
FILLER_16_341, 199.8, 74.48, 5.49057e-07
_05566_, 202.5, 74.48, 5.49029e-07
FILLER_15_350, 205.2, 74.48, 5.48949e-07
TAP_480, 207.9, 74.48, 5.48848e-07
FILLER_15_354, 207.9, 74.48, 5.48848e-07
FILLER_16_354, 207.9, 74.48, 5.48848e-07
FILLER_15_357, 210.6, 74.48, 5.48687e-07
FILLER_16_370, 216, 74.48, 5.48324e-07
FILLER_15_373, 218.7, 74.48, 5.48122e-07
FILLER_15_389, 226.8, 74.48, 5.47925e-07
FILLER_16_386, 226.8, 74.48, 5.47925e-07
TAP_494, 229.5, 74.48, 5.47896e-07
FILLER_16_392, 229.5, 74.48, 5.47896e-07
FILLER_15_405, 237.6, 74.48, 5.4769e-07
FILLER_16_408, 237.6, 74.48, 5.4769e-07
FILLER_15_421, 245.7, 74.48, 5.47362e-07
TAP_481, 248.4, 74.48, 5.47233e-07
FILLER_15_425, 248.4, 74.48, 5.47233e-07
FILLER_16_424, 248.4, 74.48, 5.47233e-07
FILLER_15_428, 251.1, 74.48, 5.47042e-07
FILLER_16_440, 256.5, 74.48, 5.46621e-07
FILLER_15_444, 259.2, 74.48, 5.4639e-07
FILLER_16_456, 264.6, 74.48, 5.46585e-07
TAP_495, 267.3, 74.48, 5.47009e-07
FILLER_15_460, 267.3, 74.48, 5.47009e-07
FILLER_16_460, 267.3, 74.48, 5.47009e-07
FILLER_16_463, 270, 74.48, 5.47373e-07
FILLER_15_476, 275.4, 74.48, 5.48061e-07
FILLER_16_479, 278.1, 74.48, 5.48385e-07
FILLER_15_492, 286.2, 74.48, 5.49295e-07
FILLER_16_495, 286.2, 74.48, 5.49295e-07
TAP_482, 288.9, 74.48, 5.49558e-07
FILLER_15_496, 288.9, 74.48, 5.49558e-07
FILLER_15_499, 288.9, 74.48, 5.49558e-07
FILLER_16_511, 297, 74.48, 5.50164e-07
FILLER_15_515, 299.7, 74.48, 5.50346e-07
FILLER_16_527, 305.1, 74.48, 5.53537e-07
TAP_496, 307.8, 74.48, 5.55112e-07
FILLER_15_531, 307.8, 74.48, 5.55112e-07
FILLER_16_531, 307.8, 74.48, 5.55112e-07
FILLER_16_534, 307.8, 74.48, 5.55112e-07
FILLER_15_547, 315.9, 74.48, 5.59595e-07
FILLER_16_550, 318.6, 74.48, 5.61069e-07
FILLER_15_563, 326.7, 74.48, 5.6543e-07
FILLER_15_567, 326.7, 74.48, 5.6543e-07
FILLER_16_566, 326.7, 74.48, 5.6543e-07
TAP_483, 329.4, 74.48, 5.66823e-07
FILLER_15_570, 329.4, 74.48, 5.66823e-07
FILLER_16_582, 334.8, 74.48, 5.69528e-07
FILLER_15_586, 337.5, 74.48, 5.7086e-07
FILLER_16_598, 345.6, 74.48, 5.76149e-07
TAP_497, 348.3, 74.48, 5.78117e-07
FILLER_15_602, 348.3, 74.48, 5.78117e-07
FILLER_16_602, 348.3, 74.48, 5.78117e-07
FILLER_16_605, 348.3, 74.48, 5.78117e-07
FILLER_15_618, 356.4, 74.48, 5.83778e-07
FILLER_16_621, 359.1, 74.48, 5.85645e-07
FILLER_15_634, 364.5, 74.48, 5.89338e-07
TAP_484, 367.2, 74.48, 5.91164e-07
FILLER_15_638, 367.2, 74.48, 5.91164e-07
FILLER_16_637, 367.2, 74.48, 5.91164e-07
FILLER_15_641, 369.9, 74.48, 5.9293e-07
FILLER_16_653, 375.3, 74.48, 5.9642e-07
FILLER_15_657, 378, 74.48, 5.98145e-07
FILLER_16_669, 383.4, 74.48, 6.01758e-07
FILLER_15_673, 386.1, 74.48, 6.03646e-07
FILLER_16_673, 386.1, 74.48, 6.03646e-07
TAP_498, 388.8, 74.48, 6.05493e-07
FILLER_16_676, 388.8, 74.48, 6.05493e-07
FILLER_15_689, 396.9, 74.48, 6.10914e-07
FILLER_16_692, 396.9, 74.48, 6.10914e-07
FILLER_15_705, 405, 74.48, 6.16213e-07
TAP_485, 407.7, 74.48, 6.17959e-07
FILLER_15_709, 407.7, 74.48, 6.17959e-07
FILLER_15_712, 407.7, 74.48, 6.17959e-07
FILLER_16_708, 407.7, 74.48, 6.17959e-07
FILLER_16_724, 415.8, 74.48, 6.22954e-07
FILLER_15_728, 418.5, 74.48, 6.24599e-07
FILLER_16_740, 423.9, 74.48, 6.27786e-07
TAP_499, 426.6, 74.48, 6.29328e-07
FILLER_15_744, 426.6, 74.48, 6.29328e-07
FILLER_16_744, 426.6, 74.48, 6.29328e-07
FILLER_16_747, 429.3, 74.48, 6.3081e-07
FILLER_15_760, 434.7, 74.48, 6.33733e-07
FILLER_16_763, 437.4, 74.48, 6.35174e-07
FILLER_15_776, 445.5, 74.48, 6.39436e-07
FILLER_16_779, 445.5, 74.48, 6.39436e-07
TAP_486, 448.2, 74.48, 6.40817e-07
FILLER_15_780, 448.2, 74.48, 6.40817e-07
FILLER_15_783, 448.2, 74.48, 6.40817e-07
FILLER_15_799, 456.3, 74.48, 6.44775e-07
FILLER_16_795, 456.3, 74.48, 6.44775e-07
FILLER_16_811, 464.4, 74.48, 6.48394e-07
TAP_500, 467.1, 74.48, 6.49433e-07
FILLER_15_815, 467.1, 74.48, 6.49433e-07
FILLER_16_815, 467.1, 74.48, 6.49433e-07
FILLER_16_818, 467.1, 74.48, 6.49433e-07
FILLER_15_831, 475.2, 74.48, 6.52309e-07
FILLER_16_834, 477.9, 74.48, 6.53248e-07
FILLER_15_847, 483.3, 74.48, 6.55084e-07
TAP_487, 486, 74.48, 6.55982e-07
FILLER_15_851, 486, 74.48, 6.55982e-07
FILLER_16_850, 486, 74.48, 6.55982e-07
FILLER_15_854, 488.7, 74.48, 6.56819e-07
FILLER_16_866, 494.1, 74.48, 6.58453e-07
FILLER_15_870, 496.8, 74.48, 6.5925e-07
FILLER_15_886, 504.9, 74.48, 6.61188e-07
FILLER_16_882, 504.9, 74.48, 6.61188e-07
FILLER_16_886, 504.9, 74.48, 6.61188e-07
TAP_501, 507.6, 74.48, 6.61512e-07
FILLER_16_889, 507.6, 74.48, 6.61512e-07
FILLER_15_902, 515.7, 74.48, 6.62362e-07
FILLER_16_905, 515.7, 74.48, 6.62362e-07
FILLER_15_918, 523.8, 74.48, 6.63091e-07
TAP_488, 526.5, 74.48, 6.63314e-07
FILLER_15_922, 526.5, 74.48, 6.63314e-07
FILLER_16_921, 526.5, 74.48, 6.63314e-07
FILLER_15_925, 529.2, 74.48, 6.63476e-07
FILLER_16_937, 534.6, 74.48, 6.63759e-07
PHY_31, 537.3, 74.48, 6.63881e-07
PHY_33, 537.3, 74.48, 6.63881e-07
FILLER_15_941, 537.3, 74.48, 6.63881e-07
FILLER_15_943, 537.3, 74.48, 6.63881e-07
FILLER_16_941, 537.3, 74.48, 6.63881e-07
FILLER_16_943, 537.3, 74.48, 6.63881e-07
PHY_26, 10.8, 66.64, 4.77955e-07
PHY_28, 10.8, 66.64, 4.77955e-07
FILLER_13_2, 10.8, 66.64, 4.77955e-07
FILLER_14_2, 10.8, 66.64, 4.77955e-07
FILLER_13_18, 18.9, 66.64, 4.77712e-07
FILLER_14_18, 18.9, 66.64, 4.77712e-07
TAP_463, 29.7, 66.64, 4.81396e-07
FILLER_13_34, 29.7, 66.64, 4.81396e-07
FILLER_14_34, 29.7, 66.64, 4.81396e-07
FILLER_14_37, 29.7, 66.64, 4.81396e-07
FILLER_13_50, 37.8, 66.64, 4.84958e-07
FILLER_14_53, 40.5, 66.64, 4.86125e-07
FILLER_13_66, 45.9, 66.64, 4.88418e-07
TAP_450, 48.6, 66.64, 4.89545e-07
FILLER_13_70, 48.6, 66.64, 4.89545e-07
FILLER_14_69, 48.6, 66.64, 4.89545e-07
FILLER_13_73, 51.3, 66.64, 4.90611e-07
FILLER_14_85, 56.7, 66.64, 4.92702e-07
FILLER_13_89, 59.4, 66.64, 4.93727e-07
FILLER_14_101, 67.5, 66.64, 4.97628e-07
TAP_464, 70.2, 66.64, 4.99056e-07
FILLER_13_105, 70.2, 66.64, 4.99056e-07
FILLER_14_105, 70.2, 66.64, 4.99056e-07
FILLER_14_108, 70.2, 66.64, 4.99056e-07
FILLER_13_121, 78.3, 66.64, 5.03097e-07
FILLER_14_124, 78.3, 66.64, 5.03097e-07
FILLER_13_137, 86.4, 66.64, 5.07016e-07
TAP_451, 89.1, 66.64, 5.08302e-07
FILLER_13_141, 89.1, 66.64, 5.08302e-07
FILLER_14_140, 89.1, 66.64, 5.08302e-07
FILLER_13_144, 91.8, 66.64, 5.09528e-07
FILLER_14_156, 97.2, 66.64, 5.11938e-07
FILLER_13_160, 99.9, 66.64, 5.13123e-07
FILLER_14_172, 105.3, 66.64, 5.15475e-07
TAP_465, 108, 66.64, 5.16631e-07
FILLER_13_176, 108, 66.64, 5.16631e-07
FILLER_14_176, 108, 66.64, 5.16631e-07
FILLER_14_179, 110.7, 66.64, 5.17726e-07
FILLER_13_192, 118.8, 66.64, 5.2095e-07
FILLER_14_195, 118.8, 66.64, 5.2095e-07
FILLER_13_208, 126.9, 66.64, 5.24053e-07
FILLER_14_211, 126.9, 66.64, 5.24053e-07
TAP_452, 129.6, 66.64, 5.25046e-07
FILLER_13_212, 129.6, 66.64, 5.25046e-07
FILLER_13_215, 129.6, 66.64, 5.25046e-07
FILLER_14_227, 137.7, 66.64, 5.27846e-07
FILLER_13_231, 140.4, 66.64, 5.28758e-07
FILLER_14_243, 145.8, 66.64, 5.30355e-07
TAP_466, 148.5, 66.64, 5.31133e-07
FILLER_13_247, 148.5, 66.64, 5.31133e-07
FILLER_14_247, 148.5, 66.64, 5.31133e-07
FILLER_14_250, 151.2, 66.64, 5.3185e-07
FILLER_13_263, 156.6, 66.64, 5.33244e-07
FILLER_14_266, 159.3, 66.64, 5.33921e-07
FILLER_13_279, 167.4, 66.64, 5.35891e-07
FILLER_13_283, 167.4, 66.64, 5.35891e-07
FILLER_14_282, 167.4, 66.64, 5.35891e-07
TAP_453, 170.1, 66.64, 5.36486e-07
FILLER_13_286, 170.1, 66.64, 5.36486e-07
FILLER_13_302, 178.2, 66.64, 5.38152e-07
FILLER_14_298, 178.2, 66.64, 5.38152e-07
FILLER_14_314, 186.3, 66.64, 5.39636e-07
TAP_467, 189, 66.64, 5.401e-07
FILLER_13_318, 189, 66.64, 5.401e-07
FILLER_14_318, 189, 66.64, 5.401e-07
FILLER_14_321, 189, 66.64, 5.401e-07
FILLER_13_334, 197.1, 66.64, 5.41249e-07
FILLER_14_337, 199.8, 66.64, 5.41611e-07
FILLER_13_350, 205.2, 66.64, 5.42296e-07
TAP_454, 207.9, 66.64, 5.42619e-07
FILLER_13_354, 207.9, 66.64, 5.42619e-07
FILLER_14_353, 207.9, 66.64, 5.42619e-07
FILLER_13_357, 210.6, 66.64, 5.4288e-07
FILLER_14_369, 216, 66.64, 5.43363e-07
FILLER_13_373, 218.7, 66.64, 5.43584e-07
FILLER_13_389, 226.8, 66.64, 5.4457e-07
FILLER_14_385, 226.8, 66.64, 5.4457e-07
FILLER_14_389, 226.8, 66.64, 5.4457e-07
TAP_468, 229.5, 66.64, 5.44902e-07
FILLER_14_392, 229.5, 66.64, 5.44902e-07
FILLER_13_405, 237.6, 66.64, 5.45776e-07
FILLER_14_408, 237.6, 66.64, 5.45776e-07
FILLER_13_421, 245.7, 66.64, 5.46529e-07
TAP_455, 248.4, 66.64, 5.4676e-07
FILLER_13_425, 248.4, 66.64, 5.4676e-07
FILLER_14_424, 248.4, 66.64, 5.4676e-07
FILLER_13_428, 251.1, 66.64, 5.4693e-07
FILLER_14_440, 256.5, 66.64, 5.47229e-07
FILLER_13_444, 259.2, 66.64, 5.47359e-07
FILLER_14_456, 264.6, 66.64, 5.48164e-07
TAP_469, 267.3, 66.64, 5.48839e-07
FILLER_13_460, 267.3, 66.64, 5.48839e-07
FILLER_14_460, 267.3, 66.64, 5.48839e-07
FILLER_14_463, 270, 66.64, 5.49454e-07
FILLER_13_476, 275.4, 66.64, 5.50643e-07
FILLER_14_479, 278.1, 66.64, 5.51218e-07
FILLER_13_492, 286.2, 66.64, 5.5288e-07
FILLER_14_495, 286.2, 66.64, 5.5288e-07
TAP_456, 288.9, 66.64, 5.53394e-07
FILLER_13_496, 288.9, 66.64, 5.53394e-07
FILLER_13_499, 288.9, 66.64, 5.53394e-07
FILLER_14_511, 297, 66.64, 5.54752e-07
FILLER_13_515, 299.7, 66.64, 5.55185e-07
FILLER_14_527, 305.1, 66.64, 5.58173e-07
TAP_470, 307.8, 66.64, 5.59646e-07
FILLER_13_531, 307.8, 66.64, 5.59646e-07
FILLER_14_531, 307.8, 66.64, 5.59646e-07
FILLER_14_534, 307.8, 66.64, 5.59646e-07
FILLER_13_547, 315.9, 66.64, 5.63824e-07
FILLER_14_550, 318.6, 66.64, 5.65197e-07
FILLER_13_563, 326.7, 66.64, 5.69253e-07
FILLER_13_567, 326.7, 66.64, 5.69253e-07
FILLER_14_566, 326.7, 66.64, 5.69253e-07
TAP_457, 329.4, 66.64, 5.70545e-07
FILLER_13_570, 329.4, 66.64, 5.70545e-07
FILLER_14_582, 334.8, 66.64, 5.73046e-07
FILLER_13_586, 337.5, 66.64, 5.74277e-07
FILLER_14_598, 345.6, 66.64, 5.79086e-07
TAP_471, 348.3, 66.64, 5.80865e-07
FILLER_13_602, 348.3, 66.64, 5.80865e-07
FILLER_14_602, 348.3, 66.64, 5.80865e-07
FILLER_14_605, 348.3, 66.64, 5.80865e-07
FILLER_13_618, 356.4, 66.64, 5.85958e-07
FILLER_14_621, 359.1, 66.64, 5.87636e-07
FILLER_13_634, 364.5, 66.64, 5.9095e-07
TAP_458, 367.2, 66.64, 5.92588e-07
FILLER_13_638, 367.2, 66.64, 5.92588e-07
FILLER_14_637, 367.2, 66.64, 5.92588e-07
FILLER_13_641, 369.9, 66.64, 5.94164e-07
FILLER_14_653, 375.3, 66.64, 5.97276e-07
FILLER_13_657, 378, 66.64, 5.98812e-07
FILLER_14_669, 383.4, 66.64, 6.02066e-07
FILLER_13_673, 386.1, 66.64, 6.03784e-07
FILLER_14_673, 386.1, 66.64, 6.03784e-07
TAP_472, 388.8, 66.64, 6.05461e-07
FILLER_14_676, 388.8, 66.64, 6.05461e-07
FILLER_13_689, 396.9, 66.64, 6.10372e-07
FILLER_14_692, 396.9, 66.64, 6.10372e-07
FILLER_13_705, 405, 66.64, 6.15162e-07
TAP_459, 407.7, 66.64, 6.16738e-07
FILLER_13_709, 407.7, 66.64, 6.16738e-07
FILLER_13_712, 407.7, 66.64, 6.16738e-07
FILLER_14_708, 407.7, 66.64, 6.16738e-07
FILLER_14_724, 415.8, 66.64, 6.21224e-07
FILLER_13_728, 418.5, 66.64, 6.22699e-07
FILLER_14_740, 423.9, 66.64, 6.25599e-07
TAP_473, 426.6, 66.64, 6.27025e-07
FILLER_13_744, 426.6, 66.64, 6.27025e-07
FILLER_14_744, 426.6, 66.64, 6.27025e-07
FILLER_14_747, 429.3, 66.64, 6.2839e-07
FILLER_13_760, 434.7, 66.64, 6.31079e-07
FILLER_14_763, 437.4, 66.64, 6.32403e-07
FILLER_13_776, 445.5, 66.64, 6.36315e-07
FILLER_14_779, 445.5, 66.64, 6.36315e-07
TAP_460, 448.2, 66.64, 6.37579e-07
FILLER_13_780, 448.2, 66.64, 6.37579e-07
FILLER_13_783, 448.2, 66.64, 6.37579e-07
FILLER_13_799, 456.3, 66.64, 6.41187e-07
FILLER_14_795, 456.3, 66.64, 6.41187e-07
FILLER_14_811, 464.4, 66.64, 6.44514e-07
TAP_474, 467.1, 66.64, 6.45496e-07
FILLER_13_815, 467.1, 66.64, 6.45496e-07
FILLER_14_815, 467.1, 66.64, 6.45496e-07
FILLER_14_818, 467.1, 66.64, 6.45496e-07
FILLER_13_831, 475.2, 66.64, 6.48199e-07
FILLER_14_834, 477.9, 66.64, 6.4908e-07
FILLER_13_847, 483.3, 66.64, 6.508e-07
TAP_461, 486, 66.64, 6.51641e-07
FILLER_13_851, 486, 66.64, 6.51641e-07
FILLER_14_850, 486, 66.64, 6.51641e-07
FILLER_13_854, 488.7, 66.64, 6.5242e-07
FILLER_14_866, 494.1, 66.64, 6.53938e-07
FILLER_13_870, 496.8, 66.64, 6.54677e-07
FILLER_13_886, 504.9, 66.64, 6.56499e-07
FILLER_14_882, 504.9, 66.64, 6.56499e-07
FILLER_14_886, 504.9, 66.64, 6.56499e-07
TAP_475, 507.6, 66.64, 6.56823e-07
FILLER_14_889, 507.6, 66.64, 6.56823e-07
FILLER_13_902, 515.7, 66.64, 6.57674e-07
FILLER_14_905, 515.7, 66.64, 6.57674e-07
FILLER_13_918, 523.8, 66.64, 6.58403e-07
TAP_462, 526.5, 66.64, 6.58626e-07
FILLER_13_922, 526.5, 66.64, 6.58626e-07
FILLER_14_921, 526.5, 66.64, 6.58626e-07
FILLER_13_925, 529.2, 66.64, 6.58788e-07
FILLER_14_937, 534.6, 66.64, 6.59071e-07
PHY_27, 537.3, 66.64, 6.59193e-07
PHY_29, 537.3, 66.64, 6.59193e-07
FILLER_13_941, 537.3, 66.64, 6.59193e-07
FILLER_13_943, 537.3, 66.64, 6.59193e-07
FILLER_14_941, 537.3, 66.64, 6.59193e-07
FILLER_14_943, 537.3, 66.64, 6.59193e-07
PHY_22, 10.8, 58.8, 4.5232e-07
PHY_24, 10.8, 58.8, 4.5232e-07
FILLER_11_2, 10.8, 58.8, 4.5232e-07
FILLER_12_2, 10.8, 58.8, 4.5232e-07
FILLER_11_18, 18.9, 58.8, 4.52077e-07
FILLER_12_18, 18.9, 58.8, 4.52077e-07
TAP_437, 29.7, 58.8, 4.56528e-07
FILLER_11_34, 29.7, 58.8, 4.56528e-07
FILLER_12_34, 29.7, 58.8, 4.56528e-07
FILLER_12_37, 29.7, 58.8, 4.56528e-07
FILLER_11_50, 37.8, 58.8, 4.60857e-07
FILLER_12_53, 40.5, 58.8, 4.6228e-07
FILLER_11_66, 45.9, 58.8, 4.65085e-07
TAP_424, 48.6, 58.8, 4.66467e-07
FILLER_11_70, 48.6, 58.8, 4.66467e-07
FILLER_12_69, 48.6, 58.8, 4.66467e-07
FILLER_11_73, 51.3, 58.8, 4.67789e-07
FILLER_12_85, 56.7, 58.8, 4.70392e-07
FILLER_11_89, 59.4, 58.8, 4.71673e-07
FILLER_12_101, 67.5, 58.8, 4.76457e-07
TAP_438, 70.2, 58.8, 4.78198e-07
FILLER_11_105, 70.2, 58.8, 4.78198e-07
FILLER_12_105, 70.2, 58.8, 4.78198e-07
FILLER_12_108, 70.2, 58.8, 4.78198e-07
FILLER_11_121, 78.3, 58.8, 4.8318e-07
FILLER_12_124, 78.3, 58.8, 4.8318e-07
FILLER_11_137, 86.4, 58.8, 4.88039e-07
TAP_425, 89.1, 58.8, 4.89639e-07
FILLER_11_141, 89.1, 58.8, 4.89639e-07
FILLER_12_140, 89.1, 58.8, 4.89639e-07
FILLER_11_144, 91.8, 58.8, 4.91178e-07
FILLER_12_156, 97.2, 58.8, 4.94215e-07
FILLER_11_160, 99.9, 58.8, 4.95714e-07
FILLER_12_172, 105.3, 58.8, 4.98684e-07
TAP_439, 108, 58.8, 5.00149e-07
FILLER_11_176, 108, 58.8, 5.00149e-07
FILLER_12_176, 108, 58.8, 5.00149e-07
FILLER_12_179, 110.7, 58.8, 5.01553e-07
FILLER_11_192, 118.8, 58.8, 5.05704e-07
FILLER_12_195, 118.8, 58.8, 5.05704e-07
FILLER_11_208, 126.9, 58.8, 5.09734e-07
FILLER_12_211, 126.9, 58.8, 5.09734e-07
TAP_426, 129.6, 58.8, 5.11037e-07
FILLER_11_212, 129.6, 58.8, 5.11037e-07
FILLER_11_215, 129.6, 58.8, 5.11037e-07
FILLER_12_227, 137.7, 58.8, 5.14763e-07
FILLER_11_231, 140.4, 58.8, 5.15985e-07
FILLER_12_243, 145.8, 58.8, 5.18185e-07
TAP_440, 148.5, 58.8, 5.19265e-07
FILLER_11_247, 148.5, 58.8, 5.19265e-07
FILLER_12_247, 148.5, 58.8, 5.19265e-07
FILLER_12_250, 151.2, 58.8, 5.20284e-07
FILLER_11_263, 156.6, 58.8, 5.22282e-07
FILLER_12_266, 159.3, 58.8, 5.2326e-07
FILLER_11_279, 167.4, 58.8, 5.26135e-07
FILLER_11_283, 167.4, 58.8, 5.26135e-07
FILLER_12_282, 167.4, 58.8, 5.26135e-07
TAP_427, 170.1, 58.8, 5.27032e-07
FILLER_11_286, 170.1, 58.8, 5.27032e-07
FILLER_11_302, 178.2, 58.8, 5.29603e-07
FILLER_12_298, 178.2, 58.8, 5.29603e-07
FILLER_12_314, 186.3, 58.8, 5.31985e-07
TAP_441, 189, 58.8, 5.32747e-07
FILLER_11_318, 189, 58.8, 5.32747e-07
FILLER_12_318, 189, 58.8, 5.32747e-07
FILLER_12_321, 189, 58.8, 5.32747e-07
FILLER_11_334, 197.1, 58.8, 5.3479e-07
FILLER_12_337, 199.8, 58.8, 5.35451e-07
FILLER_11_350, 205.2, 58.8, 5.36732e-07
TAP_428, 207.9, 58.8, 5.37352e-07
FILLER_11_354, 207.9, 58.8, 5.37352e-07
FILLER_12_353, 207.9, 58.8, 5.37352e-07
FILLER_11_357, 210.6, 58.8, 5.37912e-07
FILLER_12_369, 216, 58.8, 5.38991e-07
FILLER_11_373, 218.7, 58.8, 5.3951e-07
FILLER_11_389, 226.8, 58.8, 5.41349e-07
FILLER_12_385, 226.8, 58.8, 5.41349e-07
FILLER_12_389, 226.8, 58.8, 5.41349e-07
TAP_442, 229.5, 58.8, 5.41959e-07
FILLER_12_392, 229.5, 58.8, 5.41959e-07
FILLER_11_405, 237.6, 58.8, 5.43666e-07
FILLER_12_408, 237.6, 58.8, 5.43666e-07
FILLER_11_421, 245.7, 58.8, 5.45251e-07
TAP_429, 248.4, 58.8, 5.4576e-07
FILLER_11_425, 248.4, 58.8, 5.4576e-07
FILLER_12_424, 248.4, 58.8, 5.4576e-07
FILLER_11_428, 251.1, 58.8, 5.46207e-07
FILLER_12_440, 256.5, 58.8, 5.47062e-07
FILLER_11_444, 259.2, 58.8, 5.47469e-07
FILLER_12_456, 264.6, 58.8, 5.48741e-07
TAP_443, 267.3, 58.8, 5.49607e-07
FILLER_11_460, 267.3, 58.8, 5.49607e-07
FILLER_12_460, 267.3, 58.8, 5.49607e-07
FILLER_12_463, 270, 58.8, 5.50411e-07
FILLER_11_476, 275.4, 58.8, 5.5198e-07
FILLER_12_479, 278.1, 58.8, 5.52744e-07
FILLER_11_492, 286.2, 58.8, 5.54976e-07
FILLER_12_495, 286.2, 58.8, 5.54976e-07
TAP_430, 288.9, 58.8, 5.55679e-07
FILLER_11_496, 288.9, 58.8, 5.55679e-07
FILLER_11_499, 288.9, 58.8, 5.55679e-07
FILLER_12_511, 297, 58.8, 5.57607e-07
FILLER_11_515, 299.7, 58.8, 5.5823e-07
FILLER_12_527, 305.1, 58.8, 5.61105e-07
TAP_444, 307.8, 58.8, 5.62523e-07
FILLER_11_531, 307.8, 58.8, 5.62523e-07
FILLER_12_531, 307.8, 58.8, 5.62523e-07
FILLER_12_534, 307.8, 58.8, 5.62523e-07
FILLER_11_547, 315.9, 58.8, 5.66533e-07
FILLER_12_550, 318.6, 58.8, 5.67849e-07
FILLER_11_563, 326.7, 58.8, 5.71737e-07
FILLER_11_567, 326.7, 58.8, 5.71737e-07
FILLER_12_566, 326.7, 58.8, 5.71737e-07
TAP_431, 329.4, 58.8, 5.72973e-07
FILLER_11_570, 329.4, 58.8, 5.72973e-07
FILLER_12_582, 334.8, 58.8, 5.75362e-07
FILLER_11_586, 337.5, 58.8, 5.76537e-07
FILLER_12_598, 345.6, 58.8, 5.81027e-07
TAP_445, 348.3, 58.8, 5.82674e-07
FILLER_11_602, 348.3, 58.8, 5.82674e-07
FILLER_12_602, 348.3, 58.8, 5.82674e-07
FILLER_12_605, 348.3, 58.8, 5.82674e-07
FILLER_11_618, 356.4, 58.8, 5.87373e-07
FILLER_12_621, 359.1, 58.8, 5.88919e-07
FILLER_11_634, 364.5, 58.8, 5.9197e-07
TAP_432, 367.2, 58.8, 5.93476e-07
FILLER_11_638, 367.2, 58.8, 5.93476e-07
FILLER_12_637, 367.2, 58.8, 5.93476e-07
FILLER_11_641, 369.9, 58.8, 5.94921e-07
FILLER_12_653, 375.3, 58.8, 5.9777e-07
FILLER_11_657, 378, 58.8, 5.99174e-07
FILLER_12_669, 383.4, 58.8, 6.02169e-07
FILLER_11_673, 386.1, 58.8, 6.03759e-07
FILLER_12_673, 386.1, 58.8, 6.03759e-07
TAP_446, 388.8, 58.8, 6.05309e-07
FILLER_12_676, 388.8, 58.8, 6.05309e-07
FILLER_11_689, 396.9, 58.8, 6.09837e-07
FILLER_12_692, 396.9, 58.8, 6.09837e-07
FILLER_11_705, 405, 58.8, 6.14243e-07
TAP_433, 407.7, 58.8, 6.15691e-07
FILLER_11_709, 407.7, 58.8, 6.15691e-07
FILLER_11_712, 407.7, 58.8, 6.15691e-07
FILLER_12_708, 407.7, 58.8, 6.15691e-07
FILLER_12_724, 415.8, 58.8, 6.19794e-07
FILLER_11_728, 418.5, 58.8, 6.21141e-07
FILLER_12_740, 423.9, 58.8, 6.2382e-07
TAP_447, 426.6, 58.8, 6.25152e-07
FILLER_11_744, 426.6, 58.8, 6.25152e-07
FILLER_12_744, 426.6, 58.8, 6.25152e-07
FILLER_12_747, 429.3, 58.8, 6.26423e-07
FILLER_11_760, 434.7, 58.8, 6.28925e-07
FILLER_12_763, 437.4, 58.8, 6.30155e-07
FILLER_11_776, 445.5, 58.8, 6.33786e-07
FILLER_12_779, 445.5, 58.8, 6.33786e-07
TAP_434, 448.2, 58.8, 6.34956e-07
FILLER_11_780, 448.2, 58.8, 6.34956e-07
FILLER_11_783, 448.2, 58.8, 6.34956e-07
FILLER_11_799, 456.3, 58.8, 6.38283e-07
FILLER_12_795, 456.3, 58.8, 6.38283e-07
FILLER_12_811, 464.4, 58.8, 6.41371e-07
TAP_448, 467.1, 58.8, 6.42302e-07
FILLER_11_815, 467.1, 58.8, 6.42302e-07
FILLER_12_815, 467.1, 58.8, 6.42302e-07
FILLER_12_818, 467.1, 58.8, 6.42302e-07
FILLER_11_831, 475.2, 58.8, 6.44853e-07
FILLER_12_834, 477.9, 58.8, 6.45683e-07
FILLER_11_847, 483.3, 58.8, 6.47302e-07
TAP_435, 486, 58.8, 6.48091e-07
FILLER_11_851, 486, 58.8, 6.48091e-07
FILLER_12_850, 486, 58.8, 6.48091e-07
FILLER_11_854, 488.7, 58.8, 6.4882e-07
FILLER_12_866, 494.1, 58.8, 6.50236e-07
FILLER_11_870, 496.8, 58.8, 6.50924e-07
FILLER_11_886, 504.9, 58.8, 6.52645e-07
FILLER_12_882, 504.9, 58.8, 6.52645e-07
FILLER_12_886, 504.9, 58.8, 6.52645e-07
TAP_449, 507.6, 58.8, 6.52969e-07
FILLER_12_889, 507.6, 58.8, 6.52969e-07
FILLER_11_902, 515.7, 58.8, 6.53819e-07
FILLER_12_905, 515.7, 58.8, 6.53819e-07
FILLER_11_918, 523.8, 58.8, 6.54548e-07
TAP_436, 526.5, 58.8, 6.54771e-07
FILLER_11_922, 526.5, 58.8, 6.54771e-07
FILLER_12_921, 526.5, 58.8, 6.54771e-07
FILLER_11_925, 529.2, 58.8, 6.54933e-07
FILLER_12_937, 534.6, 58.8, 6.55216e-07
PHY_23, 537.3, 58.8, 6.55338e-07
PHY_25, 537.3, 58.8, 6.55338e-07
FILLER_11_941, 537.3, 58.8, 6.55338e-07
FILLER_11_943, 537.3, 58.8, 6.55338e-07
FILLER_12_941, 537.3, 58.8, 6.55338e-07
FILLER_12_943, 537.3, 58.8, 6.55338e-07
PHY_18, 10.8, 50.96, 4.26316e-07
PHY_20, 10.8, 50.96, 4.26316e-07
FILLER_9_2, 10.8, 50.96, 4.26316e-07
FILLER_10_2, 10.8, 50.96, 4.26316e-07
FILLER_9_18, 18.9, 50.96, 4.26073e-07
FILLER_10_18, 18.9, 50.96, 4.26073e-07
TAP_411, 29.7, 50.96, 4.31413e-07
FILLER_9_34, 29.7, 50.96, 4.31413e-07
FILLER_10_34, 29.7, 50.96, 4.31413e-07
FILLER_10_37, 29.7, 50.96, 4.31413e-07
FILLER_9_50, 37.8, 50.96, 4.36631e-07
FILLER_10_53, 40.5, 50.96, 4.38351e-07
FILLER_9_66, 45.9, 50.96, 4.41749e-07
TAP_398, 48.6, 50.96, 4.43427e-07
FILLER_9_70, 48.6, 50.96, 4.43427e-07
FILLER_10_69, 48.6, 50.96, 4.43427e-07
FILLER_9_73, 51.3, 50.96, 4.45045e-07
FILLER_10_85, 56.7, 50.96, 4.48241e-07
FILLER_9_89, 59.4, 50.96, 4.49818e-07
FILLER_10_101, 67.5, 50.96, 4.55594e-07
TAP_412, 70.2, 50.96, 4.57682e-07
FILLER_9_105, 70.2, 50.96, 4.57682e-07
FILLER_10_105, 70.2, 50.96, 4.57682e-07
FILLER_10_108, 70.2, 50.96, 4.57682e-07
FILLER_9_121, 78.3, 50.96, 4.63706e-07
FILLER_10_124, 78.3, 50.96, 4.63706e-07
FILLER_9_137, 86.4, 50.96, 4.69608e-07
TAP_399, 89.1, 50.96, 4.71555e-07
FILLER_9_141, 89.1, 50.96, 4.71555e-07
FILLER_10_140, 89.1, 50.96, 4.71555e-07
FILLER_9_144, 91.8, 50.96, 4.73442e-07
FILLER_10_156, 97.2, 50.96, 4.77174e-07
FILLER_9_160, 99.9, 50.96, 4.7902e-07
FILLER_10_172, 105.3, 50.96, 4.82628e-07
TAP_413, 108, 50.96, 4.84412e-07
FILLER_9_176, 108, 50.96, 4.84412e-07
FILLER_10_176, 108, 50.96, 4.84412e-07
FILLER_10_179, 110.7, 50.96, 4.86135e-07
FILLER_9_192, 118.8, 50.96, 4.91244e-07
FILLER_10_195, 118.8, 50.96, 4.91244e-07
FILLER_9_208, 126.9, 50.96, 4.96231e-07
FILLER_10_211, 126.9, 50.96, 4.96231e-07
TAP_400, 129.6, 50.96, 4.97853e-07
FILLER_9_212, 129.6, 50.96, 4.97853e-07
FILLER_9_215, 129.6, 50.96, 4.97853e-07
FILLER_10_227, 137.7, 50.96, 5.02537e-07
FILLER_9_231, 140.4, 50.96, 5.04078e-07
FILLER_10_243, 145.8, 50.96, 5.06846e-07
TAP_414, 148.5, 50.96, 5.0821e-07
FILLER_9_247, 148.5, 50.96, 5.0821e-07
FILLER_10_247, 148.5, 50.96, 5.0821e-07
FILLER_10_250, 151.2, 50.96, 5.09513e-07
FILLER_9_263, 156.6, 50.96, 5.12078e-07
FILLER_10_266, 159.3, 50.96, 5.13341e-07
FILLER_9_279, 167.4, 50.96, 5.17067e-07
FILLER_9_283, 167.4, 50.96, 5.17067e-07
FILLER_10_282, 167.4, 50.96, 5.17067e-07
TAP_401, 170.1, 50.96, 5.18249e-07
FILLER_9_286, 170.1, 50.96, 5.18249e-07
FILLER_9_302, 178.2, 50.96, 5.21672e-07
FILLER_10_298, 178.2, 50.96, 5.21672e-07
FILLER_10_314, 186.3, 50.96, 5.24844e-07
TAP_415, 189, 50.96, 5.2586e-07
FILLER_9_318, 189, 50.96, 5.2586e-07
FILLER_10_318, 189, 50.96, 5.2586e-07
FILLER_10_321, 189, 50.96, 5.2586e-07
FILLER_9_334, 197.1, 50.96, 5.28664e-07
FILLER_10_337, 199.8, 50.96, 5.29579e-07
FILLER_9_350, 205.2, 50.96, 5.31367e-07
TAP_402, 207.9, 50.96, 5.32241e-07
FILLER_9_354, 207.9, 50.96, 5.32241e-07
FILLER_10_353, 207.9, 50.96, 5.32241e-07
FILLER_9_357, 210.6, 50.96, 5.33055e-07
FILLER_10_369, 216, 50.96, 5.34641e-07
FILLER_9_373, 218.7, 50.96, 5.35413e-07
FILLER_9_389, 226.8, 50.96, 5.37935e-07
FILLER_10_385, 226.8, 50.96, 5.37935e-07
FILLER_10_389, 226.8, 50.96, 5.37935e-07
TAP_416, 229.5, 50.96, 5.38758e-07
FILLER_10_392, 229.5, 50.96, 5.38758e-07
FILLER_9_405, 237.6, 50.96, 5.41108e-07
FILLER_10_408, 237.6, 50.96, 5.41108e-07
FILLER_9_421, 245.7, 50.96, 5.43336e-07
TAP_403, 248.4, 50.96, 5.44058e-07
FILLER_9_425, 248.4, 50.96, 5.44058e-07
FILLER_10_424, 248.4, 50.96, 5.44058e-07
FILLER_9_428, 251.1, 50.96, 5.4472e-07
FILLER_10_440, 256.5, 50.96, 5.46003e-07
FILLER_9_444, 259.2, 50.96, 5.46624e-07
FILLER_10_456, 264.6, 50.96, 5.48247e-07
TAP_417, 267.3, 50.96, 5.49249e-07
FILLER_9_460, 267.3, 50.96, 5.49249e-07
FILLER_10_460, 267.3, 50.96, 5.49249e-07
FILLER_10_463, 270, 50.96, 5.5019e-07
FILLER_9_476, 275.4, 50.96, 5.52031e-07
FILLER_10_479, 278.1, 50.96, 5.52932e-07
FILLER_9_492, 286.2, 50.96, 5.55573e-07
FILLER_10_495, 286.2, 50.96, 5.55573e-07
TAP_404, 288.9, 50.96, 5.56412e-07
FILLER_9_496, 288.9, 50.96, 5.56412e-07
FILLER_9_499, 288.9, 50.96, 5.56412e-07
FILLER_10_511, 297, 50.96, 5.58749e-07
FILLER_9_515, 299.7, 50.96, 5.59508e-07
FILLER_10_527, 305.1, 50.96, 5.62363e-07
TAP_418, 307.8, 50.96, 5.63769e-07
FILLER_9_531, 307.8, 50.96, 5.63769e-07
FILLER_10_531, 307.8, 50.96, 5.63769e-07
FILLER_10_534, 307.8, 50.96, 5.63769e-07
FILLER_9_547, 315.9, 50.96, 5.67747e-07
FILLER_10_550, 318.6, 50.96, 5.69053e-07
FILLER_9_563, 326.7, 50.96, 5.72909e-07
FILLER_9_567, 326.7, 50.96, 5.72909e-07
FILLER_10_566, 326.7, 50.96, 5.72909e-07
TAP_405, 329.4, 50.96, 5.74134e-07
FILLER_9_570, 329.4, 50.96, 5.74134e-07
FILLER_10_582, 334.8, 50.96, 5.76502e-07
FILLER_9_586, 337.5, 50.96, 5.77666e-07
FILLER_10_598, 345.6, 50.96, 5.81995e-07
TAP_419, 348.3, 50.96, 5.83568e-07
FILLER_9_602, 348.3, 50.96, 5.83568e-07
FILLER_10_602, 348.3, 50.96, 5.83568e-07
FILLER_10_605, 348.3, 50.96, 5.83568e-07
FILLER_9_618, 356.4, 50.96, 5.88043e-07
FILLER_10_621, 359.1, 50.96, 5.89514e-07
FILLER_9_634, 364.5, 50.96, 5.92417e-07
TAP_406, 367.2, 50.96, 5.93848e-07
FILLER_9_638, 367.2, 50.96, 5.93848e-07
FILLER_10_637, 367.2, 50.96, 5.93848e-07
FILLER_9_641, 369.9, 50.96, 5.95218e-07
FILLER_10_653, 375.3, 50.96, 5.97918e-07
FILLER_9_657, 378, 50.96, 5.99247e-07
FILLER_10_669, 383.4, 50.96, 6.02082e-07
FILLER_9_673, 386.1, 50.96, 6.03586e-07
FILLER_10_673, 386.1, 50.96, 6.03586e-07
TAP_420, 388.8, 50.96, 6.0505e-07
FILLER_10_676, 388.8, 50.96, 6.0505e-07
FILLER_9_689, 396.9, 50.96, 6.09321e-07
FILLER_10_692, 396.9, 50.96, 6.09321e-07
FILLER_9_705, 405, 50.96, 6.1347e-07
TAP_407, 407.7, 50.96, 6.14833e-07
FILLER_9_709, 407.7, 50.96, 6.14833e-07
FILLER_9_712, 407.7, 50.96, 6.14833e-07
FILLER_10_708, 407.7, 50.96, 6.14833e-07
FILLER_10_724, 415.8, 50.96, 6.18679e-07
FILLER_9_728, 418.5, 50.96, 6.1994e-07
FILLER_10_740, 423.9, 50.96, 6.22463e-07
TAP_421, 426.6, 50.96, 6.23723e-07
FILLER_9_744, 426.6, 50.96, 6.23723e-07
FILLER_10_744, 426.6, 50.96, 6.23723e-07
FILLER_10_747, 429.3, 50.96, 6.24923e-07
FILLER_9_760, 434.7, 50.96, 6.27283e-07
FILLER_10_763, 437.4, 50.96, 6.28442e-07
FILLER_9_776, 445.5, 50.96, 6.3186e-07
FILLER_10_779, 445.5, 50.96, 6.3186e-07
TAP_408, 448.2, 50.96, 6.32959e-07
FILLER_9_780, 448.2, 50.96, 6.32959e-07
FILLER_9_783, 448.2, 50.96, 6.32959e-07
FILLER_9_799, 456.3, 50.96, 6.36073e-07
FILLER_10_795, 456.3, 50.96, 6.36073e-07
FILLER_10_811, 464.4, 50.96, 6.38975e-07
TAP_422, 467.1, 50.96, 6.39861e-07
FILLER_9_815, 467.1, 50.96, 6.39861e-07
FILLER_10_815, 467.1, 50.96, 6.39861e-07
FILLER_10_818, 467.1, 50.96, 6.39861e-07
FILLER_9_831, 475.2, 50.96, 6.42277e-07
FILLER_10_834, 477.9, 50.96, 6.43062e-07
FILLER_9_847, 483.3, 50.96, 6.44592e-07
TAP_409, 486, 50.96, 6.45337e-07
FILLER_9_851, 486, 50.96, 6.45337e-07
FILLER_10_850, 486, 50.96, 6.45337e-07
FILLER_9_854, 488.7, 50.96, 6.46021e-07
FILLER_10_866, 494.1, 50.96, 6.47348e-07
FILLER_9_870, 496.8, 50.96, 6.47991e-07
FILLER_9_886, 504.9, 50.96, 6.49623e-07
FILLER_10_882, 504.9, 50.96, 6.49623e-07
FILLER_10_886, 504.9, 50.96, 6.49623e-07
TAP_423, 507.6, 50.96, 6.49947e-07
FILLER_10_889, 507.6, 50.96, 6.49947e-07
FILLER_9_902, 515.7, 50.96, 6.50797e-07
FILLER_10_905, 515.7, 50.96, 6.50797e-07
FILLER_9_918, 523.8, 50.96, 6.51526e-07
TAP_410, 526.5, 50.96, 6.51749e-07
FILLER_9_922, 526.5, 50.96, 6.51749e-07
FILLER_10_921, 526.5, 50.96, 6.51749e-07
FILLER_9_925, 529.2, 50.96, 6.51911e-07
FILLER_10_937, 534.6, 50.96, 6.52194e-07
PHY_19, 537.3, 50.96, 6.52316e-07
PHY_21, 537.3, 50.96, 6.52316e-07
FILLER_9_941, 537.3, 50.96, 6.52316e-07
FILLER_9_943, 537.3, 50.96, 6.52316e-07
FILLER_10_941, 537.3, 50.96, 6.52316e-07
FILLER_10_943, 537.3, 50.96, 6.52316e-07
PHY_14, 10.8, 43.12, 3.98774e-07
PHY_16, 10.8, 43.12, 3.98774e-07
FILLER_7_2, 10.8, 43.12, 3.98774e-07
FILLER_8_2, 10.8, 43.12, 3.98774e-07
FILLER_7_18, 18.9, 43.12, 3.98531e-07
FILLER_8_18, 18.9, 43.12, 3.98531e-07
TAP_385, 29.7, 43.12, 4.04916e-07
FILLER_7_34, 29.7, 43.12, 4.04916e-07
FILLER_8_34, 29.7, 43.12, 4.04916e-07
FILLER_8_37, 29.7, 43.12, 4.04916e-07
FILLER_7_50, 37.8, 43.12, 4.11179e-07
FILLER_8_53, 40.5, 43.12, 4.13246e-07
FILLER_7_66, 45.9, 43.12, 4.1734e-07
TAP_372, 48.6, 43.12, 4.19367e-07
FILLER_7_70, 48.6, 43.12, 4.19367e-07
FILLER_8_69, 48.6, 43.12, 4.19367e-07
FILLER_7_73, 51.3, 43.12, 4.21334e-07
FILLER_8_85, 56.7, 43.12, 4.25226e-07
FILLER_7_89, 59.4, 43.12, 4.27151e-07
FILLER_8_101, 67.5, 43.12, 4.34045e-07
TAP_386, 70.2, 43.12, 4.36519e-07
FILLER_7_105, 70.2, 43.12, 4.36519e-07
FILLER_8_105, 70.2, 43.12, 4.36519e-07
FILLER_8_108, 70.2, 43.12, 4.36519e-07
FILLER_7_121, 78.3, 43.12, 4.43697e-07
FILLER_8_124, 78.3, 43.12, 4.43697e-07
FILLER_7_137, 86.4, 43.12, 4.50754e-07
TAP_373, 89.1, 43.12, 4.53086e-07
FILLER_7_141, 89.1, 43.12, 4.53086e-07
FILLER_8_140, 89.1, 43.12, 4.53086e-07
FILLER_7_144, 91.8, 43.12, 4.55358e-07
FILLER_8_156, 97.2, 43.12, 4.5986e-07
FILLER_7_160, 99.9, 43.12, 4.62091e-07
FILLER_8_172, 105.3, 43.12, 4.66366e-07
TAP_387, 108, 43.12, 4.68483e-07
FILLER_7_176, 108, 43.12, 4.68483e-07
FILLER_8_176, 108, 43.12, 4.68483e-07
FILLER_8_179, 110.7, 43.12, 4.7054e-07
FILLER_7_192, 118.8, 43.12, 4.76649e-07
FILLER_8_195, 118.8, 43.12, 4.76649e-07
FILLER_7_208, 126.9, 43.12, 4.82637e-07
FILLER_8_211, 126.9, 43.12, 4.82637e-07
TAP_374, 129.6, 43.12, 4.84592e-07
FILLER_7_212, 129.6, 43.12, 4.84592e-07
FILLER_7_215, 129.6, 43.12, 4.84592e-07
FILLER_8_227, 137.7, 43.12, 4.90276e-07
FILLER_7_231, 140.4, 43.12, 4.9215e-07
FILLER_8_243, 145.8, 43.12, 4.95484e-07
TAP_388, 148.5, 43.12, 4.97131e-07
FILLER_7_247, 148.5, 43.12, 4.97131e-07
FILLER_8_247, 148.5, 43.12, 4.97131e-07
FILLER_8_250, 151.2, 43.12, 4.98717e-07
FILLER_7_263, 156.6, 43.12, 5.01848e-07
FILLER_8_266, 159.3, 43.12, 5.03394e-07
FILLER_7_279, 167.4, 43.12, 5.0797e-07
FILLER_7_283, 167.4, 43.12, 5.0797e-07
FILLER_8_282, 167.4, 43.12, 5.0797e-07
TAP_375, 170.1, 43.12, 5.09434e-07
FILLER_7_286, 170.1, 43.12, 5.09434e-07
FILLER_7_302, 178.2, 43.12, 5.13706e-07
FILLER_8_298, 178.2, 43.12, 5.13706e-07
FILLER_8_314, 186.3, 43.12, 5.17648e-07
TAP_389, 189, 43.12, 5.18907e-07
FILLER_7_318, 189, 43.12, 5.18907e-07
FILLER_8_318, 189, 43.12, 5.18907e-07
FILLER_8_321, 189, 43.12, 5.18907e-07
FILLER_7_334, 197.1, 43.12, 5.22442e-07
FILLER_8_337, 199.8, 43.12, 5.236e-07
FILLER_7_350, 205.2, 43.12, 5.25875e-07
TAP_376, 207.9, 43.12, 5.26992e-07
FILLER_7_354, 207.9, 43.12, 5.26992e-07
FILLER_8_353, 207.9, 43.12, 5.26992e-07
FILLER_7_357, 210.6, 43.12, 5.28049e-07
FILLER_8_369, 216, 43.12, 5.30121e-07
FILLER_7_373, 218.7, 43.12, 5.31137e-07
FILLER_7_389, 226.8, 43.12, 5.34301e-07
FILLER_8_385, 226.8, 43.12, 5.34301e-07
FILLER_8_389, 226.8, 43.12, 5.34301e-07
TAP_390, 229.5, 43.12, 5.35324e-07
FILLER_8_392, 229.5, 43.12, 5.35324e-07
FILLER_7_405, 237.6, 43.12, 5.38272e-07
FILLER_8_408, 237.6, 43.12, 5.38272e-07
FILLER_7_421, 245.7, 43.12, 5.41099e-07
TAP_377, 248.4, 43.12, 5.42021e-07
FILLER_7_425, 248.4, 43.12, 5.42021e-07
FILLER_8_424, 248.4, 43.12, 5.42021e-07
FILLER_7_428, 251.1, 43.12, 5.42882e-07
FILLER_8_440, 256.5, 43.12, 5.44564e-07
FILLER_7_444, 259.2, 43.12, 5.45384e-07
FILLER_8_456, 264.6, 43.12, 5.47333e-07
TAP_391, 267.3, 43.12, 5.48461e-07
FILLER_7_460, 267.3, 43.12, 5.48461e-07
FILLER_8_460, 267.3, 43.12, 5.48461e-07
FILLER_8_463, 270, 43.12, 5.49528e-07
FILLER_7_476, 275.4, 43.12, 5.51622e-07
FILLER_8_479, 278.1, 43.12, 5.52649e-07
FILLER_7_492, 286.2, 43.12, 5.55669e-07
FILLER_8_495, 286.2, 43.12, 5.55669e-07
TAP_378, 288.9, 43.12, 5.56635e-07
FILLER_7_496, 288.9, 43.12, 5.56635e-07
FILLER_7_499, 288.9, 43.12, 5.56635e-07
FILLER_8_511, 297, 43.12, 5.59351e-07
FILLER_7_515, 299.7, 43.12, 5.60236e-07
FILLER_8_527, 305.1, 43.12, 5.63084e-07
TAP_392, 307.8, 43.12, 5.64488e-07
FILLER_7_531, 307.8, 43.12, 5.64488e-07
FILLER_8_531, 307.8, 43.12, 5.64488e-07
FILLER_8_534, 307.8, 43.12, 5.64488e-07
FILLER_7_547, 315.9, 43.12, 5.68457e-07
FILLER_8_550, 318.6, 43.12, 5.6976e-07
FILLER_7_563, 326.7, 43.12, 5.73607e-07
FILLER_7_567, 326.7, 43.12, 5.73607e-07
FILLER_8_566, 326.7, 43.12, 5.73607e-07
TAP_379, 329.4, 43.12, 5.74829e-07
FILLER_7_570, 329.4, 43.12, 5.74829e-07
FILLER_8_582, 334.8, 43.12, 5.77191e-07
FILLER_7_586, 337.5, 43.12, 5.78352e-07
FILLER_8_598, 345.6, 43.12, 5.82555e-07
TAP_393, 348.3, 43.12, 5.84065e-07
FILLER_7_602, 348.3, 43.12, 5.84065e-07
FILLER_8_602, 348.3, 43.12, 5.84065e-07
FILLER_8_605, 348.3, 43.12, 5.84065e-07
FILLER_7_618, 356.4, 43.12, 5.88355e-07
FILLER_8_621, 359.1, 43.12, 5.89764e-07
FILLER_7_634, 364.5, 43.12, 5.92542e-07
TAP_380, 367.2, 43.12, 5.93911e-07
FILLER_7_638, 367.2, 43.12, 5.93911e-07
FILLER_8_637, 367.2, 43.12, 5.93911e-07
FILLER_7_641, 369.9, 43.12, 5.9522e-07
FILLER_8_653, 375.3, 43.12, 5.97796e-07
FILLER_7_657, 378, 43.12, 5.99063e-07
FILLER_8_669, 383.4, 43.12, 6.01762e-07
FILLER_7_673, 386.1, 43.12, 6.03192e-07
FILLER_8_673, 386.1, 43.12, 6.03192e-07
TAP_394, 388.8, 43.12, 6.04582e-07
FILLER_8_676, 388.8, 43.12, 6.04582e-07
FILLER_7_689, 396.9, 43.12, 6.08631e-07
FILLER_8_692, 396.9, 43.12, 6.08631e-07
FILLER_7_705, 405, 43.12, 6.12559e-07
TAP_381, 407.7, 43.12, 6.13848e-07
FILLER_7_709, 407.7, 43.12, 6.13848e-07
FILLER_7_712, 407.7, 43.12, 6.13848e-07
FILLER_8_708, 407.7, 43.12, 6.13848e-07
FILLER_8_724, 415.8, 43.12, 6.17471e-07
FILLER_7_728, 418.5, 43.12, 6.18659e-07
FILLER_8_740, 423.9, 43.12, 6.21046e-07
TAP_395, 426.6, 43.12, 6.22245e-07
FILLER_7_744, 426.6, 43.12, 6.22245e-07
FILLER_8_744, 426.6, 43.12, 6.22245e-07
FILLER_8_747, 429.3, 43.12, 6.23383e-07
FILLER_7_760, 434.7, 43.12, 6.2562e-07
FILLER_8_763, 437.4, 43.12, 6.26718e-07
FILLER_7_776, 445.5, 43.12, 6.29951e-07
FILLER_8_779, 445.5, 43.12, 6.29951e-07
TAP_382, 448.2, 43.12, 6.30988e-07
FILLER_7_780, 448.2, 43.12, 6.30988e-07
FILLER_7_783, 448.2, 43.12, 6.30988e-07
FILLER_7_799, 456.3, 43.12, 6.33917e-07
FILLER_8_795, 456.3, 43.12, 6.33917e-07
FILLER_8_811, 464.4, 43.12, 6.36658e-07
TAP_396, 467.1, 43.12, 6.37507e-07
FILLER_7_815, 467.1, 43.12, 6.37507e-07
FILLER_8_815, 467.1, 43.12, 6.37507e-07
FILLER_8_818, 467.1, 43.12, 6.37507e-07
FILLER_7_831, 475.2, 43.12, 6.39811e-07
FILLER_8_834, 477.9, 43.12, 6.40558e-07
FILLER_7_847, 483.3, 43.12, 6.42013e-07
TAP_383, 486, 43.12, 6.4272e-07
FILLER_7_851, 486, 43.12, 6.4272e-07
FILLER_8_850, 486, 43.12, 6.4272e-07
FILLER_7_854, 488.7, 43.12, 6.43367e-07
FILLER_8_866, 494.1, 43.12, 6.44619e-07
FILLER_7_870, 496.8, 43.12, 6.45225e-07
FILLER_7_886, 504.9, 43.12, 6.46781e-07
FILLER_8_882, 504.9, 43.12, 6.46781e-07
FILLER_8_886, 504.9, 43.12, 6.46781e-07
TAP_397, 507.6, 43.12, 6.47105e-07
FILLER_8_889, 507.6, 43.12, 6.47105e-07
FILLER_7_902, 515.7, 43.12, 6.47955e-07
FILLER_8_905, 515.7, 43.12, 6.47955e-07
FILLER_7_918, 523.8, 43.12, 6.48684e-07
TAP_384, 526.5, 43.12, 6.48907e-07
FILLER_7_922, 526.5, 43.12, 6.48907e-07
FILLER_8_921, 526.5, 43.12, 6.48907e-07
FILLER_7_925, 529.2, 43.12, 6.49069e-07
FILLER_8_937, 534.6, 43.12, 6.49353e-07
PHY_15, 537.3, 43.12, 6.49474e-07
PHY_17, 537.3, 43.12, 6.49474e-07
FILLER_7_941, 537.3, 43.12, 6.49474e-07
FILLER_7_943, 537.3, 43.12, 6.49474e-07
FILLER_8_941, 537.3, 43.12, 6.49474e-07
FILLER_8_943, 537.3, 43.12, 6.49474e-07
PHY_10, 10.8, 35.28, 3.69438e-07
PHY_12, 10.8, 35.28, 3.69438e-07
FILLER_5_2, 10.8, 35.28, 3.69438e-07
FILLER_6_2, 10.8, 35.28, 3.69438e-07
FILLER_5_18, 18.9, 35.28, 3.69195e-07
FILLER_6_18, 18.9, 35.28, 3.69195e-07
TAP_359, 29.7, 35.28, 3.76813e-07
FILLER_5_34, 29.7, 35.28, 3.76813e-07
FILLER_6_34, 29.7, 35.28, 3.76813e-07
FILLER_6_37, 29.7, 35.28, 3.76813e-07
FILLER_5_50, 37.8, 35.28, 3.8431e-07
FILLER_6_53, 40.5, 35.28, 3.86789e-07
FILLER_5_66, 45.9, 35.28, 3.91705e-07
TAP_346, 48.6, 35.28, 3.94144e-07
FILLER_5_70, 48.6, 35.28, 3.94144e-07
FILLER_6_69, 48.6, 35.28, 3.94144e-07
FILLER_5_73, 51.3, 35.28, 3.96521e-07
FILLER_6_85, 56.7, 35.28, 4.01235e-07
FILLER_5_89, 59.4, 35.28, 4.03572e-07
FILLER_6_101, 67.5, 35.28, 4.11735e-07
TAP_360, 70.2, 35.28, 4.14639e-07
FILLER_5_105, 70.2, 35.28, 4.14639e-07
FILLER_6_105, 70.2, 35.28, 4.14639e-07
FILLER_6_108, 70.2, 35.28, 4.14639e-07
FILLER_5_121, 78.3, 35.28, 4.23105e-07
FILLER_6_124, 78.3, 35.28, 4.23105e-07
FILLER_5_137, 86.4, 35.28, 4.3145e-07
TAP_347, 89.1, 35.28, 4.34211e-07
FILLER_5_141, 89.1, 35.28, 4.34211e-07
FILLER_6_140, 89.1, 35.28, 4.34211e-07
FILLER_5_144, 91.8, 35.28, 4.36911e-07
FILLER_6_156, 97.2, 35.28, 4.42272e-07
FILLER_5_160, 99.9, 35.28, 4.44932e-07
FILLER_6_172, 105.3, 35.28, 4.49907e-07
TAP_361, 108, 35.28, 4.52374e-07
FILLER_5_176, 108, 35.28, 4.52374e-07
FILLER_6_176, 108, 35.28, 4.52374e-07
FILLER_6_179, 110.7, 35.28, 4.54781e-07
FILLER_5_192, 118.8, 35.28, 4.61939e-07
FILLER_6_195, 118.8, 35.28, 4.61939e-07
FILLER_5_208, 126.9, 35.28, 4.68976e-07
FILLER_6_211, 126.9, 35.28, 4.68976e-07
TAP_348, 129.6, 35.28, 4.71281e-07
FILLER_5_212, 129.6, 35.28, 4.71281e-07
FILLER_5_215, 129.6, 35.28, 4.71281e-07
FILLER_6_227, 137.7, 35.28, 4.78015e-07
FILLER_5_231, 140.4, 35.28, 4.80239e-07
FILLER_6_243, 145.8, 35.28, 4.84138e-07
TAP_362, 148.5, 35.28, 4.86068e-07
FILLER_5_247, 148.5, 35.28, 4.86068e-07
FILLER_6_247, 148.5, 35.28, 4.86068e-07
FILLER_6_250, 151.2, 35.28, 4.87936e-07
FILLER_5_263, 156.6, 35.28, 4.91633e-07
FILLER_6_266, 159.3, 35.28, 4.93461e-07
FILLER_5_279, 167.4, 35.28, 4.98885e-07
FILLER_5_283, 167.4, 35.28, 4.98885e-07
FILLER_6_282, 167.4, 35.28, 4.98885e-07
TAP_349, 170.1, 35.28, 5.00632e-07
FILLER_5_286, 170.1, 35.28, 5.00632e-07
FILLER_5_302, 178.2, 35.28, 5.05752e-07
FILLER_6_298, 178.2, 35.28, 5.05752e-07
FILLER_6_314, 186.3, 35.28, 5.10444e-07
TAP_363, 189, 35.28, 5.11937e-07
FILLER_5_318, 189, 35.28, 5.11937e-07
FILLER_6_318, 189, 35.28, 5.11937e-07
FILLER_6_321, 189, 35.28, 5.11937e-07
FILLER_5_334, 197.1, 35.28, 5.16172e-07
FILLER_6_337, 199.8, 35.28, 5.17563e-07
FILLER_5_350, 205.2, 35.28, 5.20306e-07
TAP_350, 207.9, 35.28, 5.21657e-07
FILLER_5_354, 207.9, 35.28, 5.21657e-07
FILLER_6_353, 207.9, 35.28, 5.21657e-07
FILLER_5_357, 210.6, 35.28, 5.22947e-07
FILLER_6_369, 216, 35.28, 5.25487e-07
FILLER_5_373, 218.7, 35.28, 5.26736e-07
FILLER_5_389, 226.8, 35.28, 5.30507e-07
FILLER_6_385, 226.8, 35.28, 5.30507e-07
FILLER_6_389, 226.8, 35.28, 5.30507e-07
TAP_364, 229.5, 35.28, 5.31716e-07
FILLER_6_392, 229.5, 35.28, 5.31716e-07
FILLER_5_405, 237.6, 35.28, 5.35224e-07
FILLER_6_408, 237.6, 35.28, 5.35224e-07
FILLER_5_421, 245.7, 35.28, 5.38609e-07
TAP_351, 248.4, 35.28, 5.39718e-07
FILLER_5_425, 248.4, 35.28, 5.39718e-07
FILLER_6_424, 248.4, 35.28, 5.39718e-07
FILLER_5_428, 251.1, 35.28, 5.40765e-07
FILLER_6_440, 256.5, 35.28, 5.4282e-07
FILLER_5_444, 259.2, 35.28, 5.43827e-07
FILLER_6_456, 264.6, 35.28, 5.4608e-07
TAP_365, 267.3, 35.28, 5.47326e-07
FILLER_5_460, 267.3, 35.28, 5.47326e-07
FILLER_6_460, 267.3, 35.28, 5.47326e-07
FILLER_6_463, 270, 35.28, 5.4851e-07
FILLER_5_476, 275.4, 35.28, 5.50839e-07
FILLER_6_479, 278.1, 35.28, 5.51984e-07
FILLER_5_492, 286.2, 35.28, 5.55356e-07
FILLER_6_495, 286.2, 35.28, 5.55356e-07
TAP_352, 288.9, 35.28, 5.5644e-07
FILLER_5_496, 288.9, 35.28, 5.5644e-07
FILLER_5_499, 288.9, 35.28, 5.5644e-07
FILLER_6_511, 297, 35.28, 5.59508e-07
FILLER_5_515, 299.7, 35.28, 5.60511e-07
FILLER_6_527, 305.1, 35.28, 5.63364e-07
TAP_366, 307.8, 35.28, 5.6477e-07
FILLER_5_531, 307.8, 35.28, 5.6477e-07
FILLER_6_531, 307.8, 35.28, 5.6477e-07
FILLER_6_534, 307.8, 35.28, 5.6477e-07
FILLER_5_547, 315.9, 35.28, 5.68746e-07
FILLER_6_550, 318.6, 35.28, 5.70051e-07
FILLER_5_563, 326.7, 35.28, 5.73906e-07
FILLER_5_567, 326.7, 35.28, 5.73906e-07
FILLER_6_566, 326.7, 35.28, 5.73906e-07
TAP_353, 329.4, 35.28, 5.7513e-07
FILLER_5_570, 329.4, 35.28, 5.7513e-07
FILLER_6_582, 334.8, 35.28, 5.77497e-07
FILLER_5_586, 337.5, 35.28, 5.7866e-07
FILLER_6_598, 345.6, 35.28, 5.82761e-07
TAP_367, 348.3, 35.28, 5.8422e-07
FILLER_5_602, 348.3, 35.28, 5.8422e-07
FILLER_6_602, 348.3, 35.28, 5.8422e-07
FILLER_6_605, 348.3, 35.28, 5.8422e-07
FILLER_5_618, 356.4, 35.28, 5.88353e-07
FILLER_6_621, 359.1, 35.28, 5.89711e-07
FILLER_5_634, 364.5, 35.28, 5.92385e-07
TAP_354, 367.2, 35.28, 5.93702e-07
FILLER_5_638, 367.2, 35.28, 5.93702e-07
FILLER_6_637, 367.2, 35.28, 5.93702e-07
FILLER_5_641, 369.9, 35.28, 5.94959e-07
FILLER_6_653, 375.3, 35.28, 5.97431e-07
FILLER_5_657, 378, 35.28, 5.98646e-07
FILLER_6_669, 383.4, 35.28, 6.01229e-07
FILLER_5_673, 386.1, 35.28, 6.02595e-07
FILLER_6_673, 386.1, 35.28, 6.02595e-07
TAP_368, 388.8, 35.28, 6.03921e-07
FILLER_6_676, 388.8, 35.28, 6.03921e-07
FILLER_5_689, 396.9, 35.28, 6.07778e-07
FILLER_6_692, 396.9, 35.28, 6.07778e-07
FILLER_5_705, 405, 35.28, 6.11514e-07
TAP_355, 407.7, 35.28, 6.12738e-07
FILLER_5_709, 407.7, 35.28, 6.12738e-07
FILLER_5_712, 407.7, 35.28, 6.12738e-07
FILLER_6_708, 407.7, 35.28, 6.12738e-07
FILLER_6_724, 415.8, 35.28, 6.1617e-07
FILLER_5_728, 418.5, 35.28, 6.17294e-07
FILLER_6_740, 423.9, 35.28, 6.19563e-07
TAP_369, 426.6, 35.28, 6.20709e-07
FILLER_5_744, 426.6, 35.28, 6.20709e-07
FILLER_6_744, 426.6, 35.28, 6.20709e-07
FILLER_6_747, 429.3, 35.28, 6.21794e-07
FILLER_5_760, 434.7, 35.28, 6.23924e-07
FILLER_6_763, 437.4, 35.28, 6.24969e-07
FILLER_5_776, 445.5, 35.28, 6.28042e-07
FILLER_6_779, 445.5, 35.28, 6.28042e-07
TAP_356, 448.2, 35.28, 6.29026e-07
FILLER_5_780, 448.2, 35.28, 6.29026e-07
FILLER_5_783, 448.2, 35.28, 6.29026e-07
FILLER_5_799, 456.3, 35.28, 6.31796e-07
FILLER_6_795, 456.3, 35.28, 6.31796e-07
FILLER_6_811, 464.4, 35.28, 6.34399e-07
TAP_370, 467.1, 35.28, 6.35217e-07
FILLER_5_815, 467.1, 35.28, 6.35217e-07
FILLER_6_815, 467.1, 35.28, 6.35217e-07
FILLER_6_818, 467.1, 35.28, 6.35217e-07
FILLER_5_831, 475.2, 35.28, 6.37427e-07
FILLER_6_834, 477.9, 35.28, 6.38144e-07
FILLER_5_847, 483.3, 35.28, 6.39537e-07
TAP_357, 486, 35.28, 6.40213e-07
FILLER_5_851, 486, 35.28, 6.40213e-07
FILLER_6_850, 486, 35.28, 6.40213e-07
FILLER_5_854, 488.7, 35.28, 6.40828e-07
FILLER_6_866, 494.1, 35.28, 6.42018e-07
FILLER_5_870, 496.8, 35.28, 6.42593e-07
FILLER_5_886, 504.9, 35.28, 6.44086e-07
FILLER_6_882, 504.9, 35.28, 6.44086e-07
FILLER_6_886, 504.9, 35.28, 6.44086e-07
TAP_371, 507.6, 35.28, 6.4441e-07
FILLER_6_889, 507.6, 35.28, 6.4441e-07
FILLER_5_902, 515.7, 35.28, 6.45261e-07
FILLER_6_905, 515.7, 35.28, 6.45261e-07
FILLER_5_918, 523.8, 35.28, 6.4599e-07
TAP_358, 526.5, 35.28, 6.46213e-07
FILLER_5_922, 526.5, 35.28, 6.46213e-07
FILLER_6_921, 526.5, 35.28, 6.46213e-07
FILLER_5_925, 529.2, 35.28, 6.46375e-07
FILLER_6_937, 534.6, 35.28, 6.46658e-07
PHY_11, 537.3, 35.28, 6.4678e-07
PHY_13, 537.3, 35.28, 6.4678e-07
FILLER_5_941, 537.3, 35.28, 6.4678e-07
FILLER_5_943, 537.3, 35.28, 6.4678e-07
FILLER_6_941, 537.3, 35.28, 6.4678e-07
FILLER_6_943, 537.3, 35.28, 6.4678e-07
PHY_6, 10.8, 27.44, 3.38014e-07
PHY_8, 10.8, 27.44, 3.38014e-07
FILLER_3_2, 10.8, 27.44, 3.38014e-07
FILLER_4_2, 10.8, 27.44, 3.38014e-07
FILLER_3_18, 18.9, 27.44, 3.37771e-07
FILLER_4_18, 18.9, 27.44, 3.37771e-07
TAP_333, 29.7, 27.44, 3.46853e-07
FILLER_3_34, 29.7, 27.44, 3.46853e-07
FILLER_4_34, 29.7, 27.44, 3.46853e-07
FILLER_4_37, 29.7, 27.44, 3.46853e-07
FILLER_3_50, 37.8, 27.44, 3.55814e-07
FILLER_4_53, 40.5, 27.44, 3.58781e-07
FILLER_3_66, 45.9, 27.44, 3.64674e-07
TAP_320, 48.6, 27.44, 3.676e-07
FILLER_3_70, 48.6, 27.44, 3.676e-07
FILLER_4_69, 48.6, 27.44, 3.676e-07
FILLER_3_73, 51.3, 27.44, 3.70465e-07
FILLER_4_85, 56.7, 27.44, 3.76155e-07
FILLER_3_89, 59.4, 27.44, 3.7898e-07
FILLER_4_101, 67.5, 27.44, 3.88594e-07
TAP_334, 70.2, 27.44, 3.91979e-07
FILLER_3_105, 70.2, 27.44, 3.91979e-07
FILLER_4_105, 70.2, 27.44, 3.91979e-07
FILLER_4_108, 70.2, 27.44, 3.91979e-07
FILLER_3_121, 78.3, 27.44, 4.01889e-07
FILLER_4_124, 78.3, 27.44, 4.01889e-07
FILLER_3_137, 86.4, 27.44, 4.11677e-07
TAP_321, 89.1, 27.44, 4.1492e-07
FILLER_3_141, 89.1, 27.44, 4.1492e-07
FILLER_4_140, 89.1, 27.44, 4.1492e-07
FILLER_3_144, 91.8, 27.44, 4.18102e-07
FILLER_4_156, 97.2, 27.44, 4.24425e-07
FILLER_3_160, 99.9, 27.44, 4.27566e-07
FILLER_4_172, 105.3, 27.44, 4.33278e-07
TAP_335, 108, 27.44, 4.36113e-07
FILLER_3_176, 108, 27.44, 4.36113e-07
FILLER_4_176, 108, 27.44, 4.36113e-07
FILLER_4_179, 110.7, 27.44, 4.38888e-07
FILLER_3_192, 118.8, 27.44, 4.47151e-07
FILLER_4_195, 118.8, 27.44, 4.47151e-07
FILLER_3_208, 126.9, 27.44, 4.55293e-07
FILLER_4_211, 126.9, 27.44, 4.55293e-07
TAP_322, 129.6, 27.44, 4.57967e-07
FILLER_3_212, 129.6, 27.44, 4.57967e-07
FILLER_3_215, 129.6, 27.44, 4.57967e-07
FILLER_4_227, 137.7, 27.44, 4.65805e-07
FILLER_3_231, 140.4, 27.44, 4.68397e-07
FILLER_4_243, 145.8, 27.44, 4.72861e-07
TAP_336, 148.5, 27.44, 4.75073e-07
FILLER_3_247, 148.5, 27.44, 4.75073e-07
FILLER_4_247, 148.5, 27.44, 4.75073e-07
FILLER_4_250, 151.2, 27.44, 4.77224e-07
FILLER_3_263, 156.6, 27.44, 4.81486e-07
FILLER_4_266, 159.3, 27.44, 4.83596e-07
FILLER_3_279, 167.4, 27.44, 4.89867e-07
FILLER_3_283, 167.4, 27.44, 4.89867e-07
FILLER_4_282, 167.4, 27.44, 4.89867e-07
TAP_323, 170.1, 27.44, 4.91896e-07
FILLER_3_286, 170.1, 27.44, 4.91896e-07
FILLER_3_302, 178.2, 27.44, 4.97863e-07
FILLER_4_298, 178.2, 27.44, 4.97863e-07
FILLER_4_314, 186.3, 27.44, 5.03286e-07
TAP_337, 189, 27.44, 5.05003e-07
FILLER_3_318, 189, 27.44, 5.05003e-07
FILLER_4_318, 189, 27.44, 5.05003e-07
FILLER_4_321, 189, 27.44, 5.05003e-07
FILLER_3_334, 197.1, 27.44, 5.09911e-07
FILLER_4_337, 199.8, 27.44, 5.11527e-07
FILLER_3_350, 205.2, 27.44, 5.14718e-07
TAP_324, 207.9, 27.44, 5.16293e-07
FILLER_3_354, 207.9, 27.44, 5.16293e-07
FILLER_4_353, 207.9, 27.44, 5.16293e-07
FILLER_3_357, 210.6, 27.44, 5.17808e-07
FILLER_4_369, 216, 27.44, 5.20796e-07
FILLER_3_373, 218.7, 27.44, 5.2227e-07
FILLER_3_389, 226.8, 27.44, 5.26614e-07
FILLER_4_385, 226.8, 27.44, 5.26614e-07
FILLER_4_389, 226.8, 27.44, 5.26614e-07
TAP_338, 229.5, 27.44, 5.27998e-07
FILLER_4_392, 229.5, 27.44, 5.27998e-07
FILLER_3_405, 237.6, 27.44, 5.32028e-07
FILLER_4_408, 237.6, 27.44, 5.32028e-07
FILLER_3_421, 245.7, 27.44, 5.35937e-07
TAP_325, 248.4, 27.44, 5.3722e-07
FILLER_3_425, 248.4, 27.44, 5.3722e-07
FILLER_4_424, 248.4, 27.44, 5.3722e-07
FILLER_3_428, 251.1, 27.44, 5.38442e-07
FILLER_4_440, 256.5, 27.44, 5.40845e-07
FILLER_3_444, 259.2, 27.44, 5.42027e-07
FILLER_4_456, 264.6, 27.44, 5.44564e-07
TAP_339, 267.3, 27.44, 5.45919e-07
FILLER_3_460, 267.3, 27.44, 5.45919e-07
FILLER_4_460, 267.3, 27.44, 5.45919e-07
FILLER_4_463, 270, 27.44, 5.47214e-07
FILLER_3_476, 275.4, 27.44, 5.49763e-07
FILLER_4_479, 278.1, 27.44, 5.51017e-07
FILLER_3_492, 286.2, 27.44, 5.54718e-07
FILLER_4_495, 286.2, 27.44, 5.54718e-07
TAP_326, 288.9, 27.44, 5.55912e-07
FILLER_3_496, 288.9, 27.44, 5.55912e-07
FILLER_3_499, 288.9, 27.44, 5.55912e-07
FILLER_4_511, 297, 27.44, 5.5931e-07
FILLER_3_515, 299.7, 27.44, 5.60422e-07
FILLER_4_527, 305.1, 27.44, 5.63286e-07
TAP_340, 307.8, 27.44, 5.64698e-07
FILLER_3_531, 307.8, 27.44, 5.64698e-07
FILLER_4_531, 307.8, 27.44, 5.64698e-07
FILLER_4_534, 307.8, 27.44, 5.64698e-07
FILLER_3_547, 315.9, 27.44, 5.68691e-07
FILLER_4_550, 318.6, 27.44, 5.70001e-07
FILLER_3_563, 326.7, 27.44, 5.73872e-07
FILLER_3_567, 326.7, 27.44, 5.73872e-07
FILLER_4_566, 326.7, 27.44, 5.73872e-07
TAP_327, 329.4, 27.44, 5.75102e-07
FILLER_3_570, 329.4, 27.44, 5.75102e-07
FILLER_4_582, 334.8, 27.44, 5.7748e-07
FILLER_3_586, 337.5, 27.44, 5.78649e-07
FILLER_4_598, 345.6, 27.44, 5.82667e-07
TAP_341, 348.3, 27.44, 5.84081e-07
FILLER_3_602, 348.3, 27.44, 5.84081e-07
FILLER_4_602, 348.3, 27.44, 5.84081e-07
FILLER_4_605, 348.3, 27.44, 5.84081e-07
FILLER_3_618, 356.4, 27.44, 5.88082e-07
FILLER_4_621, 359.1, 27.44, 5.89395e-07
FILLER_3_634, 364.5, 27.44, 5.91981e-07
TAP_328, 367.2, 27.44, 5.93254e-07
FILLER_3_638, 367.2, 27.44, 5.93254e-07
FILLER_4_637, 367.2, 27.44, 5.93254e-07
FILLER_3_641, 369.9, 27.44, 5.94465e-07
FILLER_4_653, 375.3, 27.44, 5.96849e-07
FILLER_3_657, 378, 27.44, 5.9802e-07
FILLER_4_669, 383.4, 27.44, 6.00503e-07
FILLER_3_673, 386.1, 27.44, 6.01813e-07
FILLER_4_673, 386.1, 27.44, 6.01813e-07
TAP_342, 388.8, 27.44, 6.03084e-07
FILLER_4_676, 388.8, 27.44, 6.03084e-07
FILLER_3_689, 396.9, 27.44, 6.06773e-07
FILLER_4_692, 396.9, 27.44, 6.06773e-07
FILLER_3_705, 405, 27.44, 6.10341e-07
TAP_329, 407.7, 27.44, 6.1151e-07
FILLER_3_709, 407.7, 27.44, 6.1151e-07
FILLER_3_712, 407.7, 27.44, 6.1151e-07
FILLER_4_708, 407.7, 27.44, 6.1151e-07
FILLER_4_724, 415.8, 27.44, 6.14774e-07
FILLER_3_728, 418.5, 27.44, 6.15842e-07
FILLER_4_740, 423.9, 27.44, 6.1801e-07
TAP_343, 426.6, 27.44, 6.1911e-07
FILLER_3_744, 426.6, 27.44, 6.1911e-07
FILLER_4_744, 426.6, 27.44, 6.1911e-07
FILLER_4_747, 429.3, 27.44, 6.20149e-07
FILLER_3_760, 434.7, 27.44, 6.22187e-07
FILLER_4_763, 437.4, 27.44, 6.23186e-07
FILLER_3_776, 445.5, 27.44, 6.26122e-07
FILLER_4_779, 445.5, 27.44, 6.26122e-07
TAP_330, 448.2, 27.44, 6.2706e-07
FILLER_3_780, 448.2, 27.44, 6.2706e-07
FILLER_3_783, 448.2, 27.44, 6.2706e-07
FILLER_3_799, 456.3, 27.44, 6.29692e-07
FILLER_4_795, 456.3, 27.44, 6.29692e-07
FILLER_4_811, 464.4, 27.44, 6.32178e-07
TAP_344, 467.1, 27.44, 6.32971e-07
FILLER_3_815, 467.1, 27.44, 6.32971e-07
FILLER_4_815, 467.1, 27.44, 6.32971e-07
FILLER_4_818, 467.1, 27.44, 6.32971e-07
FILLER_3_831, 475.2, 27.44, 6.35105e-07
FILLER_4_834, 477.9, 27.44, 6.35797e-07
FILLER_3_847, 483.3, 27.44, 6.37139e-07
TAP_331, 486, 27.44, 6.37789e-07
FILLER_3_851, 486, 27.44, 6.37789e-07
FILLER_4_850, 486, 27.44, 6.37789e-07
FILLER_3_854, 488.7, 27.44, 6.38379e-07
FILLER_4_866, 494.1, 27.44, 6.39519e-07
FILLER_3_870, 496.8, 27.44, 6.40068e-07
FILLER_3_886, 504.9, 27.44, 6.41512e-07
FILLER_4_882, 504.9, 27.44, 6.41512e-07
FILLER_4_886, 504.9, 27.44, 6.41512e-07
TAP_345, 507.6, 27.44, 6.41836e-07
FILLER_4_889, 507.6, 27.44, 6.41836e-07
FILLER_3_902, 515.7, 27.44, 6.42686e-07
FILLER_4_905, 515.7, 27.44, 6.42686e-07
FILLER_3_918, 523.8, 27.44, 6.43415e-07
TAP_332, 526.5, 27.44, 6.43638e-07
FILLER_3_922, 526.5, 27.44, 6.43638e-07
FILLER_4_921, 526.5, 27.44, 6.43638e-07
FILLER_3_925, 529.2, 27.44, 6.438e-07
FILLER_4_937, 534.6, 27.44, 6.44084e-07
PHY_7, 537.3, 27.44, 6.44205e-07
PHY_9, 537.3, 27.44, 6.44205e-07
FILLER_3_941, 537.3, 27.44, 6.44205e-07
FILLER_3_943, 537.3, 27.44, 6.44205e-07
FILLER_4_941, 537.3, 27.44, 6.44205e-07
FILLER_4_943, 537.3, 27.44, 6.44205e-07
PHY_2, 10.8, 19.6, 3.05252e-07
PHY_4, 10.8, 19.6, 3.05252e-07
FILLER_1_2, 10.8, 19.6, 3.05252e-07
FILLER_2_2, 10.8, 19.6, 3.05252e-07
FILLER_1_18, 18.9, 19.6, 3.05009e-07
FILLER_2_18, 18.9, 19.6, 3.05009e-07
TAP_307, 29.7, 19.6, 3.15933e-07
FILLER_1_34, 29.7, 19.6, 3.15933e-07
FILLER_2_34, 29.7, 19.6, 3.15933e-07
FILLER_2_37, 29.7, 19.6, 3.15933e-07
FILLER_1_50, 37.8, 19.6, 3.26736e-07
FILLER_2_53, 40.5, 19.6, 3.30317e-07
FILLER_1_66, 45.9, 19.6, 3.37438e-07
TAP_294, 48.6, 19.6, 3.40978e-07
FILLER_1_70, 48.6, 19.6, 3.40978e-07
FILLER_2_69, 48.6, 19.6, 3.40978e-07
FILLER_1_73, 51.3, 19.6, 3.44457e-07
FILLER_2_85, 56.7, 19.6, 3.51376e-07
FILLER_1_89, 59.4, 19.6, 3.54815e-07
FILLER_2_101, 67.5, 19.6, 3.66125e-07
TAP_308, 70.2, 19.6, 3.7005e-07
FILLER_1_105, 70.2, 19.6, 3.7005e-07
FILLER_2_105, 70.2, 19.6, 3.7005e-07
FILLER_2_108, 70.2, 19.6, 3.7005e-07
FILLER_1_121, 78.3, 19.6, 3.81584e-07
FILLER_2_124, 78.3, 19.6, 3.81584e-07
FILLER_1_137, 86.4, 19.6, 3.92996e-07
TAP_295, 89.1, 19.6, 3.9678e-07
FILLER_1_141, 89.1, 19.6, 3.9678e-07
FILLER_2_140, 89.1, 19.6, 3.9678e-07
FILLER_1_144, 91.8, 19.6, 4.00503e-07
FILLER_2_156, 97.2, 19.6, 4.07908e-07
FILLER_1_160, 99.9, 19.6, 4.11591e-07
FILLER_2_172, 105.3, 19.6, 4.18046e-07
TAP_309, 108, 19.6, 4.21254e-07
FILLER_1_176, 108, 19.6, 4.21254e-07
FILLER_2_176, 108, 19.6, 4.21254e-07
FILLER_2_179, 110.7, 19.6, 4.244e-07
FILLER_1_192, 118.8, 19.6, 4.3378e-07
FILLER_2_195, 118.8, 19.6, 4.3378e-07
FILLER_1_208, 126.9, 19.6, 4.43038e-07
FILLER_2_211, 126.9, 19.6, 4.43038e-07
TAP_296, 129.6, 19.6, 4.46083e-07
FILLER_1_212, 129.6, 19.6, 4.46083e-07
FILLER_1_215, 129.6, 19.6, 4.46083e-07
FILLER_2_227, 137.7, 19.6, 4.55037e-07
FILLER_1_231, 140.4, 19.6, 4.58001e-07
FILLER_2_243, 145.8, 19.6, 4.62983e-07
TAP_310, 148.5, 19.6, 4.65453e-07
FILLER_1_247, 148.5, 19.6, 4.65453e-07
FILLER_2_247, 148.5, 19.6, 4.65453e-07
FILLER_2_250, 151.2, 19.6, 4.67863e-07
FILLER_1_263, 156.6, 19.6, 4.72642e-07
FILLER_2_266, 159.3, 19.6, 4.75011e-07
FILLER_1_279, 167.4, 19.6, 4.82058e-07
FILLER_1_283, 167.4, 19.6, 4.82058e-07
FILLER_2_282, 167.4, 19.6, 4.82058e-07
TAP_297, 170.1, 19.6, 4.84346e-07
FILLER_1_286, 170.1, 19.6, 4.84346e-07
FILLER_1_302, 178.2, 19.6, 4.91089e-07
FILLER_2_298, 178.2, 19.6, 4.91089e-07
FILLER_2_314, 186.3, 19.6, 4.97151e-07
TAP_311, 189, 19.6, 4.99058e-07
FILLER_1_318, 189, 19.6, 4.99058e-07
FILLER_2_318, 189, 19.6, 4.99058e-07
FILLER_2_321, 189, 19.6, 4.99058e-07
FILLER_1_334, 197.1, 19.6, 5.04537e-07
FILLER_2_337, 199.8, 19.6, 5.06343e-07
FILLER_1_350, 205.2, 19.6, 5.09915e-07
TAP_298, 207.9, 19.6, 5.11681e-07
FILLER_1_354, 207.9, 19.6, 5.11681e-07
FILLER_2_353, 207.9, 19.6, 5.11681e-07
FILLER_1_357, 210.6, 19.6, 5.13386e-07
FILLER_2_369, 216, 19.6, 5.16755e-07
FILLER_1_373, 218.7, 19.6, 5.18419e-07
FILLER_1_389, 226.8, 19.6, 5.23234e-07
FILLER_2_385, 226.8, 19.6, 5.23234e-07
FILLER_2_389, 226.8, 19.6, 5.23234e-07
TAP_312, 229.5, 19.6, 5.24759e-07
FILLER_2_392, 229.5, 19.6, 5.24759e-07
FILLER_1_405, 237.6, 19.6, 5.29212e-07
FILLER_2_408, 237.6, 19.6, 5.29212e-07
FILLER_1_421, 245.7, 19.6, 5.33544e-07
TAP_299, 248.4, 19.6, 5.34967e-07
FILLER_1_425, 248.4, 19.6, 5.34967e-07
FILLER_2_424, 248.4, 19.6, 5.34967e-07
FILLER_1_428, 251.1, 19.6, 5.3633e-07
FILLER_2_440, 256.5, 19.6, 5.39015e-07
FILLER_1_444, 259.2, 19.6, 5.40338e-07
FILLER_2_456, 264.6, 19.6, 5.43103e-07
TAP_313, 267.3, 19.6, 5.44545e-07
FILLER_1_460, 267.3, 19.6, 5.44545e-07
FILLER_2_460, 267.3, 19.6, 5.44545e-07
FILLER_2_463, 270, 19.6, 5.45927e-07
FILLER_1_476, 275.4, 19.6, 5.48651e-07
FILLER_2_479, 278.1, 19.6, 5.49992e-07
FILLER_1_492, 286.2, 19.6, 5.53956e-07
FILLER_2_495, 286.2, 19.6, 5.53956e-07
TAP_300, 288.9, 19.6, 5.55236e-07
FILLER_1_496, 288.9, 19.6, 5.55236e-07
FILLER_1_499, 288.9, 19.6, 5.55236e-07
FILLER_2_511, 297, 19.6, 5.58896e-07
FILLER_1_515, 299.7, 19.6, 5.60096e-07
FILLER_2_527, 305.1, 19.6, 5.62976e-07
TAP_314, 307.8, 19.6, 5.64396e-07
FILLER_1_531, 307.8, 19.6, 5.64396e-07
FILLER_2_531, 307.8, 19.6, 5.64396e-07
FILLER_2_534, 307.8, 19.6, 5.64396e-07
FILLER_1_547, 315.9, 19.6, 5.68412e-07
FILLER_2_550, 318.6, 19.6, 5.6973e-07
FILLER_1_563, 326.7, 19.6, 5.73625e-07
FILLER_1_567, 326.7, 19.6, 5.73625e-07
FILLER_2_566, 326.7, 19.6, 5.73625e-07
TAP_301, 329.4, 19.6, 5.74862e-07
FILLER_1_570, 329.4, 19.6, 5.74862e-07
FILLER_2_582, 334.8, 19.6, 5.77256e-07
FILLER_1_586, 337.5, 19.6, 5.78433e-07
FILLER_2_598, 345.6, 19.6, 5.82396e-07
TAP_315, 348.3, 19.6, 5.8378e-07
FILLER_1_602, 348.3, 19.6, 5.8378e-07
FILLER_2_602, 348.3, 19.6, 5.8378e-07
FILLER_2_605, 348.3, 19.6, 5.8378e-07
FILLER_1_618, 356.4, 19.6, 5.87687e-07
FILLER_2_621, 359.1, 19.6, 5.88969e-07
FILLER_1_634, 364.5, 19.6, 5.91493e-07
TAP_302, 367.2, 19.6, 5.92734e-07
FILLER_1_638, 367.2, 19.6, 5.92734e-07
FILLER_2_637, 367.2, 19.6, 5.92734e-07
FILLER_1_641, 369.9, 19.6, 5.93915e-07
FILLER_2_653, 375.3, 19.6, 5.96236e-07
FILLER_1_657, 378, 19.6, 5.97377e-07
FILLER_2_669, 383.4, 19.6, 5.99787e-07
FILLER_1_673, 386.1, 19.6, 6.01057e-07
FILLER_2_673, 386.1, 19.6, 6.01057e-07
TAP_316, 388.8, 19.6, 6.02286e-07
FILLER_2_676, 388.8, 19.6, 6.02286e-07
FILLER_1_689, 396.9, 19.6, 6.05852e-07
FILLER_2_692, 396.9, 19.6, 6.05852e-07
FILLER_1_705, 405, 19.6, 6.09297e-07
TAP_303, 407.7, 19.6, 6.10425e-07
FILLER_1_709, 407.7, 19.6, 6.10425e-07
FILLER_1_712, 407.7, 19.6, 6.10425e-07
FILLER_2_708, 407.7, 19.6, 6.10425e-07
FILLER_2_724, 415.8, 19.6, 6.13566e-07
FILLER_1_728, 418.5, 19.6, 6.14593e-07
FILLER_2_740, 423.9, 19.6, 6.16686e-07
TAP_317, 426.6, 19.6, 6.17752e-07
FILLER_1_744, 426.6, 19.6, 6.17752e-07
FILLER_2_744, 426.6, 19.6, 6.17752e-07
FILLER_2_747, 429.3, 19.6, 6.18757e-07
FILLER_1_760, 434.7, 19.6, 6.20727e-07
FILLER_2_763, 437.4, 19.6, 6.21692e-07
FILLER_1_776, 445.5, 19.6, 6.24525e-07
FILLER_2_779, 445.5, 19.6, 6.24525e-07
TAP_304, 448.2, 19.6, 6.25429e-07
FILLER_1_780, 448.2, 19.6, 6.25429e-07
FILLER_1_783, 448.2, 19.6, 6.25429e-07
FILLER_1_799, 456.3, 19.6, 6.27958e-07
FILLER_2_795, 456.3, 19.6, 6.27958e-07
FILLER_2_811, 464.4, 19.6, 6.30357e-07
TAP_318, 467.1, 19.6, 6.31131e-07
FILLER_1_815, 467.1, 19.6, 6.31131e-07
FILLER_2_815, 467.1, 19.6, 6.31131e-07
FILLER_2_818, 467.1, 19.6, 6.31131e-07
FILLER_1_831, 475.2, 19.6, 6.33209e-07
FILLER_2_834, 477.9, 19.6, 6.33881e-07
FILLER_1_847, 483.3, 19.6, 6.35185e-07
TAP_305, 486, 19.6, 6.35817e-07
FILLER_1_851, 486, 19.6, 6.35817e-07
FILLER_2_850, 486, 19.6, 6.35817e-07
FILLER_1_854, 488.7, 19.6, 6.36388e-07
FILLER_2_866, 494.1, 19.6, 6.3749e-07
FILLER_1_870, 496.8, 19.6, 6.3802e-07
FILLER_1_886, 504.9, 19.6, 6.39426e-07
FILLER_2_882, 504.9, 19.6, 6.39426e-07
FILLER_2_886, 504.9, 19.6, 6.39426e-07
TAP_319, 507.6, 19.6, 6.3975e-07
FILLER_2_889, 507.6, 19.6, 6.3975e-07
FILLER_1_902, 515.7, 19.6, 6.406e-07
FILLER_2_905, 515.7, 19.6, 6.406e-07
FILLER_1_918, 523.8, 19.6, 6.41329e-07
TAP_306, 526.5, 19.6, 6.41552e-07
FILLER_1_922, 526.5, 19.6, 6.41552e-07
FILLER_2_921, 526.5, 19.6, 6.41552e-07
FILLER_1_925, 529.2, 19.6, 6.41714e-07
FILLER_2_937, 534.6, 19.6, 6.41997e-07
PHY_3, 537.3, 19.6, 6.42119e-07
PHY_5, 537.3, 19.6, 6.42119e-07
FILLER_1_941, 537.3, 19.6, 6.42119e-07
FILLER_1_943, 537.3, 19.6, 6.42119e-07
FILLER_2_941, 537.3, 19.6, 6.42119e-07
FILLER_2_943, 537.3, 19.6, 6.42119e-07
PHY_0, 10.8, 11.76, 2.70052e-07
FILLER_0_2, 10.8, 11.76, 2.70052e-07
FILLER_0_18, 18.9, 11.76, 2.69931e-07
TAP_268, 29.7, 11.76, 2.83122e-07
FILLER_0_34, 29.7, 11.76, 2.83122e-07
FILLER_0_37, 29.7, 11.76, 2.83122e-07
FILLER_0_53, 40.5, 11.76, 3.00549e-07
TAP_269, 48.6, 11.76, 3.13558e-07
FILLER_0_69, 48.6, 11.76, 3.13558e-07
FILLER_0_72, 51.3, 11.76, 3.17854e-07
FILLER_0_88, 59.4, 11.76, 3.30681e-07
FILLER_0_104, 67.5, 11.76, 3.43929e-07
TAP_270, 70.2, 11.76, 3.48405e-07
FILLER_0_107, 70.2, 11.76, 3.48405e-07
FILLER_0_123, 78.3, 11.76, 3.61712e-07
TAP_271, 89.1, 11.76, 3.79374e-07
FILLER_0_139, 89.1, 11.76, 3.79374e-07
FILLER_0_142, 89.1, 11.76, 3.79374e-07
FILLER_0_158, 99.9, 11.76, 3.96792e-07
TAP_272, 108, 11.76, 4.07406e-07
FILLER_0_174, 108, 11.76, 4.07406e-07
FILLER_0_177, 108, 11.76, 4.07406e-07
FILLER_0_193, 118.8, 11.76, 4.21314e-07
TAP_273, 126.9, 11.76, 4.31685e-07
FILLER_0_209, 126.9, 11.76, 4.31685e-07
FILLER_0_212, 129.6, 11.76, 4.35101e-07
FILLER_0_228, 137.7, 11.76, 4.4529e-07
FILLER_0_244, 145.8, 11.76, 4.53975e-07
TAP_274, 148.5, 11.76, 4.5661e-07
FILLER_0_247, 148.5, 11.76, 4.5661e-07
FILLER_0_263, 156.6, 11.76, 4.64393e-07
TAP_275, 167.4, 11.76, 4.74689e-07
FILLER_0_279, 167.4, 11.76, 4.74689e-07
FILLER_0_282, 167.4, 11.76, 4.74689e-07
FILLER_0_298, 178.2, 11.76, 4.84742e-07
TAP_276, 186.3, 11.76, 4.91264e-07
FILLER_0_314, 186.3, 11.76, 4.91264e-07
FILLER_0_317, 186.3, 11.76, 4.91264e-07
FILLER_0_333, 197.1, 11.76, 4.99078e-07
TAP_277, 205.2, 11.76, 5.04878e-07
FILLER_0_349, 205.2, 11.76, 5.04878e-07
FILLER_0_352, 207.9, 11.76, 5.06771e-07
FILLER_0_368, 216, 11.76, 5.12388e-07
FILLER_0_384, 224.1, 11.76, 5.1772e-07
TAP_278, 226.8, 11.76, 5.19326e-07
FILLER_0_387, 226.8, 11.76, 5.19326e-07
FILLER_0_403, 234.9, 11.76, 5.24024e-07
TAP_279, 245.7, 11.76, 5.30208e-07
FILLER_0_419, 245.7, 11.76, 5.30208e-07
FILLER_0_422, 245.7, 11.76, 5.30208e-07
FILLER_0_438, 256.5, 11.76, 5.36148e-07
TAP_280, 264.6, 11.76, 5.40546e-07
FILLER_0_454, 264.6, 11.76, 5.40546e-07
FILLER_0_457, 267.3, 11.76, 5.41974e-07
FILLER_0_473, 275.4, 11.76, 5.46197e-07
TAP_281, 283.5, 11.76, 5.5036e-07
FILLER_0_489, 283.5, 11.76, 5.5036e-07
FILLER_0_492, 286.2, 11.76, 5.51707e-07
FILLER_0_508, 294.3, 11.76, 5.55687e-07
FILLER_0_524, 302.4, 11.76, 5.59702e-07
TAP_282, 305.1, 11.76, 5.61084e-07
FILLER_0_527, 305.1, 11.76, 5.61084e-07
FILLER_0_543, 313.2, 11.76, 5.65109e-07
TAP_283, 324, 11.76, 5.70394e-07
FILLER_0_559, 324, 11.76, 5.70394e-07
FILLER_0_562, 324, 11.76, 5.70394e-07
FILLER_0_578, 334.8, 11.76, 5.75436e-07
TAP_284, 342.9, 11.76, 5.79259e-07
FILLER_0_594, 342.9, 11.76, 5.79259e-07
FILLER_0_597, 345.6, 11.76, 5.80562e-07
FILLER_0_613, 353.7, 11.76, 5.84407e-07
TAP_285, 361.8, 11.76, 5.88192e-07
FILLER_0_629, 361.8, 11.76, 5.88192e-07
FILLER_0_632, 364.5, 11.76, 5.89413e-07
FILLER_0_648, 372.6, 11.76, 5.93016e-07
FILLER_0_664, 380.7, 11.76, 5.96558e-07
TAP_286, 383.4, 11.76, 5.97756e-07
FILLER_0_667, 383.4, 11.76, 5.97756e-07
FILLER_0_683, 391.5, 11.76, 6.01227e-07
TAP_287, 402.3, 11.76, 6.05775e-07
FILLER_0_699, 402.3, 11.76, 6.05775e-07
FILLER_0_702, 402.3, 11.76, 6.05775e-07
FILLER_0_718, 413.1, 11.76, 6.1008e-07
TAP_288, 421.2, 11.76, 6.13248e-07
FILLER_0_734, 421.2, 11.76, 6.13248e-07
FILLER_0_737, 423.9, 11.76, 6.14212e-07
FILLER_0_753, 432, 11.76, 6.17045e-07
TAP_289, 440.1, 11.76, 6.19818e-07
FILLER_0_769, 440.1, 11.76, 6.19818e-07
FILLER_0_772, 442.8, 11.76, 6.20701e-07
FILLER_0_788, 450.9, 11.76, 6.23292e-07
FILLER_0_804, 459, 11.76, 6.25821e-07
TAP_290, 461.7, 11.76, 6.26644e-07
FILLER_0_807, 461.7, 11.76, 6.26644e-07
FILLER_0_823, 469.8, 11.76, 6.28516e-07
TAP_291, 480.6, 11.76, 6.30931e-07
FILLER_0_839, 480.6, 11.76, 6.30931e-07
FILLER_0_842, 480.6, 11.76, 6.30931e-07
FILLER_0_858, 491.4, 11.76, 6.33103e-07
TAP_292, 499.5, 11.76, 6.34672e-07
FILLER_0_874, 499.5, 11.76, 6.34672e-07
FILLER_0_877, 502.2, 11.76, 6.35154e-07
FILLER_0_893, 510.3, 11.76, 6.35519e-07
TAP_293, 518.4, 11.76, 6.35822e-07
FILLER_0_909, 518.4, 11.76, 6.35822e-07
FILLER_0_912, 521.1, 11.76, 6.35883e-07
FILLER_0_928, 529.2, 11.76, 6.36005e-07
PHY_1, 537.3, 11.76, 6.36065e-07

