OpenROAD f12e2f474102bfb875eeee57fb610d7d7de17770 
This program is licensed under the BSD-3 license. See the LICENSE file for details.
Components of this program may be licensed under more restrictive licenses which must be honored.
[INFO PSM-0002] Output voltage file is specified as: /workspace/iris_c3a247b9-0025-43e1-bae8-42a940fa0b63/Chip-Orchestra/output/nanocgra_lite_3x3_opt/reports/pdnsim_vdd.rpt.
[WARNING PSM-0016] Voltage pad location (VSRC) file not specified, defaulting pad location to checkerboard pattern on core area.
[WARNING PSM-0017] X direction bump pitch is not specified, defaulting to 140um.
[WARNING PSM-0018] Y direction bump pitch is not specified, defaulting to 140um.
[WARNING PSM-0065] VSRC location not specified, using default checkerboard pattern with one VDD every size bumps in x-direction and one in two bumps in the y-direction
[WARNING PSM-0030] VSRC location at (10.080um, 11.760um) and size 10.000um, is not located on an existing power stripe node. Moving to closest node at (10.080um, 41.460um).
[WARNING PSM-0030] VSRC location at (290.080um, 151.760um) and size 10.000um, is not located on an existing power stripe node. Moving to closest node at (280.080um, 161.460um).
[INFO PSM-0031] Number of PDN nodes on net vdd = 16202.
[WARNING PSM-0024] Instance _04710_, current node at (415800, 658560) at layer 1 have been moved from (415520, 650720).
[WARNING PSM-0024] Instance _04711_, current node at (399600, 595840) at layer 1 have been moved from (399840, 588000).
[WARNING PSM-0024] Instance _04712_, current node at (270000, 846720) at layer 1 have been moved from (268800, 838880).
[WARNING PSM-0024] Instance _04713_, current node at (275400, 846720) at layer 1 have been moved from (273280, 838880).
[WARNING PSM-0024] Instance _04715_, current node at (221400, 815360) at layer 1 have been moved from (221760, 807520).
[WARNING PSM-0024] Instance _04716_, current node at (216000, 831040) at layer 1 have been moved from (213920, 823200).
[WARNING PSM-0024] Instance _04718_, current node at (415800, 705600) at layer 1 have been moved from (415520, 697760).
[WARNING PSM-0024] Instance _04719_, current node at (453600, 705600) at layer 1 have been moved from (451360, 697760).
[WARNING PSM-0024] Instance _04720_, current node at (378000, 564480) at layer 1 have been moved from (379680, 556640).
[WARNING PSM-0024] Instance _04721_, current node at (334800, 689920) at layer 1 have been moved from (336000, 682080).
[WARNING PSM-0024] Instance _04726_, current node at (696600, 689920) at layer 1 have been moved from (697760, 682080).
[WARNING PSM-0024] Instance _04728_, current node at (572400, 784000) at layer 1 have been moved from (572320, 776160).
[WARNING PSM-0024] Instance _04729_, current node at (545400, 705600) at layer 1 have been moved from (546560, 697760).
[WARNING PSM-0024] Instance _04730_, current node at (707400, 705600) at layer 1 have been moved from (706720, 697760).
[WARNING PSM-0024] Instance _04735_, current node at (140400, 658560) at layer 1 have been moved from (141120, 650720).
[WARNING PSM-0024] Instance _04737_, current node at (156600, 642880) at layer 1 have been moved from (159040, 635040).
[WARNING PSM-0024] Instance _04747_, current node at (232200, 611520) at layer 1 have been moved from (229600, 603680).
[WARNING PSM-0024] Instance _04749_, current node at (221400, 642880) at layer 1 have been moved from (220640, 635040).
[WARNING PSM-0024] Instance _04751_, current node at (729000, 533120) at layer 1 have been moved from (726880, 525280).
[WARNING PSM-0024] Instance _04754_, current node at (918000, 517440) at layer 1 have been moved from (920640, 509600).
[WARNING PSM-0024] Instance _04755_, current node at (907200, 501760) at layer 1 have been moved from (908320, 493920).
[WARNING PSM-0024] Instance _04758_, current node at (793800, 972160) at layer 1 have been moved from (795200, 964320).
[WARNING PSM-0024] Instance _04759_, current node at (1047600, 987840) at layer 1 have been moved from (1044960, 980000).
[WARNING PSM-0024] Instance _04761_, current node at (1026000, 407680) at layer 1 have been moved from (1025920, 399840).
[WARNING PSM-0024] Instance _04764_, current node at (934200, 470400) at layer 1 have been moved from (936320, 462560).
[WARNING PSM-0024] Instance _04765_, current node at (837000, 658560) at layer 1 have been moved from (838880, 650720).
[WARNING PSM-0024] Instance _04766_, current node at (864000, 674240) at layer 1 have been moved from (862400, 666400).
[WARNING PSM-0024] Instance _04768_, current node at (928800, 423360) at layer 1 have been moved from (926240, 415520).
[WARNING PSM-0024] Instance _04769_, current node at (918000, 439040) at layer 1 have been moved from (916160, 431200).
[WARNING PSM-0024] Instance _04770_, current node at (766800, 470400) at layer 1 have been moved from (766080, 462560).
[WARNING PSM-0024] Instance _04771_, current node at (826200, 486080) at layer 1 have been moved from (825440, 478240).
[WARNING PSM-0024] Instance _04772_, current node at (777600, 454720) at layer 1 have been moved from (777280, 446880).
[WARNING PSM-0024] Instance _04776_, current node at (777600, 329280) at layer 1 have been moved from (779520, 321440).
[WARNING PSM-0024] Instance _04780_, current node at (529200, 423360) at layer 1 have been moved from (527520, 415520).
[WARNING PSM-0024] Instance _04782_, current node at (486000, 392000) at layer 1 have been moved from (488320, 384160).
[WARNING PSM-0024] Instance _04783_, current node at (599400, 360640) at layer 1 have been moved from (599200, 352800).
[WARNING PSM-0024] Instance _04787_, current node at (918000, 658560) at layer 1 have been moved from (916160, 650720).
[WARNING PSM-0024] Instance _04791_, current node at (777600, 768320) at layer 1 have been moved from (777280, 760480).
[WARNING PSM-0024] Instance _04792_, current node at (831600, 784000) at layer 1 have been moved from (831040, 776160).
[WARNING PSM-0024] Instance _04793_, current node at (842400, 517440) at layer 1 have been moved from (840000, 509600).
[WARNING PSM-0024] Instance _04795_, current node at (761400, 689920) at layer 1 have been moved from (763840, 682080).
[WARNING PSM-0024] Instance _04796_, current node at (766800, 658560) at layer 1 have been moved from (766080, 650720).
[WARNING PSM-0024] Instance _04798_, current node at (793800, 548800) at layer 1 have been moved from (791840, 540960).
[WARNING PSM-0024] Instance _04801_, current node at (831600, 580160) at layer 1 have been moved from (833280, 572320).
[WARNING PSM-0024] Instance _04804_, current node at (928800, 658560) at layer 1 have been moved from (927360, 650720).
[WARNING PSM-0024] Instance _04805_, current node at (869400, 501760) at layer 1 have been moved from (866880, 493920).
[WARNING PSM-0024] Instance _04806_, current node at (847800, 470400) at layer 1 have been moved from (850080, 462560).
[WARNING PSM-0024] Instance _04808_, current node at (896400, 658560) at layer 1 have been moved from (897120, 650720).
[WARNING PSM-0024] Instance _04809_, current node at (523800, 627200) at layer 1 have been moved from (525280, 619360).
[WARNING PSM-0024] Instance _04812_, current node at (540000, 642880) at layer 1 have been moved from (542080, 635040).
[WARNING PSM-0024] Instance _04813_, current node at (572400, 627200) at layer 1 have been moved from (571200, 619360).
[WARNING PSM-0024] Instance _04817_, current node at (610200, 721280) at layer 1 have been moved from (611520, 713440).
[WARNING PSM-0024] Instance _04820_, current node at (734400, 799680) at layer 1 have been moved from (732480, 791840).
[WARNING PSM-0024] Instance _04821_, current node at (837000, 862400) at layer 1 have been moved from (834400, 854560).
[WARNING PSM-0024] Instance _04822_, current node at (837000, 831040) at layer 1 have been moved from (837760, 823200).
[WARNING PSM-0024] Instance _04825_, current node at (950400, 878080) at layer 1 have been moved from (950880, 870240).
[WARNING PSM-0024] Instance _04830_, current node at (626400, 862400) at layer 1 have been moved from (628320, 854560).
[WARNING PSM-0024] Instance _04831_, current node at (637200, 862400) at layer 1 have been moved from (635040, 854560).
[WARNING PSM-0024] Instance _04833_, current node at (777600, 862400) at layer 1 have been moved from (777280, 854560).
[WARNING PSM-0024] Instance _04835_, current node at (696600, 784000) at layer 1 have been moved from (697760, 776160).
[WARNING PSM-0024] Instance _04838_, current node at (480600, 784000) at layer 1 have been moved from (479360, 776160).
[WARNING PSM-0024] Instance _04841_, current node at (513000, 705600) at layer 1 have been moved from (515200, 697760).
[WARNING PSM-0024] Instance _04844_, current node at (91800, 533120) at layer 1 have been moved from (91840, 525280).
[WARNING PSM-0024] Instance _04846_, current node at (205200, 705600) at layer 1 have been moved from (204960, 697760).
[WARNING PSM-0024] Instance _04849_, current node at (81000, 595840) at layer 1 have been moved from (80640, 588000).
[WARNING PSM-0024] Instance _04850_, current node at (151200, 627200) at layer 1 have been moved from (148960, 619360).
[WARNING PSM-0024] Instance _04851_, current node at (162000, 313600) at layer 1 have been moved from (162400, 305760).
[WARNING PSM-0024] Instance _04852_, current node at (237600, 329280) at layer 1 have been moved from (235200, 321440).
[WARNING PSM-0024] Instance _04853_, current node at (156600, 282240) at layer 1 have been moved from (159040, 274400).
[WARNING PSM-0024] Instance _04854_, current node at (248400, 282240) at layer 1 have been moved from (246400, 274400).
[WARNING PSM-0024] Instance _04855_, current node at (318600, 235200) at layer 1 have been moved from (319200, 227360).
[WARNING PSM-0024] Instance _04858_, current node at (426600, 235200) at layer 1 have been moved from (428960, 227360).
[WARNING PSM-0024] Instance _04860_, current node at (248400, 501760) at layer 1 have been moved from (246400, 493920).
[WARNING PSM-0024] Instance _04863_, current node at (232200, 235200) at layer 1 have been moved from (231840, 227360).
[WARNING PSM-0024] Instance _04864_, current node at (156600, 235200) at layer 1 have been moved from (157920, 227360).
[WARNING PSM-0024] Instance _04865_, current node at (253800, 219520) at layer 1 have been moved from (253120, 211680).
[WARNING PSM-0024] Instance _04866_, current node at (189000, 235200) at layer 1 have been moved from (189280, 227360).
[WARNING PSM-0024] Instance _04867_, current node at (75600, 266560) at layer 1 have been moved from (77280, 258720).
[WARNING PSM-0024] Instance _04871_, current node at (291600, 454720) at layer 1 have been moved from (293440, 446880).
[WARNING PSM-0024] Instance _04872_, current node at (421200, 454720) at layer 1 have been moved from (420000, 446880).
[WARNING PSM-0024] Instance _04876_, current node at (448200, 360640) at layer 1 have been moved from (449120, 352800).
[WARNING PSM-0024] Instance _04879_, current node at (81000, 407680) at layer 1 have been moved from (78400, 399840).
[WARNING PSM-0024] Instance _04881_, current node at (81000, 392000) at layer 1 have been moved from (82880, 384160).
[WARNING PSM-0024] Instance _04882_, current node at (86400, 486080) at layer 1 have been moved from (87360, 478240).
[WARNING PSM-0024] Instance _04883_, current node at (172800, 407680) at layer 1 have been moved from (173600, 399840).
[WARNING PSM-0024] Instance _04884_, current node at (216000, 376320) at layer 1 have been moved from (213920, 368480).
[WARNING PSM-0024] Instance _04885_, current node at (162000, 423360) at layer 1 have been moved from (164640, 415520).
[WARNING PSM-0024] Instance _04887_, current node at (378000, 219520) at layer 1 have been moved from (379680, 211680).
[WARNING PSM-0024] Instance _04888_, current node at (448200, 235200) at layer 1 have been moved from (450240, 227360).
[WARNING PSM-0024] Instance _04889_, current node at (383400, 219520) at layer 1 have been moved from (384160, 211680).
[WARNING PSM-0024] Instance _04890_, current node at (469800, 235200) at layer 1 have been moved from (469280, 227360).
[WARNING PSM-0024] Instance _04893_, current node at (167400, 501760) at layer 1 have been moved from (166880, 493920).
[WARNING PSM-0024] Instance _04894_, current node at (178200, 548800) at layer 1 have been moved from (175840, 540960).
[WARNING PSM-0024] Instance _04895_, current node at (270000, 235200) at layer 1 have been moved from (272160, 227360).
[WARNING PSM-0024] Instance _04896_, current node at (167400, 219520) at layer 1 have been moved from (165760, 211680).
[WARNING PSM-0024] Instance _04898_, current node at (216000, 219520) at layer 1 have been moved from (213920, 211680).
[WARNING PSM-0024] Instance _04899_, current node at (97200, 219520) at layer 1 have been moved from (97440, 211680).
[WARNING PSM-0024] Instance _04901_, current node at (91800, 203840) at layer 1 have been moved from (92960, 196000).
[WARNING PSM-0024] Instance _04903_, current node at (351000, 407680) at layer 1 have been moved from (349440, 399840).
[WARNING PSM-0024] Instance _04905_, current node at (361800, 407680) at layer 1 have been moved from (360640, 399840).
[WARNING PSM-0024] Instance _04906_, current node at (448200, 407680) at layer 1 have been moved from (445760, 399840).
[WARNING PSM-0024] Instance _04907_, current node at (356400, 282240) at layer 1 have been moved from (356160, 274400).
[WARNING PSM-0024] Instance _04909_, current node at (372600, 297920) at layer 1 have been moved from (372960, 290080).
[WARNING PSM-0024] Instance _04914_, current node at (91800, 517440) at layer 1 have been moved from (94080, 509600).
[WARNING PSM-0024] Instance _04919_, current node at (361800, 172480) at layer 1 have been moved from (361760, 164640).
[WARNING PSM-0024] Instance _04921_, current node at (378000, 156800) at layer 1 have been moved from (379680, 148960).
[WARNING PSM-0024] Instance _04923_, current node at (172800, 454720) at layer 1 have been moved from (173600, 446880).
[WARNING PSM-0024] Instance _04929_, current node at (291600, 172480) at layer 1 have been moved from (288960, 164640).
[WARNING PSM-0024] Instance _04931_, current node at (54000, 219520) at layer 1 have been moved from (54880, 211680).
[WARNING PSM-0024] Instance _04932_, current node at (54000, 297920) at layer 1 have been moved from (54880, 290080).
[WARNING PSM-0024] Instance _04933_, current node at (54000, 203840) at layer 1 have been moved from (54880, 196000).
[WARNING PSM-0024] Instance _04935_, current node at (351000, 376320) at layer 1 have been moved from (352800, 368480).
[WARNING PSM-0024] Instance _04936_, current node at (394200, 376320) at layer 1 have been moved from (395360, 368480).
[WARNING PSM-0024] Instance _04937_, current node at (378000, 392000) at layer 1 have been moved from (379680, 384160).
[WARNING PSM-0024] Instance _04939_, current node at (372600, 282240) at layer 1 have been moved from (371840, 274400).
[WARNING PSM-0024] Instance _04943_, current node at (54000, 407680) at layer 1 have been moved from (54880, 399840).
[WARNING PSM-0024] Instance _04944_, current node at (54000, 470400) at layer 1 have been moved from (54880, 462560).
[WARNING PSM-0024] Instance _04947_, current node at (162000, 392000) at layer 1 have been moved from (161280, 384160).
[WARNING PSM-0024] Instance _04950_, current node at (280800, 360640) at layer 1 have been moved from (282240, 352800).
[WARNING PSM-0024] Instance _04951_, current node at (361800, 235200) at layer 1 have been moved from (360640, 227360).
[WARNING PSM-0024] Instance _04952_, current node at (448200, 266560) at layer 1 have been moved from (450240, 258720).
[WARNING PSM-0024] Instance _04953_, current node at (388800, 250880) at layer 1 have been moved from (389760, 243040).
[WARNING PSM-0024] Instance _04956_, current node at (232200, 517440) at layer 1 have been moved from (231840, 509600).
[WARNING PSM-0024] Instance _04957_, current node at (243000, 439040) at layer 1 have been moved from (244160, 431200).
[WARNING PSM-0024] Instance _04958_, current node at (221400, 501760) at layer 1 have been moved from (220640, 493920).
[WARNING PSM-0024] Instance _04967_, current node at (318600, 376320) at layer 1 have been moved from (318080, 368480).
[WARNING PSM-0024] Instance _04970_, current node at (448200, 407680) at layer 1 have been moved from (450240, 399840).
[WARNING PSM-0024] Instance _04972_, current node at (464400, 376320) at layer 1 have been moved from (467040, 368480).
[WARNING PSM-0024] Instance _04974_, current node at (491400, 344960) at layer 1 have been moved from (491680, 337120).
[WARNING PSM-0024] Instance _04976_, current node at (113400, 454720) at layer 1 have been moved from (114240, 446880).
[WARNING PSM-0024] Instance _04977_, current node at (124200, 376320) at layer 1 have been moved from (125440, 368480).
[WARNING PSM-0024] Instance _04978_, current node at (124200, 454720) at layer 1 have been moved from (122080, 446880).
[WARNING PSM-0024] Instance _04981_, current node at (194400, 297920) at layer 1 have been moved from (196000, 290080).
[WARNING PSM-0024] Instance _04984_, current node at (448200, 188160) at layer 1 have been moved from (446880, 180320).
[WARNING PSM-0024] Instance _04985_, current node at (378000, 203840) at layer 1 have been moved from (379680, 196000).
[WARNING PSM-0024] Instance _04986_, current node at (469800, 188160) at layer 1 have been moved from (469280, 180320).
[WARNING PSM-0024] Instance _04987_, current node at (243000, 486080) at layer 1 have been moved from (240800, 478240).
[WARNING PSM-0024] Instance _04989_, current node at (264600, 501760) at layer 1 have been moved from (263200, 493920).
[WARNING PSM-0024] Instance _04991_, current node at (232200, 172480) at layer 1 have been moved from (229600, 164640).
[WARNING PSM-0024] Instance _04993_, current node at (248400, 172480) at layer 1 have been moved from (250880, 164640).
[WARNING PSM-0024] Instance _04995_, current node at (43200, 250880) at layer 1 have been moved from (42560, 243040).
[WARNING PSM-0024] Instance _04996_, current node at (54000, 329280) at layer 1 have been moved from (53760, 321440).
[WARNING PSM-0024] Instance _04997_, current node at (59400, 250880) at layer 1 have been moved from (61600, 243040).
[WARNING PSM-0024] Instance _04998_, current node at (54000, 313600) at layer 1 have been moved from (54880, 305760).
[WARNING PSM-0024] Instance _04999_, current node at (329400, 501760) at layer 1 have been moved from (328160, 493920).
[WARNING PSM-0024] Instance _05000_, current node at (421200, 486080) at layer 1 have been moved from (420000, 478240).
[WARNING PSM-0024] Instance _05003_, current node at (367200, 329280) at layer 1 have been moved from (365120, 321440).
[WARNING PSM-0024] Instance _05005_, current node at (388800, 329280) at layer 1 have been moved from (389760, 321440).
[WARNING PSM-0024] Instance _05006_, current node at (475200, 313600) at layer 1 have been moved from (474880, 305760).
[WARNING PSM-0024] Instance _05008_, current node at (54000, 533120) at layer 1 have been moved from (54880, 525280).
[WARNING PSM-0024] Instance _05013_, current node at (156600, 360640) at layer 1 have been moved from (159040, 352800).
[WARNING PSM-0024] Instance _05017_, current node at (345600, 172480) at layer 1 have been moved from (343840, 164640).
[WARNING PSM-0024] Instance _05022_, current node at (210600, 548800) at layer 1 have been moved from (212800, 540960).
[WARNING PSM-0024] Instance _05027_, current node at (135000, 219520) at layer 1 have been moved from (134400, 211680).
[WARNING PSM-0024] Instance _05028_, current node at (129600, 297920) at layer 1 have been moved from (131040, 290080).
[WARNING PSM-0024] Instance _05033_, current node at (372600, 470400) at layer 1 have been moved from (370720, 462560).
[WARNING PSM-0024] Instance _05035_, current node at (318600, 282240) at layer 1 have been moved from (319200, 274400).
[WARNING PSM-0024] Instance _05039_, current node at (108000, 454720) at layer 1 have been moved from (109760, 446880).
[WARNING PSM-0024] Instance _05040_, current node at (140400, 533120) at layer 1 have been moved from (141120, 525280).
[WARNING PSM-0024] Instance _05041_, current node at (145800, 439040) at layer 1 have been moved from (146720, 431200).
[WARNING PSM-0024] Instance _05044_, current node at (221400, 360640) at layer 1 have been moved from (224000, 352800).
[WARNING PSM-0024] Instance _05054_, current node at (280800, 548800) at layer 1 have been moved from (280000, 540960).
[WARNING PSM-0024] Instance _05055_, current node at (216000, 250880) at layer 1 have been moved from (213920, 243040).
[WARNING PSM-0024] Instance _05058_, current node at (221400, 266560) at layer 1 have been moved from (220640, 258720).
[WARNING PSM-0024] Instance _05059_, current node at (54000, 266560) at layer 1 have been moved from (54880, 258720).
[WARNING PSM-0024] Instance _05062_, current node at (54000, 344960) at layer 1 have been moved from (54880, 337120).
[WARNING PSM-0024] Instance _05063_, current node at (372600, 439040) at layer 1 have been moved from (372960, 431200).
[WARNING PSM-0024] Instance _05064_, current node at (399600, 407680) at layer 1 have been moved from (402080, 399840).
[WARNING PSM-0024] Instance _05065_, current node at (378000, 454720) at layer 1 have been moved from (379680, 446880).
[WARNING PSM-0024] Instance _05067_, current node at (388800, 360640) at layer 1 have been moved from (389760, 352800).
[WARNING PSM-0024] Instance _05070_, current node at (432000, 360640) at layer 1 have been moved from (431200, 352800).
[WARNING PSM-0024] Instance _05071_, current node at (32400, 392000) at layer 1 have been moved from (34720, 384160).
[WARNING PSM-0024] Instance _05072_, current node at (54000, 501760) at layer 1 have been moved from (54880, 493920).
[WARNING PSM-0024] Instance _05073_, current node at (54000, 376320) at layer 1 have been moved from (54880, 368480).
[WARNING PSM-0024] Instance _05075_, current node at (199800, 313600) at layer 1 have been moved from (199360, 305760).
[WARNING PSM-0024] Instance _05077_, current node at (199800, 282240) at layer 1 have been moved from (197120, 274400).
[WARNING PSM-0024] Instance _05079_, current node at (302400, 203840) at layer 1 have been moved from (302400, 196000).
[WARNING PSM-0024] Instance _05083_, current node at (210600, 454720) at layer 1 have been moved from (210560, 446880).
[WARNING PSM-0024] Instance _05084_, current node at (221400, 564480) at layer 1 have been moved from (220640, 556640).
[WARNING PSM-0024] Instance _05085_, current node at (210600, 470400) at layer 1 have been moved from (209440, 462560).
[WARNING PSM-0024] Instance _05086_, current node at (243000, 548800) at layer 1 have been moved from (243040, 540960).
[WARNING PSM-0024] Instance _05089_, current node at (253800, 188160) at layer 1 have been moved from (253120, 180320).
[WARNING PSM-0024] Instance _05091_, current node at (113400, 250880) at layer 1 have been moved from (114240, 243040).
[WARNING PSM-0024] Instance _05093_, current node at (140400, 235200) at layer 1 have been moved from (141120, 227360).
[WARNING PSM-0024] Instance _05094_, current node at (140400, 313600) at layer 1 have been moved from (141120, 305760).
[WARNING PSM-0024] Instance _05095_, current node at (302400, 501760) at layer 1 have been moved from (301280, 493920).
[WARNING PSM-0024] Instance _05097_, current node at (307800, 486080) at layer 1 have been moved from (305760, 478240).
[WARNING PSM-0024] Instance _05101_, current node at (334800, 313600) at layer 1 have been moved from (332640, 305760).
[WARNING PSM-0024] Instance _05102_, current node at (432000, 313600) at layer 1 have been moved from (431200, 305760).
[WARNING PSM-0024] Instance _05104_, current node at (140400, 501760) at layer 1 have been moved from (141120, 493920).
[WARNING PSM-0024] Instance _05105_, current node at (129600, 423360) at layer 1 have been moved from (129920, 415520).
[WARNING PSM-0024] Instance _05108_, current node at (356400, 642880) at layer 1 have been moved from (357280, 635040).
[WARNING PSM-0024] Instance _05111_, current node at (378000, 721280) at layer 1 have been moved from (379680, 713440).
[WARNING PSM-0024] Instance _05115_, current node at (232200, 721280) at layer 1 have been moved from (230720, 713440).
[WARNING PSM-0024] Instance _05116_, current node at (75600, 752640) at layer 1 have been moved from (76160, 744800).
[WARNING PSM-0024] Instance _05120_, current node at (140400, 736960) at layer 1 have been moved from (141120, 729120).
[WARNING PSM-0024] Instance _05121_, current node at (124200, 736960) at layer 1 have been moved from (124320, 729120).
[WARNING PSM-0024] Instance _05123_, current node at (221400, 689920) at layer 1 have been moved from (220640, 682080).
[WARNING PSM-0024] Instance _05124_, current node at (210600, 721280) at layer 1 have been moved from (210560, 713440).
[WARNING PSM-0024] Instance _05125_, current node at (199800, 736960) at layer 1 have been moved from (197120, 729120).
[WARNING PSM-0024] Instance _05128_, current node at (172800, 721280) at layer 1 have been moved from (170240, 713440).
[WARNING PSM-0024] Instance _05129_, current node at (178200, 721280) at layer 1 have been moved from (180320, 713440).
[WARNING PSM-0024] Instance _05130_, current node at (194400, 705600) at layer 1 have been moved from (192640, 697760).
[WARNING PSM-0024] Instance _05131_, current node at (351000, 674240) at layer 1 have been moved from (348320, 666400).
[WARNING PSM-0024] Instance _05132_, current node at (356400, 674240) at layer 1 have been moved from (357280, 666400).
[WARNING PSM-0024] Instance _05133_, current node at (248400, 674240) at layer 1 have been moved from (249760, 666400).
[WARNING PSM-0024] Instance _05135_, current node at (410400, 674240) at layer 1 have been moved from (412160, 666400).
[WARNING PSM-0024] Instance _05136_, current node at (432000, 658560) at layer 1 have been moved from (432320, 650720).
[WARNING PSM-0024] Instance _05139_, current node at (351000, 705600) at layer 1 have been moved from (348320, 697760).
[WARNING PSM-0024] Instance _05141_, current node at (302400, 768320) at layer 1 have been moved from (300160, 760480).
[WARNING PSM-0024] Instance _05142_, current node at (270000, 768320) at layer 1 have been moved from (272160, 760480).
[WARNING PSM-0024] Instance _05143_, current node at (291600, 768320) at layer 1 have been moved from (288960, 760480).
[WARNING PSM-0024] Instance _05144_, current node at (172800, 689920) at layer 1 have been moved from (174720, 682080).
[WARNING PSM-0024] Instance _05147_, current node at (48600, 627200) at layer 1 have been moved from (45920, 619360).
[WARNING PSM-0024] Instance _05149_, current node at (75600, 564480) at layer 1 have been moved from (75040, 556640).
[WARNING PSM-0024] Instance _05152_, current node at (81000, 564480) at layer 1 have been moved from (81760, 556640).
[WARNING PSM-0024] Instance _05153_, current node at (167400, 580160) at layer 1 have been moved from (165760, 572320).
[WARNING PSM-0024] Instance _05155_, current node at (129600, 627200) at layer 1 have been moved from (131040, 619360).
[WARNING PSM-0024] Instance _05157_, current node at (102600, 548800) at layer 1 have been moved from (101920, 540960).
[WARNING PSM-0024] Instance _05160_, current node at (108000, 580160) at layer 1 have been moved from (108640, 572320).
[WARNING PSM-0024] Instance _05161_, current node at (81000, 580160) at layer 1 have been moved from (82880, 572320).
[WARNING PSM-0024] Instance _05164_, current node at (102600, 611520) at layer 1 have been moved from (100800, 603680).
[WARNING PSM-0024] Instance _05168_, current node at (124200, 595840) at layer 1 have been moved from (125440, 588000).
[WARNING PSM-0024] Instance _05169_, current node at (140400, 611520) at layer 1 have been moved from (141120, 603680).
[WARNING PSM-0024] Instance _05170_, current node at (135000, 642880) at layer 1 have been moved from (133280, 635040).
[WARNING PSM-0024] Instance _05171_, current node at (140400, 627200) at layer 1 have been moved from (141120, 619360).
[WARNING PSM-0024] Instance _05174_, current node at (270000, 658560) at layer 1 have been moved from (267680, 650720).
[WARNING PSM-0024] Instance _05175_, current node at (324000, 658560) at layer 1 have been moved from (324800, 650720).
[WARNING PSM-0024] Instance _05176_, current node at (232200, 768320) at layer 1 have been moved from (230720, 760480).
[WARNING PSM-0024] Instance _05177_, current node at (302400, 846720) at layer 1 have been moved from (304640, 838880).
[WARNING PSM-0024] Instance _05178_, current node at (318600, 862400) at layer 1 have been moved from (319200, 854560).
[WARNING PSM-0024] Instance _05181_, current node at (264600, 846720) at layer 1 have been moved from (263200, 838880).
[WARNING PSM-0024] Instance _05182_, current node at (253800, 846720) at layer 1 have been moved from (253120, 838880).
[WARNING PSM-0024] Instance _05183_, current node at (237600, 815360) at layer 1 have been moved from (239680, 807520).
[WARNING PSM-0024] Instance _05184_, current node at (232200, 815360) at layer 1 have been moved from (230720, 807520).
[WARNING PSM-0024] Instance _05185_, current node at (232200, 799680) at layer 1 have been moved from (234080, 791840).
[WARNING PSM-0024] Instance _05189_, current node at (275400, 768320) at layer 1 have been moved from (277760, 760480).
[WARNING PSM-0024] Instance _05190_, current node at (221400, 831040) at layer 1 have been moved from (224000, 823200).
[WARNING PSM-0024] Instance _05192_, current node at (210600, 784000) at layer 1 have been moved from (209440, 776160).
[WARNING PSM-0024] Instance _05198_, current node at (280800, 815360) at layer 1 have been moved from (281120, 807520).
[WARNING PSM-0024] Instance _05199_, current node at (221400, 768320) at layer 1 have been moved from (220640, 760480).
[WARNING PSM-0024] Instance _05201_, current node at (243000, 799680) at layer 1 have been moved from (245280, 791840).
[WARNING PSM-0024] Instance _05204_, current node at (351000, 533120) at layer 1 have been moved from (351680, 525280).
[WARNING PSM-0024] Instance _05206_, current node at (345600, 548800) at layer 1 have been moved from (347200, 540960).
[WARNING PSM-0024] Instance _05207_, current node at (329400, 564480) at layer 1 have been moved from (329280, 556640).
[WARNING PSM-0024] Instance _05208_, current node at (313200, 423360) at layer 1 have been moved from (313600, 415520).
[WARNING PSM-0024] Instance _05209_, current node at (448200, 689920) at layer 1 have been moved from (446880, 682080).
[WARNING PSM-0024] Instance _05212_, current node at (410400, 642880) at layer 1 have been moved from (408800, 635040).
[WARNING PSM-0024] Instance _05214_, current node at (383400, 533120) at layer 1 have been moved from (381920, 525280).
[WARNING PSM-0024] Instance _05215_, current node at (356400, 564480) at layer 1 have been moved from (356160, 556640).
[WARNING PSM-0024] Instance _05216_, current node at (367200, 517440) at layer 1 have been moved from (365120, 509600).
[WARNING PSM-0024] Instance _05219_, current node at (356400, 501760) at layer 1 have been moved from (357280, 493920).
[WARNING PSM-0024] Instance _05221_, current node at (399600, 250880) at layer 1 have been moved from (398720, 243040).
[WARNING PSM-0024] Instance _05223_, current node at (448200, 517440) at layer 1 have been moved from (446880, 509600).
[WARNING PSM-0024] Instance _05225_, current node at (415800, 235200) at layer 1 have been moved from (417760, 227360).
[WARNING PSM-0024] Instance _05226_, current node at (448200, 548800) at layer 1 have been moved from (450240, 540960).
[WARNING PSM-0024] Instance _05227_, current node at (459000, 548800) at layer 1 have been moved from (459200, 540960).
[WARNING PSM-0024] Instance _05228_, current node at (459000, 219520) at layer 1 have been moved from (459200, 211680).
[WARNING PSM-0024] Instance _05229_, current node at (442800, 517440) at layer 1 have been moved from (440160, 509600).
[WARNING PSM-0024] Instance _05231_, current node at (442800, 172480) at layer 1 have been moved from (442400, 164640).
[WARNING PSM-0024] Instance _05235_, current node at (448200, 501760) at layer 1 have been moved from (449120, 493920).
[WARNING PSM-0024] Instance _05236_, current node at (464400, 533120) at layer 1 have been moved from (467040, 525280).
[WARNING PSM-0024] Instance _05237_, current node at (459000, 203840) at layer 1 have been moved from (459200, 196000).
[WARNING PSM-0024] Instance _05240_, current node at (426600, 172480) at layer 1 have been moved from (428960, 164640).
[WARNING PSM-0024] Instance _05242_, current node at (421200, 705600) at layer 1 have been moved from (421120, 697760).
[WARNING PSM-0024] Instance _05243_, current node at (415800, 250880) at layer 1 have been moved from (417760, 243040).
[WARNING PSM-0024] Instance _05245_, current node at (421200, 721280) at layer 1 have been moved from (420000, 713440).
[WARNING PSM-0024] Instance _05250_, current node at (378000, 501760) at layer 1 have been moved from (379680, 493920).
[WARNING PSM-0024] Instance _05253_, current node at (313200, 344960) at layer 1 have been moved from (315840, 337120).
[WARNING PSM-0024] Instance _05255_, current node at (378000, 297920) at layer 1 have been moved from (379680, 290080).
[WARNING PSM-0024] Instance _05257_, current node at (378000, 313600) at layer 1 have been moved from (379680, 305760).
[WARNING PSM-0024] Instance _05259_, current node at (378000, 344960) at layer 1 have been moved from (379680, 337120).
[WARNING PSM-0024] Instance _05260_, current node at (318600, 329280) at layer 1 have been moved from (320320, 321440).
[WARNING PSM-0024] Instance _05262_, current node at (302400, 407680) at layer 1 have been moved from (300160, 399840).
[WARNING PSM-0024] Instance _05263_, current node at (334800, 501760) at layer 1 have been moved from (337120, 493920).
[WARNING PSM-0024] Instance _05264_, current node at (351000, 486080) at layer 1 have been moved from (348320, 478240).
[WARNING PSM-0024] Instance _05270_, current node at (205200, 439040) at layer 1 have been moved from (207200, 431200).
[WARNING PSM-0024] Instance _05271_, current node at (232200, 486080) at layer 1 have been moved from (229600, 478240).
[WARNING PSM-0024] Instance _05275_, current node at (378000, 517440) at layer 1 have been moved from (379680, 509600).
[WARNING PSM-0024] Instance _05277_, current node at (199800, 501760) at layer 1 have been moved from (200480, 493920).
[WARNING PSM-0024] Instance _05279_, current node at (237600, 517440) at layer 1 have been moved from (236320, 509600).
[WARNING PSM-0024] Instance _05280_, current node at (162000, 548800) at layer 1 have been moved from (164640, 540960).
[WARNING PSM-0024] Instance _05281_, current node at (172800, 517440) at layer 1 have been moved from (173600, 509600).
[WARNING PSM-0024] Instance _05288_, current node at (156600, 470400) at layer 1 have been moved from (156800, 462560).
[WARNING PSM-0024] Instance _05290_, current node at (167400, 470400) at layer 1 have been moved from (166880, 462560).
[WARNING PSM-0024] Instance _05291_, current node at (167400, 439040) at layer 1 have been moved from (166880, 431200).
[WARNING PSM-0024] Instance _05292_, current node at (232200, 439040) at layer 1 have been moved from (232960, 431200).
[WARNING PSM-0024] Instance _05294_, current node at (172800, 486080) at layer 1 have been moved from (174720, 478240).
[WARNING PSM-0024] Instance _05295_, current node at (259200, 454720) at layer 1 have been moved from (259840, 446880).
[WARNING PSM-0024] Instance _05297_, current node at (270000, 501760) at layer 1 have been moved from (268800, 493920).
[WARNING PSM-0024] Instance _05299_, current node at (264600, 517440) at layer 1 have been moved from (264320, 509600).
[WARNING PSM-0024] Instance _05300_, current node at (178200, 533120) at layer 1 have been moved from (178080, 525280).
[WARNING PSM-0024] Instance _05302_, current node at (221400, 517440) at layer 1 have been moved from (220640, 509600).
[WARNING PSM-0024] Instance _05304_, current node at (189000, 533120) at layer 1 have been moved from (190400, 525280).
[WARNING PSM-0024] Instance _05306_, current node at (221400, 548800) at layer 1 have been moved from (221760, 540960).
[WARNING PSM-0024] Instance _05307_, current node at (302400, 439040) at layer 1 have been moved from (300160, 431200).
[WARNING PSM-0024] Instance _05308_, current node at (253800, 266560) at layer 1 have been moved from (254240, 258720).
[WARNING PSM-0024] Instance _05311_, current node at (259200, 235200) at layer 1 have been moved from (260960, 227360).
[WARNING PSM-0024] Instance _05312_, current node at (259200, 172480) at layer 1 have been moved from (258720, 164640).
[WARNING PSM-0024] Instance _05314_, current node at (226800, 156800) at layer 1 have been moved from (225120, 148960).
[WARNING PSM-0024] Instance _05316_, current node at (221400, 250880) at layer 1 have been moved from (224000, 243040).
[WARNING PSM-0024] Instance _05318_, current node at (302400, 423360) at layer 1 have been moved from (302400, 415520).
[WARNING PSM-0024] Instance _05323_, current node at (81000, 203840) at layer 1 have been moved from (81760, 196000).
[WARNING PSM-0024] Instance _05324_, current node at (59400, 203840) at layer 1 have been moved from (61600, 196000).
[WARNING PSM-0024] Instance _05326_, current node at (59400, 235200) at layer 1 have been moved from (61600, 227360).
[WARNING PSM-0024] Instance _05327_, current node at (140400, 219520) at layer 1 have been moved from (141120, 211680).
[WARNING PSM-0024] Instance _05328_, current node at (59400, 266560) at layer 1 have been moved from (61600, 258720).
[WARNING PSM-0024] Instance _05330_, current node at (118800, 329280) at layer 1 have been moved from (120960, 321440).
[WARNING PSM-0024] Instance _05331_, current node at (64800, 329280) at layer 1 have been moved from (66080, 321440).
[WARNING PSM-0024] Instance _05338_, current node at (43200, 360640) at layer 1 have been moved from (43680, 352800).
[WARNING PSM-0024] Instance _05339_, current node at (113400, 313600) at layer 1 have been moved from (115360, 305760).
[WARNING PSM-0024] Instance _05340_, current node at (140400, 266560) at layer 1 have been moved from (141120, 258720).
[WARNING PSM-0024] Instance _05341_, current node at (48600, 250880) at layer 1 have been moved from (47040, 243040).
[WARNING PSM-0024] Instance _05342_, current node at (70200, 282240) at layer 1 have been moved from (71680, 274400).
[WARNING PSM-0024] Instance _05345_, current node at (91800, 266560) at layer 1 have been moved from (92960, 258720).
[WARNING PSM-0024] Instance _05352_, current node at (70200, 360640) at layer 1 have been moved from (70560, 352800).
[WARNING PSM-0024] Instance _05354_, current node at (43200, 282240) at layer 1 have been moved from (43680, 274400).
[WARNING PSM-0024] Instance _05356_, current node at (43200, 329280) at layer 1 have been moved from (42560, 321440).
[WARNING PSM-0024] Instance _05359_, current node at (102600, 313600) at layer 1 have been moved from (100800, 305760).
[WARNING PSM-0024] Instance _05360_, current node at (280800, 250880) at layer 1 have been moved from (280000, 243040).
[WARNING PSM-0024] Instance _05363_, current node at (275400, 235200) at layer 1 have been moved from (276640, 227360).
[WARNING PSM-0024] Instance _05364_, current node at (275400, 172480) at layer 1 have been moved from (277760, 164640).
[WARNING PSM-0024] Instance _05365_, current node at (275400, 266560) at layer 1 have been moved from (275520, 258720).
[WARNING PSM-0024] Instance _05366_, current node at (237600, 172480) at layer 1 have been moved from (239680, 164640).
[WARNING PSM-0024] Instance _05368_, current node at (243000, 266560) at layer 1 have been moved from (240800, 258720).
[WARNING PSM-0024] Instance _05370_, current node at (194400, 250880) at layer 1 have been moved from (194880, 243040).
[WARNING PSM-0024] Instance _05371_, current node at (172800, 250880) at layer 1 have been moved from (173600, 243040).
[WARNING PSM-0024] Instance _05373_, current node at (205200, 219520) at layer 1 have been moved from (202720, 211680).
[WARNING PSM-0024] Instance _05374_, current node at (205200, 172480) at layer 1 have been moved from (202720, 164640).
[WARNING PSM-0024] Instance _05376_, current node at (156600, 172480) at layer 1 have been moved from (156800, 164640).
[WARNING PSM-0024] Instance _05378_, current node at (183600, 250880) at layer 1 have been moved from (183680, 243040).
[WARNING PSM-0024] Instance _05382_, current node at (151200, 219520) at layer 1 have been moved from (152320, 211680).
[WARNING PSM-0024] Instance _05385_, current node at (156600, 266560) at layer 1 have been moved from (159040, 258720).
[WARNING PSM-0024] Instance _05386_, current node at (145800, 172480) at layer 1 have been moved from (145600, 164640).
[WARNING PSM-0024] Instance _05387_, current node at (172800, 188160) at layer 1 have been moved from (174720, 180320).
[WARNING PSM-0024] Instance _05389_, current node at (145800, 203840) at layer 1 have been moved from (146720, 196000).
[WARNING PSM-0024] Instance _05391_, current node at (334800, 250880) at layer 1 have been moved from (333760, 243040).
[WARNING PSM-0024] Instance _05393_, current node at (367200, 219520) at layer 1 have been moved from (366240, 211680).
[WARNING PSM-0024] Instance _05394_, current node at (367200, 172480) at layer 1 have been moved from (366240, 164640).
[WARNING PSM-0024] Instance _05396_, current node at (367200, 203840) at layer 1 have been moved from (366240, 196000).
[WARNING PSM-0024] Instance _05397_, current node at (334800, 172480) at layer 1 have been moved from (332640, 164640).
[WARNING PSM-0024] Instance _05398_, current node at (324000, 266560) at layer 1 have been moved from (325920, 258720).
[WARNING PSM-0024] Instance _05401_, current node at (237600, 235200) at layer 1 have been moved from (237440, 227360).
[WARNING PSM-0024] Instance _05403_, current node at (81000, 360640) at layer 1 have been moved from (81760, 352800).
[WARNING PSM-0024] Instance _05406_, current node at (318600, 407680) at layer 1 have been moved from (320320, 399840).
[WARNING PSM-0024] Instance _05407_, current node at (432000, 439040) at layer 1 have been moved from (432320, 431200).
[WARNING PSM-0024] Instance _05409_, current node at (334800, 439040) at layer 1 have been moved from (334880, 431200).
[WARNING PSM-0024] Instance _05410_, current node at (275400, 517440) at layer 1 have been moved from (275520, 509600).
[WARNING PSM-0024] Instance _05412_, current node at (280800, 454720) at layer 1 have been moved from (281120, 446880).
[WARNING PSM-0024] Instance _05413_, current node at (275400, 423360) at layer 1 have been moved from (277760, 415520).
[WARNING PSM-0024] Instance _05414_, current node at (91800, 470400) at layer 1 have been moved from (94080, 462560).
[WARNING PSM-0024] Instance _05417_, current node at (405000, 219520) at layer 1 have been moved from (406560, 211680).
[WARNING PSM-0024] Instance _05418_, current node at (324000, 235200) at layer 1 have been moved from (325920, 227360).
[WARNING PSM-0024] Instance _05419_, current node at (334800, 235200) at layer 1 have been moved from (336000, 227360).
[WARNING PSM-0024] Instance _05421_, current node at (237600, 297920) at layer 1 have been moved from (238560, 290080).
[WARNING PSM-0024] Instance _05423_, current node at (232200, 297920) at layer 1 have been moved from (232960, 290080).
[WARNING PSM-0024] Instance _05427_, current node at (248400, 297920) at layer 1 have been moved from (248640, 290080).
[WARNING PSM-0024] Instance _05430_, current node at (270000, 423360) at layer 1 have been moved from (269920, 415520).
[WARNING PSM-0024] Instance _05433_, current node at (286200, 235200) at layer 1 have been moved from (287840, 227360).
[WARNING PSM-0024] Instance _05438_, current node at (459000, 235200) at layer 1 have been moved from (459200, 227360).
[WARNING PSM-0024] Instance _05442_, current node at (86400, 439040) at layer 1 have been moved from (86240, 431200).
[WARNING PSM-0024] Instance _05443_, current node at (97200, 439040) at layer 1 have been moved from (96320, 431200).
[WARNING PSM-0024] Instance _05445_, current node at (167400, 423360) at layer 1 have been moved from (169120, 415520).
[WARNING PSM-0024] Instance _05447_, current node at (459000, 423360) at layer 1 have been moved from (459200, 415520).
[WARNING PSM-0024] Instance _05456_, current node at (378000, 407680) at layer 1 have been moved from (379680, 399840).
[WARNING PSM-0024] Instance _05457_, current node at (183600, 423360) at layer 1 have been moved from (183680, 415520).
[WARNING PSM-0024] Instance _05459_, current node at (291600, 439040) at layer 1 have been moved from (290080, 431200).
[WARNING PSM-0024] Instance _05460_, current node at (302400, 517440) at layer 1 have been moved from (303520, 509600).
[WARNING PSM-0024] Instance _05461_, current node at (459000, 172480) at layer 1 have been moved from (459200, 164640).
[WARNING PSM-0024] Instance _05462_, current node at (378000, 172480) at layer 1 have been moved from (379680, 164640).
[WARNING PSM-0024] Instance _05463_, current node at (388800, 172480) at layer 1 have been moved from (389760, 164640).
[WARNING PSM-0024] Instance _05465_, current node at (378000, 282240) at layer 1 have been moved from (379680, 274400).
[WARNING PSM-0024] Instance _05471_, current node at (59400, 407680) at layer 1 have been moved from (61600, 399840).
[WARNING PSM-0024] Instance _05472_, current node at (54000, 423360) at layer 1 have been moved from (53760, 415520).
[WARNING PSM-0024] Instance _05474_, current node at (280800, 156800) at layer 1 have been moved from (282240, 148960).
[WARNING PSM-0024] Instance _05475_, current node at (270000, 172480) at layer 1 have been moved from (272160, 164640).
[WARNING PSM-0024] Instance _05477_, current node at (205200, 392000) at layer 1 have been moved from (207200, 384160).
[WARNING PSM-0024] Instance _05478_, current node at (221400, 407680) at layer 1 have been moved from (220640, 399840).
[WARNING PSM-0024] Instance _05482_, current node at (172800, 501760) at layer 1 have been moved from (171360, 493920).
[WARNING PSM-0024] Instance _05483_, current node at (178200, 439040) at layer 1 have been moved from (178080, 431200).
[WARNING PSM-0024] Instance _05484_, current node at (189000, 439040) at layer 1 have been moved from (188160, 431200).
[WARNING PSM-0024] Instance _05486_, current node at (270000, 282240) at layer 1 have been moved from (269920, 274400).
[WARNING PSM-0024] Instance _05487_, current node at (189000, 407680) at layer 1 have been moved from (190400, 399840).
[WARNING PSM-0024] Instance _05488_, current node at (270000, 407680) at layer 1 have been moved from (269920, 399840).
[WARNING PSM-0024] Instance _05489_, current node at (286200, 517440) at layer 1 have been moved from (287840, 509600).
[WARNING PSM-0024] Instance _05490_, current node at (459000, 392000) at layer 1 have been moved from (459200, 384160).
[WARNING PSM-0024] Instance _05492_, current node at (340200, 407680) at layer 1 have been moved from (340480, 399840).
[WARNING PSM-0024] Instance _05493_, current node at (124200, 360640) at layer 1 have been moved from (124320, 352800).
[WARNING PSM-0024] Instance _05498_, current node at (286200, 266560) at layer 1 have been moved from (286720, 258720).
[WARNING PSM-0024] Instance _05499_, current node at (475200, 360640) at layer 1 have been moved from (473760, 352800).
[WARNING PSM-0024] Instance _05502_, current node at (140400, 470400) at layer 1 have been moved from (141120, 462560).
[WARNING PSM-0024] Instance _05503_, current node at (124200, 392000) at layer 1 have been moved from (123200, 384160).
[WARNING PSM-0024] Instance _05504_, current node at (135000, 392000) at layer 1 have been moved from (133280, 384160).
[WARNING PSM-0024] Instance _05505_, current node at (459000, 266560) at layer 1 have been moved from (459200, 258720).
[WARNING PSM-0024] Instance _05506_, current node at (378000, 250880) at layer 1 have been moved from (379680, 243040).
[WARNING PSM-0024] Instance _05507_, current node at (378000, 266560) at layer 1 have been moved from (379680, 258720).
[WARNING PSM-0024] Instance _05508_, current node at (280800, 376320) at layer 1 have been moved from (281120, 368480).
[WARNING PSM-0024] Instance _05509_, current node at (172800, 376320) at layer 1 have been moved from (173600, 368480).
[WARNING PSM-0024] Instance _05512_, current node at (221400, 439040) at layer 1 have been moved from (222880, 431200).
[WARNING PSM-0024] Instance _05516_, current node at (275400, 392000) at layer 1 have been moved from (275520, 384160).
[WARNING PSM-0024] Instance _05518_, current node at (302400, 548800) at layer 1 have been moved from (300160, 540960).
[WARNING PSM-0024] Instance _05519_, current node at (172800, 156800) at layer 1 have been moved from (173600, 148960).
[WARNING PSM-0024] Instance _05520_, current node at (237600, 156800) at layer 1 have been moved from (236320, 148960).
[WARNING PSM-0024] Instance _05521_, current node at (221400, 172480) at layer 1 have been moved from (220640, 164640).
[WARNING PSM-0024] Instance _05523_, current node at (329400, 470400) at layer 1 have been moved from (329280, 462560).
[WARNING PSM-0024] Instance _05524_, current node at (340200, 486080) at layer 1 have been moved from (342720, 478240).
[WARNING PSM-0024] Instance _05530_, current node at (280800, 486080) at layer 1 have been moved from (281120, 478240).
[WARNING PSM-0024] Instance _05531_, current node at (459000, 188160) at layer 1 have been moved from (459200, 180320).
[WARNING PSM-0024] Instance _05532_, current node at (378000, 188160) at layer 1 have been moved from (379680, 180320).
[WARNING PSM-0024] Instance _05533_, current node at (388800, 203840) at layer 1 have been moved from (387520, 196000).
[WARNING PSM-0024] Instance _05534_, current node at (464400, 313600) at layer 1 have been moved from (464800, 305760).
[WARNING PSM-0024] Instance _05535_, current node at (378000, 329280) at layer 1 have been moved from (379680, 321440).
[WARNING PSM-0024] Instance _05536_, current node at (388800, 313600) at layer 1 have been moved from (390880, 305760).
[WARNING PSM-0024] Instance _05538_, current node at (221400, 297920) at layer 1 have been moved from (220640, 290080).
[WARNING PSM-0024] Instance _05542_, current node at (59400, 454720) at layer 1 have been moved from (61600, 446880).
[WARNING PSM-0024] Instance _05547_, current node at (291600, 548800) at layer 1 have been moved from (288960, 540960).
[WARNING PSM-0024] Instance _05550_, current node at (286200, 344960) at layer 1 have been moved from (286720, 337120).
[WARNING PSM-0024] Instance _05551_, current node at (205200, 533120) at layer 1 have been moved from (203840, 525280).
[WARNING PSM-0024] Instance _05553_, current node at (221400, 486080) at layer 1 have been moved from (220640, 478240).
[WARNING PSM-0024] Instance _05557_, current node at (140400, 282240) at layer 1 have been moved from (141120, 274400).
[WARNING PSM-0024] Instance _05559_, current node at (135000, 282240) at layer 1 have been moved from (133280, 274400).
[WARNING PSM-0024] Instance _05561_, current node at (378000, 470400) at layer 1 have been moved from (379680, 462560).
[WARNING PSM-0024] Instance _05562_, current node at (378000, 486080) at layer 1 have been moved from (379680, 478240).
[WARNING PSM-0024] Instance _05566_, current node at (405000, 156800) at layer 1 have been moved from (406560, 148960).
[WARNING PSM-0024] Instance _05572_, current node at (302400, 344960) at layer 1 have been moved from (300160, 337120).
[WARNING PSM-0024] Instance _05573_, current node at (302400, 297920) at layer 1 have been moved from (300160, 290080).
[WARNING PSM-0024] Instance _05574_, current node at (280800, 470400) at layer 1 have been moved from (281120, 462560).
[WARNING PSM-0024] Instance _05575_, current node at (324000, 470400) at layer 1 have been moved from (321440, 462560).
[WARNING PSM-0024] Instance _05576_, current node at (291600, 564480) at layer 1 have been moved from (288960, 556640).
[WARNING PSM-0024] Instance _05577_, current node at (415800, 266560) at layer 1 have been moved from (415520, 258720).
[WARNING PSM-0024] Instance _05579_, current node at (318600, 266560) at layer 1 have been moved from (320320, 258720).
[WARNING PSM-0024] Instance _05582_, current node at (378000, 423360) at layer 1 have been moved from (379680, 415520).
[WARNING PSM-0024] Instance _05583_, current node at (232200, 344960) at layer 1 have been moved from (234080, 337120).
[WARNING PSM-0024] Instance _05585_, current node at (232200, 360640) at layer 1 have been moved from (234080, 352800).
[WARNING PSM-0024] Instance _05587_, current node at (270000, 454720) at layer 1 have been moved from (271040, 446880).
[WARNING PSM-0024] Instance _05591_, current node at (54000, 392000) at layer 1 have been moved from (53760, 384160).
[WARNING PSM-0024] Instance _05592_, current node at (32400, 360640) at layer 1 have been moved from (33600, 352800).
[WARNING PSM-0024] Instance _05593_, current node at (59400, 282240) at layer 1 have been moved from (61600, 274400).
[WARNING PSM-0024] Instance _05594_, current node at (59400, 360640) at layer 1 have been moved from (61600, 352800).
[WARNING PSM-0024] Instance _05596_, current node at (378000, 360640) at layer 1 have been moved from (379680, 352800).
[WARNING PSM-0024] Instance _05598_, current node at (205200, 266560) at layer 1 have been moved from (207200, 258720).
[WARNING PSM-0024] Instance _05599_, current node at (237600, 250880) at layer 1 have been moved from (235200, 243040).
[WARNING PSM-0024] Instance _05600_, current node at (237600, 266560) at layer 1 have been moved from (235200, 258720).
[WARNING PSM-0024] Instance _05601_, current node at (237600, 360640) at layer 1 have been moved from (239680, 352800).
[WARNING PSM-0024] Instance _05602_, current node at (275400, 407680) at layer 1 have been moved from (277760, 399840).
[WARNING PSM-0024] Instance _05603_, current node at (248400, 392000) at layer 1 have been moved from (248640, 384160).
[WARNING PSM-0024] Instance _05607_, current node at (302400, 470400) at layer 1 have been moved from (300160, 462560).
[WARNING PSM-0024] Instance _05610_, current node at (243000, 203840) at layer 1 have been moved from (241920, 196000).
[WARNING PSM-0024] Instance _05614_, current node at (140400, 439040) at layer 1 have been moved from (141120, 431200).
[WARNING PSM-0024] Instance _05618_, current node at (426600, 329280) at layer 1 have been moved from (426720, 321440).
[WARNING PSM-0024] Instance _05619_, current node at (329400, 329280) at layer 1 have been moved from (331520, 321440).
[WARNING PSM-0024] Instance _05621_, current node at (275400, 313600) at layer 1 have been moved from (276640, 305760).
[WARNING PSM-0024] Instance _05622_, current node at (199800, 297920) at layer 1 have been moved from (201600, 290080).
[WARNING PSM-0024] Instance _05623_, current node at (259200, 297920) at layer 1 have been moved from (260960, 290080).
[WARNING PSM-0024] Instance _05624_, current node at (232200, 548800) at layer 1 have been moved from (232960, 540960).
[WARNING PSM-0024] Instance _05626_, current node at (221400, 454720) at layer 1 have been moved from (221760, 446880).
[WARNING PSM-0024] Instance _05627_, current node at (124200, 313600) at layer 1 have been moved from (126560, 305760).
[WARNING PSM-0024] Instance _05632_, current node at (264600, 297920) at layer 1 have been moved from (266560, 290080).
[WARNING PSM-0024] Instance _05638_, current node at (491400, 784000) at layer 1 have been moved from (490560, 776160).
[WARNING PSM-0024] Instance _05642_, current node at (599400, 752640) at layer 1 have been moved from (600320, 744800).
[WARNING PSM-0024] Instance _05645_, current node at (540000, 940800) at layer 1 have been moved from (542080, 932960).
[WARNING PSM-0024] Instance _05646_, current node at (491400, 768320) at layer 1 have been moved from (491680, 760480).
[WARNING PSM-0024] Instance _05647_, current node at (469800, 799680) at layer 1 have been moved from (469280, 791840).
[WARNING PSM-0024] Instance _05648_, current node at (507600, 831040) at layer 1 have been moved from (506240, 823200).
[WARNING PSM-0024] Instance _05649_, current node at (459000, 815360) at layer 1 have been moved from (459200, 807520).
[WARNING PSM-0024] Instance _05651_, current node at (480600, 799680) at layer 1 have been moved from (479360, 791840).
[WARNING PSM-0024] Instance _05652_, current node at (507600, 815360) at layer 1 have been moved from (505120, 807520).
[WARNING PSM-0024] Instance _05654_, current node at (507600, 878080) at layer 1 have been moved from (508480, 870240).
[WARNING PSM-0024] Instance _05656_, current node at (459000, 799680) at layer 1 have been moved from (461440, 791840).
[WARNING PSM-0024] Instance _05659_, current node at (464400, 815360) at layer 1 have been moved from (464800, 807520).
[WARNING PSM-0024] Instance _05661_, current node at (475200, 815360) at layer 1 have been moved from (476000, 807520).
[WARNING PSM-0024] Instance _05665_, current node at (486000, 768320) at layer 1 have been moved from (483840, 760480).
[WARNING PSM-0024] Instance _05667_, current node at (502200, 768320) at layer 1 have been moved from (502880, 760480).
[WARNING PSM-0024] Instance _05668_, current node at (426600, 674240) at layer 1 have been moved from (427840, 666400).
[WARNING PSM-0024] Instance _05670_, current node at (594000, 721280) at layer 1 have been moved from (593600, 713440).
[WARNING PSM-0024] Instance _05671_, current node at (540000, 752640) at layer 1 have been moved from (538720, 744800).
[WARNING PSM-0024] Instance _05672_, current node at (529200, 752640) at layer 1 have been moved from (529760, 744800).
[WARNING PSM-0024] Instance _05673_, current node at (518400, 752640) at layer 1 have been moved from (517440, 744800).
[WARNING PSM-0024] Instance _05674_, current node at (642600, 689920) at layer 1 have been moved from (641760, 682080).
[WARNING PSM-0024] Instance _05675_, current node at (523800, 893760) at layer 1 have been moved from (523040, 885920).
[WARNING PSM-0024] Instance _05680_, current node at (475200, 768320) at layer 1 have been moved from (476000, 760480).
[WARNING PSM-0024] Instance _05681_, current node at (475200, 752640) at layer 1 have been moved from (473760, 744800).
[WARNING PSM-0024] Instance _05682_, current node at (480600, 752640) at layer 1 have been moved from (482720, 744800).
[WARNING PSM-0024] Instance _05683_, current node at (523800, 909440) at layer 1 have been moved from (521920, 901600).
[WARNING PSM-0024] Instance _05684_, current node at (540000, 878080) at layer 1 have been moved from (538720, 870240).
[WARNING PSM-0024] Instance _05687_, current node at (529200, 893760) at layer 1 have been moved from (527520, 885920).
[WARNING PSM-0024] Instance _05690_, current node at (529200, 909440) at layer 1 have been moved from (528640, 901600).
[WARNING PSM-0024] Instance _05691_, current node at (540000, 909440) at layer 1 have been moved from (538720, 901600).
[WARNING PSM-0024] Instance _05699_, current node at (518400, 862400) at layer 1 have been moved from (517440, 854560).
[WARNING PSM-0024] Instance _05700_, current node at (513000, 768320) at layer 1 have been moved from (514080, 760480).
[WARNING PSM-0024] Instance _05701_, current node at (540000, 768320) at layer 1 have been moved from (538720, 760480).
[WARNING PSM-0024] Instance _05702_, current node at (529200, 768320) at layer 1 have been moved from (527520, 760480).
[WARNING PSM-0024] Instance _05706_, current node at (513000, 956480) at layer 1 have been moved from (511840, 948640).
[WARNING PSM-0024] Instance _05707_, current node at (486000, 925120) at layer 1 have been moved from (488320, 917280).
[WARNING PSM-0024] Instance _05710_, current node at (615600, 705600) at layer 1 have been moved from (618240, 697760).
[WARNING PSM-0024] Instance _05712_, current node at (529200, 925120) at layer 1 have been moved from (529760, 917280).
[WARNING PSM-0024] Instance _05713_, current node at (496800, 940800) at layer 1 have been moved from (495040, 932960).
[WARNING PSM-0024] Instance _05714_, current node at (502200, 925120) at layer 1 have been moved from (504000, 917280).
[WARNING PSM-0024] Instance _05715_, current node at (480600, 925120) at layer 1 have been moved from (480480, 917280).
[WARNING PSM-0024] Instance _05720_, current node at (459000, 862400) at layer 1 have been moved from (461440, 854560).
[WARNING PSM-0024] Instance _05722_, current node at (513000, 893760) at layer 1 have been moved from (514080, 885920).
[WARNING PSM-0024] Instance _05724_, current node at (496800, 893760) at layer 1 have been moved from (497280, 885920).
[WARNING PSM-0024] Instance _05726_, current node at (480600, 893760) at layer 1 have been moved from (481600, 885920).
[WARNING PSM-0024] Instance _05727_, current node at (507600, 893760) at layer 1 have been moved from (506240, 885920).
[WARNING PSM-0024] Instance _05729_, current node at (502200, 909440) at layer 1 have been moved from (504000, 901600).
[WARNING PSM-0024] Instance _05731_, current node at (496800, 878080) at layer 1 have been moved from (498400, 870240).
[WARNING PSM-0024] Instance _05733_, current node at (502200, 862400) at layer 1 have been moved from (499520, 854560).
[WARNING PSM-0024] Instance _05735_, current node at (475200, 878080) at layer 1 have been moved from (477120, 870240).
[WARNING PSM-0024] Instance _05738_, current node at (442800, 878080) at layer 1 have been moved from (442400, 870240).
[WARNING PSM-0024] Instance _05739_, current node at (486000, 972160) at layer 1 have been moved from (488320, 964320).
[WARNING PSM-0024] Instance _05740_, current node at (496800, 987840) at layer 1 have been moved from (497280, 980000).
[WARNING PSM-0024] Instance _05742_, current node at (496800, 972160) at layer 1 have been moved from (496160, 964320).
[WARNING PSM-0024] Instance _05743_, current node at (545400, 940800) at layer 1 have been moved from (546560, 932960).
[WARNING PSM-0024] Instance _05744_, current node at (599400, 705600) at layer 1 have been moved from (599200, 697760).
[WARNING PSM-0024] Instance _05745_, current node at (588600, 799680) at layer 1 have been moved from (589120, 791840).
[WARNING PSM-0024] Instance _05748_, current node at (572400, 878080) at layer 1 have been moved from (570080, 870240).
[WARNING PSM-0024] Instance _05749_, current node at (567000, 893760) at layer 1 have been moved from (566720, 885920).
[WARNING PSM-0024] Instance _05751_, current node at (529200, 940800) at layer 1 have been moved from (527520, 932960).
[WARNING PSM-0024] Instance _05754_, current node at (486000, 956480) at layer 1 have been moved from (486080, 948640).
[WARNING PSM-0024] Instance _05755_, current node at (480600, 940800) at layer 1 have been moved from (480480, 932960).
[WARNING PSM-0024] Instance _05756_, current node at (464400, 940800) at layer 1 have been moved from (462560, 932960).
[WARNING PSM-0024] Instance _05759_, current node at (459000, 893760) at layer 1 have been moved from (459200, 885920).
[WARNING PSM-0024] Instance _05761_, current node at (448200, 878080) at layer 1 have been moved from (448000, 870240).
[WARNING PSM-0024] Instance _05762_, current node at (459000, 878080) at layer 1 have been moved from (459200, 870240).
[WARNING PSM-0024] Instance _05763_, current node at (486000, 893760) at layer 1 have been moved from (488320, 885920).
[WARNING PSM-0024] Instance _05765_, current node at (545400, 878080) at layer 1 have been moved from (544320, 870240).
[WARNING PSM-0024] Instance _05766_, current node at (550800, 893760) at layer 1 have been moved from (549920, 885920).
[WARNING PSM-0024] Instance _05770_, current node at (496800, 846720) at layer 1 have been moved from (497280, 838880).
[WARNING PSM-0024] Instance _05771_, current node at (550800, 846720) at layer 1 have been moved from (553280, 838880).
[WARNING PSM-0024] Instance _05772_, current node at (486000, 831040) at layer 1 have been moved from (488320, 823200).
[WARNING PSM-0024] Instance _05774_, current node at (491400, 846720) at layer 1 have been moved from (490560, 838880).
[WARNING PSM-0024] Instance _05775_, current node at (486000, 878080) at layer 1 have been moved from (486080, 870240).
[WARNING PSM-0024] Instance _05779_, current node at (469800, 909440) at layer 1 have been moved from (468160, 901600).
[WARNING PSM-0024] Instance _05783_, current node at (507600, 972160) at layer 1 have been moved from (505120, 964320).
[WARNING PSM-0024] Instance _05785_, current node at (594000, 689920) at layer 1 have been moved from (595840, 682080).
[WARNING PSM-0024] Instance _05788_, current node at (588600, 768320) at layer 1 have been moved from (586880, 760480).
[WARNING PSM-0024] Instance _05789_, current node at (577800, 815360) at layer 1 have been moved from (576800, 807520).
[WARNING PSM-0024] Instance _05791_, current node at (550800, 925120) at layer 1 have been moved from (553280, 917280).
[WARNING PSM-0024] Instance _05794_, current node at (550800, 940800) at layer 1 have been moved from (552160, 932960).
[WARNING PSM-0024] Instance _05799_, current node at (518400, 956480) at layer 1 have been moved from (519680, 948640).
[WARNING PSM-0024] Instance _05803_, current node at (459000, 956480) at layer 1 have been moved from (459200, 948640).
[WARNING PSM-0024] Instance _05805_, current node at (459000, 925120) at layer 1 have been moved from (459200, 917280).
[WARNING PSM-0024] Instance _05806_, current node at (475200, 909440) at layer 1 have been moved from (474880, 901600).
[WARNING PSM-0024] Instance _05808_, current node at (459000, 909440) at layer 1 have been moved from (459200, 901600).
[WARNING PSM-0024] Instance _05810_, current node at (540000, 893760) at layer 1 have been moved from (540960, 885920).
[WARNING PSM-0024] Instance _05811_, current node at (518400, 878080) at layer 1 have been moved from (519680, 870240).
[WARNING PSM-0024] Instance _05812_, current node at (529200, 862400) at layer 1 have been moved from (530880, 854560).
[WARNING PSM-0024] Instance _05814_, current node at (540000, 846720) at layer 1 have been moved from (538720, 838880).
[WARNING PSM-0024] Instance _05817_, current node at (540000, 862400) at layer 1 have been moved from (538720, 854560).
[WARNING PSM-0024] Instance _05818_, current node at (518400, 831040) at layer 1 have been moved from (517440, 823200).
[WARNING PSM-0024] Instance _05819_, current node at (513000, 846720) at layer 1 have been moved from (512960, 838880).
[WARNING PSM-0024] Instance _05821_, current node at (523800, 846720) at layer 1 have been moved from (521920, 838880).
[WARNING PSM-0024] Instance _05822_, current node at (486000, 862400) at layer 1 have been moved from (487200, 854560).
[WARNING PSM-0024] Instance _05823_, current node at (480600, 862400) at layer 1 have been moved from (480480, 854560).
[WARNING PSM-0024] Instance _05824_, current node at (469800, 893760) at layer 1 have been moved from (468160, 885920).
[WARNING PSM-0024] Instance _05826_, current node at (432000, 909440) at layer 1 have been moved from (433440, 901600).
[WARNING PSM-0024] Instance _05827_, current node at (442800, 831040) at layer 1 have been moved from (442400, 823200).
[WARNING PSM-0024] Instance _05828_, current node at (448200, 909440) at layer 1 have been moved from (448000, 901600).
[WARNING PSM-0024] Instance _05829_, current node at (513000, 972160) at layer 1 have been moved from (511840, 964320).
[WARNING PSM-0024] Instance _05830_, current node at (540000, 956480) at layer 1 have been moved from (538720, 948640).
[WARNING PSM-0024] Instance _05831_, current node at (594000, 972160) at layer 1 have been moved from (591360, 964320).
[WARNING PSM-0024] Instance _05832_, current node at (588600, 987840) at layer 1 have been moved from (589120, 980000).
[WARNING PSM-0024] Instance _05834_, current node at (572400, 987840) at layer 1 have been moved from (571200, 980000).
[WARNING PSM-0024] Instance _05835_, current node at (545400, 925120) at layer 1 have been moved from (544320, 917280).
[WARNING PSM-0024] Instance _05837_, current node at (556200, 893760) at layer 1 have been moved from (557760, 885920).
[WARNING PSM-0024] Instance _05838_, current node at (588600, 862400) at layer 1 have been moved from (588000, 854560).
[WARNING PSM-0024] Instance _05843_, current node at (550800, 909440) at layer 1 have been moved from (553280, 901600).
[WARNING PSM-0024] Instance _05844_, current node at (567000, 940800) at layer 1 have been moved from (564480, 932960).
[WARNING PSM-0024] Instance _05845_, current node at (572400, 940800) at layer 1 have been moved from (571200, 932960).
[WARNING PSM-0024] Instance _05848_, current node at (567000, 987840) at layer 1 have been moved from (564480, 980000).
[WARNING PSM-0024] Instance _05850_, current node at (540000, 972160) at layer 1 have been moved from (538720, 964320).
[WARNING PSM-0024] Instance _05851_, current node at (523800, 972160) at layer 1 have been moved from (523040, 964320).
[WARNING PSM-0024] Instance _05854_, current node at (529200, 987840) at layer 1 have been moved from (528640, 980000).
[WARNING PSM-0024] Instance _05855_, current node at (502200, 987840) at layer 1 have been moved from (502880, 980000).
[WARNING PSM-0024] Instance _05856_, current node at (469800, 972160) at layer 1 have been moved from (468160, 964320).
[WARNING PSM-0024] Instance _05857_, current node at (480600, 972160) at layer 1 have been moved from (479360, 964320).
[WARNING PSM-0024] Instance _05859_, current node at (459000, 846720) at layer 1 have been moved from (461440, 838880).
[WARNING PSM-0024] Instance _05860_, current node at (475200, 846720) at layer 1 have been moved from (477120, 838880).
[WARNING PSM-0024] Instance _05862_, current node at (469800, 831040) at layer 1 have been moved from (470400, 823200).
[WARNING PSM-0024] Instance _05863_, current node at (550800, 862400) at layer 1 have been moved from (552160, 854560).
[WARNING PSM-0024] Instance _05865_, current node at (545400, 831040) at layer 1 have been moved from (547680, 823200).
[WARNING PSM-0024] Instance _05866_, current node at (556200, 815360) at layer 1 have been moved from (556640, 807520).
[WARNING PSM-0024] Instance _05869_, current node at (529200, 831040) at layer 1 have been moved from (530880, 823200).
[WARNING PSM-0024] Instance _05870_, current node at (540000, 831040) at layer 1 have been moved from (538720, 823200).
[WARNING PSM-0024] Instance _05871_, current node at (502200, 784000) at layer 1 have been moved from (499520, 776160).
[WARNING PSM-0024] Instance _05874_, current node at (480600, 831040) at layer 1 have been moved from (479360, 823200).
[WARNING PSM-0024] Instance _05875_, current node at (480600, 846720) at layer 1 have been moved from (482720, 838880).
[WARNING PSM-0024] Instance _05876_, current node at (469800, 846720) at layer 1 have been moved from (468160, 838880).
[WARNING PSM-0024] Instance _05878_, current node at (437400, 846720) at layer 1 have been moved from (439040, 838880).
[WARNING PSM-0024] Instance _05880_, current node at (459000, 831040) at layer 1 have been moved from (461440, 823200).
[WARNING PSM-0024] Instance _05884_, current node at (594000, 940800) at layer 1 have been moved from (594720, 932960).
[WARNING PSM-0024] Instance _05885_, current node at (594000, 956480) at layer 1 have been moved from (595840, 948640).
[WARNING PSM-0024] Instance _05887_, current node at (583200, 940800) at layer 1 have been moved from (581280, 932960).
[WARNING PSM-0024] Instance _05888_, current node at (561600, 925120) at layer 1 have been moved from (561120, 917280).
[WARNING PSM-0024] Instance _05890_, current node at (621000, 736960) at layer 1 have been moved from (620480, 729120).
[WARNING PSM-0024] Instance _05892_, current node at (631800, 736960) at layer 1 have been moved from (631680, 729120).
[WARNING PSM-0024] Instance _05893_, current node at (626400, 752640) at layer 1 have been moved from (628320, 744800).
[WARNING PSM-0024] Instance _05894_, current node at (540000, 784000) at layer 1 have been moved from (538720, 776160).
[WARNING PSM-0024] Instance _05895_, current node at (599400, 893760) at layer 1 have been moved from (600320, 885920).
[WARNING PSM-0024] Instance _05896_, current node at (594000, 893760) at layer 1 have been moved from (591360, 885920).
[WARNING PSM-0024] Instance _05898_, current node at (588600, 893760) at layer 1 have been moved from (586880, 885920).
[WARNING PSM-0024] Instance _05900_, current node at (567000, 862400) at layer 1 have been moved from (568960, 854560).
[WARNING PSM-0024] Instance _05901_, current node at (594000, 862400) at layer 1 have been moved from (594720, 854560).
[WARNING PSM-0024] Instance _05903_, current node at (567000, 846720) at layer 1 have been moved from (564480, 838880).
[WARNING PSM-0024] Instance _05905_, current node at (604800, 909440) at layer 1 have been moved from (605920, 901600).
[WARNING PSM-0024] Instance _05906_, current node at (577800, 909440) at layer 1 have been moved from (580160, 901600).
[WARNING PSM-0024] Instance _05907_, current node at (588600, 940800) at layer 1 have been moved from (588000, 932960).
[WARNING PSM-0024] Instance _05909_, current node at (572400, 956480) at layer 1 have been moved from (570080, 948640).
[WARNING PSM-0024] Instance _05911_, current node at (572400, 972160) at layer 1 have been moved from (573440, 964320).
[WARNING PSM-0024] Instance _05913_, current node at (577800, 987840) at layer 1 have been moved from (575680, 980000).
[WARNING PSM-0024] Instance _05914_, current node at (540000, 987840) at layer 1 have been moved from (538720, 980000).
[WARNING PSM-0024] Instance _05917_, current node at (496800, 721280) at layer 1 have been moved from (495040, 713440).
[WARNING PSM-0024] Instance _05918_, current node at (469800, 721280) at layer 1 have been moved from (471520, 713440).
[WARNING PSM-0024] Instance _05919_, current node at (475200, 736960) at layer 1 have been moved from (472640, 729120).
[WARNING PSM-0024] Instance _05920_, current node at (496800, 736960) at layer 1 have been moved from (498400, 729120).
[WARNING PSM-0024] Instance _05921_, current node at (556200, 799680) at layer 1 have been moved from (555520, 791840).
[WARNING PSM-0024] Instance _05922_, current node at (561600, 831040) at layer 1 have been moved from (561120, 823200).
[WARNING PSM-0024] Instance _05923_, current node at (540000, 799680) at layer 1 have been moved from (542080, 791840).
[WARNING PSM-0024] Instance _05925_, current node at (556200, 784000) at layer 1 have been moved from (554400, 776160).
[WARNING PSM-0024] Instance _05932_, current node at (523800, 784000) at layer 1 have been moved from (524160, 776160).
[WARNING PSM-0024] Instance _05934_, current node at (518400, 736960) at layer 1 have been moved from (516320, 729120).
[WARNING PSM-0024] Instance _05935_, current node at (529200, 736960) at layer 1 have been moved from (527520, 729120).
[WARNING PSM-0024] Instance _05936_, current node at (475200, 721280) at layer 1 have been moved from (477120, 713440).
[WARNING PSM-0024] Instance _05940_, current node at (583200, 925120) at layer 1 have been moved from (581280, 917280).
[WARNING PSM-0024] Instance _05944_, current node at (572400, 815360) at layer 1 have been moved from (570080, 807520).
[WARNING PSM-0024] Instance _05946_, current node at (604800, 815360) at layer 1 have been moved from (607040, 807520).
[WARNING PSM-0024] Instance _05947_, current node at (561600, 799680) at layer 1 have been moved from (563360, 791840).
[WARNING PSM-0024] Instance _05949_, current node at (599400, 878080) at layer 1 have been moved from (600320, 870240).
[WARNING PSM-0024] Instance _05950_, current node at (577800, 862400) at layer 1 have been moved from (577920, 854560).
[WARNING PSM-0024] Instance _05952_, current node at (588600, 925120) at layer 1 have been moved from (586880, 917280).
[WARNING PSM-0024] Instance _05955_, current node at (545400, 972160) at layer 1 have been moved from (546560, 964320).
[WARNING PSM-0024] Instance _05959_, current node at (523800, 799680) at layer 1 have been moved from (526400, 791840).
[WARNING PSM-0024] Instance _05960_, current node at (523800, 815360) at layer 1 have been moved from (526400, 807520).
[WARNING PSM-0024] Instance _05962_, current node at (540000, 815360) at layer 1 have been moved from (538720, 807520).
[WARNING PSM-0024] Instance _05964_, current node at (513000, 799680) at layer 1 have been moved from (512960, 791840).
[WARNING PSM-0024] Instance _05965_, current node at (513000, 815360) at layer 1 have been moved from (512960, 807520).
[WARNING PSM-0024] Instance _05966_, current node at (513000, 784000) at layer 1 have been moved from (510720, 776160).
[WARNING PSM-0024] Instance _05968_, current node at (502200, 736960) at layer 1 have been moved from (504000, 729120).
[WARNING PSM-0024] Instance _05969_, current node at (442800, 799680) at layer 1 have been moved from (441280, 791840).
[WARNING PSM-0024] Instance _05970_, current node at (442800, 815360) at layer 1 have been moved from (441280, 807520).
[WARNING PSM-0024] Instance _05972_, current node at (459000, 784000) at layer 1 have been moved from (459200, 776160).
[WARNING PSM-0024] Instance _05974_, current node at (459000, 768320) at layer 1 have been moved from (461440, 760480).
[WARNING PSM-0024] Instance _05976_, current node at (561600, 721280) at layer 1 have been moved from (563360, 713440).
[WARNING PSM-0024] Instance _05979_, current node at (642600, 862400) at layer 1 have been moved from (644000, 854560).
[WARNING PSM-0024] Instance _05981_, current node at (642600, 846720) at layer 1 have been moved from (645120, 838880).
[WARNING PSM-0024] Instance _05982_, current node at (664200, 878080) at layer 1 have been moved from (666400, 870240).
[WARNING PSM-0024] Instance _05984_, current node at (680400, 768320) at layer 1 have been moved from (682080, 760480).
[WARNING PSM-0024] Instance _05987_, current node at (658800, 940800) at layer 1 have been moved from (657440, 932960).
[WARNING PSM-0024] Instance _05989_, current node at (696600, 815360) at layer 1 have been moved from (697760, 807520).
[WARNING PSM-0024] Instance _05991_, current node at (685800, 831040) at layer 1 have been moved from (686560, 823200).
[WARNING PSM-0024] Instance _05992_, current node at (696600, 831040) at layer 1 have been moved from (697760, 823200).
[WARNING PSM-0024] Instance _05993_, current node at (642600, 878080) at layer 1 have been moved from (640640, 870240).
[WARNING PSM-0024] Instance _05995_, current node at (669600, 846720) at layer 1 have been moved from (669760, 838880).
[WARNING PSM-0024] Instance _05996_, current node at (658800, 846720) at layer 1 have been moved from (660800, 838880).
[WARNING PSM-0024] Instance _05999_, current node at (631800, 878080) at layer 1 have been moved from (633920, 870240).
[WARNING PSM-0024] Instance _06001_, current node at (653400, 862400) at layer 1 have been moved from (655200, 854560).
[WARNING PSM-0024] Instance _06004_, current node at (685800, 878080) at layer 1 have been moved from (684320, 870240).
[WARNING PSM-0024] Instance _06008_, current node at (685800, 799680) at layer 1 have been moved from (684320, 791840).
[WARNING PSM-0024] Instance _06009_, current node at (685800, 784000) at layer 1 have been moved from (684320, 776160).
[WARNING PSM-0024] Instance _06010_, current node at (702000, 784000) at layer 1 have been moved from (702240, 776160).
[WARNING PSM-0024] Instance _06012_, current node at (621000, 752640) at layer 1 have been moved from (619360, 744800).
[WARNING PSM-0024] Instance _06014_, current node at (696600, 752640) at layer 1 have been moved from (697760, 744800).
[WARNING PSM-0024] Instance _06021_, current node at (653400, 925120) at layer 1 have been moved from (652960, 917280).
[WARNING PSM-0024] Instance _06022_, current node at (696600, 925120) at layer 1 have been moved from (697760, 917280).
[WARNING PSM-0024] Instance _06023_, current node at (680400, 925120) at layer 1 have been moved from (678720, 917280).
[WARNING PSM-0024] Instance _06024_, current node at (685800, 925120) at layer 1 have been moved from (687680, 917280).
[WARNING PSM-0024] Instance _06027_, current node at (653400, 846720) at layer 1 have been moved from (651840, 838880).
[WARNING PSM-0024] Instance _06031_, current node at (707400, 925120) at layer 1 have been moved from (705600, 917280).
[WARNING PSM-0024] Instance _06032_, current node at (669600, 831040) at layer 1 have been moved from (668640, 823200).
[WARNING PSM-0024] Instance _06035_, current node at (675000, 831040) at layer 1 have been moved from (676480, 823200).
[WARNING PSM-0024] Instance _06036_, current node at (680400, 815360) at layer 1 have been moved from (679840, 807520).
[WARNING PSM-0024] Instance _06037_, current node at (642600, 815360) at layer 1 have been moved from (641760, 807520).
[WARNING PSM-0024] Instance _06038_, current node at (685800, 815360) at layer 1 have been moved from (687680, 807520).
[WARNING PSM-0024] Instance _06040_, current node at (669600, 815360) at layer 1 have been moved from (670880, 807520).
[WARNING PSM-0024] Instance _06044_, current node at (712800, 956480) at layer 1 have been moved from (714560, 948640).
[WARNING PSM-0024] Instance _06047_, current node at (734400, 940800) at layer 1 have been moved from (735840, 932960).
[WARNING PSM-0024] Instance _06051_, current node at (723600, 972160) at layer 1 have been moved from (724640, 964320).
[WARNING PSM-0024] Instance _06052_, current node at (739800, 925120) at layer 1 have been moved from (738080, 917280).
[WARNING PSM-0024] Instance _06053_, current node at (702000, 940800) at layer 1 have been moved from (704480, 932960).
[WARNING PSM-0024] Instance _06058_, current node at (702000, 831040) at layer 1 have been moved from (703360, 823200).
[WARNING PSM-0024] Instance _06060_, current node at (696600, 940800) at layer 1 have been moved from (697760, 932960).
[WARNING PSM-0024] Instance _06063_, current node at (685800, 956480) at layer 1 have been moved from (684320, 948640).
[WARNING PSM-0024] Instance _06064_, current node at (658800, 956480) at layer 1 have been moved from (658560, 948640).
[WARNING PSM-0024] Instance _06065_, current node at (669600, 940800) at layer 1 have been moved from (672000, 932960).
[WARNING PSM-0024] Instance _06066_, current node at (680400, 940800) at layer 1 have been moved from (680960, 932960).
[WARNING PSM-0024] Instance _06068_, current node at (707400, 878080) at layer 1 have been moved from (710080, 870240).
[WARNING PSM-0024] Instance _06070_, current node at (702000, 862400) at layer 1 have been moved from (703360, 854560).
[WARNING PSM-0024] Instance _06071_, current node at (685800, 893760) at layer 1 have been moved from (685440, 885920).
[WARNING PSM-0024] Instance _06073_, current node at (696600, 878080) at layer 1 have been moved from (697760, 870240).
[WARNING PSM-0024] Instance _06075_, current node at (712800, 846720) at layer 1 have been moved from (712320, 838880).
[WARNING PSM-0024] Instance _06083_, current node at (739800, 972160) at layer 1 have been moved from (738080, 964320).
[WARNING PSM-0024] Instance _06084_, current node at (707400, 956480) at layer 1 have been moved from (708960, 948640).
[WARNING PSM-0024] Instance _06089_, current node at (723600, 987840) at layer 1 have been moved from (725760, 980000).
[WARNING PSM-0024] Instance _06091_, current node at (745200, 972160) at layer 1 have been moved from (747040, 964320).
[WARNING PSM-0024] Instance _06093_, current node at (729000, 956480) at layer 1 have been moved from (730240, 948640).
[WARNING PSM-0024] Instance _06094_, current node at (750600, 940800) at layer 1 have been moved from (748160, 932960).
[WARNING PSM-0024] Instance _06095_, current node at (756000, 925120) at layer 1 have been moved from (754880, 917280).
[WARNING PSM-0024] Instance _06096_, current node at (756000, 956480) at layer 1 have been moved from (757120, 948640).
[WARNING PSM-0024] Instance _06098_, current node at (745200, 831040) at layer 1 have been moved from (747040, 823200).
[WARNING PSM-0024] Instance _06100_, current node at (702000, 815360) at layer 1 have been moved from (703360, 807520).
[WARNING PSM-0024] Instance _06101_, current node at (653400, 956480) at layer 1 have been moved from (650720, 948640).
[WARNING PSM-0024] Instance _06102_, current node at (642600, 956480) at layer 1 have been moved from (641760, 948640).
[WARNING PSM-0024] Instance _06103_, current node at (626400, 956480) at layer 1 have been moved from (628320, 948640).
[WARNING PSM-0024] Instance _06109_, current node at (653400, 893760) at layer 1 have been moved from (652960, 885920).
[WARNING PSM-0024] Instance _06110_, current node at (653400, 972160) at layer 1 have been moved from (655200, 964320).
[WARNING PSM-0024] Instance _06113_, current node at (658800, 893760) at layer 1 have been moved from (659680, 885920).
[WARNING PSM-0024] Instance _06118_, current node at (766800, 878080) at layer 1 have been moved from (769440, 870240).
[WARNING PSM-0024] Instance _06122_, current node at (739800, 1003520) at layer 1 have been moved from (741440, 995680).
[WARNING PSM-0024] Instance _06124_, current node at (734400, 987840) at layer 1 have been moved from (734720, 980000).
[WARNING PSM-0024] Instance _06126_, current node at (691200, 972160) at layer 1 have been moved from (689920, 964320).
[WARNING PSM-0024] Instance _06127_, current node at (702000, 987840) at layer 1 have been moved from (704480, 980000).
[WARNING PSM-0024] Instance _06128_, current node at (685800, 972160) at layer 1 have been moved from (683200, 964320).
[WARNING PSM-0024] Instance _06130_, current node at (696600, 972160) at layer 1 have been moved from (697760, 964320).
[WARNING PSM-0024] Instance _06132_, current node at (761400, 987840) at layer 1 have been moved from (761600, 980000).
[WARNING PSM-0024] Instance _06135_, current node at (783000, 972160) at layer 1 have been moved from (780640, 964320).
[WARNING PSM-0024] Instance _06137_, current node at (777600, 956480) at layer 1 have been moved from (777280, 948640).
[WARNING PSM-0024] Instance _06138_, current node at (777600, 940800) at layer 1 have been moved from (777280, 932960).
[WARNING PSM-0024] Instance _06140_, current node at (777600, 909440) at layer 1 have been moved from (777280, 901600).
[WARNING PSM-0024] Instance _06144_, current node at (729000, 878080) at layer 1 have been moved from (726880, 870240).
[WARNING PSM-0024] Instance _06146_, current node at (621000, 956480) at layer 1 have been moved from (619360, 948640).
[WARNING PSM-0024] Instance _06148_, current node at (621000, 940800) at layer 1 have been moved from (622720, 932960).
[WARNING PSM-0024] Instance _06151_, current node at (642600, 940800) at layer 1 have been moved from (641760, 932960).
[WARNING PSM-0024] Instance _06153_, current node at (707400, 893760) at layer 1 have been moved from (710080, 885920).
[WARNING PSM-0024] Instance _06157_, current node at (718200, 878080) at layer 1 have been moved from (716800, 870240).
[WARNING PSM-0024] Instance _06158_, current node at (761400, 862400) at layer 1 have been moved from (763840, 854560).
[WARNING PSM-0024] Instance _06159_, current node at (777600, 878080) at layer 1 have been moved from (777280, 870240).
[WARNING PSM-0024] Instance _06162_, current node at (766800, 972160) at layer 1 have been moved from (764960, 964320).
[WARNING PSM-0024] Instance _06164_, current node at (712800, 987840) at layer 1 have been moved from (712320, 980000).
[WARNING PSM-0024] Instance _06170_, current node at (707400, 1003520) at layer 1 have been moved from (706720, 995680).
[WARNING PSM-0024] Instance _06172_, current node at (669600, 972160) at layer 1 have been moved from (667520, 964320).
[WARNING PSM-0024] Instance _06173_, current node at (675000, 972160) at layer 1 have been moved from (675360, 964320).
[WARNING PSM-0024] Instance _06174_, current node at (685800, 987840) at layer 1 have been moved from (684320, 980000).
[WARNING PSM-0024] Instance _06177_, current node at (669600, 1003520) at layer 1 have been moved from (672000, 995680).
[WARNING PSM-0024] Instance _06178_, current node at (696600, 736960) at layer 1 have been moved from (697760, 729120).
[WARNING PSM-0024] Instance _06180_, current node at (669600, 1034880) at layer 1 have been moved from (669760, 1027040).
[WARNING PSM-0024] Instance _06181_, current node at (680400, 1019200) at layer 1 have been moved from (678720, 1011360).
[WARNING PSM-0024] Instance _06183_, current node at (729000, 1034880) at layer 1 have been moved from (731360, 1027040).
[WARNING PSM-0024] Instance _06185_, current node at (750600, 1003520) at layer 1 have been moved from (751520, 995680).
[WARNING PSM-0024] Instance _06186_, current node at (750600, 1019200) at layer 1 have been moved from (748160, 1011360).
[WARNING PSM-0024] Instance _06188_, current node at (777600, 1003520) at layer 1 have been moved from (777280, 995680).
[WARNING PSM-0024] Instance _06192_, current node at (750600, 909440) at layer 1 have been moved from (749280, 901600).
[WARNING PSM-0024] Instance _06195_, current node at (631800, 940800) at layer 1 have been moved from (631680, 932960).
[WARNING PSM-0024] Instance _06196_, current node at (615600, 925120) at layer 1 have been moved from (618240, 917280).
[WARNING PSM-0024] Instance _06199_, current node at (631800, 925120) at layer 1 have been moved from (632800, 917280).
[WARNING PSM-0024] Instance _06201_, current node at (642600, 925120) at layer 1 have been moved from (644000, 917280).
[WARNING PSM-0024] Instance _06203_, current node at (696600, 893760) at layer 1 have been moved from (697760, 885920).
[WARNING PSM-0024] Instance _06205_, current node at (685800, 909440) at layer 1 have been moved from (686560, 901600).
[WARNING PSM-0024] Instance _06206_, current node at (702000, 909440) at layer 1 have been moved from (704480, 901600).
[WARNING PSM-0024] Instance _06209_, current node at (723600, 909440) at layer 1 have been moved from (721280, 901600).
[WARNING PSM-0024] Instance _06210_, current node at (788400, 893760) at layer 1 have been moved from (786240, 885920).
[WARNING PSM-0024] Instance _06211_, current node at (739800, 909440) at layer 1 have been moved from (740320, 901600).
[WARNING PSM-0024] Instance _06212_, current node at (766800, 1003520) at layer 1 have been moved from (766080, 995680).
[WARNING PSM-0024] Instance _06213_, current node at (750600, 1034880) at layer 1 have been moved from (752640, 1027040).
[WARNING PSM-0024] Instance _06214_, current node at (734400, 1003520) at layer 1 have been moved from (732480, 995680).
[WARNING PSM-0024] Instance _06218_, current node at (685800, 1003520) at layer 1 have been moved from (686560, 995680).
[WARNING PSM-0024] Instance _06221_, current node at (669600, 987840) at layer 1 have been moved from (669760, 980000).
[WARNING PSM-0024] Instance _06224_, current node at (642600, 987840) at layer 1 have been moved from (644000, 980000).
[WARNING PSM-0024] Instance _06226_, current node at (648000, 736960) at layer 1 have been moved from (648480, 729120).
[WARNING PSM-0024] Instance _06228_, current node at (669600, 784000) at layer 1 have been moved from (667520, 776160).
[WARNING PSM-0024] Instance _06230_, current node at (653400, 768320) at layer 1 have been moved from (655200, 760480).
[WARNING PSM-0024] Instance _06232_, current node at (658800, 909440) at layer 1 have been moved from (657440, 901600).
[WARNING PSM-0024] Instance _06233_, current node at (631800, 987840) at layer 1 have been moved from (631680, 980000).
[WARNING PSM-0024] Instance _06239_, current node at (675000, 1034880) at layer 1 have been moved from (676480, 1027040).
[WARNING PSM-0024] Instance _06241_, current node at (696600, 1034880) at layer 1 have been moved from (698880, 1027040).
[WARNING PSM-0024] Instance _06242_, current node at (707400, 1034880) at layer 1 have been moved from (705600, 1027040).
[WARNING PSM-0024] Instance _06247_, current node at (745200, 878080) at layer 1 have been moved from (744800, 870240).
[WARNING PSM-0024] Instance _06248_, current node at (734400, 878080) at layer 1 have been moved from (735840, 870240).
[WARNING PSM-0024] Instance _06250_, current node at (729000, 909440) at layer 1 have been moved from (728000, 901600).
[WARNING PSM-0024] Instance _06253_, current node at (621000, 909440) at layer 1 have been moved from (619360, 901600).
[WARNING PSM-0024] Instance _06254_, current node at (631800, 909440) at layer 1 have been moved from (632800, 901600).
[WARNING PSM-0024] Instance _06255_, current node at (642600, 909440) at layer 1 have been moved from (644000, 901600).
[WARNING PSM-0024] Instance _06256_, current node at (642600, 893760) at layer 1 have been moved from (644000, 885920).
[WARNING PSM-0024] Instance _06257_, current node at (696600, 909440) at layer 1 have been moved from (697760, 901600).
[WARNING PSM-0024] Instance _06259_, current node at (675000, 893760) at layer 1 have been moved from (673120, 885920).
[WARNING PSM-0024] Instance _06261_, current node at (669600, 909440) at layer 1 have been moved from (667520, 901600).
[WARNING PSM-0024] Instance _06264_, current node at (777600, 893760) at layer 1 have been moved from (777280, 885920).
[WARNING PSM-0024] Instance _06265_, current node at (750600, 893760) at layer 1 have been moved from (752640, 885920).
[WARNING PSM-0024] Instance _06268_, current node at (696600, 1003520) at layer 1 have been moved from (697760, 995680).
[WARNING PSM-0024] Instance _06270_, current node at (621000, 1019200) at layer 1 have been moved from (620480, 1011360).
[WARNING PSM-0024] Instance _06272_, current node at (637200, 987840) at layer 1 have been moved from (638400, 980000).
[WARNING PSM-0024] Instance _06273_, current node at (642600, 972160) at layer 1 have been moved from (644000, 964320).
[WARNING PSM-0024] Instance _06274_, current node at (631800, 1003520) at layer 1 have been moved from (632800, 995680).
[WARNING PSM-0024] Instance _06277_, current node at (626400, 1019200) at layer 1 have been moved from (626080, 1011360).
[WARNING PSM-0024] Instance _06278_, current node at (610200, 987840) at layer 1 have been moved from (610400, 980000).
[WARNING PSM-0024] Instance _06279_, current node at (615600, 987840) at layer 1 have been moved from (618240, 980000).
[WARNING PSM-0024] Instance _06280_, current node at (675000, 752640) at layer 1 have been moved from (676480, 744800).
[WARNING PSM-0024] Instance _06282_, current node at (658800, 736960) at layer 1 have been moved from (659680, 729120).
[WARNING PSM-0024] Instance _06283_, current node at (631800, 972160) at layer 1 have been moved from (631680, 964320).
[WARNING PSM-0024] Instance _06285_, current node at (653400, 1019200) at layer 1 have been moved from (651840, 1011360).
[WARNING PSM-0024] Instance _06287_, current node at (718200, 1019200) at layer 1 have been moved from (719040, 1011360).
[WARNING PSM-0024] Instance _06288_, current node at (729000, 862400) at layer 1 have been moved from (726880, 854560).
[WARNING PSM-0024] Instance _06294_, current node at (615600, 893760) at layer 1 have been moved from (618240, 885920).
[WARNING PSM-0024] Instance _06296_, current node at (658800, 878080) at layer 1 have been moved from (660800, 870240).
[WARNING PSM-0024] Instance _06297_, current node at (680400, 846720) at layer 1 have been moved from (680960, 838880).
[WARNING PSM-0024] Instance _06299_, current node at (685800, 862400) at layer 1 have been moved from (684320, 854560).
[WARNING PSM-0024] Instance _06301_, current node at (750600, 862400) at layer 1 have been moved from (752640, 854560).
[WARNING PSM-0024] Instance _06302_, current node at (734400, 846720) at layer 1 have been moved from (733600, 838880).
[WARNING PSM-0024] Instance _06305_, current node at (621000, 846720) at layer 1 have been moved from (621600, 838880).
[WARNING PSM-0024] Instance _06306_, current node at (604800, 846720) at layer 1 have been moved from (607040, 838880).
[WARNING PSM-0024] Instance _06307_, current node at (615600, 862400) at layer 1 have been moved from (618240, 854560).
[WARNING PSM-0024] Instance _06312_, current node at (604800, 736960) at layer 1 have been moved from (607040, 729120).
[WARNING PSM-0024] Instance _06315_, current node at (448200, 313600) at layer 1 have been moved from (446880, 305760).
[WARNING PSM-0024] Instance _06316_, current node at (437400, 360640) at layer 1 have been moved from (437920, 352800).
[WARNING PSM-0024] Instance _06319_, current node at (464400, 360640) at layer 1 have been moved from (462560, 352800).
[WARNING PSM-0024] Instance _06321_, current node at (405000, 313600) at layer 1 have been moved from (405440, 305760).
[WARNING PSM-0024] Instance _06325_, current node at (777600, 799680) at layer 1 have been moved from (779520, 791840).
[WARNING PSM-0024] Instance _06326_, current node at (783000, 815360) at layer 1 have been moved from (781760, 807520).
[WARNING PSM-0024] Instance _06327_, current node at (745200, 736960) at layer 1 have been moved from (743680, 729120).
[WARNING PSM-0024] Instance _06328_, current node at (793800, 815360) at layer 1 have been moved from (796320, 807520).
[WARNING PSM-0024] Instance _06329_, current node at (858600, 846720) at layer 1 have been moved from (861280, 838880).
[WARNING PSM-0024] Instance _06332_, current node at (842400, 878080) at layer 1 have been moved from (843360, 870240).
[WARNING PSM-0024] Instance _06333_, current node at (837000, 878080) at layer 1 have been moved from (837760, 870240).
[WARNING PSM-0024] Instance _06334_, current node at (847800, 846720) at layer 1 have been moved from (846720, 838880).
[WARNING PSM-0024] Instance _06335_, current node at (858600, 862400) at layer 1 have been moved from (856800, 854560).
[WARNING PSM-0024] Instance _06336_, current node at (826200, 862400) at layer 1 have been moved from (827680, 854560).
[WARNING PSM-0024] Instance _06338_, current node at (869400, 878080) at layer 1 have been moved from (869120, 870240).
[WARNING PSM-0024] Instance _06339_, current node at (874800, 878080) at layer 1 have been moved from (874720, 870240).
[WARNING PSM-0024] Instance _06341_, current node at (831600, 878080) at layer 1 have been moved from (832160, 870240).
[WARNING PSM-0024] Instance _06344_, current node at (858600, 878080) at layer 1 have been moved from (856800, 870240).
[WARNING PSM-0024] Instance _06345_, current node at (842400, 862400) at layer 1 have been moved from (843360, 854560).
[WARNING PSM-0024] Instance _06346_, current node at (885600, 862400) at layer 1 have been moved from (885920, 854560).
[WARNING PSM-0024] Instance _06351_, current node at (869400, 846720) at layer 1 have been moved from (870240, 838880).
[WARNING PSM-0024] Instance _06358_, current node at (756000, 752640) at layer 1 have been moved from (758240, 744800).
[WARNING PSM-0024] Instance _06359_, current node at (777600, 752640) at layer 1 have been moved from (777280, 744800).
[WARNING PSM-0024] Instance _06361_, current node at (820800, 878080) at layer 1 have been moved from (820960, 870240).
[WARNING PSM-0024] Instance _06362_, current node at (793800, 831040) at layer 1 have been moved from (796320, 823200).
[WARNING PSM-0024] Instance _06363_, current node at (815400, 893760) at layer 1 have been moved from (817600, 885920).
[WARNING PSM-0024] Instance _06365_, current node at (793800, 893760) at layer 1 have been moved from (791840, 885920).
[WARNING PSM-0024] Instance _06368_, current node at (880200, 909440) at layer 1 have been moved from (881440, 901600).
[WARNING PSM-0024] Instance _06373_, current node at (896400, 909440) at layer 1 have been moved from (896000, 901600).
[WARNING PSM-0024] Instance _06374_, current node at (885600, 940800) at layer 1 have been moved from (884800, 932960).
[WARNING PSM-0024] Instance _06377_, current node at (896400, 893760) at layer 1 have been moved from (894880, 885920).
[WARNING PSM-0024] Instance _06378_, current node at (880200, 893760) at layer 1 have been moved from (881440, 885920).
[WARNING PSM-0024] Instance _06379_, current node at (896400, 831040) at layer 1 have been moved from (897120, 823200).
[WARNING PSM-0024] Instance _06381_, current node at (885600, 846720) at layer 1 have been moved from (887040, 838880).
[WARNING PSM-0024] Instance _06382_, current node at (896400, 862400) at layer 1 have been moved from (894880, 854560).
[WARNING PSM-0024] Instance _06383_, current node at (907200, 831040) at layer 1 have been moved from (906080, 823200).
[WARNING PSM-0024] Instance _06385_, current node at (912600, 831040) at layer 1 have been moved from (915040, 823200).
[WARNING PSM-0024] Instance _06386_, current node at (901800, 846720) at layer 1 have been moved from (900480, 838880).
[WARNING PSM-0024] Instance _06390_, current node at (880200, 940800) at layer 1 have been moved from (878080, 932960).
[WARNING PSM-0024] Instance _06394_, current node at (880200, 925120) at layer 1 have been moved from (878080, 917280).
[WARNING PSM-0024] Instance _06396_, current node at (907200, 925120) at layer 1 have been moved from (904960, 917280).
[WARNING PSM-0024] Instance _06397_, current node at (912600, 862400) at layer 1 have been moved from (913920, 854560).
[WARNING PSM-0024] Instance _06398_, current node at (918000, 862400) at layer 1 have been moved from (920640, 854560).
[WARNING PSM-0024] Instance _06400_, current node at (923400, 846720) at layer 1 have been moved from (924000, 838880).
[WARNING PSM-0024] Instance _06401_, current node at (831600, 893760) at layer 1 have been moved from (831040, 885920).
[WARNING PSM-0024] Instance _06402_, current node at (804600, 925120) at layer 1 have been moved from (804160, 917280).
[WARNING PSM-0024] Instance _06403_, current node at (804600, 909440) at layer 1 have been moved from (801920, 901600).
[WARNING PSM-0024] Instance _06406_, current node at (820800, 909440) at layer 1 have been moved from (823200, 901600).
[WARNING PSM-0024] Instance _06409_, current node at (864000, 972160) at layer 1 have been moved from (864640, 964320).
[WARNING PSM-0024] Instance _06410_, current node at (874800, 893760) at layer 1 have been moved from (872480, 885920).
[WARNING PSM-0024] Instance _06412_, current node at (885600, 878080) at layer 1 have been moved from (887040, 870240).
[WARNING PSM-0024] Instance _06414_, current node at (912600, 846720) at layer 1 have been moved from (912800, 838880).
[WARNING PSM-0024] Instance _06415_, current node at (918000, 831040) at layer 1 have been moved from (920640, 823200).
[WARNING PSM-0024] Instance _06418_, current node at (761400, 784000) at layer 1 have been moved from (759360, 776160).
[WARNING PSM-0024] Instance _06420_, current node at (923400, 956480) at layer 1 have been moved from (921760, 948640).
[WARNING PSM-0024] Instance _06421_, current node at (928800, 956480) at layer 1 have been moved from (927360, 948640).
[WARNING PSM-0024] Instance _06423_, current node at (880200, 956480) at layer 1 have been moved from (879200, 948640).
[WARNING PSM-0024] Instance _06424_, current node at (880200, 987840) at layer 1 have been moved from (882560, 980000).
[WARNING PSM-0024] Instance _06427_, current node at (885600, 972160) at layer 1 have been moved from (887040, 964320).
[WARNING PSM-0024] Instance _06428_, current node at (874800, 972160) at layer 1 have been moved from (876960, 964320).
[WARNING PSM-0024] Instance _06430_, current node at (885600, 956480) at layer 1 have been moved from (884800, 948640).
[WARNING PSM-0024] Instance _06431_, current node at (912600, 956480) at layer 1 have been moved from (912800, 948640).
[WARNING PSM-0024] Instance _06433_, current node at (918000, 940800) at layer 1 have been moved from (919520, 932960).
[WARNING PSM-0024] Instance _06434_, current node at (934200, 925120) at layer 1 have been moved from (936320, 917280).
[WARNING PSM-0024] Instance _06437_, current node at (934200, 862400) at layer 1 have been moved from (936320, 854560).
[WARNING PSM-0024] Instance _06438_, current node at (950400, 862400) at layer 1 have been moved from (949760, 854560).
[WARNING PSM-0024] Instance _06441_, current node at (837000, 925120) at layer 1 have been moved from (835520, 917280).
[WARNING PSM-0024] Instance _06442_, current node at (842400, 925120) at layer 1 have been moved from (841120, 917280).
[WARNING PSM-0024] Instance _06443_, current node at (820800, 925120) at layer 1 have been moved from (822080, 917280).
[WARNING PSM-0024] Instance _06450_, current node at (858600, 893760) at layer 1 have been moved from (856800, 885920).
[WARNING PSM-0024] Instance _06451_, current node at (847800, 909440) at layer 1 have been moved from (848960, 901600).
[WARNING PSM-0024] Instance _06452_, current node at (858600, 909440) at layer 1 have been moved from (861280, 901600).
[WARNING PSM-0024] Instance _06459_, current node at (777600, 784000) at layer 1 have been moved from (777280, 776160).
[WARNING PSM-0024] Instance _06461_, current node at (934200, 972160) at layer 1 have been moved from (936320, 964320).
[WARNING PSM-0024] Instance _06465_, current node at (869400, 987840) at layer 1 have been moved from (866880, 980000).
[WARNING PSM-0024] Instance _06466_, current node at (901800, 987840) at layer 1 have been moved from (899360, 980000).
[WARNING PSM-0024] Instance _06467_, current node at (880200, 1003520) at layer 1 have been moved from (881440, 995680).
[WARNING PSM-0024] Instance _06470_, current node at (896400, 972160) at layer 1 have been moved from (897120, 964320).
[WARNING PSM-0024] Instance _06471_, current node at (918000, 972160) at layer 1 have been moved from (917280, 964320).
[WARNING PSM-0024] Instance _06472_, current node at (934200, 956480) at layer 1 have been moved from (936320, 948640).
[WARNING PSM-0024] Instance _06474_, current node at (939600, 940800) at layer 1 have been moved from (937440, 932960).
[WARNING PSM-0024] Instance _06476_, current node at (939600, 846720) at layer 1 have been moved from (937440, 838880).
[WARNING PSM-0024] Instance _06478_, current node at (945000, 846720) at layer 1 have been moved from (944160, 838880).
[WARNING PSM-0024] Instance _06480_, current node at (928800, 878080) at layer 1 have been moved from (928480, 870240).
[WARNING PSM-0024] Instance _06481_, current node at (810000, 940800) at layer 1 have been moved from (812000, 932960).
[WARNING PSM-0024] Instance _06482_, current node at (804600, 940800) at layer 1 have been moved from (806400, 932960).
[WARNING PSM-0024] Instance _06483_, current node at (820800, 940800) at layer 1 have been moved from (822080, 932960).
[WARNING PSM-0024] Instance _06484_, current node at (847800, 925120) at layer 1 have been moved from (848960, 917280).
[WARNING PSM-0024] Instance _06486_, current node at (858600, 925120) at layer 1 have been moved from (856800, 917280).
[WARNING PSM-0024] Instance _06488_, current node at (869400, 925120) at layer 1 have been moved from (868000, 917280).
[WARNING PSM-0024] Instance _06489_, current node at (907200, 878080) at layer 1 have been moved from (908320, 870240).
[WARNING PSM-0024] Instance _06491_, current node at (901800, 878080) at layer 1 have been moved from (899360, 870240).
[WARNING PSM-0024] Instance _06492_, current node at (901800, 862400) at layer 1 have been moved from (903840, 854560).
[WARNING PSM-0024] Instance _06494_, current node at (912600, 878080) at layer 1 have been moved from (915040, 870240).
[WARNING PSM-0024] Instance _06496_, current node at (972000, 846720) at layer 1 have been moved from (969920, 838880).
[WARNING PSM-0024] Instance _06500_, current node at (745200, 799680) at layer 1 have been moved from (742560, 791840).
[WARNING PSM-0024] Instance _06502_, current node at (756000, 768320) at layer 1 have been moved from (757120, 760480).
[WARNING PSM-0024] Instance _06503_, current node at (756000, 799680) at layer 1 have been moved from (757120, 791840).
[WARNING PSM-0024] Instance _06505_, current node at (907200, 1003520) at layer 1 have been moved from (909440, 995680).
[WARNING PSM-0024] Instance _06506_, current node at (837000, 1019200) at layer 1 have been moved from (838880, 1011360).
[WARNING PSM-0024] Instance _06507_, current node at (912600, 1019200) at layer 1 have been moved from (911680, 1011360).
[WARNING PSM-0024] Instance _06510_, current node at (885600, 987840) at layer 1 have been moved from (888160, 980000).
[WARNING PSM-0024] Instance _06511_, current node at (874800, 987840) at layer 1 have been moved from (872480, 980000).
[WARNING PSM-0024] Instance _06512_, current node at (842400, 987840) at layer 1 have been moved from (842240, 980000).
[WARNING PSM-0024] Instance _06514_, current node at (858600, 987840) at layer 1 have been moved from (856800, 980000).
[WARNING PSM-0024] Instance _06517_, current node at (896400, 1003520) at layer 1 have been moved from (896000, 995680).
[WARNING PSM-0024] Instance _06518_, current node at (918000, 1003520) at layer 1 have been moved from (919520, 995680).
[WARNING PSM-0024] Instance _06521_, current node at (945000, 972160) at layer 1 have been moved from (945280, 964320).
[WARNING PSM-0024] Instance _06525_, current node at (955800, 940800) at layer 1 have been moved from (953120, 932960).
[WARNING PSM-0024] Instance _06526_, current node at (945000, 909440) at layer 1 have been moved from (944160, 901600).
[WARNING PSM-0024] Instance _06527_, current node at (950400, 925120) at layer 1 have been moved from (949760, 917280).
[WARNING PSM-0024] Instance _06529_, current node at (934200, 909440) at layer 1 have been moved from (936320, 901600).
[WARNING PSM-0024] Instance _06532_, current node at (858600, 940800) at layer 1 have been moved from (856800, 932960).
[WARNING PSM-0024] Instance _06533_, current node at (847800, 940800) at layer 1 have been moved from (845600, 932960).
[WARNING PSM-0024] Instance _06535_, current node at (869400, 940800) at layer 1 have been moved from (870240, 932960).
[WARNING PSM-0024] Instance _06538_, current node at (907200, 893760) at layer 1 have been moved from (907200, 885920).
[WARNING PSM-0024] Instance _06540_, current node at (912600, 909440) at layer 1 have been moved from (915040, 901600).
[WARNING PSM-0024] Instance _06542_, current node at (961200, 909440) at layer 1 have been moved from (958720, 901600).
[WARNING PSM-0024] Instance _06544_, current node at (977400, 878080) at layer 1 have been moved from (977760, 870240).
[WARNING PSM-0024] Instance _06547_, current node at (739800, 768320) at layer 1 have been moved from (739200, 760480).
[WARNING PSM-0024] Instance _06550_, current node at (923400, 1019200) at layer 1 have been moved from (925120, 1011360).
[WARNING PSM-0024] Instance _06554_, current node at (858600, 1019200) at layer 1 have been moved from (856800, 1011360).
[WARNING PSM-0024] Instance _06555_, current node at (793800, 1003520) at layer 1 have been moved from (792960, 995680).
[WARNING PSM-0024] Instance _06557_, current node at (847800, 1019200) at layer 1 have been moved from (847840, 1011360).
[WARNING PSM-0024] Instance _06561_, current node at (842400, 1003520) at layer 1 have been moved from (843360, 995680).
[WARNING PSM-0024] Instance _06562_, current node at (804600, 987840) at layer 1 have been moved from (804160, 980000).
[WARNING PSM-0024] Instance _06563_, current node at (837000, 1003520) at layer 1 have been moved from (834400, 995680).
[WARNING PSM-0024] Instance _06565_, current node at (858600, 1003520) at layer 1 have been moved from (856800, 995680).
[WARNING PSM-0024] Instance _06568_, current node at (864000, 1019200) at layer 1 have been moved from (863520, 1011360).
[WARNING PSM-0024] Instance _06569_, current node at (945000, 1019200) at layer 1 have been moved from (945280, 1011360).
[WARNING PSM-0024] Instance _06571_, current node at (966600, 1003520) at layer 1 have been moved from (964320, 995680).
[WARNING PSM-0024] Instance _06573_, current node at (955800, 987840) at layer 1 have been moved from (953120, 980000).
[WARNING PSM-0024] Instance _06576_, current node at (950400, 956480) at layer 1 have been moved from (949760, 948640).
[WARNING PSM-0024] Instance _06579_, current node at (945000, 893760) at layer 1 have been moved from (946400, 885920).
[WARNING PSM-0024] Instance _06581_, current node at (858600, 956480) at layer 1 have been moved from (856800, 948640).
[WARNING PSM-0024] Instance _06582_, current node at (804600, 956480) at layer 1 have been moved from (803040, 948640).
[WARNING PSM-0024] Instance _06583_, current node at (820800, 972160) at layer 1 have been moved from (818720, 964320).
[WARNING PSM-0024] Instance _06586_, current node at (837000, 972160) at layer 1 have been moved from (834400, 964320).
[WARNING PSM-0024] Instance _06589_, current node at (928800, 893760) at layer 1 have been moved from (928480, 885920).
[WARNING PSM-0024] Instance _06592_, current node at (918000, 893760) at layer 1 have been moved from (919520, 885920).
[WARNING PSM-0024] Instance _06593_, current node at (923400, 909440) at layer 1 have been moved from (924000, 901600).
[WARNING PSM-0024] Instance _06595_, current node at (972000, 893760) at layer 1 have been moved from (974400, 885920).
[WARNING PSM-0024] Instance _06596_, current node at (939600, 893760) at layer 1 have been moved from (937440, 885920).
[WARNING PSM-0024] Instance _06597_, current node at (961200, 972160) at layer 1 have been moved from (958720, 964320).
[WARNING PSM-0024] Instance _06598_, current node at (858600, 1034880) at layer 1 have been moved from (856800, 1027040).
[WARNING PSM-0024] Instance _06599_, current node at (869400, 1034880) at layer 1 have been moved from (871360, 1027040).
[WARNING PSM-0024] Instance _06602_, current node at (788400, 987840) at layer 1 have been moved from (790720, 980000).
[WARNING PSM-0024] Instance _06603_, current node at (788400, 972160) at layer 1 have been moved from (789600, 964320).
[WARNING PSM-0024] Instance _06607_, current node at (826200, 972160) at layer 1 have been moved from (824320, 964320).
[WARNING PSM-0024] Instance _06608_, current node at (820800, 987840) at layer 1 have been moved from (823200, 980000).
[WARNING PSM-0024] Instance _06612_, current node at (810000, 987840) at layer 1 have been moved from (809760, 980000).
[WARNING PSM-0024] Instance _06614_, current node at (831600, 987840) at layer 1 have been moved from (831040, 980000).
[WARNING PSM-0024] Instance _06616_, current node at (880200, 1019200) at layer 1 have been moved from (878080, 1011360).
[WARNING PSM-0024] Instance _06619_, current node at (939600, 1003520) at layer 1 have been moved from (937440, 995680).
[WARNING PSM-0024] Instance _06621_, current node at (955800, 878080) at layer 1 have been moved from (957600, 870240).
[WARNING PSM-0024] Instance _06626_, current node at (810000, 956480) at layer 1 have been moved from (808640, 948640).
[WARNING PSM-0024] Instance _06627_, current node at (815400, 956480) at layer 1 have been moved from (817600, 948640).
[WARNING PSM-0024] Instance _06629_, current node at (837000, 893760) at layer 1 have been moved from (838880, 885920).
[WARNING PSM-0024] Instance _06632_, current node at (934200, 878080) at layer 1 have been moved from (936320, 870240).
[WARNING PSM-0024] Instance _06633_, current node at (788400, 846720) at layer 1 have been moved from (788480, 838880).
[WARNING PSM-0024] Instance _06636_, current node at (837000, 846720) at layer 1 have been moved from (836640, 838880).
[WARNING PSM-0024] Instance _06640_, current node at (707400, 784000) at layer 1 have been moved from (710080, 776160).
[WARNING PSM-0024] Instance _06644_, current node at (361800, 297920) at layer 1 have been moved from (362880, 290080).
[WARNING PSM-0024] Instance _06647_, current node at (361800, 282240) at layer 1 have been moved from (360640, 274400).
[WARNING PSM-0024] Instance _06650_, current node at (307800, 282240) at layer 1 have been moved from (308000, 274400).
[WARNING PSM-0024] Instance _06651_, current node at (367200, 360640) at layer 1 have been moved from (365120, 352800).
[WARNING PSM-0024] Instance _06652_, current node at (307800, 329280) at layer 1 have been moved from (309120, 321440).
[WARNING PSM-0024] Instance _06654_, current node at (550800, 642880) at layer 1 have been moved from (551040, 635040).
[WARNING PSM-0024] Instance _06656_, current node at (631800, 642880) at layer 1 have been moved from (633920, 635040).
[WARNING PSM-0024] Instance _06658_, current node at (459000, 611520) at layer 1 have been moved from (461440, 603680).
[WARNING PSM-0024] Instance _06661_, current node at (621000, 642880) at layer 1 have been moved from (620480, 635040).
[WARNING PSM-0024] Instance _06662_, current node at (561600, 642880) at layer 1 have been moved from (561120, 635040).
[WARNING PSM-0024] Instance _06665_, current node at (642600, 642880) at layer 1 have been moved from (644000, 635040).
[WARNING PSM-0024] Instance _06668_, current node at (583200, 642880) at layer 1 have been moved from (581280, 635040).
[WARNING PSM-0024] Instance _06670_, current node at (577800, 627200) at layer 1 have been moved from (579040, 619360).
[WARNING PSM-0024] Instance _06673_, current node at (610200, 627200) at layer 1 have been moved from (608160, 619360).
[WARNING PSM-0024] Instance _06674_, current node at (599400, 674240) at layer 1 have been moved from (601440, 666400).
[WARNING PSM-0024] Instance _06675_, current node at (615600, 627200) at layer 1 have been moved from (618240, 619360).
[WARNING PSM-0024] Instance _06676_, current node at (604800, 658560) at layer 1 have been moved from (603680, 650720).
[WARNING PSM-0024] Instance _06677_, current node at (615600, 658560) at layer 1 have been moved from (618240, 650720).
[WARNING PSM-0024] Instance _06678_, current node at (631800, 627200) at layer 1 have been moved from (629440, 619360).
[WARNING PSM-0024] Instance _06684_, current node at (486000, 627200) at layer 1 have been moved from (486080, 619360).
[WARNING PSM-0024] Instance _06685_, current node at (491400, 611520) at layer 1 have been moved from (490560, 603680).
[WARNING PSM-0024] Instance _06687_, current node at (572400, 611520) at layer 1 have been moved from (570080, 603680).
[WARNING PSM-0024] Instance _06689_, current node at (561600, 595840) at layer 1 have been moved from (560000, 588000).
[WARNING PSM-0024] Instance _06690_, current node at (545400, 611520) at layer 1 have been moved from (544320, 603680).
[WARNING PSM-0024] Instance _06691_, current node at (540000, 611520) at layer 1 have been moved from (538720, 603680).
[WARNING PSM-0024] Instance _06694_, current node at (529200, 595840) at layer 1 have been moved from (529760, 588000).
[WARNING PSM-0024] Instance _06697_, current node at (583200, 611520) at layer 1 have been moved from (585760, 603680).
[WARNING PSM-0024] Instance _06700_, current node at (577800, 611520) at layer 1 have been moved from (579040, 603680).
[WARNING PSM-0024] Instance _06701_, current node at (529200, 627200) at layer 1 have been moved from (530880, 619360).
[WARNING PSM-0024] Instance _06702_, current node at (599400, 611520) at layer 1 have been moved from (596960, 603680).
[WARNING PSM-0024] Instance _06704_, current node at (588600, 595840) at layer 1 have been moved from (590240, 588000).
[WARNING PSM-0024] Instance _06706_, current node at (621000, 611520) at layer 1 have been moved from (620480, 603680).
[WARNING PSM-0024] Instance _06711_, current node at (637200, 627200) at layer 1 have been moved from (638400, 619360).
[WARNING PSM-0024] Instance _06713_, current node at (631800, 611520) at layer 1 have been moved from (633920, 603680).
[WARNING PSM-0024] Instance _06715_, current node at (469800, 611520) at layer 1 have been moved from (470400, 603680).
[WARNING PSM-0024] Instance _06718_, current node at (642600, 486080) at layer 1 have been moved from (641760, 478240).
[WARNING PSM-0024] Instance _06719_, current node at (491400, 564480) at layer 1 have been moved from (491680, 556640).
[WARNING PSM-0024] message limit reached, this message will no longer print
[INFO PSM-0064] Number of voltage sources = 2.
[INFO PSM-0040] All PDN stripes on net vdd are connected.
########## IR report #################
Worstcase voltage: 5.00e+00 V
Average IR drop  : 1.07e-06 V
Worstcase IR drop: 1.48e-06 V
######################################
[INFO PSM-0002] Output voltage file is specified as: /workspace/iris_c3a247b9-0025-43e1-bae8-42a940fa0b63/Chip-Orchestra/output/nanocgra_lite_3x3_opt/reports/pdnsim_vss.rpt.
[WARNING PSM-0016] Voltage pad location (VSRC) file not specified, defaulting pad location to checkerboard pattern on core area.
[WARNING PSM-0017] X direction bump pitch is not specified, defaulting to 140um.
[WARNING PSM-0018] Y direction bump pitch is not specified, defaulting to 140um.
[WARNING PSM-0065] VSRC location not specified, using default checkerboard pattern with one VDD every size bumps in x-direction and one in two bumps in the y-direction
[WARNING PSM-0030] VSRC location at (10.080um, 11.760um) and size 10.000um, is not located on an existing power stripe node. Moving to closest node at (10.080um, 21.460um).
[WARNING PSM-0030] VSRC location at (290.080um, 151.760um) and size 10.000um, is not located on an existing power stripe node. Moving to closest node at (300.080um, 141.460um).
[INFO PSM-0031] Number of PDN nodes on net vss = 16438.
[INFO PSM-0064] Number of voltage sources = 2.
[INFO PSM-0040] All PDN stripes on net vss are connected.
########## IR report #################
Worstcase voltage: 1.55e-06 V
Average IR drop  : 1.09e-06 V
Worstcase IR drop: 1.55e-06 V
######################################
PDNSIM_COMPLETED
